fvg_date,today,days_since_fvg,fvg_tf,fvg_dir,bias,fvg_low,fvg_high,outcome,peak,min_after_ret,fvg_react_mfe,fvg_react_mae,fvg_bounced,ret_ts,nine_touched,nine_touch_ts,nine_react_mfe,nine_react_mae,nine_penetration,nine_bounced,trough,max_after_ret
2025-05-05,2025-05-07,2,5,bullish,1,20048.75,20055.0,BROKE_FVG_HELD_9AM,20191.25,20009.0,53.5,55.75,True,2025-05-05 10:05:00-04:00,False,,,,,False,,
2025-05-06,2025-05-08,2,5,bearish,-1,19830.75,19833.75,BROKE_FVG_HELD_9AM,,,91.25,80.5,True,2025-05-06 09:32:00-04:00,False,,,,,False,19738.25,20027.0
2025-05-06,2025-05-12,6,5,bearish,-1,19830.75,19833.75,BROKE_FVG_HELD_9AM,,,91.25,80.5,True,2025-05-06 09:32:00-04:00,False,,,,,False,19738.25,20027.0
2025-05-06,2025-05-08,2,5,bearish,-1,19818.5,19827.25,BROKE_FVG_HELD_9AM,,,78.5,93.25,True,2025-05-06 09:31:00-04:00,False,,,,,False,19738.25,20027.0
2025-05-06,2025-05-12,6,5,bearish,-1,19818.5,19827.25,BROKE_FVG_HELD_9AM,,,78.5,93.25,True,2025-05-06 09:31:00-04:00,False,,,,,False,19738.25,20027.0
2025-05-06,2025-05-08,2,5,bearish,-1,19800.5,19838.25,BROKE_FVG_HELD_9AM,,,6.0,154.0,False,2025-05-06 10:02:00-04:00,False,,,,,False,19738.25,20027.0
2025-05-06,2025-05-12,6,5,bearish,-1,19800.5,19838.25,BROKE_FVG_HELD_9AM,,,6.0,154.0,False,2025-05-06 10:02:00-04:00,False,,,,,False,19738.25,20027.0
2025-05-06,2025-05-08,2,5,bearish,-1,19782.75,19797.0,BROKE_FVG_HELD_9AM,,,32.75,155.25,True,2025-05-06 10:01:00-04:00,False,,,,,False,19738.25,20027.0
2025-05-06,2025-05-12,6,5,bearish,-1,19782.75,19797.0,BROKE_FVG_HELD_9AM,,,32.75,155.25,True,2025-05-06 10:01:00-04:00,False,,,,,False,19738.25,20027.0
2025-05-07,2025-05-08,1,5,bearish,-1,19922.0,19926.5,BROKE_FVG_HELD_9AM,,,57.0,62.75,True,2025-05-07 09:41:00-04:00,False,,,,,False,19678.5,20055.0
2025-05-07,2025-05-12,5,5,bearish,-1,19922.0,19926.5,BROKE_FVG_HELD_9AM,,,57.0,62.75,True,2025-05-07 09:41:00-04:00,False,,,,,False,19678.5,20055.0
2025-05-07,2025-05-08,1,5,bearish,-1,19897.5,19907.0,BROKE_FVG_HELD_9AM,,,39.75,55.5,True,2025-05-07 09:15:00-04:00,False,,,,,False,19678.5,20055.0
2025-05-07,2025-05-12,5,5,bearish,-1,19897.5,19907.0,BROKE_FVG_HELD_9AM,,,39.75,55.5,True,2025-05-07 09:15:00-04:00,False,,,,,False,19678.5,20055.0
2025-05-08,2025-05-12,4,5,bearish,-1,20138.5,20157.5,BROKE_FVG_HELD_9AM,,,16.75,184.75,False,2025-05-08 11:23:00-04:00,False,,,,,False,19978.0,20337.5
2025-05-08,2025-05-12,4,5,bearish,-1,20095.75,20099.25,BROKE_FVG_HELD_9AM,,,128.5,18.25,True,2025-05-08 09:56:00-04:00,False,,,,,False,19978.0,20337.5
2025-05-09,2025-05-12,3,5,bearish,-1,20250.0,20255.25,BROKE_FVG_HELD_9AM,,,198.5,19.0,True,2025-05-09 09:58:00-04:00,False,,,,,False,20057.5,20275.0
2025-05-14,2025-05-15,1,5,bullish,1,21342.25,21367.25,HIT_9AM,21419.75,21272.75,18.5,90.25,False,2025-05-14 09:40:00-04:00,True,2025-05-14 09:44:00-04:00,21.0,69.0,0.7315068493150685,False,,
2025-05-14,2025-05-20,6,5,bearish,-1,21331.0,21337.0,HIT_9AM,,,34.25,39.25,True,2025-05-14 09:59:00-04:00,True,2025-05-14 10:08:00-04:00,69.0,12.75,0.6322115384615384,True,21272.75,21419.75
2025-05-16,2025-05-19,3,5,bullish,1,21447.25,21453.75,HIT_9AM,21513.0,21320.0,49.5,66.25,True,2025-05-16 09:25:00-04:00,True,2025-05-16 10:35:00-04:00,44.5,65.5,0.248868778280543,True,,
2025-05-16,2025-05-21,5,5,bullish,1,21447.25,21453.75,HIT_9AM,21513.0,21320.0,49.5,66.25,True,2025-05-16 09:25:00-04:00,True,2025-05-16 09:38:00-04:00,40.0,49.75,0.5902777777777778,True,,
2025-05-16,2025-05-22,6,5,bullish,1,21447.25,21453.75,BROKE_FVG_HELD_9AM,21513.0,21320.0,49.5,66.25,True,2025-05-16 09:25:00-04:00,False,,,,,False,,
2025-05-16,2025-05-23,7,5,bullish,1,21447.25,21453.75,BROKE_FVG_HELD_9AM,21513.0,21320.0,49.5,66.25,True,2025-05-16 09:25:00-04:00,False,,,,,False,,
2025-05-16,2025-05-19,3,5,bullish,1,21459.75,21461.25,HIT_9AM,21513.0,21320.0,40.5,75.25,True,2025-05-16 09:20:00-04:00,True,2025-05-16 10:35:00-04:00,44.5,65.5,0.248868778280543,True,,
2025-05-16,2025-05-21,5,5,bullish,1,21459.75,21461.25,HIT_9AM,21513.0,21320.0,40.5,75.25,True,2025-05-16 09:20:00-04:00,True,2025-05-16 09:38:00-04:00,40.0,49.75,0.5902777777777778,True,,
2025-05-16,2025-05-22,6,5,bullish,1,21459.75,21461.25,BROKE_FVG_HELD_9AM,21513.0,21320.0,40.5,75.25,True,2025-05-16 09:20:00-04:00,False,,,,,False,,
2025-05-16,2025-05-23,7,5,bullish,1,21459.75,21461.25,BROKE_FVG_HELD_9AM,21513.0,21320.0,40.5,75.25,True,2025-05-16 09:20:00-04:00,False,,,,,False,,
2025-05-19,2025-05-20,1,5,bearish,-1,21188.0,21191.0,PIERCED_9AM,,,6.25,286.0,False,2025-05-19 09:20:00-04:00,True,2025-05-19 09:48:00-04:00,29.75,91.75,1.5,False,21170.5,21545.5
2025-05-19,2025-05-23,4,5,bullish,1,21193.5,21201.5,NO_RETRACE,21545.5,,,,,,,,,,,,,
2025-05-19,2025-05-23,4,5,bullish,1,21204.0,21235.5,NO_RETRACE,21545.5,,,,,,,,,,,,,
2025-05-19,2025-05-23,4,5,bullish,1,21263.75,21291.25,NO_RETRACE,21545.5,,,,,,,,,,,,,
2025-05-19,2025-05-22,3,5,bullish,1,21312.0,21316.5,NO_RETRACE,21545.5,,,,,,,,,,,,,
2025-05-19,2025-05-23,4,5,bullish,1,21312.0,21316.5,NO_RETRACE,21545.5,,,,,,,,,,,,,
2025-05-19,2025-05-26,7,5,bullish,1,21312.0,21316.5,NO_RETRACE,21545.5,,,,,,,,,,,,,
2025-05-19,2025-05-22,3,5,bullish,1,21335.0,21345.5,HELD_AT_FVG,21545.5,21341.25,108.25,13.25,True,2025-05-19 09:56:00-04:00,False,,,,,False,,
2025-05-19,2025-05-23,4,5,bullish,1,21335.0,21345.5,HELD_AT_FVG,21545.5,21341.25,108.25,13.25,True,2025-05-19 09:56:00-04:00,False,,,,,False,,
2025-05-19,2025-05-26,7,5,bullish,1,21335.0,21345.5,HELD_AT_FVG,21545.5,21341.25,108.25,13.25,True,2025-05-19 09:56:00-04:00,False,,,,,False,,
2025-05-20,2025-05-21,1,5,bullish,1,21436.5,21444.0,HIT_9AM,21473.75,21298.0,11.0,93.0,False,2025-05-20 09:10:00-04:00,True,2025-05-20 09:29:00-04:00,27.0,58.75,0.7430555555555556,False,,
2025-05-20,2025-05-22,2,5,bullish,1,21436.5,21444.0,BROKE_FVG_HELD_9AM,21473.75,21298.0,11.0,93.0,False,2025-05-20 09:10:00-04:00,False,,,,,False,,
2025-05-20,2025-05-23,3,5,bullish,1,21436.5,21444.0,BROKE_FVG_HELD_9AM,21473.75,21298.0,11.0,93.0,False,2025-05-20 09:10:00-04:00,False,,,,,False,,
2025-05-20,2025-05-26,6,5,bullish,1,21436.5,21444.0,HIT_9AM,21473.75,21298.0,11.0,93.0,False,2025-05-20 09:10:00-04:00,True,2025-05-20 15:04:00-04:00,142.75,11.25,0.16883116883116883,True,,
2025-05-20,2025-05-27,7,5,bullish,1,21436.5,21444.0,HIT_9AM,21473.75,21298.0,11.0,93.0,False,2025-05-20 09:10:00-04:00,True,2025-05-20 15:04:00-04:00,142.75,11.25,0.14663951120162932,True,,
2025-05-21,2025-05-28,7,5,bearish,-1,21289.0,21290.0,HIT_9AM,,,26.75,136.75,False,2025-05-21 09:30:00-04:00,True,2025-05-21 10:58:00-04:00,8.5,86.5,0.9448123620309051,False,21071.75,21558.5
2025-05-21,2025-05-23,2,5,bullish,1,21286.5,21313.25,BROKE_FVG_HELD_9AM,21558.5,21071.75,9.75,170.5,False,2025-05-21 13:21:00-04:00,False,,,,,False,,
2025-05-21,2025-05-22,1,5,bullish,1,21342.25,21355.75,PIERCED_9AM,21558.5,21071.75,31.75,197.75,True,2025-05-21 13:18:00-04:00,True,2025-05-21 13:22:00-04:00,35.0,136.75,1.2343096234309623,True,,
2025-05-21,2025-05-23,2,5,bullish,1,21342.25,21355.75,BROKE_FVG_HELD_9AM,21558.5,21071.75,31.75,197.75,True,2025-05-21 13:18:00-04:00,False,,,,,False,,
2025-05-21,2025-05-26,5,5,bullish,1,21342.25,21355.75,PIERCED_9AM,21558.5,21071.75,31.75,197.75,True,2025-05-21 13:18:00-04:00,True,2025-05-21 13:22:00-04:00,35.0,136.75,1.5,True,,
2025-05-21,2025-05-27,6,5,bullish,1,21342.25,21355.75,PIERCED_9AM,21558.5,21071.75,31.75,197.75,True,2025-05-21 13:18:00-04:00,True,2025-05-21 13:21:00-04:00,9.75,170.5,1.5,False,,
2025-05-22,2025-05-28,6,5,bearish,-1,21191.75,21196.75,BROKE_FVG_HELD_9AM,,,74.5,142.0,True,2025-05-22 09:26:00-04:00,False,,,,,False,21113.75,21337.75
2025-05-22,2025-05-29,7,5,bearish,-1,21191.75,21196.75,BROKE_FVG_HELD_9AM,,,74.5,142.0,True,2025-05-22 09:26:00-04:00,False,,,,,False,21113.75,21337.75
2025-05-22,2025-05-23,1,5,bullish,1,21194.5,21227.25,BROKE_FVG_HELD_9AM,21337.75,21166.25,38.25,64.5,True,2025-05-22 10:22:00-04:00,False,,,,,False,,
2025-05-22,2025-05-23,1,5,bullish,1,21261.75,21279.5,BROKE_FVG_HELD_9AM,21337.75,21166.25,14.25,114.0,False,2025-05-22 10:12:00-04:00,False,,,,,False,,
2025-05-26,2025-05-28,2,5,bearish,-1,21283.75,21292.5,BROKE_FVG_HELD_9AM,,,17.0,14.25,False,2025-05-26 12:11:00-04:00,False,,,,,False,21215.5,21296.25
2025-05-26,2025-05-29,3,5,bearish,-1,21283.75,21292.5,BROKE_FVG_HELD_9AM,,,17.0,14.25,False,2025-05-26 12:11:00-04:00,False,,,,,False,21215.5,21296.25
2025-05-27,2025-05-28,1,5,bearish,-1,21284.5,21301.25,HIT_9AM,,,12.5,108.75,False,2025-05-27 09:55:00-04:00,True,2025-05-27 12:39:00-04:00,20.0,18.25,0.32450331125827814,False,21193.25,21488.25
2025-05-27,2025-05-29,2,5,bearish,-1,21284.5,21301.25,HIT_9AM,,,12.5,108.75,False,2025-05-27 09:55:00-04:00,True,2025-05-27 14:01:00-04:00,50.0,7.0,0.01325301204819277,True,21193.25,21488.25
2025-05-27,2025-05-28,1,5,bearish,-1,21237.75,21254.75,HIT_9AM,,,27.5,147.0,False,2025-05-27 09:40:00-04:00,True,2025-05-27 12:39:00-04:00,20.0,18.25,0.32450331125827814,False,21212.5,21488.25
2025-05-27,2025-05-29,2,5,bearish,-1,21237.75,21254.75,HIT_9AM,,,27.5,147.0,False,2025-05-27 09:40:00-04:00,True,2025-05-27 14:01:00-04:00,50.0,7.0,0.01325301204819277,True,21212.5,21488.25
2025-05-28,2025-06-02,5,5,bullish,1,21506.0,21511.0,HIT_9AM,21564.75,21349.0,19.25,72.25,False,2025-05-28 09:47:00-04:00,True,2025-05-28 09:57:00-04:00,25.25,29.5,0.5429638854296388,False,,
2025-05-28,2025-06-02,5,5,bullish,1,21526.5,21538.0,HIT_9AM,21545.0,21349.0,23.25,88.75,False,2025-05-28 09:45:00-04:00,True,2025-05-28 09:57:00-04:00,25.25,29.5,0.5429638854296388,False,,
2025-05-29,2025-06-02,4,5,bullish,1,21671.25,21677.75,HIT_9AM,21685.5,21301.0,18.5,286.75,False,2025-05-29 09:25:00-04:00,True,2025-05-29 10:05:00-04:00,67.25,74.5,0.7820672478206725,True,,
2025-05-29,2025-06-03,5,5,bullish,1,21671.25,21677.75,PIERCED_9AM,21685.5,21301.0,18.5,286.75,False,2025-05-29 09:25:00-04:00,True,2025-05-29 09:32:00-04:00,30.25,207.5,1.5,True,,
2025-05-29,2025-06-05,7,5,bearish,-1,21612.75,21661.5,NO_RETRACE,,,,,,,,,,,,,21301.0,
2025-05-29,2025-06-05,7,5,bearish,-1,21537.5,21560.5,HELD_AT_FVG,,,145.75,31.75,True,2025-05-29 09:52:00-04:00,False,,,,,False,21301.0,21557.75
2025-05-30,2025-06-05,6,5,bearish,-1,21291.0,21295.25,BROKE_FVG_HELD_9AM,,,43.75,99.5,True,2025-05-30 10:00:00-04:00,False,,,,,False,21071.5,21433.25
2025-05-30,2025-06-05,6,5,bearish,-1,21276.5,21286.25,BROKE_FVG_HELD_9AM,,,43.75,99.5,True,2025-05-30 10:00:00-04:00,False,,,,,False,21071.5,21433.25
2025-06-02,2025-06-05,3,5,bearish,-1,21381.5,21406.25,BROKE_FVG_HELD_9AM,,,33.0,36.75,True,2025-06-02 10:28:00-04:00,False,,,,,False,21234.5,21543.75
2025-06-02,2025-06-09,7,5,bearish,-1,21381.5,21406.25,BROKE_FVG_HELD_9AM,,,33.0,36.75,True,2025-06-02 10:28:00-04:00,False,,,,,False,21234.5,21543.75
2025-06-02,2025-06-05,3,5,bearish,-1,21349.5,21371.75,BROKE_FVG_HELD_9AM,,,16.75,58.0,False,2025-06-02 10:23:00-04:00,False,,,,,False,21234.5,21543.75
2025-06-02,2025-06-09,7,5,bearish,-1,21349.5,21371.75,BROKE_FVG_HELD_9AM,,,16.75,58.0,False,2025-06-02 10:23:00-04:00,False,,,,,False,21234.5,21543.75
2025-06-06,2025-06-13,7,5,bullish,1,21832.0,21837.75,HIT_9AM,21880.0,21721.5,16.5,74.25,False,2025-06-06 09:54:00-04:00,True,2025-06-06 10:28:00-04:00,80.0,54.5,0.4390602055800294,True,,
2025-06-09,2025-06-13,4,5,bullish,1,21803.0,21803.75,HIT_9AM,21892.5,21750.25,25.25,58.25,False,2025-06-09 09:10:00-04:00,True,2025-06-09 09:17:00-04:00,60.0,46.25,0.2701908957415565,True,,
2025-06-09,2025-06-11,2,5,bearish,-1,21785.0,21795.25,BROKE_FVG_HELD_9AM,,,15.5,100.25,False,2025-06-09 09:42:00-04:00,False,,,,,False,21757.5,21892.5
2025-06-09,2025-06-13,4,5,bullish,1,21797.5,21800.25,HIT_9AM,21892.5,21783.5,91.0,18.0,True,2025-06-09 09:58:00-04:00,True,2025-06-09 09:58:00-04:00,91.0,18.0,0.07488986784140969,True,,
2025-06-16,2025-06-18,2,5,bullish,1,21819.0,21827.5,NO_RETRACE,21996.5,,,,,,,,,,,,,
2025-06-16,2025-06-18,2,5,bullish,1,21872.75,21873.5,NO_RETRACE,21996.5,,,,,,,,,,,,,
2025-06-16,2025-06-17,1,5,bullish,1,21893.0,21904.0,NO_RETRACE,21996.5,,,,,,,,,,,,,
2025-06-16,2025-06-18,2,5,bullish,1,21893.0,21904.0,NO_RETRACE,21996.5,,,,,,,,,,,,,
2025-06-16,2025-06-17,1,5,bullish,1,21927.0,21927.5,BROKE_FVG_HELD_9AM,21996.5,21910.5,51.5,10.5,True,2025-06-16 10:08:00-04:00,False,,,,,False,,
2025-06-16,2025-06-18,2,5,bullish,1,21927.0,21927.5,BROKE_FVG_HELD_9AM,21996.5,21910.5,51.5,10.5,True,2025-06-16 10:08:00-04:00,False,,,,,False,,
2025-06-17,2025-06-18,1,5,bullish,1,21843.0,21843.25,PIERCED_9AM,21907.75,21683.75,79.0,26.25,True,2025-06-17 09:42:00-04:00,True,2025-06-17 12:59:00-04:00,22.25,93.25,1.2015306122448979,False,,
2025-06-18,2025-06-26,8,5,bearish,-1,21772.5,21782.5,BROKE_FVG_HELD_9AM,,,13.75,102.0,False,2025-06-18 09:48:00-04:00,False,,,,,False,21660.0,21872.75
2025-06-18,2025-06-26,8,5,bearish,-1,21742.5,21768.5,BROKE_FVG_HELD_9AM,,,11.25,126.5,False,2025-06-18 09:40:00-04:00,False,,,,,False,21660.0,21872.75
2025-06-19,2025-06-26,7,5,bearish,-1,21539.5,21559.25,NO_RETRACE,,,,,,,,,,,,,21433.5,
2025-06-19,2025-06-26,7,5,bearish,-1,21519.0,21537.75,HELD_AT_FVG,,,49.25,11.25,True,2025-06-19 10:55:00-04:00,False,,,,,False,21433.5,21527.25
2025-06-19,2025-06-26,7,5,bearish,-1,21474.75,21500.0,BROKE_FVG_HELD_9AM,,,23.0,40.25,False,2025-06-19 09:55:00-04:00,False,,,,,False,21455.75,21527.25
2025-06-23,2025-06-26,3,5,bearish,-1,21871.5,21877.0,BROKE_FVG_HELD_9AM,,,33.5,137.5,True,2025-06-23 09:43:00-04:00,False,,,,,False,21738.5,22093.0
2025-06-23,2025-06-30,7,5,bearish,-1,21871.5,21877.0,BROKE_FVG_HELD_9AM,,,33.5,137.5,True,2025-06-23 09:43:00-04:00,False,,,,,False,21738.5,22093.0
2025-06-25,2025-06-30,5,5,bearish,-1,22515.25,22527.25,BROKE_FVG_HELD_9AM,,,56.0,15.5,True,2025-06-25 09:55:00-04:00,False,,,,,False,22388.25,22534.25
2025-06-25,2025-07-01,6,5,bearish,-1,22515.25,22527.25,BROKE_FVG_HELD_9AM,,,56.0,15.5,True,2025-06-25 09:55:00-04:00,False,,,,,False,22388.25,22534.25
2025-06-26,2025-06-30,4,5,bearish,-1,22540.75,22543.25,BROKE_FVG_HELD_9AM,,,65.25,35.0,True,2025-06-26 09:17:00-04:00,False,,,,,False,22476.25,22692.75
2025-06-26,2025-07-01,5,5,bearish,-1,22540.75,22543.25,BROKE_FVG_HELD_9AM,,,65.25,35.0,True,2025-06-26 09:17:00-04:00,False,,,,,False,22476.25,22692.75
2025-06-27,2025-06-30,3,5,bearish,-1,22718.5,22727.25,HIT_9AM,,,40.5,101.25,True,2025-06-27 09:17:00-04:00,True,2025-06-27 10:03:00-04:00,51.75,26.0,0.3026315789473684,True,22600.0,22823.75
2025-06-27,2025-07-01,4,5,bearish,-1,22718.5,22727.25,HIT_9AM,,,40.5,101.25,True,2025-06-27 09:17:00-04:00,True,2025-06-27 10:00:00-04:00,42.75,35.0,0.7963800904977375,True,22600.0,22823.75
2025-06-27,2025-07-02,5,5,bullish,1,22748.0,22764.5,PIERCED_9AM,22823.75,22600.0,39.5,29.0,True,2025-06-27 10:31:00-04:00,True,2025-06-27 13:44:00-04:00,25.0,140.25,1.0198019801980198,False,,
2025-06-30,2025-07-07,7,5,bearish,-1,22875.5,22882.0,HIT_9AM,,,24.5,56.75,False,2025-06-30 15:21:00-04:00,True,2025-06-30 15:49:00-04:00,44.5,36.75,0.4340836012861736,True,22780.0,22934.0
2025-06-30,2025-07-07,7,5,bearish,-1,22847.25,22868.25,HIT_9AM,,,41.5,4.75,True,2025-06-30 10:11:00-04:00,True,2025-06-30 15:49:00-04:00,44.5,36.75,0.4340836012861736,True,22780.0,22934.0
2025-07-01,2025-07-02,1,5,bullish,1,22803.75,22808.0,PIERCED_9AM,22845.0,22593.75,41.25,24.0,True,2025-07-01 09:16:00-04:00,True,2025-07-01 10:37:00-04:00,13.75,134.5,1.0693069306930694,False,,
2025-07-01,2025-07-07,6,5,bearish,-1,22801.75,22808.0,BROKE_FVG_HELD_9AM,,,25.5,45.25,False,2025-07-01 09:25:00-04:00,False,,,,,False,22593.75,22845.0
2025-07-01,2025-07-08,7,5,bearish,-1,22801.75,22808.0,BROKE_FVG_HELD_9AM,,,25.5,45.25,False,2025-07-01 09:25:00-04:00,False,,,,,False,22593.75,22845.0
2025-07-03,2025-07-04,1,5,bullish,1,22939.5,22948.5,HIT_9AM,23101.25,22931.25,129.0,10.25,True,2025-07-03 09:40:00-04:00,True,2025-07-03 09:41:00-04:00,130.5,8.75,0.04891304347826087,True,,
2025-07-03,2025-07-04,1,5,bullish,1,22975.75,22988.25,NO_RETRACE,23101.25,,,,,,,,,,,,,
2025-07-08,2025-07-10,2,5,bearish,-1,22917.0,22931.0,HIT_9AM,,,59.5,34.0,True,2025-07-08 09:41:00-04:00,True,2025-07-08 10:38:00-04:00,98.0,3.75,0.15754560530679934,True,22841.0,22962.75
2025-07-08,2025-07-15,7,5,bearish,-1,22917.0,22931.0,BROKE_FVG_HELD_9AM,,,59.5,34.0,True,2025-07-08 09:41:00-04:00,False,,,,,False,22841.0,22962.75
2025-07-09,2025-07-11,2,5,bullish,1,22979.5,23024.5,HIT_9AM,23111.25,22917.0,22.5,109.5,False,2025-07-09 10:30:00-04:00,True,2025-07-09 10:36:00-04:00,36.75,54.0,0.48448687350835323,True,,
2025-07-09,2025-07-14,5,5,bullish,1,22979.5,23024.5,HIT_9AM,23111.25,22917.0,22.5,109.5,False,2025-07-09 10:30:00-04:00,True,2025-07-09 10:36:00-04:00,36.75,54.0,0.4542124542124542,True,,
2025-07-09,2025-07-11,2,5,bullish,1,23029.25,23038.75,HIT_9AM,23111.25,22917.0,3.75,133.25,False,2025-07-09 10:28:00-04:00,True,2025-07-09 10:36:00-04:00,36.75,54.0,0.48448687350835323,True,,
2025-07-09,2025-07-14,5,5,bullish,1,23029.25,23038.75,HIT_9AM,23111.25,22917.0,3.75,133.25,False,2025-07-09 10:28:00-04:00,True,2025-07-09 10:36:00-04:00,36.75,54.0,0.4542124542124542,True,,
2025-07-09,2025-07-11,2,5,bullish,1,23054.75,23055.0,HIT_9AM,23111.25,22917.0,17.0,136.75,False,2025-07-09 10:27:00-04:00,True,2025-07-09 10:36:00-04:00,36.75,54.0,0.48448687350835323,True,,
2025-07-09,2025-07-14,5,5,bullish,1,23054.75,23055.0,HIT_9AM,23111.25,22917.0,17.0,136.75,False,2025-07-09 10:27:00-04:00,True,2025-07-09 10:36:00-04:00,36.75,54.0,0.4542124542124542,True,,
2025-07-09,2025-07-11,2,5,bullish,1,23064.75,23076.25,HIT_9AM,23111.25,22917.0,34.5,144.75,True,2025-07-09 09:58:00-04:00,True,2025-07-09 10:36:00-04:00,36.75,54.0,0.48448687350835323,True,,
2025-07-09,2025-07-14,5,5,bullish,1,23064.75,23076.25,HIT_9AM,23111.25,22917.0,34.5,144.75,True,2025-07-09 09:58:00-04:00,True,2025-07-09 10:36:00-04:00,36.75,54.0,0.4542124542124542,True,,
2025-07-10,2025-07-11,1,5,bullish,1,23059.0,23059.5,HIT_9AM,23089.75,22901.0,22.5,157.0,False,2025-07-10 09:31:00-04:00,True,2025-07-10 09:57:00-04:00,20.5,65.25,0.6372315035799523,False,,
2025-07-10,2025-07-14,4,5,bullish,1,23059.0,23059.5,HIT_9AM,23089.75,22901.0,22.5,157.0,False,2025-07-10 09:31:00-04:00,True,2025-07-10 09:53:00-04:00,2.0,84.5,0.5714285714285714,False,,
2025-07-10,2025-07-11,1,5,bullish,1,23060.25,23061.25,HIT_9AM,23089.75,22901.0,22.5,157.0,False,2025-07-10 09:31:00-04:00,True,2025-07-10 09:57:00-04:00,20.5,65.25,0.6372315035799523,False,,
2025-07-10,2025-07-14,4,5,bullish,1,23060.25,23061.25,HIT_9AM,23089.75,22901.0,22.5,157.0,False,2025-07-10 09:31:00-04:00,True,2025-07-10 09:53:00-04:00,2.0,84.5,0.5714285714285714,False,,
2025-07-10,2025-07-15,5,5,bearish,-1,23043.5,23061.25,HELD_AT_FVG,,,18.75,7.25,False,2025-07-10 14:07:00-04:00,False,,,,,False,22901.0,23050.0
2025-07-10,2025-07-15,5,5,bearish,-1,23010.5,23023.25,BROKE_FVG_HELD_9AM,,,48.25,14.25,True,2025-07-10 11:44:00-04:00,False,,,,,False,22901.0,23050.0
2025-07-10,2025-07-15,5,5,bearish,-1,22985.5,22988.75,BROKE_FVG_HELD_9AM,,,44.0,37.75,True,2025-07-10 10:53:00-04:00,False,,,,,False,22901.0,23050.0
2025-07-10,2025-07-15,5,5,bearish,-1,22961.25,22968.0,BROKE_FVG_HELD_9AM,,,54.0,24.0,True,2025-07-10 10:18:00-04:00,False,,,,,False,22901.0,23050.0
2025-07-11,2025-07-15,4,5,bearish,-1,22897.75,22909.5,BROKE_FVG_HELD_9AM,,,18.75,108.75,False,2025-07-11 09:47:00-04:00,False,,,,,False,22863.0,23021.75
2025-07-11,2025-07-16,5,5,bearish,-1,22897.75,22909.5,HIT_9AM,,,18.75,108.75,False,2025-07-11 09:47:00-04:00,True,2025-07-11 09:57:00-04:00,16.25,52.25,0.4849056603773585,False,22863.0,23021.75
2025-07-11,2025-07-18,7,5,bearish,-1,22897.75,22909.5,BROKE_FVG_HELD_9AM,,,18.75,108.75,False,2025-07-11 09:47:00-04:00,False,,,,,False,22863.0,23021.75
2025-07-15,2025-07-18,3,5,bearish,-1,23185.5,23198.25,BROKE_FVG_HELD_9AM,,,91.25,11.5,True,2025-07-15 10:11:00-04:00,False,,,,,False,23050.0,23198.25
2025-07-16,2025-07-18,2,5,bearish,-1,23050.25,23064.5,BROKE_FVG_HELD_9AM,,,31.25,17.5,True,2025-07-16 13:03:00-04:00,False,,,,,False,22835.75,23100.0
2025-07-16,2025-07-22,6,5,bearish,-1,23050.25,23064.5,BROKE_FVG_HELD_9AM,,,31.25,17.5,True,2025-07-16 13:03:00-04:00,False,,,,,False,22835.75,23100.0
2025-07-16,2025-07-23,7,5,bearish,-1,23050.25,23064.5,BROKE_FVG_HELD_9AM,,,31.25,17.5,True,2025-07-16 13:03:00-04:00,False,,,,,False,22835.75,23100.0
2025-07-16,2025-07-18,2,5,bearish,-1,22999.25,23004.25,BROKE_FVG_HELD_9AM,,,36.0,39.0,True,2025-07-16 10:10:00-04:00,False,,,,,False,22835.75,23100.0
2025-07-16,2025-07-22,6,5,bearish,-1,22999.25,23004.25,BROKE_FVG_HELD_9AM,,,36.0,39.0,True,2025-07-16 10:10:00-04:00,False,,,,,False,22835.75,23100.0
2025-07-16,2025-07-23,7,5,bearish,-1,22999.25,23004.25,BROKE_FVG_HELD_9AM,,,36.0,39.0,True,2025-07-16 10:10:00-04:00,False,,,,,False,22835.75,23100.0
2025-07-16,2025-07-18,2,5,bearish,-1,22986.0,22996.25,BROKE_FVG_HELD_9AM,,,36.0,39.0,True,2025-07-16 10:10:00-04:00,False,,,,,False,22835.75,23100.0
2025-07-16,2025-07-22,6,5,bearish,-1,22986.0,22996.25,BROKE_FVG_HELD_9AM,,,36.0,39.0,True,2025-07-16 10:10:00-04:00,False,,,,,False,22835.75,23100.0
2025-07-16,2025-07-23,7,5,bearish,-1,22986.0,22996.25,BROKE_FVG_HELD_9AM,,,36.0,39.0,True,2025-07-16 10:10:00-04:00,False,,,,,False,22835.75,23100.0
2025-07-17,2025-07-18,1,5,bearish,-1,23137.0,23146.75,HIT_9AM,,,21.5,59.0,False,2025-07-17 09:49:00-04:00,True,2025-07-17 11:58:00-04:00,5.75,25.75,0.4296028880866426,False,23065.75,23281.0
2025-07-17,2025-07-23,6,5,bearish,-1,23137.0,23146.75,PIERCED_9AM,,,21.5,59.0,False,2025-07-17 09:49:00-04:00,True,2025-07-17 09:55:00-04:00,29.75,53.0,1.0625,False,23065.75,23281.0
2025-07-17,2025-07-18,1,5,bearish,-1,23118.75,23135.25,HIT_9AM,,,38.75,70.75,True,2025-07-17 09:30:00-04:00,True,2025-07-17 11:58:00-04:00,5.75,25.75,0.4296028880866426,False,23065.75,23281.0
2025-07-17,2025-07-23,6,5,bearish,-1,23118.75,23135.25,PIERCED_9AM,,,38.75,70.75,True,2025-07-17 09:30:00-04:00,True,2025-07-17 09:55:00-04:00,29.75,53.0,1.0625,False,23065.75,23281.0
2025-07-17,2025-07-18,1,5,bearish,-1,23117.0,23117.5,HIT_9AM,,,38.75,70.75,True,2025-07-17 09:30:00-04:00,True,2025-07-17 11:58:00-04:00,5.75,25.75,0.4296028880866426,False,23065.75,23281.0
2025-07-17,2025-07-23,6,5,bearish,-1,23117.0,23117.5,PIERCED_9AM,,,38.75,70.75,True,2025-07-17 09:30:00-04:00,True,2025-07-17 09:55:00-04:00,29.75,53.0,1.0625,False,23065.75,23281.0
2025-07-17,2025-07-18,1,5,bearish,-1,23093.75,23097.25,HIT_9AM,,,25.0,83.25,False,2025-07-17 09:40:00-04:00,True,2025-07-17 11:58:00-04:00,5.75,25.75,0.4296028880866426,False,23071.5,23281.0
2025-07-17,2025-07-22,5,5,bearish,-1,23093.75,23097.25,HIT_9AM,,,25.0,83.25,False,2025-07-17 09:40:00-04:00,True,2025-07-17 09:41:00-04:00,19.5,66.25,0.7108307045215563,False,23071.5,23281.0
2025-07-17,2025-07-23,6,5,bearish,-1,23093.75,23097.25,PIERCED_9AM,,,25.0,83.25,False,2025-07-17 09:40:00-04:00,True,2025-07-17 09:55:00-04:00,29.75,53.0,1.0625,False,23071.5,23281.0
2025-07-23,2025-07-30,7,5,bearish,-1,23237.5,23254.25,BROKE_FVG_HELD_9AM,,,69.0,31.5,True,2025-07-23 11:54:00-04:00,False,,,,,False,23142.5,23325.0
2025-07-23,2025-07-30,7,5,bearish,-1,23210.75,23212.25,BROKE_FVG_HELD_9AM,,,35.25,81.75,True,2025-07-23 11:00:00-04:00,False,,,,,False,23142.5,23325.0
2025-07-28,2025-07-31,3,5,bearish,-1,23498.25,23511.5,BROKE_FVG_HELD_9AM,,,13.25,48.5,False,2025-07-28 09:31:00-04:00,False,,,,,False,23437.0,23527.75
2025-07-28,2025-07-31,3,5,bearish,-1,23487.25,23496.25,BROKE_FVG_HELD_9AM,,,25.25,40.0,False,2025-07-28 09:30:00-04:00,False,,,,,False,23437.0,23527.75
2025-07-29,2025-08-04,6,5,bullish,1,23601.5,23625.25,BROKE_FVG_HELD_9AM,23649.5,23422.0,14.25,81.5,False,2025-07-29 09:43:00-04:00,False,,,,,False,,
2025-07-29,2025-08-05,7,5,bullish,1,23601.5,23625.25,BROKE_FVG_HELD_9AM,23649.5,23422.0,14.25,81.5,False,2025-07-29 09:43:00-04:00,False,,,,,False,,
2025-07-30,2025-07-31,1,5,bearish,-1,23483.25,23489.25,BROKE_FVG_HELD_9AM,,,33.75,42.5,True,2025-07-30 09:14:00-04:00,False,,,,,False,23355.0,23589.75
2025-07-31,2025-08-04,4,5,bullish,1,23661.25,23666.75,BROKE_FVG_HELD_9AM,23700.0,23305.75,28.0,137.0,False,2025-07-31 10:05:00-04:00,False,,,,,False,,
2025-07-31,2025-08-05,5,5,bullish,1,23661.25,23666.75,HIT_9AM,23700.0,23305.75,28.0,137.0,False,2025-07-31 10:05:00-04:00,True,2025-07-31 13:52:00-04:00,65.0,94.5,0.976,True,,
2025-07-31,2025-08-06,6,5,bullish,1,23661.25,23666.75,BROKE_FVG_HELD_9AM,23700.0,23305.75,28.0,137.0,False,2025-07-31 10:05:00-04:00,False,,,,,False,,
2025-07-31,2025-08-07,7,5,bullish,1,23661.25,23666.75,PIERCED_9AM,23700.0,23305.75,28.0,137.0,False,2025-07-31 10:05:00-04:00,True,2025-07-31 10:11:00-04:00,31.75,144.5,1.5,True,,
2025-08-05,2025-08-12,7,5,bearish,-1,23362.25,23362.5,NO_RETRACE,,,,,,,,,,,,,23113.5,
2025-08-06,2025-08-12,6,5,bearish,-1,23178.75,23185.0,BROKE_FVG_HELD_9AM,,,18.0,118.25,False,2025-08-06 09:30:00-04:00,False,,,,,False,23148.75,23444.75
2025-08-06,2025-08-13,7,5,bearish,-1,23178.75,23185.0,BROKE_FVG_HELD_9AM,,,18.0,118.25,False,2025-08-06 09:30:00-04:00,False,,,,,False,23148.75,23444.75
2025-08-12,2025-08-13,1,5,bearish,-1,23749.5,23767.5,BROKE_FVG_HELD_9AM,,,116.75,69.75,True,2025-08-12 09:30:00-04:00,False,,,,,False,23622.0,23949.25
2025-08-12,2025-08-15,3,5,bearish,-1,23749.5,23767.5,PIERCED_9AM,,,116.75,69.75,True,2025-08-12 09:30:00-04:00,True,2025-08-12 09:34:00-04:00,158.0,28.5,1.1626016260162602,True,23622.0,23949.25
2025-08-12,2025-08-13,1,5,bearish,-1,23714.0,23714.75,BROKE_FVG_HELD_9AM,,,95.75,64.0,True,2025-08-12 09:55:00-04:00,False,,,,,False,23622.0,23949.25
2025-08-12,2025-08-15,3,5,bearish,-1,23714.0,23714.75,PIERCED_9AM,,,95.75,64.0,True,2025-08-12 09:55:00-04:00,True,2025-08-12 10:51:00-04:00,24.0,93.25,1.1626016260162602,False,23622.0,23949.25
2025-08-12,2025-08-18,6,5,bearish,-1,23714.0,23714.75,PIERCED_9AM,,,95.75,64.0,True,2025-08-12 09:55:00-04:00,True,2025-08-12 10:15:00-04:00,20.75,100.0,1.5,False,23622.0,23949.25
2025-08-12,2025-08-13,1,5,bearish,-1,23666.75,23667.0,BROKE_FVG_HELD_9AM,,,17.0,127.75,False,2025-08-12 10:05:00-04:00,False,,,,,False,23658.0,23949.25
2025-08-12,2025-08-15,3,5,bearish,-1,23666.75,23667.0,PIERCED_9AM,,,17.0,127.75,False,2025-08-12 10:05:00-04:00,True,2025-08-12 10:51:00-04:00,24.0,93.25,1.1626016260162602,False,23658.0,23949.25
2025-08-12,2025-08-18,6,5,bearish,-1,23666.75,23667.0,PIERCED_9AM,,,17.0,127.75,False,2025-08-12 10:05:00-04:00,True,2025-08-12 10:15:00-04:00,20.75,100.0,1.5,False,23658.0,23949.25
2025-08-15,2025-08-22,7,5,bullish,1,23899.75,23902.0,BROKE_FVG_HELD_9AM,23924.25,23734.75,35.75,122.5,True,2025-08-15 09:25:00-04:00,False,,,,,False,,
2025-08-18,2025-08-22,4,5,bullish,1,23777.0,23777.5,BROKE_FVG_HELD_9AM,23824.5,23718.75,41.25,42.0,True,2025-08-18 09:10:00-04:00,False,,,,,False,,
2025-08-18,2025-08-25,7,5,bullish,1,23777.0,23777.5,BROKE_FVG_HELD_9AM,23824.5,23718.75,41.25,42.0,True,2025-08-18 09:10:00-04:00,False,,,,,False,,
2025-08-18,2025-08-22,4,5,bullish,1,23778.25,23787.75,BROKE_FVG_HELD_9AM,23824.5,23718.75,41.5,48.0,True,2025-08-18 09:41:00-04:00,False,,,,,False,,
2025-08-18,2025-08-25,7,5,bullish,1,23778.25,23787.75,BROKE_FVG_HELD_9AM,23824.5,23718.75,41.5,48.0,True,2025-08-18 09:41:00-04:00,False,,,,,False,,
2025-08-19,2025-08-22,3,5,bullish,1,23747.25,23747.75,BROKE_FVG_HELD_9AM,23770.75,23425.25,33.75,111.25,True,2025-08-19 09:31:00-04:00,False,,,,,False,,
2025-08-19,2025-08-25,6,5,bullish,1,23747.25,23747.75,PIERCED_9AM,23770.75,23425.25,33.75,111.25,True,2025-08-19 09:31:00-04:00,True,2025-08-19 11:01:00-04:00,70.5,5.5,1.2615894039735098,True,,
2025-08-19,2025-08-26,7,5,bullish,1,23747.25,23747.75,PIERCED_9AM,23770.75,23425.25,33.75,111.25,True,2025-08-19 09:31:00-04:00,True,2025-08-19 11:01:00-04:00,70.5,5.5,1.0163487738419619,True,,
2025-08-20,2025-08-27,7,5,bearish,-1,23418.0,23420.0,BROKE_FVG_HELD_9AM,,,361.75,7.0,True,2025-08-20 09:28:00-04:00,False,,,,,False,23035.25,23432.0
2025-08-20,2025-08-27,7,5,bearish,-1,23415.0,23415.25,BROKE_FVG_HELD_9AM,,,350.0,18.75,True,2025-08-20 09:22:00-04:00,False,,,,,False,23035.25,23432.0
2025-08-20,2025-08-27,7,5,bearish,-1,23393.25,23402.5,NO_RETRACE,,,,,,,,,,,,,23035.25,
2025-08-20,2025-08-27,7,5,bearish,-1,23324.25,23357.0,BROKE_FVG_HELD_9AM,,,16.0,42.25,False,2025-08-20 15:18:00-04:00,False,,,,,False,23035.25,23368.5
2025-08-20,2025-08-27,7,5,bearish,-1,23265.25,23322.5,BROKE_FVG_HELD_9AM,,,99.5,51.75,True,2025-08-20 11:38:00-04:00,False,,,,,False,23035.25,23368.5
2025-08-20,2025-08-27,7,5,bearish,-1,23205.75,23264.75,BROKE_FVG_HELD_9AM,,,153.5,25.75,True,2025-08-20 10:00:00-04:00,False,,,,,False,23035.25,23368.5
2025-08-25,2025-09-01,7,5,bullish,1,23496.25,23504.5,HIT_9AM,23616.75,23488.75,23.0,10.0,False,2025-08-25 15:59:00-04:00,True,2025-08-25 15:59:00-04:00,23.0,10.0,0.12077294685990338,False,,
2025-08-27,2025-08-28,1,5,bearish,-1,23530.5,23535.75,HIT_9AM,,,24.0,76.5,False,2025-08-27 09:54:00-04:00,True,2025-08-27 10:15:00-04:00,7.5,43.0,0.4978038067349927,False,23499.5,23657.5
2025-08-28,2025-09-01,4,5,bullish,1,23645.25,23649.25,BROKE_FVG_HELD_9AM,23803.75,23572.5,96.0,74.75,True,2025-08-28 09:25:00-04:00,False,,,,,False,,
2025-08-28,2025-09-02,5,5,bullish,1,23645.25,23649.25,BROKE_FVG_HELD_9AM,23803.75,23572.5,96.0,74.75,True,2025-08-28 09:25:00-04:00,False,,,,,False,,
2025-08-28,2025-09-01,4,5,bullish,1,23652.25,23680.5,BROKE_FVG_HELD_9AM,23803.75,23572.5,35.75,101.25,True,2025-08-28 09:45:00-04:00,False,,,,,False,,
2025-08-28,2025-09-02,5,5,bullish,1,23652.25,23680.5,BROKE_FVG_HELD_9AM,23803.75,23572.5,35.75,101.25,True,2025-08-28 09:45:00-04:00,False,,,,,False,,
2025-08-29,2025-09-05,7,5,bearish,-1,23645.0,23648.25,NO_RETRACE,,,,,,,,,,,,,23401.5,
2025-08-29,2025-09-05,7,5,bearish,-1,23625.75,23630.25,NO_RETRACE,,,,,,,,,,,,,23401.5,
2025-08-29,2025-09-05,7,5,bearish,-1,23575.75,23585.25,NO_RETRACE,,,,,,,,,,,,,23401.5,
2025-09-01,2025-09-05,4,5,bearish,-1,23477.25,23478.0,BROKE_FVG_HELD_9AM,,,6.5,16.75,False,2025-09-01 09:39:00-04:00,False,,,,,False,23459.25,23507.0
2025-09-01,2025-09-02,1,5,bullish,1,23486.25,23486.75,BROKE_FVG_HELD_9AM,23507.0,23476.0,5.5,12.25,False,2025-09-01 10:00:00-04:00,False,,,,,False,,
2025-09-02,2025-09-03,1,5,bearish,-1,23101.5,23107.75,BROKE_FVG_HELD_9AM,,,38.25,163.75,True,2025-09-02 09:35:00-04:00,False,,,,,False,23026.5,23290.0
2025-09-02,2025-09-04,2,5,bearish,-1,23101.5,23107.75,BROKE_FVG_HELD_9AM,,,38.25,163.75,True,2025-09-02 09:35:00-04:00,False,,,,,False,23026.5,23290.0
2025-09-02,2025-09-05,3,5,bearish,-1,23101.5,23107.75,BROKE_FVG_HELD_9AM,,,38.25,163.75,True,2025-09-02 09:35:00-04:00,False,,,,,False,23026.5,23290.0
2025-09-02,2025-09-09,7,5,bearish,-1,23101.5,23107.75,BROKE_FVG_HELD_9AM,,,38.25,163.75,True,2025-09-02 09:35:00-04:00,False,,,,,False,23026.5,23290.0
2025-09-03,2025-09-04,1,5,bearish,-1,23419.75,23421.25,HIT_9AM,,,52.25,101.75,True,2025-09-03 09:51:00-04:00,True,2025-09-03 10:07:00-04:00,76.25,67.25,0.7554945054945055,True,23318.25,23526.0
2025-09-03,2025-09-05,2,5,bearish,-1,23419.75,23421.25,BROKE_FVG_HELD_9AM,,,52.25,101.75,True,2025-09-03 09:51:00-04:00,False,,,,,False,23318.25,23526.0
2025-09-03,2025-09-09,6,5,bearish,-1,23419.75,23421.25,BROKE_FVG_HELD_9AM,,,52.25,101.75,True,2025-09-03 09:51:00-04:00,False,,,,,False,23318.25,23526.0
2025-09-03,2025-09-10,7,5,bearish,-1,23419.75,23421.25,BROKE_FVG_HELD_9AM,,,52.25,101.75,True,2025-09-03 09:51:00-04:00,False,,,,,False,23318.25,23526.0
2025-09-04,2025-09-05,1,5,bearish,-1,23476.25,23478.0,BROKE_FVG_HELD_9AM,,,63.25,75.0,True,2025-09-04 09:27:00-04:00,False,,,,,False,23410.0,23680.5
2025-09-04,2025-09-09,5,5,bearish,-1,23476.25,23478.0,BROKE_FVG_HELD_9AM,,,63.25,75.0,True,2025-09-04 09:27:00-04:00,False,,,,,False,23410.0,23680.5
2025-09-04,2025-09-10,6,5,bearish,-1,23476.25,23478.0,BROKE_FVG_HELD_9AM,,,63.25,75.0,True,2025-09-04 09:27:00-04:00,False,,,,,False,23410.0,23680.5
2025-09-05,2025-09-08,3,5,bullish,1,23877.0,23882.0,PIERCED_9AM,23902.5,23505.0,21.0,103.75,False,2025-09-05 09:10:00-04:00,True,2025-09-05 09:12:00-04:00,22.25,112.75,1.5,False,,
2025-09-05,2025-09-10,5,5,bearish,-1,23856.0,23870.0,BROKE_FVG_HELD_9AM,,,265.5,34.75,True,2025-09-05 09:41:00-04:00,False,,,,,False,23505.0,23893.75
2025-09-09,2025-09-10,1,5,bearish,-1,23828.25,23837.75,BROKE_FVG_HELD_9AM,,,41.25,35.5,True,2025-09-09 09:11:00-04:00,False,,,,,False,23726.5,23887.75
2025-09-09,2025-09-16,7,5,bearish,-1,23828.25,23837.75,BROKE_FVG_HELD_9AM,,,41.25,35.5,True,2025-09-09 09:11:00-04:00,False,,,,,False,23726.5,23887.75
2025-09-10,2025-09-16,6,5,bearish,-1,23991.5,23997.0,BROKE_FVG_HELD_9AM,,,97.75,23.0,True,2025-09-10 09:10:00-04:00,False,,,,,False,23785.0,24015.0
2025-09-10,2025-09-17,7,5,bearish,-1,23991.5,23997.0,BROKE_FVG_HELD_9AM,,,97.75,23.0,True,2025-09-10 09:10:00-04:00,False,,,,,False,23785.0,24015.0
2025-09-10,2025-09-11,1,5,bullish,1,24002.0,24004.0,PIERCED_9AM,24015.0,23785.0,7.5,113.25,False,2025-09-10 09:25:00-04:00,True,2025-09-10 09:29:00-04:00,6.25,103.75,1.5,False,,
2025-09-10,2025-09-16,6,5,bearish,-1,24000.75,24004.0,NO_RETRACE,,,,,,,,,,,,,23785.0,
2025-09-10,2025-09-17,7,5,bearish,-1,24000.75,24004.0,NO_RETRACE,,,,,,,,,,,,,23785.0,
2025-09-10,2025-09-16,6,5,bearish,-1,23975.75,23996.0,HELD_AT_FVG,,,23.25,22.25,False,2025-09-10 10:07:00-04:00,False,,,,,False,23785.0,23990.75
2025-09-10,2025-09-17,7,5,bearish,-1,23975.75,23996.0,HELD_AT_FVG,,,23.25,22.25,False,2025-09-10 10:07:00-04:00,False,,,,,False,23785.0,23990.75
2025-09-11,2025-09-16,5,5,bearish,-1,23946.0,23967.5,BROKE_FVG_HELD_9AM,,,30.0,74.5,True,2025-09-11 09:46:00-04:00,False,,,,,False,23909.75,24048.75
2025-09-11,2025-09-17,6,5,bearish,-1,23946.0,23967.5,BROKE_FVG_HELD_9AM,,,30.0,74.5,True,2025-09-11 09:46:00-04:00,False,,,,,False,23909.75,24048.75
2025-09-12,2025-09-16,4,5,bearish,-1,24035.5,24037.75,BROKE_FVG_HELD_9AM,,,21.5,61.25,False,2025-09-12 09:46:00-04:00,False,,,,,False,24007.25,24159.0
2025-09-12,2025-09-17,5,5,bearish,-1,24035.5,24037.75,BROKE_FVG_HELD_9AM,,,21.5,61.25,False,2025-09-12 09:46:00-04:00,False,,,,,False,24007.25,24159.0
2025-09-16,2025-09-23,7,5,bearish,-1,24335.0,24342.75,NO_RETRACE,,,,,,,,,,,,,24257.5,
2025-09-16,2025-09-24,8,5,bearish,-1,24335.0,24342.75,NO_RETRACE,,,,,,,,,,,,,24257.5,
2025-09-17,2025-09-23,6,5,bearish,-1,24270.5,24276.25,BROKE_FVG_HELD_9AM,,,91.75,17.75,True,2025-09-17 09:50:00-04:00,False,,,,,False,24003.5,24308.0
2025-09-17,2025-09-24,7,5,bearish,-1,24270.5,24276.25,BROKE_FVG_HELD_9AM,,,91.75,17.75,True,2025-09-17 09:50:00-04:00,False,,,,,False,24003.5,24308.0
2025-09-17,2025-09-25,8,5,bearish,-1,24270.5,24276.25,BROKE_FVG_HELD_9AM,,,91.75,17.75,True,2025-09-17 09:50:00-04:00,False,,,,,False,24003.5,24308.0
2025-09-17,2025-09-23,6,5,bearish,-1,24247.25,24256.0,BROKE_FVG_HELD_9AM,,,71.75,32.5,True,2025-09-17 09:47:00-04:00,False,,,,,False,24003.5,24308.0
2025-09-17,2025-09-24,7,5,bearish,-1,24247.25,24256.0,BROKE_FVG_HELD_9AM,,,71.75,32.5,True,2025-09-17 09:47:00-04:00,False,,,,,False,24003.5,24308.0
2025-09-17,2025-09-25,8,5,bearish,-1,24247.25,24256.0,BROKE_FVG_HELD_9AM,,,71.75,32.5,True,2025-09-17 09:47:00-04:00,False,,,,,False,24003.5,24308.0
2025-09-17,2025-09-23,6,5,bearish,-1,24239.0,24252.75,BROKE_FVG_HELD_9AM,,,71.25,4.5,True,2025-09-17 10:15:00-04:00,False,,,,,False,24003.5,24308.0
2025-09-17,2025-09-24,7,5,bearish,-1,24239.0,24252.75,BROKE_FVG_HELD_9AM,,,71.25,4.5,True,2025-09-17 10:15:00-04:00,False,,,,,False,24003.5,24308.0
2025-09-17,2025-09-25,8,5,bearish,-1,24239.0,24252.75,BROKE_FVG_HELD_9AM,,,71.25,4.5,True,2025-09-17 10:15:00-04:00,False,,,,,False,24003.5,24308.0
2025-09-18,2025-09-23,5,5,bearish,-1,24436.5,24446.25,BROKE_FVG_HELD_9AM,,,77.0,86.0,True,2025-09-18 09:10:00-04:00,False,,,,,False,24355.75,24569.25
2025-09-18,2025-09-24,6,5,bearish,-1,24436.5,24446.25,BROKE_FVG_HELD_9AM,,,77.0,86.0,True,2025-09-18 09:10:00-04:00,False,,,,,False,24355.75,24569.25
2025-09-18,2025-09-23,5,5,bearish,-1,24414.25,24422.75,BROKE_FVG_HELD_9AM,,,47.25,117.25,True,2025-09-18 09:50:00-04:00,False,,,,,False,24398.5,24569.25
2025-09-18,2025-09-24,6,5,bearish,-1,24414.25,24422.75,BROKE_FVG_HELD_9AM,,,47.25,117.25,True,2025-09-18 09:50:00-04:00,False,,,,,False,24398.5,24569.25
2025-09-22,2025-09-26,4,5,bullish,1,24822.25,24830.0,BROKE_FVG_HELD_9AM,25027.25,24821.5,88.5,7.75,True,2025-09-22 09:40:00-04:00,False,,,,,False,,
2025-09-22,2025-09-26,4,5,bullish,1,24849.0,24855.25,HELD_AT_FVG,25027.25,24854.75,75.5,7.75,True,2025-09-22 10:13:00-04:00,False,,,,,False,,
2025-09-25,2025-09-30,5,5,bearish,-1,24526.0,24565.0,BROKE_FVG_HELD_9AM,,,24.0,117.0,False,2025-09-25 10:05:00-04:00,False,,,,,False,24422.0,24697.0
2025-09-25,2025-10-02,7,5,bearish,-1,24526.0,24565.0,BROKE_FVG_HELD_9AM,,,24.0,117.0,False,2025-09-25 10:05:00-04:00,False,,,,,False,24422.0,24697.0
2025-09-25,2025-09-30,5,5,bearish,-1,24477.0,24516.25,BROKE_FVG_HELD_9AM,,,60.5,164.5,True,2025-09-25 09:48:00-04:00,False,,,,,False,24424.5,24697.0
2025-09-25,2025-10-02,7,5,bearish,-1,24477.0,24516.25,BROKE_FVG_HELD_9AM,,,60.5,164.5,True,2025-09-25 09:48:00-04:00,False,,,,,False,24424.5,24697.0
2025-09-26,2025-09-30,4,5,bearish,-1,24678.5,24682.0,HIT_9AM,,,89.75,54.5,True,2025-09-26 09:13:00-04:00,True,2025-09-26 10:00:00-04:00,202.0,11.25,0.13100436681222707,True,24520.0,24737.5
2025-09-26,2025-10-02,6,5,bearish,-1,24678.5,24682.0,BROKE_FVG_HELD_9AM,,,89.75,54.5,True,2025-09-26 09:13:00-04:00,False,,,,,False,24520.0,24737.5
2025-09-26,2025-10-03,7,5,bearish,-1,24678.5,24682.0,BROKE_FVG_HELD_9AM,,,89.75,54.5,True,2025-09-26 09:13:00-04:00,False,,,,,False,24520.0,24737.5
2025-09-29,2025-10-02,3,5,bearish,-1,24892.0,24894.25,BROKE_FVG_HELD_9AM,,,46.0,83.25,True,2025-09-29 09:10:00-04:00,False,,,,,False,24780.5,24975.0
2025-09-29,2025-10-03,4,5,bearish,-1,24892.0,24894.25,BROKE_FVG_HELD_9AM,,,46.0,83.25,True,2025-09-29 09:10:00-04:00,False,,,,,False,24780.5,24975.0
2025-09-29,2025-10-06,7,5,bearish,-1,24892.0,24894.25,BROKE_FVG_HELD_9AM,,,46.0,83.25,True,2025-09-29 09:10:00-04:00,False,,,,,False,24780.5,24975.0
2025-09-29,2025-10-01,2,5,bullish,1,24892.75,24913.0,HIT_9AM,24975.0,24780.5,6.25,89.75,False,2025-09-29 11:10:00-04:00,True,2025-09-29 11:36:00-04:00,22.25,22.75,0.5281385281385281,False,,
2025-09-29,2025-10-01,2,5,bullish,1,24916.0,24921.75,HIT_9AM,24975.0,24780.5,49.0,8.75,True,2025-09-29 10:03:00-04:00,True,2025-09-29 11:36:00-04:00,22.25,22.75,0.5281385281385281,False,,
2025-09-30,2025-10-02,2,5,bearish,-1,24827.75,24831.0,BROKE_FVG_HELD_9AM,,,103.0,6.25,True,2025-09-30 09:10:00-04:00,False,,,,,False,24722.5,24913.75
2025-09-30,2025-10-03,3,5,bearish,-1,24827.75,24831.0,BROKE_FVG_HELD_9AM,,,103.0,6.25,True,2025-09-30 09:10:00-04:00,False,,,,,False,24722.5,24913.75
2025-09-30,2025-10-06,6,5,bearish,-1,24827.75,24831.0,BROKE_FVG_HELD_9AM,,,103.0,6.25,True,2025-09-30 09:10:00-04:00,False,,,,,False,24722.5,24913.75
2025-09-30,2025-10-07,7,5,bearish,-1,24827.75,24831.0,BROKE_FVG_HELD_9AM,,,103.0,6.25,True,2025-09-30 09:10:00-04:00,False,,,,,False,24722.5,24913.75
2025-09-30,2025-10-02,2,5,bearish,-1,24785.0,24812.5,BROKE_FVG_HELD_9AM,,,75.5,14.5,True,2025-09-30 09:44:00-04:00,False,,,,,False,24722.5,24913.75
2025-09-30,2025-10-03,3,5,bearish,-1,24785.0,24812.5,BROKE_FVG_HELD_9AM,,,75.5,14.5,True,2025-09-30 09:44:00-04:00,False,,,,,False,24722.5,24913.75
2025-09-30,2025-10-06,6,5,bearish,-1,24785.0,24812.5,BROKE_FVG_HELD_9AM,,,75.5,14.5,True,2025-09-30 09:44:00-04:00,False,,,,,False,24722.5,24913.75
2025-09-30,2025-10-07,7,5,bearish,-1,24785.0,24812.5,BROKE_FVG_HELD_9AM,,,75.5,14.5,True,2025-09-30 09:44:00-04:00,False,,,,,False,24722.5,24913.75
2025-10-01,2025-10-02,1,5,bearish,-1,24782.0,24804.5,HIT_9AM,,,20.5,136.5,False,2025-10-01 09:55:00-04:00,True,2025-10-01 14:15:00-04:00,8.0,21.5,0.13725490196078433,False,24755.0,25037.0
2025-10-01,2025-10-03,2,5,bearish,-1,24782.0,24804.5,BROKE_FVG_HELD_9AM,,,20.5,136.5,False,2025-10-01 09:55:00-04:00,False,,,,,False,24755.0,25037.0
2025-10-01,2025-10-06,5,5,bearish,-1,24782.0,24804.5,BROKE_FVG_HELD_9AM,,,20.5,136.5,False,2025-10-01 09:55:00-04:00,False,,,,,False,24755.0,25037.0
2025-10-01,2025-10-07,6,5,bearish,-1,24782.0,24804.5,BROKE_FVG_HELD_9AM,,,20.5,136.5,False,2025-10-01 09:55:00-04:00,False,,,,,False,24755.0,25037.0
2025-10-02,2025-10-07,5,5,bearish,-1,25129.5,25162.25,NO_RETRACE,,,,,,,,,,,,,24993.75,
2025-10-02,2025-10-09,7,5,bearish,-1,25129.5,25162.25,NO_RETRACE,,,,,,,,,,,,,24993.75,
2025-10-02,2025-10-06,4,5,bearish,-1,25081.75,25113.25,HIT_9AM,,,65.25,32.75,True,2025-10-02 10:19:00-04:00,True,2025-10-02 14:57:00-04:00,24.75,10.5,0.09307875894988067,False,24993.75,25126.75
2025-10-02,2025-10-07,5,5,bearish,-1,25081.75,25113.25,BROKE_FVG_HELD_9AM,,,65.25,32.75,True,2025-10-02 10:19:00-04:00,False,,,,,False,24993.75,25126.75
2025-10-02,2025-10-09,7,5,bearish,-1,25081.75,25113.25,BROKE_FVG_HELD_9AM,,,65.25,32.75,True,2025-10-02 10:19:00-04:00,False,,,,,False,24993.75,25126.75
2025-10-02,2025-10-03,1,5,bearish,-1,25071.25,25076.0,HIT_9AM,,,80.5,17.5,True,2025-10-02 10:04:00-04:00,True,2025-10-02 13:42:00-04:00,27.5,11.5,0.3767605633802817,False,24993.75,25126.75
2025-10-02,2025-10-06,4,5,bearish,-1,25071.25,25076.0,HIT_9AM,,,80.5,17.5,True,2025-10-02 10:04:00-04:00,True,2025-10-02 14:57:00-04:00,24.75,10.5,0.09307875894988067,False,24993.75,25126.75
2025-10-02,2025-10-07,5,5,bearish,-1,25071.25,25076.0,BROKE_FVG_HELD_9AM,,,80.5,17.5,True,2025-10-02 10:04:00-04:00,False,,,,,False,24993.75,25126.75
2025-10-02,2025-10-09,7,5,bearish,-1,25071.25,25076.0,BROKE_FVG_HELD_9AM,,,80.5,17.5,True,2025-10-02 10:04:00-04:00,False,,,,,False,24993.75,25126.75
2025-10-03,2025-10-07,4,5,bearish,-1,25110.25,25135.25,BROKE_FVG_HELD_9AM,,,19.25,32.5,False,2025-10-03 10:37:00-04:00,False,,,,,False,24923.0,25156.0
2025-10-03,2025-10-09,6,5,bearish,-1,25110.25,25135.25,BROKE_FVG_HELD_9AM,,,19.25,32.5,False,2025-10-03 10:37:00-04:00,False,,,,,False,24923.0,25156.0
2025-10-07,2025-10-08,1,5,bullish,1,25257.5,25260.25,PIERCED_9AM,25266.0,24985.25,5.75,46.75,False,2025-10-07 09:11:00-04:00,True,2025-10-07 10:50:00-04:00,3.25,204.75,1.5,False,,
2025-10-07,2025-10-13,6,5,bullish,1,25257.5,25260.25,BROKE_FVG_HELD_9AM,25266.0,24985.25,5.75,46.75,False,2025-10-07 09:11:00-04:00,False,,,,,False,,
2025-10-07,2025-10-09,2,5,bearish,-1,25241.0,25241.25,HIT_9AM,,,24.25,27.75,False,2025-10-07 09:25:00-04:00,True,2025-10-07 09:36:00-04:00,58.25,15.25,0.17765042979942694,True,24985.25,25265.5
2025-10-08,2025-10-13,5,5,bullish,1,25066.0,25069.25,NO_RETRACE,25343.75,,,,,,,,,,,,,
2025-10-08,2025-10-13,5,5,bullish,1,25071.75,25074.75,HELD_AT_FVG,25343.75,25073.25,138.75,19.0,True,2025-10-08 09:30:00-04:00,False,,,,,False,,
2025-10-08,2025-10-13,5,5,bullish,1,25078.25,25080.5,BROKE_FVG_HELD_9AM,25343.75,25073.25,150.75,7.0,True,2025-10-08 09:29:00-04:00,False,,,,,False,,
2025-10-08,2025-10-13,5,5,bullish,1,25100.0,25111.5,NO_RETRACE,25343.75,,,,,,,,,,,,,
2025-10-08,2025-10-13,5,5,bullish,1,25169.0,25174.0,HELD_AT_FVG,25343.75,25172.75,84.75,2.0,True,2025-10-08 10:55:00-04:00,False,,,,,False,,
2025-10-10,2025-10-13,3,5,bullish,1,25300.5,25307.75,PIERCED_9AM,25388.0,24384.25,77.5,16.75,True,2025-10-10 09:10:00-04:00,True,2025-10-10 11:21:00-04:00,50.25,200.5,1.5,True,,
2025-10-10,2025-10-17,7,5,bullish,1,25300.5,25307.75,PIERCED_9AM,25388.0,24384.25,77.5,16.75,True,2025-10-10 09:10:00-04:00,True,2025-10-10 11:21:00-04:00,50.25,200.5,1.5,True,,
2025-10-10,2025-10-13,3,5,bullish,1,25318.0,25320.25,PIERCED_9AM,25388.0,24384.25,35.25,269.5,True,2025-10-10 10:01:00-04:00,True,2025-10-10 11:21:00-04:00,50.25,200.5,1.5,True,,
2025-10-10,2025-10-17,7,5,bullish,1,25318.0,25320.25,PIERCED_9AM,25388.0,24384.25,35.25,269.5,True,2025-10-10 10:01:00-04:00,True,2025-10-10 11:21:00-04:00,50.25,200.5,1.5,True,,
2025-10-10,2025-10-13,3,5,bullish,1,25346.75,25353.75,PIERCED_9AM,25388.0,24384.25,24.75,53.5,False,2025-10-10 09:49:00-04:00,True,2025-10-10 11:21:00-04:00,50.25,200.5,1.5,True,,
2025-10-10,2025-10-17,7,5,bullish,1,25346.75,25353.75,PIERCED_9AM,25388.0,24384.25,24.75,53.5,False,2025-10-10 09:49:00-04:00,True,2025-10-10 11:21:00-04:00,50.25,200.5,1.5,True,,
2025-10-13,2025-10-15,2,5,bearish,-1,24775.0,24820.75,HIT_9AM,,,0.75,182.75,False,2025-10-13 09:41:00-04:00,True,2025-10-13 10:00:00-04:00,158.25,12.0,0.5343811394891945,True,24730.25,24965.0
2025-10-13,2025-10-16,3,5,bearish,-1,24775.0,24820.75,BROKE_FVG_HELD_9AM,,,0.75,182.75,False,2025-10-13 09:41:00-04:00,False,,,,,False,24730.25,24965.0
2025-10-14,2025-10-15,1,5,bearish,-1,24634.25,24637.0,HIT_9AM,,,204.0,95.0,True,2025-10-14 09:27:00-04:00,True,2025-10-14 12:37:00-04:00,46.5,42.75,0.3948919449901768,True,24423.25,24947.25
2025-10-14,2025-10-16,2,5,bearish,-1,24634.25,24637.0,BROKE_FVG_HELD_9AM,,,204.0,95.0,True,2025-10-14 09:27:00-04:00,False,,,,,False,24423.25,24947.25
2025-10-14,2025-10-21,7,5,bearish,-1,24634.25,24637.0,BROKE_FVG_HELD_9AM,,,204.0,95.0,True,2025-10-14 09:27:00-04:00,False,,,,,False,24423.25,24947.25
2025-10-14,2025-10-15,1,5,bearish,-1,24562.25,24604.75,HIT_9AM,,,25.5,180.0,False,2025-10-14 09:55:00-04:00,True,2025-10-14 12:37:00-04:00,46.5,42.75,0.3948919449901768,True,24423.25,24947.25
2025-10-14,2025-10-16,2,5,bearish,-1,24562.25,24604.75,BROKE_FVG_HELD_9AM,,,25.5,180.0,False,2025-10-14 09:55:00-04:00,False,,,,,False,24423.25,24947.25
2025-10-14,2025-10-21,7,5,bearish,-1,24562.25,24604.75,BROKE_FVG_HELD_9AM,,,25.5,180.0,False,2025-10-14 09:55:00-04:00,False,,,,,False,24423.25,24947.25
2025-10-14,2025-10-15,1,5,bearish,-1,24519.5,24559.5,HIT_9AM,,,42.25,200.75,True,2025-10-14 09:53:00-04:00,True,2025-10-14 12:37:00-04:00,46.5,42.75,0.3948919449901768,True,24423.25,24947.25
2025-10-14,2025-10-16,2,5,bearish,-1,24519.5,24559.5,BROKE_FVG_HELD_9AM,,,42.25,200.75,True,2025-10-14 09:53:00-04:00,False,,,,,False,24423.25,24947.25
2025-10-14,2025-10-21,7,5,bearish,-1,24519.5,24559.5,BROKE_FVG_HELD_9AM,,,42.25,200.75,True,2025-10-14 09:53:00-04:00,False,,,,,False,24423.25,24947.25
2025-10-15,2025-10-17,2,5,bullish,1,24988.5,25013.25,PIERCED_9AM,25117.75,24663.5,18.0,137.75,False,2025-10-15 11:34:00-04:00,True,2025-10-15 11:50:00-04:00,107.25,9.75,1.0401836969001148,True,,
2025-10-16,2025-10-21,5,5,bearish,-1,25069.5,25072.0,BROKE_FVG_HELD_9AM,,,57.25,54.75,True,2025-10-16 09:30:00-04:00,False,,,,,False,24643.25,25179.75
2025-10-16,2025-10-22,6,5,bearish,-1,25069.5,25072.0,HIT_9AM,,,57.25,54.75,True,2025-10-16 09:30:00-04:00,True,2025-10-16 10:43:00-04:00,198.25,5.75,0.059957173447537475,True,24643.25,25179.75
2025-10-22,2025-10-23,1,5,bullish,1,25260.75,25269.25,PIERCED_9AM,25289.5,24805.25,18.5,98.25,False,2025-10-22 09:22:00-04:00,True,2025-10-22 09:34:00-04:00,104.75,96.0,1.5,True,,
2025-10-22,2025-10-23,1,5,bullish,1,25226.5,25235.75,PIERCED_9AM,25289.5,24805.25,4.25,190.25,False,2025-10-22 10:12:00-04:00,True,2025-10-22 10:26:00-04:00,26.0,149.5,1.5,False,,
2025-10-27,2025-10-31,4,5,bearish,-1,25829.5,25833.5,BROKE_FVG_HELD_9AM,,,38.75,41.75,True,2025-10-27 09:25:00-04:00,False,,,,,False,25796.25,25981.5
2025-10-27,2025-11-03,7,5,bearish,-1,25829.5,25833.5,BROKE_FVG_HELD_9AM,,,38.75,41.75,True,2025-10-27 09:25:00-04:00,False,,,,,False,25796.25,25981.5
2025-10-28,2025-11-04,7,5,bullish,1,26013.5,26039.0,BROKE_FVG_HELD_9AM,26232.0,26006.0,57.0,8.0,True,2025-10-28 09:19:00-04:00,False,,,,,False,,
2025-10-30,2025-11-03,4,5,bearish,-1,26044.25,26098.75,HIT_9AM,,,49.0,123.75,True,2025-10-30 09:48:00-04:00,True,2025-10-30 09:52:00-04:00,108.0,66.0,0.41025641025641024,True,25868.25,26179.5
2025-10-30,2025-10-31,1,5,bearish,-1,25996.0,26043.0,HIT_9AM,,,29.25,186.5,False,2025-10-30 09:45:00-04:00,True,2025-10-30 09:50:00-04:00,90.5,82.25,0.7257769652650823,True,25868.25,26179.5
2025-10-30,2025-11-03,4,5,bearish,-1,25996.0,26043.0,HIT_9AM,,,29.25,186.5,False,2025-10-30 09:45:00-04:00,True,2025-10-30 09:52:00-04:00,108.0,66.0,0.41025641025641024,True,25868.25,26179.5
2025-10-30,2025-11-04,5,5,bullish,1,25996.0,26053.25,HIT_9AM,26179.5,25868.25,51.0,68.75,True,2025-10-30 10:17:00-04:00,True,2025-10-30 15:57:00-04:00,267.25,27.5,0.058486238532110095,True,,
2025-10-30,2025-11-05,6,5,bullish,1,25996.0,26053.25,BROKE_FVG_HELD_9AM,26179.5,25868.25,51.0,68.75,True,2025-10-30 10:17:00-04:00,False,,,,,False,,
2025-10-30,2025-11-04,5,5,bullish,1,26078.0,26110.5,HIT_9AM,26179.5,25868.25,39.5,138.75,True,2025-10-30 10:03:00-04:00,True,2025-10-30 15:57:00-04:00,267.25,27.5,0.058486238532110095,True,,
2025-10-30,2025-11-05,6,5,bullish,1,26078.0,26110.5,BROKE_FVG_HELD_9AM,26179.5,25868.25,39.5,138.75,True,2025-10-30 10:03:00-04:00,False,,,,,False,,
2025-11-03,2025-11-04,1,5,bullish,1,26191.75,26206.25,BROKE_FVG_HELD_9AM,26265.75,26012.75,11.75,193.5,False,2025-11-03 09:36:00-05:00,False,,,,,False,,
2025-11-03,2025-11-05,2,5,bullish,1,26191.75,26206.25,BROKE_FVG_HELD_9AM,26265.75,26012.75,11.75,193.5,False,2025-11-03 09:36:00-05:00,False,,,,,False,,
2025-11-03,2025-11-10,7,5,bullish,1,26191.75,26206.25,BROKE_FVG_HELD_9AM,26265.75,26012.75,11.75,193.5,False,2025-11-03 09:36:00-05:00,False,,,,,False,,
2025-11-04,2025-11-05,1,5,bullish,1,25705.0,25716.5,HIT_9AM,25893.75,25545.0,162.75,68.0,True,2025-11-04 09:30:00-05:00,True,2025-11-04 09:33:00-05:00,220.75,10.0,0.7179802955665024,True,,
2025-11-04,2025-11-10,6,5,bullish,1,25705.0,25716.5,HIT_9AM,25893.75,25545.0,162.75,68.0,True,2025-11-04 09:30:00-05:00,True,2025-11-04 12:19:00-05:00,78.5,33.0,0.8275229357798165,True,,
2025-11-04,2025-11-11,7,5,bullish,1,25705.0,25716.5,PIERCED_9AM,25893.75,25545.0,162.75,68.0,True,2025-11-04 09:30:00-05:00,True,2025-11-04 12:20:00-05:00,69.0,45.75,1.1812865497076024,True,,
2025-11-04,2025-11-05,1,5,bullish,1,25725.75,25726.25,HIT_9AM,25893.75,25545.0,157.0,73.75,True,2025-11-04 09:27:00-05:00,True,2025-11-04 09:33:00-05:00,220.75,10.0,0.7179802955665024,True,,
2025-11-04,2025-11-10,6,5,bullish,1,25725.75,25726.25,HIT_9AM,25893.75,25545.0,157.0,73.75,True,2025-11-04 09:27:00-05:00,True,2025-11-04 12:19:00-05:00,78.5,33.0,0.8275229357798165,True,,
2025-11-04,2025-11-11,7,5,bullish,1,25725.75,25726.25,PIERCED_9AM,25893.75,25545.0,157.0,73.75,True,2025-11-04 09:27:00-05:00,True,2025-11-04 12:20:00-05:00,69.0,45.75,1.1812865497076024,True,,
2025-11-04,2025-11-05,1,5,bullish,1,25722.0,25735.0,HIT_9AM,25893.75,25545.0,26.75,98.75,False,2025-11-04 11:51:00-05:00,True,2025-11-04 12:17:00-05:00,40.0,53.0,0.7179802955665024,True,,
2025-11-04,2025-11-10,6,5,bullish,1,25722.0,25735.0,HIT_9AM,25893.75,25545.0,26.75,98.75,False,2025-11-04 11:51:00-05:00,True,2025-11-04 12:19:00-05:00,78.5,33.0,0.8275229357798165,True,,
2025-11-04,2025-11-11,7,5,bullish,1,25722.0,25735.0,PIERCED_9AM,25893.75,25545.0,26.75,98.75,False,2025-11-04 11:51:00-05:00,True,2025-11-04 12:20:00-05:00,69.0,45.75,1.1812865497076024,True,,
2025-11-04,2025-11-05,1,5,bullish,1,25785.0,25848.0,HIT_9AM,25893.75,25545.0,50.25,79.75,True,2025-11-04 10:08:00-05:00,True,2025-11-04 12:17:00-05:00,40.0,53.0,0.7179802955665024,True,,
2025-11-04,2025-11-10,6,5,bullish,1,25785.0,25848.0,HIT_9AM,25893.75,25545.0,50.25,79.75,True,2025-11-04 10:08:00-05:00,True,2025-11-04 12:19:00-05:00,78.5,33.0,0.8275229357798165,True,,
2025-11-04,2025-11-11,7,5,bullish,1,25785.0,25848.0,PIERCED_9AM,25893.75,25545.0,50.25,79.75,True,2025-11-04 10:08:00-05:00,True,2025-11-04 12:20:00-05:00,69.0,45.75,1.1812865497076024,True,,
2025-11-04,2025-11-05,1,5,bullish,1,25855.75,25863.75,HIT_9AM,25893.75,25545.0,38.0,92.0,True,2025-11-04 10:06:00-05:00,True,2025-11-04 12:17:00-05:00,40.0,53.0,0.7179802955665024,True,,
2025-11-04,2025-11-10,6,5,bullish,1,25855.75,25863.75,HIT_9AM,25893.75,25545.0,38.0,92.0,True,2025-11-04 10:06:00-05:00,True,2025-11-04 12:19:00-05:00,78.5,33.0,0.8275229357798165,True,,
2025-11-04,2025-11-11,7,5,bullish,1,25855.75,25863.75,PIERCED_9AM,25893.75,25545.0,38.0,92.0,True,2025-11-04 10:06:00-05:00,True,2025-11-04 12:20:00-05:00,69.0,45.75,1.1812865497076024,True,,
2025-11-06,2025-11-12,6,5,bearish,-1,25513.5,25553.5,HELD_AT_FVG,,,219.0,34.5,True,2025-11-06 10:20:00-05:00,False,,,,,False,25197.25,25544.0
2025-11-07,2025-11-12,5,5,bearish,-1,25102.75,25109.5,BROKE_FVG_HELD_9AM,,,242.0,0.5,True,2025-11-07 09:10:00-05:00,False,,,,,False,24709.0,25173.0
2025-11-07,2025-11-13,6,5,bearish,-1,25102.75,25109.5,BROKE_FVG_HELD_9AM,,,242.0,0.5,True,2025-11-07 09:10:00-05:00,False,,,,,False,24709.0,25173.0
2025-11-07,2025-11-12,5,5,bearish,-1,25088.25,25095.5,BROKE_FVG_HELD_9AM,,,209.0,29.25,True,2025-11-07 09:25:00-05:00,False,,,,,False,24709.0,25173.0
2025-11-07,2025-11-13,6,5,bearish,-1,25088.25,25095.5,BROKE_FVG_HELD_9AM,,,209.0,29.25,True,2025-11-07 09:25:00-05:00,False,,,,,False,24709.0,25173.0
2025-11-07,2025-11-12,5,5,bearish,-1,25061.25,25075.5,BROKE_FVG_HELD_9AM,,,44.0,59.25,True,2025-11-07 14:40:00-05:00,False,,,,,False,24709.0,25173.0
2025-11-07,2025-11-13,6,5,bearish,-1,25061.25,25075.5,BROKE_FVG_HELD_9AM,,,44.0,59.25,True,2025-11-07 14:40:00-05:00,False,,,,,False,24709.0,25173.0
2025-11-07,2025-11-12,5,5,bearish,-1,24995.0,25045.25,BROKE_FVG_HELD_9AM,,,99.75,102.5,True,2025-11-07 09:46:00-05:00,False,,,,,False,24709.0,25173.0
2025-11-07,2025-11-13,6,5,bearish,-1,24995.0,25045.25,BROKE_FVG_HELD_9AM,,,99.75,102.5,True,2025-11-07 09:46:00-05:00,False,,,,,False,24709.0,25173.0
2025-11-10,2025-11-14,4,5,bullish,1,25557.25,25569.0,BROKE_FVG_HELD_9AM,25760.0,25452.25,29.0,99.5,False,2025-11-10 10:51:00-05:00,False,,,,,False,,
2025-11-10,2025-11-17,7,5,bullish,1,25557.25,25569.0,BROKE_FVG_HELD_9AM,25760.0,25452.25,29.0,99.5,False,2025-11-10 10:51:00-05:00,False,,,,,False,,
2025-11-10,2025-11-14,4,5,bullish,1,25591.75,25608.75,BROKE_FVG_HELD_9AM,25760.0,25452.25,69.25,23.25,True,2025-11-10 09:50:00-05:00,False,,,,,False,,
2025-11-10,2025-11-17,7,5,bullish,1,25591.75,25608.75,BROKE_FVG_HELD_9AM,25760.0,25452.25,69.25,23.25,True,2025-11-10 09:50:00-05:00,False,,,,,False,,
2025-11-10,2025-11-14,4,5,bullish,1,25619.25,25620.75,BROKE_FVG_HELD_9AM,25760.0,25452.25,41.5,153.5,True,2025-11-10 10:14:00-05:00,False,,,,,False,,
2025-11-10,2025-11-17,7,5,bullish,1,25619.25,25620.75,BROKE_FVG_HELD_9AM,25760.0,25452.25,41.5,153.5,True,2025-11-10 10:14:00-05:00,False,,,,,False,,
2025-11-11,2025-11-14,3,5,bullish,1,25607.25,25615.75,BROKE_FVG_HELD_9AM,25695.75,25478.5,29.25,83.75,False,2025-11-11 09:25:00-05:00,False,,,,,False,,
2025-11-11,2025-11-17,6,5,bullish,1,25607.25,25615.75,BROKE_FVG_HELD_9AM,25695.75,25478.5,29.25,83.75,False,2025-11-11 09:25:00-05:00,False,,,,,False,,
2025-11-11,2025-11-14,3,5,bullish,1,25587.25,25593.75,BROKE_FVG_HELD_9AM,25695.75,25478.5,21.5,98.75,False,2025-11-11 10:05:00-05:00,False,,,,,False,,
2025-11-11,2025-11-17,6,5,bullish,1,25587.25,25593.75,BROKE_FVG_HELD_9AM,25695.75,25478.5,21.5,98.75,False,2025-11-11 10:05:00-05:00,False,,,,,False,,
2025-11-13,2025-11-14,1,5,bullish,1,25343.75,25350.0,BROKE_FVG_HELD_9AM,25497.0,25002.0,155.5,144.5,True,2025-11-13 10:02:00-05:00,False,,,,,False,,
2025-11-13,2025-11-17,4,5,bullish,1,25343.75,25350.0,HIT_9AM,25497.0,25002.0,155.5,144.5,True,2025-11-13 10:02:00-05:00,True,2025-11-13 10:46:00-05:00,23.5,99.25,0.843906510851419,False,,
2025-11-13,2025-11-19,6,5,bullish,1,25343.75,25350.0,BROKE_FVG_HELD_9AM,25497.0,25002.0,155.5,144.5,True,2025-11-13 10:02:00-05:00,False,,,,,False,,
2025-11-13,2025-11-20,7,5,bullish,1,25343.75,25350.0,PIERCED_9AM,25497.0,25002.0,155.5,144.5,True,2025-11-13 10:02:00-05:00,True,2025-11-13 10:37:00-05:00,41.75,113.25,1.5,True,,
2025-11-14,2025-11-19,5,5,bullish,1,24916.5,24923.5,HIT_9AM,25293.5,24862.5,247.75,68.25,True,2025-11-14 10:00:00-05:00,True,2025-11-14 10:04:00-05:00,266.75,49.25,0.11863117870722434,True,,
2025-11-17,2025-11-19,2,5,bullish,1,25033.25,25081.75,HIT_9AM,25254.75,24732.0,72.75,92.25,True,2025-11-17 10:08:00-05:00,True,2025-11-17 13:58:00-05:00,19.5,135.75,0.5155893536121673,False,,
2025-11-17,2025-11-24,7,5,bullish,1,25033.25,25081.75,BROKE_FVG_HELD_9AM,25254.75,24732.0,72.75,92.25,True,2025-11-17 10:08:00-05:00,False,,,,,False,,
2025-11-17,2025-11-19,2,5,bullish,1,25098.5,25142.0,HIT_9AM,25254.75,24732.0,46.0,113.5,True,2025-11-17 10:03:00-05:00,True,2025-11-17 13:58:00-05:00,19.5,135.75,0.5155893536121673,False,,
2025-11-17,2025-11-24,7,5,bullish,1,25098.5,25142.0,BROKE_FVG_HELD_9AM,25254.75,24732.0,46.0,113.5,True,2025-11-17 10:03:00-05:00,False,,,,,False,,
2025-11-17,2025-11-19,2,5,bullish,1,25199.25,25214.5,HIT_9AM,25254.75,24732.0,16.25,170.5,False,2025-11-17 09:56:00-05:00,True,2025-11-17 13:58:00-05:00,19.5,135.75,0.5155893536121673,False,,
2025-11-17,2025-11-24,7,5,bullish,1,25199.25,25214.5,BROKE_FVG_HELD_9AM,25254.75,24732.0,16.25,170.5,False,2025-11-17 09:56:00-05:00,False,,,,,False,,
2025-11-18,2025-11-25,7,5,bearish,-1,24556.5,24568.0,HIT_9AM,,,169.75,60.5,True,2025-11-18 10:08:00-05:00,True,2025-11-18 10:23:00-05:00,213.5,16.75,0.7162510748065348,True,24380.0,24810.25
2025-11-19,2025-11-26,7,5,bearish,-1,24642.25,24656.0,BROKE_FVG_HELD_9AM,,,61.0,354.25,True,2025-11-19 09:21:00-05:00,False,,,,,False,24508.0,24988.0
2025-11-19,2025-11-24,5,5,bullish,1,24779.5,24826.75,HIT_9AM,24988.0,24508.0,27.25,179.0,False,2025-11-19 10:52:00-05:00,True,2025-11-19 11:06:00-05:00,31.25,125.25,0.9417582417582417,True,,
2025-11-19,2025-11-24,5,5,bullish,1,24845.0,24880.25,HIT_9AM,24988.0,24508.0,12.75,236.5,False,2025-11-19 10:47:00-05:00,True,2025-11-19 11:06:00-05:00,31.25,125.25,0.9417582417582417,True,,
2025-11-20,2025-11-27,7,5,bearish,-1,25218.25,25222.5,HIT_9AM,,,72.25,83.0,True,2025-11-20 09:17:00-05:00,True,2025-11-20 09:56:00-05:00,131.75,22.25,0.7419354838709677,True,24099.5,25310.0
2025-11-21,2025-11-25,4,5,bearish,-1,24217.25,24239.5,BROKE_FVG_HELD_9AM,,,227.75,49.5,True,2025-11-21 09:30:00-05:00,False,,,,,False,23927.25,24596.5
2025-11-21,2025-11-26,5,5,bearish,-1,24217.25,24239.5,BROKE_FVG_HELD_9AM,,,227.75,49.5,True,2025-11-21 09:30:00-05:00,False,,,,,False,23927.25,24596.5
2025-11-21,2025-11-27,6,5,bearish,-1,24217.25,24239.5,BROKE_FVG_HELD_9AM,,,227.75,49.5,True,2025-11-21 09:30:00-05:00,False,,,,,False,23927.25,24596.5
2025-11-21,2025-11-28,7,5,bearish,-1,24217.25,24239.5,BROKE_FVG_HELD_9AM,,,227.75,49.5,True,2025-11-21 09:30:00-05:00,False,,,,,False,23927.25,24596.5
2025-11-24,2025-11-25,1,5,bearish,-1,24535.75,24543.0,PIERCED_9AM,,,31.25,224.75,True,2025-11-24 09:30:00-05:00,True,2025-11-24 09:32:00-05:00,57.0,133.25,1.345657781599312,True,24513.5,24993.25
2025-11-24,2025-11-26,2,5,bearish,-1,24535.75,24543.0,BROKE_FVG_HELD_9AM,,,31.25,224.75,True,2025-11-24 09:30:00-05:00,False,,,,,False,24513.5,24993.25
2025-11-24,2025-11-27,3,5,bearish,-1,24535.75,24543.0,BROKE_FVG_HELD_9AM,,,31.25,224.75,True,2025-11-24 09:30:00-05:00,False,,,,,False,24513.5,24993.25
2025-11-24,2025-11-28,4,5,bearish,-1,24535.75,24543.0,BROKE_FVG_HELD_9AM,,,31.25,224.75,True,2025-11-24 09:30:00-05:00,False,,,,,False,24513.5,24993.25
2025-11-25,2025-11-26,1,5,bearish,-1,24870.25,24876.75,BROKE_FVG_HELD_9AM,,,264.0,16.0,True,2025-11-25 09:14:00-05:00,False,,,,,False,24602.0,25135.75
2025-11-25,2025-11-27,2,5,bearish,-1,24870.25,24876.75,BROKE_FVG_HELD_9AM,,,264.0,16.0,True,2025-11-25 09:14:00-05:00,False,,,,,False,24602.0,25135.75
2025-11-25,2025-11-28,3,5,bearish,-1,24870.25,24876.75,BROKE_FVG_HELD_9AM,,,264.0,16.0,True,2025-11-25 09:14:00-05:00,False,,,,,False,24602.0,25135.75
2025-11-25,2025-11-26,1,5,bearish,-1,24729.25,24835.5,BROKE_FVG_HELD_9AM,,,65.0,154.5,True,2025-11-25 09:52:00-05:00,False,,,,,False,24602.0,25135.75
2025-11-25,2025-11-27,2,5,bearish,-1,24729.25,24835.5,BROKE_FVG_HELD_9AM,,,65.0,154.5,True,2025-11-25 09:52:00-05:00,False,,,,,False,24602.0,25135.75
2025-11-25,2025-11-28,3,5,bearish,-1,24729.25,24835.5,BROKE_FVG_HELD_9AM,,,65.0,154.5,True,2025-11-25 09:52:00-05:00,False,,,,,False,24602.0,25135.75
2025-11-26,2025-11-27,1,5,bearish,-1,25191.75,25200.5,PIERCED_9AM,,,61.75,85.0,True,2025-11-26 09:11:00-05:00,True,2025-11-26 11:02:00-05:00,18.0,94.0,1.5,False,25134.75,25375.5
2025-11-26,2025-11-28,2,5,bearish,-1,25191.75,25200.5,HIT_9AM,,,61.75,85.0,True,2025-11-26 09:11:00-05:00,True,2025-11-26 11:22:00-05:00,18.5,50.75,0.5,False,25134.75,25375.5
2025-11-26,2025-12-03,7,5,bearish,-1,25191.75,25200.5,BROKE_FVG_HELD_9AM,,,61.75,85.0,True,2025-11-26 09:11:00-05:00,False,,,,,False,25134.75,25375.5
2025-11-26,2025-11-27,1,5,bearish,-1,25232.25,25232.75,PIERCED_9AM,,,37.25,113.0,True,2025-11-26 10:35:00-05:00,True,2025-11-26 11:02:00-05:00,18.0,94.0,1.5,False,25134.75,25375.5
2025-11-26,2025-11-28,2,5,bearish,-1,25232.25,25232.75,HIT_9AM,,,37.25,113.0,True,2025-11-26 10:35:00-05:00,True,2025-11-26 11:22:00-05:00,18.5,50.75,0.5,False,25134.75,25375.5
2025-11-26,2025-12-03,7,5,bearish,-1,25232.25,25232.75,BROKE_FVG_HELD_9AM,,,37.25,113.0,True,2025-11-26 10:35:00-05:00,False,,,,,False,25134.75,25375.5
2025-11-26,2025-11-27,1,5,bearish,-1,25200.0,25222.25,PIERCED_9AM,,,71.0,92.75,True,2025-11-26 10:08:00-05:00,True,2025-11-26 11:02:00-05:00,18.0,94.0,1.5,False,25142.25,25375.5
2025-11-26,2025-11-28,2,5,bearish,-1,25200.0,25222.25,HIT_9AM,,,71.0,92.75,True,2025-11-26 10:08:00-05:00,True,2025-11-26 11:22:00-05:00,18.5,50.75,0.5,False,25142.25,25375.5
2025-11-26,2025-12-03,7,5,bearish,-1,25200.0,25222.25,BROKE_FVG_HELD_9AM,,,71.0,92.75,True,2025-11-26 10:08:00-05:00,False,,,,,False,25142.25,25375.5
2025-12-01,2025-12-03,2,5,bearish,-1,25264.5,25266.0,HIT_9AM,,,72.25,108.5,True,2025-12-01 09:30:00-05:00,True,2025-12-01 11:42:00-05:00,18.5,50.5,0.32292787944025836,False,25209.0,25495.75
2025-12-01,2025-12-04,3,5,bearish,-1,25264.5,25266.0,BROKE_FVG_HELD_9AM,,,72.25,108.5,True,2025-12-01 09:30:00-05:00,False,,,,,False,25209.0,25495.75
2025-12-01,2025-12-08,7,5,bearish,-1,25264.5,25266.0,BROKE_FVG_HELD_9AM,,,72.25,108.5,True,2025-12-01 09:30:00-05:00,False,,,,,False,25209.0,25495.75
2025-12-03,2025-12-08,5,5,bearish,-1,25535.25,25646.25,BROKE_FVG_HELD_9AM,,,87.0,61.5,True,2025-12-03 09:33:00-05:00,False,,,,,False,25420.75,25685.75
2025-12-03,2025-12-04,1,5,bearish,-1,25474.0,25512.5,HIT_9AM,,,36.5,107.75,True,2025-12-03 09:18:00-05:00,True,2025-12-03 10:02:00-05:00,54.0,53.25,0.7571428571428571,True,25423.0,25685.75
2025-12-03,2025-12-08,5,5,bearish,-1,25474.0,25512.5,BROKE_FVG_HELD_9AM,,,36.5,107.75,True,2025-12-03 09:18:00-05:00,False,,,,,False,25423.0,25685.75
2025-12-03,2025-12-10,7,5,bearish,-1,25474.0,25512.5,PIERCED_9AM,,,36.5,107.75,True,2025-12-03 09:18:00-05:00,True,2025-12-03 10:03:00-05:00,68.0,39.25,1.0237068965517242,True,25423.0,25685.75
2025-12-04,2025-12-09,5,5,bullish,1,25684.5,25706.25,PIERCED_9AM,25729.0,25487.0,13.5,167.75,False,2025-12-04 09:16:00-05:00,True,2025-12-04 09:31:00-05:00,30.75,128.0,1.5,True,,
2025-12-04,2025-12-08,4,5,bearish,-1,25637.0,25689.25,HELD_AT_FVG,,,117.0,5.75,True,2025-12-04 09:40:00-05:00,False,,,,,False,25487.0,25654.25
2025-12-05,2025-12-09,4,5,bullish,1,25656.5,25676.5,HIT_9AM,25867.75,25651.0,172.25,35.0,True,2025-12-05 09:41:00-05:00,True,2025-12-05 11:32:00-05:00,84.5,26.0,0.024128686327077747,True,,
2025-12-05,2025-12-09,4,5,bullish,1,25684.25,25730.0,HIT_9AM,25867.75,25651.0,160.0,47.25,True,2025-12-05 09:40:00-05:00,True,2025-12-05 11:32:00-05:00,84.5,26.0,0.024128686327077747,True,,
2025-12-05,2025-12-09,4,5,bullish,1,25753.5,25766.5,HIT_9AM,25867.75,25651.0,26.75,113.75,False,2025-12-05 10:52:00-05:00,True,2025-12-05 11:32:00-05:00,84.5,26.0,0.024128686327077747,True,,
2025-12-08,2025-12-09,1,5,bullish,1,25814.5,25816.5,HIT_9AM,25860.75,25563.75,44.25,94.5,True,2025-12-08 09:10:00-05:00,True,2025-12-08 10:56:00-05:00,25.5,36.75,0.9597855227882037,False,,
2025-12-11,2025-12-16,5,5,bullish,1,25654.5,25662.5,BROKE_FVG_HELD_9AM,25723.0,25390.25,5.25,272.0,False,2025-12-11 09:24:00-05:00,False,,,,,False,,
2025-12-11,2025-12-18,7,5,bullish,1,25654.5,25662.5,BROKE_FVG_HELD_9AM,25723.0,25390.25,5.25,272.0,False,2025-12-11 09:24:00-05:00,False,,,,,False,,
2025-12-11,2025-12-12,1,5,bearish,-1,25463.0,25483.5,PIERCED_9AM,,,10.5,174.75,False,2025-12-11 10:04:00-05:00,True,2025-12-11 10:07:00-05:00,52.75,120.75,1.5,True,25390.25,25723.0
2025-12-12,2025-12-22,10,5,bearish,-1,25605.0,25608.75,BROKE_FVG_HELD_9AM,,,209.75,11.5,True,2025-12-12 09:21:00-05:00,False,,,,,False,25117.75,25620.5
2025-12-12,2025-12-22,10,5,bearish,-1,25587.5,25592.25,BROKE_FVG_HELD_9AM,,,296.5,28.75,True,2025-12-12 09:36:00-05:00,False,,,,,False,25117.75,25620.5
2025-12-15,2025-12-22,7,5,bearish,-1,25369.0,25371.75,NO_RETRACE,,,,,,,,,,,,,25034.5,
2025-12-15,2025-12-22,7,5,bearish,-1,25229.25,25237.75,BROKE_FVG_HELD_9AM,,,194.25,7.25,True,2025-12-15 10:05:00-05:00,False,,,,,False,25034.5,25266.75
2025-12-17,2025-12-22,5,5,bearish,-1,25202.0,25219.75,HELD_AT_FVG,,,190.25,8.5,True,2025-12-17 09:20:00-05:00,False,,,,,False,24658.75,25209.25
2025-12-17,2025-12-24,7,5,bearish,-1,25202.0,25219.75,HELD_AT_FVG,,,190.25,8.5,True,2025-12-17 09:20:00-05:00,False,,,,,False,24658.75,25209.25
2025-12-17,2025-12-26,9,5,bearish,-1,25202.0,25219.75,HELD_AT_FVG,,,190.25,8.5,True,2025-12-17 09:20:00-05:00,False,,,,,False,24658.75,25209.25
2025-12-17,2025-12-22,5,5,bearish,-1,25165.75,25175.0,NO_RETRACE,,,,,,,,,,,,,24658.75,
2025-12-17,2025-12-24,7,5,bearish,-1,25165.75,25175.0,NO_RETRACE,,,,,,,,,,,,,24658.75,
2025-12-17,2025-12-26,9,5,bearish,-1,25165.75,25175.0,NO_RETRACE,,,,,,,,,,,,,24658.75,
2025-12-17,2025-12-22,5,5,bearish,-1,25114.5,25152.5,HELD_AT_FVG,,,297.25,11.75,True,2025-12-17 09:58:00-05:00,False,,,,,False,24658.75,25115.0
2025-12-17,2025-12-24,7,5,bearish,-1,25114.5,25152.5,HELD_AT_FVG,,,297.25,11.75,True,2025-12-17 09:58:00-05:00,False,,,,,False,24658.75,25115.0
2025-12-17,2025-12-26,9,5,bearish,-1,25114.5,25152.5,HELD_AT_FVG,,,297.25,11.75,True,2025-12-17 09:58:00-05:00,False,,,,,False,24658.75,25115.0
2025-12-18,2025-12-22,4,5,bearish,-1,24994.0,25025.25,BROKE_FVG_HELD_9AM,,,68.75,174.75,True,2025-12-18 09:46:00-05:00,False,,,,,False,24928.25,25178.25
2025-12-18,2025-12-24,6,5,bearish,-1,24994.0,25025.25,BROKE_FVG_HELD_9AM,,,68.75,174.75,True,2025-12-18 09:46:00-05:00,False,,,,,False,24928.25,25178.25
2025-12-18,2025-12-26,8,5,bearish,-1,24994.0,25025.25,BROKE_FVG_HELD_9AM,,,68.75,174.75,True,2025-12-18 09:46:00-05:00,False,,,,,False,24928.25,25178.25
2025-12-22,2025-12-23,1,5,bullish,1,25754.5,25758.75,HIT_9AM,25795.0,25629.5,35.5,88.5,True,2025-12-22 09:15:00-05:00,True,2025-12-22 09:33:00-05:00,40.0,61.0,0.8558875219683656,True,,
2025-12-22,2025-12-24,2,5,bearish,-1,25727.25,25766.0,HELD_AT_FVG,,,96.0,33.0,True,2025-12-22 09:48:00-05:00,False,,,,,False,25629.5,25758.5
2025-12-22,2025-12-26,4,5,bearish,-1,25727.25,25766.0,HELD_AT_FVG,,,96.0,33.0,True,2025-12-22 09:48:00-05:00,False,,,,,False,25629.5,25758.5
2025-12-23,2025-12-24,1,5,bearish,-1,25707.75,25720.75,HIT_9AM,,,12.5,42.75,False,2025-12-23 10:40:00-05:00,True,2025-12-23 14:02:00-05:00,1.75,24.0,0.8415300546448088,False,25627.25,25820.25
2025-12-23,2025-12-26,3,5,bearish,-1,25707.75,25720.75,BROKE_FVG_HELD_9AM,,,12.5,42.75,False,2025-12-23 10:40:00-05:00,False,,,,,False,25627.25,25820.25
2025-12-23,2025-12-24,1,5,bearish,-1,25696.0,25700.0,HIT_9AM,,,6.0,62.75,False,2025-12-23 10:36:00-05:00,True,2025-12-23 14:02:00-05:00,1.75,24.0,0.8415300546448088,False,25630.0,25820.25
2025-12-23,2025-12-26,3,5,bearish,-1,25696.0,25700.0,BROKE_FVG_HELD_9AM,,,6.0,62.75,False,2025-12-23 10:36:00-05:00,False,,,,,False,25630.0,25820.25
2025-12-24,2025-12-26,2,5,bearish,-1,25816.0,25817.5,HIT_9AM,,,22.25,37.0,False,2025-12-24 09:30:00-05:00,True,2025-12-24 11:33:00-05:00,8.25,23.25,0.39361702127659576,False,25781.75,25892.25
2025-12-26,2025-12-29,3,5,bullish,1,25897.25,25902.25,BROKE_FVG_HELD_9AM,25935.0,25834.25,31.5,69.25,True,2025-12-26 09:24:00-05:00,False,,,,,False,,
2025-12-26,2025-12-30,4,5,bullish,1,25897.25,25902.25,BROKE_FVG_HELD_9AM,25935.0,25834.25,31.5,69.25,True,2025-12-26 09:24:00-05:00,False,,,,,False,,
2025-12-26,2026-01-02,7,5,bullish,1,25897.25,25902.25,BROKE_FVG_HELD_9AM,25935.0,25834.25,31.5,69.25,True,2025-12-26 09:24:00-05:00,False,,,,,False,,
2025-12-26,2026-01-05,10,5,bullish,1,25897.25,25902.25,BROKE_FVG_HELD_9AM,25935.0,25834.25,31.5,69.25,True,2025-12-26 09:24:00-05:00,False,,,,,False,,
2025-12-29,2026-01-05,7,5,bullish,1,25712.75,25718.0,HIT_9AM,25806.75,25647.75,57.0,54.75,True,2025-12-29 09:51:00-05:00,True,2025-12-29 10:10:00-05:00,83.25,28.5,0.18923933209647495,True,,
2025-12-29,2026-01-05,7,5,bullish,1,25726.75,25779.5,HIT_9AM,25793.5,25647.75,45.0,87.0,True,2025-12-29 09:45:00-05:00,True,2025-12-29 10:10:00-05:00,83.25,28.5,0.18923933209647495,True,,
2025-12-30,2026-01-05,6,5,bullish,1,25706.0,25725.75,HIT_9AM,25794.0,25668.25,33.5,54.0,True,2025-12-30 10:07:00-05:00,True,2025-12-30 15:59:00-05:00,13.75,9.75,0.03710575139146568,False,,
2025-12-30,2026-01-05,6,5,bullish,1,25738.0,25742.5,HIT_9AM,25794.0,25668.25,19.0,64.25,False,2025-12-30 10:00:00-05:00,True,2025-12-30 15:59:00-05:00,13.75,9.75,0.03710575139146568,False,,
2026-01-02,2026-01-05,3,5,bullish,1,25696.75,25730.5,PIERCED_9AM,25780.0,25265.25,40.5,353.0,True,2026-01-02 09:57:00-05:00,True,2026-01-02 10:11:00-05:00,32.75,340.5,1.5,True,,
2026-01-05,2026-01-09,4,5,bearish,-1,25607.0,25617.0,HIT_9AM,,,37.25,94.0,True,2026-01-05 09:43:00-05:00,True,2026-01-05 10:09:00-05:00,23.0,46.75,0.3385269121813031,False,25538.5,25708.0
2026-01-06,2026-01-09,3,5,bearish,-1,25612.0,25612.75,PIERCED_9AM,,,8.5,159.25,False,2026-01-06 09:11:00-05:00,True,2026-01-06 09:30:00-05:00,61.25,108.75,1.0736543909348442,True,25598.75,25837.75
2026-01-06,2026-01-13,7,5,bearish,-1,25612.0,25612.75,BROKE_FVG_HELD_9AM,,,8.5,159.25,False,2026-01-06 09:11:00-05:00,False,,,,,False,25598.75,25837.75
2026-01-07,2026-01-13,6,5,bearish,-1,25776.5,25783.0,HIT_9AM,,,12.5,104.5,False,2026-01-07 09:15:00-05:00,True,2026-01-07 11:43:00-05:00,17.5,57.5,0.5991091314031181,False,25763.0,25998.0
2026-01-08,2026-01-13,5,5,bearish,-1,25791.25,25793.0,BROKE_FVG_HELD_9AM,,,210.5,22.75,True,2026-01-08 09:28:00-05:00,False,,,,,False,25569.5,25802.75
2026-01-08,2026-01-15,7,5,bearish,-1,25791.25,25793.0,BROKE_FVG_HELD_9AM,,,210.5,22.75,True,2026-01-08 09:28:00-05:00,False,,,,,False,25569.5,25802.75
2026-01-08,2026-01-13,5,5,bearish,-1,25729.75,25774.0,NO_RETRACE,,,,,,,,,,,,,25569.5,
2026-01-08,2026-01-15,7,5,bearish,-1,25729.75,25774.0,NO_RETRACE,,,,,,,,,,,,,25569.5,
2026-01-08,2026-01-13,5,5,bearish,-1,25676.25,25676.5,BROKE_FVG_HELD_9AM,,,61.75,41.75,True,2026-01-08 10:08:00-05:00,False,,,,,False,25569.5,25713.5
2026-01-08,2026-01-15,7,5,bearish,-1,25676.25,25676.5,BROKE_FVG_HELD_9AM,,,61.75,41.75,True,2026-01-08 10:08:00-05:00,False,,,,,False,25569.5,25713.5
2026-01-08,2026-01-09,1,5,bearish,-1,25615.0,25618.5,HIT_9AM,,,36.0,75.75,True,2026-01-08 10:05:00-05:00,True,2026-01-08 10:06:00-05:00,19.75,83.75,0.3696883852691218,False,25583.75,25713.5
2026-01-08,2026-01-13,5,5,bearish,-1,25615.0,25618.5,BROKE_FVG_HELD_9AM,,,36.0,75.75,True,2026-01-08 10:05:00-05:00,False,,,,,False,25583.75,25713.5
2026-01-08,2026-01-15,7,5,bearish,-1,25615.0,25618.5,BROKE_FVG_HELD_9AM,,,36.0,75.75,True,2026-01-08 10:05:00-05:00,False,,,,,False,25583.75,25713.5
2026-01-09,2026-01-13,4,5,bearish,-1,25803.25,25803.5,HIT_9AM,,,43.5,97.0,True,2026-01-09 10:22:00-05:00,True,2026-01-09 12:51:00-05:00,49.0,28.75,0.4922048997772829,True,25615.75,25986.0
2026-01-09,2026-01-15,6,5,bearish,-1,25803.25,25803.5,PIERCED_9AM,,,43.5,97.0,True,2026-01-09 10:22:00-05:00,True,2026-01-09 10:27:00-05:00,78.0,62.5,1.2847533632286996,True,25615.75,25986.0
2026-01-09,2026-01-13,4,5,bearish,-1,25773.5,25792.5,HIT_9AM,,,149.5,113.75,True,2026-01-09 09:38:00-05:00,True,2026-01-09 12:51:00-05:00,49.0,28.75,0.4922048997772829,True,25615.75,25986.0
2026-01-09,2026-01-15,6,5,bearish,-1,25773.5,25792.5,PIERCED_9AM,,,149.5,113.75,True,2026-01-09 09:38:00-05:00,True,2026-01-09 10:27:00-05:00,78.0,62.5,1.2847533632286996,True,25615.75,25986.0
2026-01-09,2026-01-13,4,5,bearish,-1,25736.5,25752.75,HIT_9AM,,,145.75,117.5,True,2026-01-09 09:37:00-05:00,True,2026-01-09 12:51:00-05:00,49.0,28.75,0.4922048997772829,True,25615.75,25986.0
2026-01-09,2026-01-15,6,5,bearish,-1,25736.5,25752.75,PIERCED_9AM,,,145.75,117.5,True,2026-01-09 09:37:00-05:00,True,2026-01-09 10:27:00-05:00,78.0,62.5,1.2847533632286996,True,25615.75,25986.0
2026-01-14,2026-01-15,1,5,bearish,-1,25674.25,25688.25,BROKE_FVG_HELD_9AM,,,204.5,21.0,True,2026-01-14 10:14:00-05:00,False,,,,,False,25421.25,25695.0
2026-01-14,2026-01-16,2,5,bearish,-1,25674.25,25688.25,BROKE_FVG_HELD_9AM,,,204.5,21.0,True,2026-01-14 10:14:00-05:00,False,,,,,False,25421.25,25695.0
2026-01-14,2026-01-15,1,5,bearish,-1,25589.5,25610.0,BROKE_FVG_HELD_9AM,,,115.0,110.5,True,2026-01-14 10:06:00-05:00,False,,,,,False,25421.25,25695.0
2026-01-14,2026-01-16,2,5,bearish,-1,25589.5,25610.0,BROKE_FVG_HELD_9AM,,,115.0,110.5,True,2026-01-14 10:06:00-05:00,False,,,,,False,25421.25,25695.0
2026-01-15,2026-01-20,5,5,bullish,1,25902.0,25906.0,BROKE_FVG_HELD_9AM,25954.25,25680.75,49.0,68.0,True,2026-01-15 09:11:00-05:00,False,,,,,False,,
2026-01-15,2026-01-21,6,5,bullish,1,25902.0,25906.0,BROKE_FVG_HELD_9AM,25954.25,25680.75,49.0,68.0,True,2026-01-15 09:11:00-05:00,False,,,,,False,,
2026-01-15,2026-01-20,5,5,bullish,1,25915.25,25922.5,BROKE_FVG_HELD_9AM,25954.25,25680.75,50.75,66.25,True,2026-01-15 09:30:00-05:00,False,,,,,False,,
2026-01-15,2026-01-21,6,5,bullish,1,25915.25,25922.5,BROKE_FVG_HELD_9AM,25954.25,25680.75,50.75,66.25,True,2026-01-15 09:30:00-05:00,False,,,,,False,,
2026-01-16,2026-01-20,4,5,bullish,1,25842.0,25842.25,BROKE_FVG_HELD_9AM,25891.25,25590.25,51.0,173.0,True,2026-01-16 09:25:00-05:00,False,,,,,False,,
2026-01-16,2026-01-21,5,5,bullish,1,25842.0,25842.25,BROKE_FVG_HELD_9AM,25891.25,25590.25,51.0,173.0,True,2026-01-16 09:25:00-05:00,False,,,,,False,,
2026-01-16,2026-01-23,7,5,bullish,1,25842.0,25842.25,HIT_9AM,25891.25,25590.25,51.0,173.0,True,2026-01-16 09:25:00-05:00,True,2026-01-16 10:19:00-05:00,53.0,86.0,0.7142857142857143,True,,
2026-01-19,2026-01-22,3,5,bearish,-1,25299.5,25305.0,BROKE_FVG_HELD_9AM,,,17.5,38.5,False,2026-01-19 09:56:00-05:00,False,,,,,False,25236.25,25418.0
2026-01-19,2026-01-22,3,5,bearish,-1,25267.0,25281.5,BROKE_FVG_HELD_9AM,,,12.5,72.0,False,2026-01-19 09:50:00-05:00,False,,,,,False,25236.25,25418.0
2026-01-22,2026-01-28,6,5,bearish,-1,25716.0,25718.75,BROKE_FVG_HELD_9AM,,,187.25,16.5,True,2026-01-22 09:12:00-05:00,False,,,,,False,25534.75,25738.5
2026-01-22,2026-01-29,7,5,bearish,-1,25716.0,25718.75,BROKE_FVG_HELD_9AM,,,187.25,16.5,True,2026-01-22 09:12:00-05:00,False,,,,,False,25534.75,25738.5
2026-01-22,2026-01-28,6,5,bearish,-1,25694.5,25715.5,BROKE_FVG_HELD_9AM,,,41.0,24.75,True,2026-01-22 11:52:00-05:00,False,,,,,False,25534.75,25721.25
2026-01-22,2026-01-29,7,5,bearish,-1,25694.5,25715.5,BROKE_FVG_HELD_9AM,,,41.0,24.75,True,2026-01-22 11:52:00-05:00,False,,,,,False,25534.75,25721.25
2026-01-27,2026-01-28,1,5,bearish,-1,25972.0,25979.0,BROKE_FVG_HELD_9AM,,,23.0,124.0,False,2026-01-27 09:41:00-05:00,False,,,,,False,25928.5,26114.5
2026-01-27,2026-01-30,3,5,bullish,1,25990.5,26036.0,HELD_AT_FVG,26114.5,26022.0,73.75,2.75,True,2026-01-27 10:05:00-05:00,False,,,,,False,,
2026-01-27,2026-02-02,6,5,bullish,1,25990.5,26036.0,HELD_AT_FVG,26114.5,26022.0,73.75,2.75,True,2026-01-27 10:05:00-05:00,False,,,,,False,,
2026-02-02,2026-02-05,3,5,bullish,1,25539.25,25540.25,NO_RETRACE,25949.0,,,,,,,,,,,,,
2026-02-02,2026-02-06,4,5,bullish,1,25539.25,25540.25,NO_RETRACE,25949.0,,,,,,,,,,,,,
2026-02-02,2026-02-09,7,5,bullish,1,25539.25,25540.25,NO_RETRACE,25949.0,,,,,,,,,,,,,
2026-02-02,2026-02-05,3,5,bullish,1,25549.25,25619.0,NO_RETRACE,25949.0,,,,,,,,,,,,,
2026-02-02,2026-02-06,4,5,bullish,1,25549.25,25619.0,NO_RETRACE,25949.0,,,,,,,,,,,,,
2026-02-02,2026-02-09,7,5,bullish,1,25549.25,25619.0,NO_RETRACE,25949.0,,,,,,,,,,,,,
2026-02-02,2026-02-05,3,5,bullish,1,25668.75,25682.25,NO_RETRACE,25949.0,,,,,,,,,,,,,
2026-02-02,2026-02-06,4,5,bullish,1,25668.75,25682.25,NO_RETRACE,25949.0,,,,,,,,,,,,,
2026-02-02,2026-02-09,7,5,bullish,1,25668.75,25682.25,NO_RETRACE,25949.0,,,,,,,,,,,,,
2026-02-02,2026-02-05,3,5,bullish,1,25734.0,25743.5,BROKE_FVG_HELD_9AM,25949.0,25714.0,179.75,18.5,True,2026-02-02 09:58:00-05:00,False,,,,,False,,
2026-02-02,2026-02-06,4,5,bullish,1,25734.0,25743.5,BROKE_FVG_HELD_9AM,25949.0,25714.0,179.75,18.5,True,2026-02-02 09:58:00-05:00,False,,,,,False,,
2026-02-02,2026-02-09,7,5,bullish,1,25734.0,25743.5,BROKE_FVG_HELD_9AM,25949.0,25714.0,179.75,18.5,True,2026-02-02 09:58:00-05:00,False,,,,,False,,
2026-02-04,2026-02-05,1,5,bullish,1,25352.5,25355.75,HIT_9AM,25386.5,24784.0,76.75,202.0,True,2026-02-04 09:30:00-05:00,True,2026-02-04 11:46:00-05:00,93.75,165.0,0.5726978998384491,True,,
2026-02-04,2026-02-06,2,5,bullish,1,25352.5,25355.75,HIT_9AM,25386.5,24784.0,76.75,202.0,True,2026-02-04 09:30:00-05:00,True,2026-02-04 11:43:00-05:00,71.5,187.25,0.7054673721340388,True,,
2026-02-04,2026-02-09,5,5,bullish,1,25352.5,25355.75,PIERCED_9AM,25386.5,24784.0,76.75,202.0,True,2026-02-04 09:30:00-05:00,True,2026-02-04 09:59:00-05:00,106.25,91.75,1.5,True,,
2026-02-04,2026-02-11,7,5,bearish,-1,25197.0,25243.25,HIT_9AM,,,137.25,102.0,True,2026-02-04 10:07:00-05:00,True,2026-02-04 10:25:00-05:00,244.0,20.0,0.08974358974358974,True,24784.0,25305.75
2026-02-05,2026-02-11,6,5,bearish,-1,24779.5,24790.25,BROKE_FVG_HELD_9AM,,,220.0,190.5,True,2026-02-05 09:29:00-05:00,False,,,,,False,24537.0,24961.25
2026-02-05,2026-02-12,7,5,bearish,-1,24779.5,24790.25,BROKE_FVG_HELD_9AM,,,220.0,190.5,True,2026-02-05 09:29:00-05:00,False,,,,,False,24537.0,24961.25
2026-02-05,2026-02-11,6,5,bearish,-1,24762.0,24762.5,BROKE_FVG_HELD_9AM,,,190.25,220.25,True,2026-02-05 09:25:00-05:00,False,,,,,False,24537.0,24961.25
2026-02-05,2026-02-12,7,5,bearish,-1,24762.0,24762.5,BROKE_FVG_HELD_9AM,,,190.25,220.25,True,2026-02-05 09:25:00-05:00,False,,,,,False,24537.0,24961.25
2026-02-05,2026-02-11,6,5,bearish,-1,24805.5,24843.0,BROKE_FVG_HELD_9AM,,,71.75,70.0,True,2026-02-05 11:30:00-05:00,False,,,,,False,24537.0,24887.75
2026-02-05,2026-02-12,7,5,bearish,-1,24805.5,24843.0,BROKE_FVG_HELD_9AM,,,71.75,70.0,True,2026-02-05 11:30:00-05:00,False,,,,,False,24537.0,24887.75
2026-02-06,2026-02-11,5,5,bearish,-1,24863.75,24906.25,BROKE_FVG_HELD_9AM,,,104.25,152.5,True,2026-02-06 10:11:00-05:00,False,,,,,False,24742.0,25221.5
2026-02-06,2026-02-12,6,5,bearish,-1,24863.75,24906.25,HIT_9AM,,,104.25,152.5,True,2026-02-06 10:11:00-05:00,True,2026-02-06 15:50:00-05:00,99.5,32.0,0.1647196261682243,True,24742.0,25221.5
2026-02-16,2026-02-23,7,5,bearish,-1,24833.0,24844.0,NO_RETRACE,,,,,,,,,,,,,24670.5,
2026-02-16,2026-02-23,7,5,bearish,-1,24818.75,24825.25,NO_RETRACE,,,,,,,,,,,,,24670.5,
2026-02-16,2026-02-23,7,5,bearish,-1,24792.25,24816.25,HELD_AT_FVG,,,115.0,4.75,True,2026-02-16 10:05:00-05:00,False,,,,,False,24670.5,24797.5
2026-02-17,2026-02-23,6,5,bearish,-1,24711.5,24742.25,HIT_9AM,,,32.5,76.0,True,2026-02-17 11:08:00-05:00,True,2026-02-17 13:54:00-05:00,36.75,32.5,0.17534246575342466,True,24449.25,24889.5
2026-02-17,2026-02-23,6,5,bearish,-1,24678.5,24685.75,HIT_9AM,,,47.75,101.5,True,2026-02-17 11:05:00-05:00,True,2026-02-17 13:54:00-05:00,36.75,32.5,0.17534246575342466,True,24449.25,24889.5
2026-02-17,2026-02-24,7,5,bearish,-1,24678.5,24685.75,HIT_9AM,,,47.75,101.5,True,2026-02-17 11:05:00-05:00,True,2026-02-17 11:05:00-05:00,47.75,101.5,0.723404255319149,True,24449.25,24889.5
2026-02-17,2026-02-23,6,5,bearish,-1,24547.0,24621.0,HIT_9AM,,,110.0,107.75,True,2026-02-17 10:03:00-05:00,True,2026-02-17 13:54:00-05:00,36.75,32.5,0.17534246575342466,True,24449.25,24889.5
2026-02-17,2026-02-24,7,5,bearish,-1,24547.0,24621.0,HIT_9AM,,,110.0,107.75,True,2026-02-17 10:03:00-05:00,True,2026-02-17 11:05:00-05:00,47.75,101.5,0.723404255319149,True,24449.25,24889.5
2026-02-19,2026-02-23,4,5,bearish,-1,24843.25,24851.0,HIT_9AM,,,83.25,104.75,True,2026-02-19 09:12:00-05:00,True,2026-02-19 09:19:00-05:00,106.0,82.0,0.5712328767123288,True,24748.0,24961.75
2026-02-19,2026-02-26,7,5,bearish,-1,24843.25,24851.0,BROKE_FVG_HELD_9AM,,,83.25,104.75,True,2026-02-19 09:12:00-05:00,False,,,,,False,24748.0,24961.75
2026-02-20,2026-02-23,3,5,bearish,-1,24758.5,24760.0,PIERCED_9AM,,,40.25,301.75,True,2026-02-20 09:32:00-05:00,True,2026-02-20 09:36:00-05:00,43.75,214.5,1.5,True,24677.0,25139.75
2026-02-20,2026-02-26,6,5,bearish,-1,24758.5,24760.0,BROKE_FVG_HELD_9AM,,,40.25,301.75,True,2026-02-20 09:32:00-05:00,False,,,,,False,24677.0,25139.75
2026-02-20,2026-02-23,3,5,bearish,-1,24738.75,24755.5,PIERCED_9AM,,,22.5,341.5,False,2026-02-20 09:31:00-05:00,True,2026-02-20 09:36:00-05:00,43.75,214.5,1.5,True,24677.0,25139.75
2026-02-20,2026-02-26,6,5,bearish,-1,24738.75,24755.5,BROKE_FVG_HELD_9AM,,,22.5,341.5,False,2026-02-20 09:31:00-05:00,False,,,,,False,24677.0,25139.75
2026-02-20,2026-02-23,3,5,bearish,-1,24722.0,24728.0,PIERCED_9AM,,,53.25,352.0,True,2026-02-20 09:25:00-05:00,True,2026-02-20 09:36:00-05:00,43.75,214.5,1.5,True,24677.0,25139.75
2026-02-20,2026-02-26,6,5,bearish,-1,24722.0,24728.0,BROKE_FVG_HELD_9AM,,,53.25,352.0,True,2026-02-20 09:25:00-05:00,False,,,,,False,24677.0,25139.75
2026-02-23,2026-02-27,4,5,bullish,1,24956.25,24970.25,PIERCED_9AM,25028.75,24667.75,39.25,159.0,True,2026-02-23 09:36:00-05:00,True,2026-02-23 09:40:00-05:00,68.0,98.25,1.5,True,,
2026-02-23,2026-03-02,7,5,bullish,1,24956.25,24970.25,HIT_9AM,25028.75,24667.75,39.25,159.0,True,2026-02-23 09:36:00-05:00,True,2026-02-23 09:42:00-05:00,65.0,78.0,0.7872340425531915,True,,
2026-02-23,2026-02-26,3,5,bearish,-1,24923.75,24965.75,HELD_AT_FVG,,,129.75,22.75,True,2026-02-23 09:50:00-05:00,False,,,,,False,24667.75,24965.5
2026-02-24,2026-02-26,2,5,bearish,-1,24869.25,24875.75,BROKE_FVG_HELD_9AM,,,45.0,159.75,True,2026-02-24 09:41:00-05:00,False,,,,,False,24694.0,25080.75
2026-02-24,2026-02-26,2,5,bearish,-1,24854.5,24856.5,BROKE_FVG_HELD_9AM,,,45.0,159.75,True,2026-02-24 09:41:00-05:00,False,,,,,False,24694.0,25080.75
2026-02-24,2026-02-26,2,5,bearish,-1,24841.5,24844.75,BROKE_FVG_HELD_9AM,,,37.75,186.0,True,2026-02-24 09:40:00-05:00,False,,,,,False,24694.0,25080.75
2026-02-24,2026-02-26,2,5,bearish,-1,24825.75,24826.5,BROKE_FVG_HELD_9AM,,,37.75,186.0,True,2026-02-24 09:40:00-05:00,False,,,,,False,24694.0,25080.75
2026-02-24,2026-02-26,2,5,bearish,-1,24878.5,24901.25,BROKE_FVG_HELD_9AM,,,39.75,156.5,True,2026-02-24 10:06:00-05:00,False,,,,,False,24837.75,25080.75
2026-02-25,2026-02-26,1,5,bearish,-1,25153.25,25155.25,HIT_9AM,,,5.25,211.5,False,2026-02-25 09:25:00-05:00,True,2026-02-25 09:30:00-05:00,54.75,149.5,0.9907514450867052,True,25144.25,25396.75
2026-02-25,2026-02-27,2,5,bullish,1,25153.25,25156.75,NO_RETRACE,25396.75,,,,,,,,,,,,,
2026-02-25,2026-03-02,5,5,bullish,1,25153.25,25156.75,NO_RETRACE,25396.75,,,,,,,,,,,,,
2026-02-25,2026-03-04,7,5,bullish,1,25153.25,25156.75,NO_RETRACE,25396.75,,,,,,,,,,,,,
2026-02-25,2026-02-27,2,5,bullish,1,25164.75,25217.25,NO_RETRACE,25396.75,,,,,,,,,,,,,
2026-02-25,2026-03-02,5,5,bullish,1,25164.75,25217.25,NO_RETRACE,25396.75,,,,,,,,,,,,,
2026-02-25,2026-03-04,7,5,bullish,1,25164.75,25217.25,NO_RETRACE,25396.75,,,,,,,,,,,,,
2026-02-25,2026-02-27,2,5,bullish,1,25255.0,25270.75,HELD_AT_FVG,25396.75,25264.75,63.0,5.25,True,2026-02-25 10:55:00-05:00,False,,,,,False,,
2026-02-25,2026-03-02,5,5,bullish,1,25255.0,25270.75,HELD_AT_FVG,25396.75,25264.75,63.0,5.25,True,2026-02-25 10:55:00-05:00,False,,,,,False,,
2026-02-25,2026-03-04,7,5,bullish,1,25255.0,25270.75,HELD_AT_FVG,25396.75,25264.75,63.0,5.25,True,2026-02-25 10:55:00-05:00,False,,,,,False,,
2026-02-25,2026-02-27,2,5,bullish,1,25279.75,25315.0,BROKE_FVG_HELD_9AM,25396.75,25264.75,37.5,58.75,True,2026-02-25 09:56:00-05:00,False,,,,,False,,
2026-02-25,2026-03-02,5,5,bullish,1,25279.75,25315.0,BROKE_FVG_HELD_9AM,25396.75,25264.75,37.5,58.75,True,2026-02-25 09:56:00-05:00,False,,,,,False,,
2026-02-25,2026-03-04,7,5,bullish,1,25279.75,25315.0,BROKE_FVG_HELD_9AM,25396.75,25264.75,37.5,58.75,True,2026-02-25 09:56:00-05:00,False,,,,,False,,
2026-02-27,2026-03-06,7,5,bullish,1,24835.25,24840.25,BROKE_FVG_HELD_9AM,25036.75,24780.0,173.0,44.75,True,2026-02-27 09:42:00-05:00,False,,,,,False,,
2026-03-04,2026-03-10,6,5,bearish,-1,24880.5,24880.75,PIERCED_9AM,,,121.0,213.25,True,2026-03-04 09:30:00-05:00,True,2026-03-04 09:30:00-05:00,121.0,213.25,1.5,True,24813.5,25217.0
2026-03-05,2026-03-06,1,5,bullish,1,25002.25,25066.5,BROKE_FVG_HELD_9AM,25208.25,24774.0,145.0,132.75,True,2026-03-05 09:40:00-05:00,False,,,,,False,,
2026-03-05,2026-03-06,1,5,bullish,1,25144.75,25165.0,BROKE_FVG_HELD_9AM,25182.0,24774.0,18.25,233.25,False,2026-03-05 10:05:00-05:00,False,,,,,False,,
2026-03-05,2026-03-11,6,5,bullish,1,25144.75,25165.0,PIERCED_9AM,25182.0,24774.0,18.25,233.25,False,2026-03-05 10:05:00-05:00,True,2026-03-05 10:17:00-05:00,12.25,199.25,1.5,False,,
2026-03-09,2026-03-10,1,5,bearish,-1,24409.5,24420.0,HIT_9AM,,,76.25,179.75,True,2026-03-09 09:46:00-04:00,True,2026-03-09 15:28:00-04:00,35.75,135.0,0.8081180811808119,True,24313.25,25055.0
2026-03-09,2026-03-12,3,5,bearish,-1,24409.5,24420.0,PIERCED_9AM,,,76.25,179.75,True,2026-03-09 09:46:00-04:00,True,2026-03-09 11:25:00-04:00,42.5,49.25,1.5,True,24313.25,25055.0
2026-03-10,2026-03-13,3,5,bullish,1,24983.5,24984.25,BROKE_FVG_HELD_9AM,25217.75,24892.5,90.25,115.0,True,2026-03-10 09:41:00-04:00,False,,,,,False,,
2026-03-10,2026-03-16,6,5,bullish,1,24983.5,24984.25,BROKE_FVG_HELD_9AM,25217.75,24892.5,90.25,115.0,True,2026-03-10 09:41:00-04:00,False,,,,,False,,
2026-03-10,2026-03-17,7,5,bullish,1,24983.5,24984.25,HIT_9AM,25217.75,24892.5,90.25,115.0,True,2026-03-10 09:41:00-04:00,True,2026-03-10 10:09:00-04:00,280.0,9.5,0.02316076294277929,True,,
2026-03-11,2026-03-13,2,5,bullish,1,24958.75,24969.0,BROKE_FVG_HELD_9AM,25180.0,24873.75,215.5,4.25,True,2026-03-11 09:10:00-04:00,False,,,,,False,,
2026-03-11,2026-03-16,5,5,bullish,1,24958.75,24969.0,BROKE_FVG_HELD_9AM,25180.0,24873.75,215.5,4.25,True,2026-03-11 09:10:00-04:00,False,,,,,False,,
2026-03-11,2026-03-17,6,5,bullish,1,24958.75,24969.0,HIT_9AM,25180.0,24873.75,215.5,4.25,True,2026-03-11 09:10:00-04:00,True,2026-03-11 11:48:00-04:00,111.5,3.5,0.12534059945504086,True,,
2026-03-11,2026-03-18,7,5,bullish,1,24958.75,24969.0,BROKE_FVG_HELD_9AM,25180.0,24873.75,215.5,4.25,True,2026-03-11 09:10:00-04:00,False,,,,,False,,
2026-03-11,2026-03-13,2,5,bullish,1,24982.25,24988.75,BROKE_FVG_HELD_9AM,25180.0,24873.75,105.0,38.0,True,2026-03-11 10:27:00-04:00,False,,,,,False,,
2026-03-11,2026-03-16,5,5,bullish,1,24982.25,24988.75,BROKE_FVG_HELD_9AM,25180.0,24873.75,105.0,38.0,True,2026-03-11 10:27:00-04:00,False,,,,,False,,
2026-03-11,2026-03-17,6,5,bullish,1,24982.25,24988.75,HIT_9AM,25180.0,24873.75,105.0,38.0,True,2026-03-11 10:27:00-04:00,True,2026-03-11 11:48:00-04:00,111.5,3.5,0.12534059945504086,True,,
2026-03-11,2026-03-18,7,5,bullish,1,24982.25,24988.75,BROKE_FVG_HELD_9AM,25180.0,24873.75,105.0,38.0,True,2026-03-11 10:27:00-04:00,False,,,,,False,,
2026-03-11,2026-03-13,2,5,bullish,1,24994.0,25013.75,BROKE_FVG_HELD_9AM,25180.0,24873.75,76.75,66.25,True,2026-03-11 10:25:00-04:00,False,,,,,False,,
2026-03-11,2026-03-16,5,5,bullish,1,24994.0,25013.75,BROKE_FVG_HELD_9AM,25180.0,24873.75,76.75,66.25,True,2026-03-11 10:25:00-04:00,False,,,,,False,,
2026-03-11,2026-03-17,6,5,bullish,1,24994.0,25013.75,HIT_9AM,25180.0,24873.75,76.75,66.25,True,2026-03-11 10:25:00-04:00,True,2026-03-11 11:48:00-04:00,111.5,3.5,0.12534059945504086,True,,
2026-03-11,2026-03-18,7,5,bullish,1,24994.0,25013.75,BROKE_FVG_HELD_9AM,25180.0,24873.75,76.75,66.25,True,2026-03-11 10:25:00-04:00,False,,,,,False,,
2026-03-11,2026-03-13,2,5,bullish,1,25020.25,25035.0,BROKE_FVG_HELD_9AM,25180.0,24873.75,151.25,70.25,True,2026-03-11 09:50:00-04:00,False,,,,,False,,
2026-03-11,2026-03-16,5,5,bullish,1,25020.25,25035.0,BROKE_FVG_HELD_9AM,25180.0,24873.75,151.25,70.25,True,2026-03-11 09:50:00-04:00,False,,,,,False,,
2026-03-11,2026-03-17,6,5,bullish,1,25020.25,25035.0,HIT_9AM,25180.0,24873.75,151.25,70.25,True,2026-03-11 09:50:00-04:00,True,2026-03-11 11:48:00-04:00,111.5,3.5,0.12534059945504086,True,,
2026-03-11,2026-03-18,7,5,bullish,1,25020.25,25035.0,BROKE_FVG_HELD_9AM,25180.0,24873.75,151.25,70.25,True,2026-03-11 09:50:00-04:00,False,,,,,False,,
2026-03-11,2026-03-13,2,5,bullish,1,25036.0,25070.0,BROKE_FVG_HELD_9AM,25180.0,24873.75,109.75,111.75,True,2026-03-11 09:44:00-04:00,False,,,,,False,,
2026-03-11,2026-03-16,5,5,bullish,1,25036.0,25070.0,BROKE_FVG_HELD_9AM,25180.0,24873.75,109.75,111.75,True,2026-03-11 09:44:00-04:00,False,,,,,False,,
2026-03-11,2026-03-17,6,5,bullish,1,25036.0,25070.0,HIT_9AM,25180.0,24873.75,109.75,111.75,True,2026-03-11 09:44:00-04:00,True,2026-03-11 11:48:00-04:00,111.5,3.5,0.12534059945504086,True,,
2026-03-11,2026-03-18,7,5,bullish,1,25036.0,25070.0,BROKE_FVG_HELD_9AM,25180.0,24873.75,109.75,111.75,True,2026-03-11 09:44:00-04:00,False,,,,,False,,
2026-03-11,2026-03-13,2,5,bullish,1,25077.0,25087.25,BROKE_FVG_HELD_9AM,25149.25,24873.75,21.25,132.75,False,2026-03-11 10:08:00-04:00,False,,,,,False,,
2026-03-11,2026-03-16,5,5,bullish,1,25077.0,25087.25,BROKE_FVG_HELD_9AM,25149.25,24873.75,21.25,132.75,False,2026-03-11 10:08:00-04:00,False,,,,,False,,
2026-03-11,2026-03-17,6,5,bullish,1,25077.0,25087.25,HIT_9AM,25149.25,24873.75,21.25,132.75,False,2026-03-11 10:08:00-04:00,True,2026-03-11 11:48:00-04:00,111.5,3.5,0.12534059945504086,True,,
2026-03-11,2026-03-18,7,5,bullish,1,25077.0,25087.25,BROKE_FVG_HELD_9AM,25149.25,24873.75,21.25,132.75,False,2026-03-11 10:08:00-04:00,False,,,,,False,,
2026-03-13,2026-03-19,6,5,bullish,1,24694.75,24755.0,BROKE_FVG_HELD_9AM,24797.0,24350.75,58.75,192.5,True,2026-03-13 09:50:00-04:00,False,,,,,False,,
2026-03-16,2026-03-19,3,5,bullish,1,24663.25,24674.0,BROKE_FVG_HELD_9AM,24816.25,24602.25,77.25,50.0,True,2026-03-16 09:40:00-04:00,False,,,,,False,,
2026-03-17,2026-03-19,2,5,bullish,1,24719.5,24720.0,NO_RETRACE,24896.75,,,,,,,,,,,,,
2026-03-17,2026-03-19,2,5,bullish,1,24733.5,24745.25,BROKE_FVG_HELD_9AM,24896.75,24727.0,70.75,11.0,True,2026-03-17 11:36:00-04:00,False,,,,,False,,
2026-03-17,2026-03-19,2,5,bullish,1,24748.5,24750.75,BROKE_FVG_HELD_9AM,24896.75,24727.0,113.75,36.5,True,2026-03-17 09:30:00-04:00,False,,,,,False,,
2026-03-17,2026-03-19,2,5,bullish,1,24758.25,24776.0,BROKE_FVG_HELD_9AM,24896.75,24727.0,113.75,36.5,True,2026-03-17 09:30:00-04:00,False,,,,,False,,
2026-03-17,2026-03-18,1,5,bullish,1,24809.0,24826.0,HIT_9AM,24896.75,24727.0,51.25,43.0,True,2026-03-17 10:11:00-04:00,True,2026-03-17 10:17:00-04:00,91.25,3.0,0.3917910447761194,True,,
2026-03-17,2026-03-19,2,5,bullish,1,24809.0,24826.0,BROKE_FVG_HELD_9AM,24896.75,24727.0,51.25,43.0,True,2026-03-17 10:11:00-04:00,False,,,,,False,,
2026-03-17,2026-03-18,1,5,bullish,1,24859.0,24861.5,HIT_9AM,24886.0,24727.0,21.0,82.5,False,2026-03-17 09:57:00-04:00,True,2026-03-17 10:17:00-04:00,91.25,3.0,0.3917910447761194,True,,
2026-03-17,2026-03-19,2,5,bullish,1,24859.0,24861.5,BROKE_FVG_HELD_9AM,24886.0,24727.0,21.0,82.5,False,2026-03-17 09:57:00-04:00,False,,,,,False,,
2026-03-18,2026-03-19,1,5,bullish,1,24691.75,24694.0,BROKE_FVG_HELD_9AM,24779.5,24424.25,68.25,116.5,True,2026-03-18 09:31:00-04:00,False,,,,,False,,
2026-03-18,2026-03-26,8,5,bullish,1,24691.75,24694.0,BROKE_FVG_HELD_9AM,24779.5,24424.25,68.25,116.5,True,2026-03-18 09:31:00-04:00,False,,,,,False,,
2026-03-19,2026-03-23,4,5,bearish,-1,24225.75,24227.25,HIT_9AM,,,104.75,114.5,True,2026-03-19 09:16:00-04:00,True,2026-03-19 15:06:00-04:00,129.75,15.5,0.20190023752969122,True,24113.75,24475.0
2026-03-19,2026-03-25,6,5,bearish,-1,24225.75,24227.25,HIT_9AM,,,104.75,114.5,True,2026-03-19 09:16:00-04:00,True,2026-03-19 11:06:00-04:00,174.25,2.5,0.6927710843373494,True,24113.75,24475.0
2026-03-19,2026-03-23,4,5,bearish,-1,24214.0,24214.5,HIT_9AM,,,63.0,97.5,True,2026-03-19 09:41:00-04:00,True,2026-03-19 15:06:00-04:00,129.75,15.5,0.20190023752969122,True,24113.75,24475.0
2026-03-19,2026-03-25,6,5,bearish,-1,24214.0,24214.5,HIT_9AM,,,63.0,97.5,True,2026-03-19 09:41:00-04:00,True,2026-03-19 11:06:00-04:00,174.25,2.5,0.6927710843373494,True,24113.75,24475.0
2026-03-19,2026-03-23,4,5,bearish,-1,24195.0,24198.0,HIT_9AM,,,63.0,97.5,True,2026-03-19 09:41:00-04:00,True,2026-03-19 15:06:00-04:00,129.75,15.5,0.20190023752969122,True,24160.75,24475.0
2026-03-19,2026-03-25,6,5,bearish,-1,24195.0,24198.0,HIT_9AM,,,63.0,97.5,True,2026-03-19 09:41:00-04:00,True,2026-03-19 11:06:00-04:00,174.25,2.5,0.6927710843373494,True,24160.75,24475.0
2026-03-19,2026-03-26,7,5,bullish,1,24246.75,24248.75,HIT_9AM,24475.0,24166.5,102.5,66.25,True,2026-03-19 10:19:00-04:00,True,2026-03-19 10:21:00-04:00,131.0,37.75,0.3991031390134529,True,,
2026-03-24,2026-03-25,1,5,bearish,-1,24266.5,24270.5,HIT_9AM,,,119.75,62.5,True,2026-03-24 09:15:00-04:00,True,2026-03-24 11:24:00-04:00,101.0,18.0,0.14909638554216867,True,24134.75,24384.75
2026-03-24,2026-03-25,1,5,bearish,-1,24213.5,24225.75,HIT_9AM,,,88.5,58.5,True,2026-03-24 09:46:00-04:00,True,2026-03-24 11:24:00-04:00,101.0,18.0,0.14909638554216867,True,24134.75,24384.75
2026-03-24,2026-03-31,7,5,bullish,1,24191.75,24200.0,BROKE_FVG_HELD_9AM,24384.75,24160.25,149.0,18.75,True,2026-03-24 10:13:00-04:00,False,,,,,False,,
2026-03-25,2026-03-26,1,5,bullish,1,24449.25,24456.25,BROKE_FVG_HELD_9AM,24522.5,24287.25,62.5,123.75,True,2026-03-25 09:44:00-04:00,False,,,,,False,,
2026-03-25,2026-03-31,6,5,bullish,1,24449.25,24456.25,BROKE_FVG_HELD_9AM,24522.5,24287.25,62.5,123.75,True,2026-03-25 09:44:00-04:00,False,,,,,False,,
2026-03-25,2026-04-01,7,5,bullish,1,24449.25,24456.25,BROKE_FVG_HELD_9AM,24522.5,24287.25,62.5,123.75,True,2026-03-25 09:44:00-04:00,False,,,,,False,,
2026-03-26,2026-03-31,5,5,bullish,1,24128.5,24143.25,BROKE_FVG_HELD_9AM,24241.25,23775.0,25.5,183.0,False,2026-03-26 09:59:00-04:00,False,,,,,False,,
2026-03-26,2026-04-02,7,5,bullish,1,24128.5,24143.25,HIT_9AM,24241.25,23775.0,25.5,183.0,False,2026-03-26 09:59:00-04:00,True,2026-03-26 13:47:00-04:00,5.25,74.0,0.5778019586507073,False,,
2026-03-26,2026-03-31,5,5,bullish,1,24158.5,24161.75,BROKE_FVG_HELD_9AM,24241.25,23775.0,82.5,126.0,True,2026-03-26 09:58:00-04:00,False,,,,,False,,
2026-03-26,2026-04-02,7,5,bullish,1,24158.5,24161.75,HIT_9AM,24241.25,23775.0,82.5,126.0,True,2026-03-26 09:58:00-04:00,True,2026-03-26 13:47:00-04:00,5.25,74.0,0.5778019586507073,False,,
2026-03-27,2026-03-31,4,5,bullish,1,23597.0,23612.25,PIERCED_9AM,23664.25,23269.0,40.25,162.5,True,2026-03-27 09:32:00-04:00,True,2026-03-27 09:34:00-04:00,82.25,120.5,1.4006810442678774,True,,
2026-03-27,2026-03-31,4,5,bullish,1,23619.0,23633.5,PIERCED_9AM,23664.25,23269.0,18.25,202.0,False,2026-03-27 09:30:00-04:00,True,2026-03-27 09:34:00-04:00,82.25,120.5,1.4006810442678774,True,,
2026-03-30,2026-04-07,8,5,bearish,-1,23467.75,23496.75,NO_RETRACE,,,,,,,,,,,,,23024.25,
2026-03-30,2026-04-07,8,5,bearish,-1,23425.5,23457.0,HELD_AT_FVG,,,123.25,32.0,True,2026-03-30 11:05:00-04:00,False,,,,,False,23024.25,23437.75
2026-03-30,2026-04-07,8,5,bearish,-1,23405.75,23410.5,BROKE_FVG_HELD_9AM,,,125.75,29.5,True,2026-03-30 11:03:00-04:00,False,,,,,False,23024.25,23437.75
2026-03-30,2026-04-07,8,5,bearish,-1,23349.0,23352.75,BROKE_FVG_HELD_9AM,,,85.75,89.75,True,2026-03-30 10:09:00-04:00,False,,,,,False,23024.25,23437.75
2026-03-30,2026-04-07,8,5,bearish,-1,23341.25,23342.75,BROKE_FVG_HELD_9AM,,,74.75,100.75,True,2026-03-30 10:08:00-04:00,False,,,,,False,23024.25,23437.75
2026-04-01,2026-04-02,1,5,bullish,1,24055.5,24061.0,BROKE_FVG_HELD_9AM,24349.0,24043.5,132.0,19.0,True,2026-04-01 09:21:00-04:00,False,,,,,False,,
2026-04-01,2026-04-02,1,5,bullish,1,24101.5,24135.75,BROKE_FVG_HELD_9AM,24349.0,24060.0,140.25,44.0,True,2026-04-01 09:42:00-04:00,False,,,,,False,,
2026-04-01,2026-04-08,7,5,bearish,-1,24123.0,24135.75,BROKE_FVG_HELD_9AM,,,32.5,132.25,True,2026-04-01 09:52:00-04:00,False,,,,,False,24065.75,24349.0
2026-04-02,2026-04-07,5,5,bearish,-1,23739.75,23762.75,HIT_9AM,,,48.25,524.5,True,2026-04-02 09:45:00-04:00,True,2026-04-02 10:36:00-04:00,125.25,80.25,0.8083670715249662,True,23695.0,24267.75
2026-04-02,2026-04-08,6,5,bearish,-1,23739.75,23762.75,BROKE_FVG_HELD_9AM,,,48.25,524.5,True,2026-04-02 09:45:00-04:00,False,,,,,False,23695.0,24267.75
2026-04-07,2026-04-08,1,5,bearish,-1,24129.5,24139.0,BROKE_FVG_HELD_9AM,,,177.25,27.25,True,2026-04-07 10:24:00-04:00,False,,,,,False,23941.5,24380.75
2026-04-09,2026-04-16,7,5,bearish,-1,25040.75,25061.0,BROKE_FVG_HELD_9AM,,,74.5,22.25,True,2026-04-09 10:04:00-04:00,False,,,,,False,24960.25,25273.25
2026-04-14,2026-04-16,2,5,bearish,-1,25734.75,25739.0,BROKE_FVG_HELD_9AM,,,15.25,81.25,False,2026-04-14 10:06:00-04:00,False,,,,,False,25719.25,26002.75
2026-04-14,2026-04-17,3,5,bearish,-1,25734.75,25739.0,BROKE_FVG_HELD_9AM,,,15.25,81.25,False,2026-04-14 10:06:00-04:00,False,,,,,False,25719.25,26002.75
2026-04-16,2026-04-17,1,5,bearish,-1,26328.0,26363.0,BROKE_FVG_HELD_9AM,,,20.25,114.0,False,2026-04-16 10:04:00-04:00,False,,,,,False,26288.75,26562.75
2026-04-17,2026-04-24,7,5,bearish,-1,26774.5,26777.25,BROKE_FVG_HELD_9AM,,,72.25,84.75,True,2026-04-17 10:10:00-04:00,False,,,,,False,26629.5,26883.0
2026-04-17,2026-04-24,7,5,bearish,-1,26751.0,26766.5,BROKE_FVG_HELD_9AM,,,51.0,106.0,True,2026-04-17 10:01:00-04:00,False,,,,,False,26629.5,26883.0
2026-04-17,2026-04-24,7,5,bearish,-1,26720.75,26740.25,BROKE_FVG_HELD_9AM,,,61.25,123.0,True,2026-04-17 09:51:00-04:00,False,,,,,False,26632.25,26883.0
2026-04-21,2026-04-24,3,5,bearish,-1,26767.5,26806.0,BROKE_FVG_HELD_9AM,,,26.25,115.5,False,2026-04-21 09:43:00-04:00,False,,,,,False,26551.75,26885.0
2026-04-21,2026-04-27,6,5,bearish,-1,26767.5,26806.0,BROKE_FVG_HELD_9AM,,,26.25,115.5,False,2026-04-21 09:43:00-04:00,False,,,,,False,26551.75,26885.0
2026-04-22,2026-04-24,2,5,bearish,-1,26851.25,26865.0,BROKE_FVG_HELD_9AM,,,32.0,167.0,True,2026-04-22 09:41:00-04:00,False,,,,,False,26807.75,27093.0
2026-04-22,2026-04-27,5,5,bearish,-1,26851.25,26865.0,BROKE_FVG_HELD_9AM,,,32.0,167.0,True,2026-04-22 09:41:00-04:00,False,,,,,False,26807.75,27093.0
2026-04-22,2026-04-29,7,5,bearish,-1,26851.25,26865.0,BROKE_FVG_HELD_9AM,,,32.0,167.0,True,2026-04-22 09:41:00-04:00,False,,,,,False,26807.75,27093.0
2026-04-23,2026-04-24,1,5,bearish,-1,27029.5,27040.75,HIT_9AM,,,17.75,132.0,False,2026-04-23 10:27:00-04:00,True,2026-04-23 11:12:00-04:00,89.5,28.0,0.18840579710144928,True,26680.0,27156.0
2026-04-23,2026-04-27,4,5,bearish,-1,27029.5,27040.75,BROKE_FVG_HELD_9AM,,,17.75,132.0,False,2026-04-23 10:27:00-04:00,False,,,,,False,26680.0,27156.0
2026-04-23,2026-04-29,6,5,bearish,-1,27029.5,27040.75,HIT_9AM,,,17.75,132.0,False,2026-04-23 10:27:00-04:00,True,2026-04-23 11:10:00-04:00,82.0,35.5,0.2524850894632207,True,26680.0,27156.0
2026-04-23,2026-04-30,7,5,bearish,-1,27029.5,27040.75,BROKE_FVG_HELD_9AM,,,17.75,132.0,False,2026-04-23 10:27:00-04:00,False,,,,,False,26680.0,27156.0
2026-04-24,2026-04-27,3,5,bearish,-1,27241.75,27243.5,PIERCED_9AM,,,90.5,47.0,True,2026-04-24 09:34:00-04:00,True,2026-04-24 11:00:00-04:00,11.0,123.0,1.2158671586715868,False,27130.0,27462.75
2026-04-24,2026-04-27,3,5,bearish,-1,27200.75,27203.75,PIERCED_9AM,,,46.25,99.75,True,2026-04-24 10:01:00-04:00,True,2026-04-24 11:00:00-04:00,11.0,123.0,1.2158671586715868,False,27155.75,27462.75
2026-04-24,2026-04-30,6,5,bearish,-1,27200.75,27203.75,HIT_9AM,,,46.25,99.75,True,2026-04-24 10:01:00-04:00,True,2026-04-24 10:01:00-04:00,46.25,99.75,0.7680297397769517,True,27155.75,27462.75
2026-04-28,2026-04-30,2,5,bearish,-1,27142.5,27144.5,HIT_9AM,,,69.0,112.5,True,2026-04-28 09:20:00-04:00,True,2026-04-28 09:41:00-04:00,164.0,46.25,0.137546468401487,True,27006.25,27250.75
2026-04-29,2026-04-30,1,5,bearish,-1,27187.0,27200.0,HIT_9AM,,,28.5,131.75,False,2026-04-29 09:40:00-04:00,True,2026-04-29 09:50:00-04:00,40.0,98.75,0.39776951672862454,True,27153.0,27338.25
2025-05-07,2025-05-08,1,15,bearish,-1,19911.75,19926.5,BROKE_FVG_HELD_9AM,,,56.5,63.25,True,2025-05-07 09:31:00-04:00,False,,,,,False,19678.5,20055.0
2025-05-07,2025-05-12,5,15,bearish,-1,19911.75,19926.5,BROKE_FVG_HELD_9AM,,,56.5,63.25,True,2025-05-07 09:31:00-04:00,False,,,,,False,19678.5,20055.0
2025-05-08,2025-05-12,4,15,bearish,-1,20125.75,20157.5,BROKE_FVG_HELD_9AM,,,29.0,199.5,False,2025-05-08 11:20:00-04:00,False,,,,,False,19978.0,20337.5
2025-05-19,2025-05-23,4,15,bullish,1,21204.0,21316.5,NO_RETRACE,21545.5,,,,,,,,,,,,,
2025-05-19,2025-05-22,3,15,bullish,1,21335.0,21347.25,NO_RETRACE,21545.5,,,,,,,,,,,,,
2025-05-19,2025-05-23,4,15,bullish,1,21335.0,21347.25,NO_RETRACE,21545.5,,,,,,,,,,,,,
2025-05-19,2025-05-26,7,15,bullish,1,21335.0,21347.25,NO_RETRACE,21545.5,,,,,,,,,,,,,
2025-05-21,2025-05-28,7,15,bearish,-1,21289.0,21289.75,HIT_9AM,,,26.75,136.75,False,2025-05-21 09:30:00-04:00,True,2025-05-21 10:58:00-04:00,8.5,86.5,0.9448123620309051,False,21071.75,21558.5
2025-05-21,2025-05-23,2,15,bullish,1,21289.0,21355.75,BROKE_FVG_HELD_9AM,21558.5,21071.75,31.75,197.75,True,2025-05-21 13:18:00-04:00,False,,,,,False,,
2025-05-22,2025-05-23,1,15,bullish,1,21219.5,21261.75,BROKE_FVG_HELD_9AM,21337.75,21166.25,2.75,108.75,False,2025-05-22 10:16:00-04:00,False,,,,,False,,
2025-05-29,2025-06-05,7,15,bearish,-1,21557.75,21661.5,NO_RETRACE,,,,,,,,,,,,,21301.0,
2025-06-05,2025-06-11,6,15,bearish,-1,21781.25,21790.25,HIT_9AM,,,86.5,132.25,True,2025-06-05 10:25:00-04:00,True,2025-06-05 11:18:00-04:00,96.25,28.0,0.16569200779727095,True,21503.5,21936.25
2025-06-12,2025-06-13,1,15,bullish,1,21841.25,21843.25,BROKE_FVG_HELD_9AM,21977.5,21839.75,131.5,6.25,True,2025-06-12 10:03:00-04:00,False,,,,,False,,
2025-06-12,2025-06-18,6,15,bullish,1,21841.25,21843.25,BROKE_FVG_HELD_9AM,21977.5,21839.75,131.5,6.25,True,2025-06-12 10:03:00-04:00,False,,,,,False,,
2025-06-16,2025-06-18,2,15,bullish,1,21822.5,21839.5,NO_RETRACE,21996.5,,,,,,,,,,,,,
2025-06-16,2025-06-18,2,15,bullish,1,21876.0,21919.5,HELD_AT_FVG,21996.5,21910.5,56.0,8.75,True,2025-06-16 12:45:00-04:00,False,,,,,False,,
2025-06-19,2025-06-26,7,15,bearish,-1,21510.75,21550.0,HELD_AT_FVG,,,39.75,23.25,True,2025-06-19 10:29:00-04:00,False,,,,,False,21455.75,21527.25
2025-06-19,2025-06-26,7,15,bearish,-1,21497.5,21500.0,BROKE_FVG_HELD_9AM,,,35.75,27.25,True,2025-06-19 10:15:00-04:00,False,,,,,False,21457.75,21527.25
2025-06-27,2025-07-02,5,15,bullish,1,22743.0,22764.5,PIERCED_9AM,22820.0,22600.0,39.5,29.0,True,2025-06-27 10:31:00-04:00,True,2025-06-27 13:44:00-04:00,25.0,140.25,1.0198019801980198,False,,
2025-06-30,2025-07-07,7,15,bearish,-1,22833.25,22868.25,HIT_9AM,,,19.5,26.75,False,2025-06-30 10:00:00-04:00,True,2025-06-30 15:49:00-04:00,44.5,36.75,0.4340836012861736,True,22780.0,22934.0
2025-07-03,2025-07-04,1,15,bullish,1,22939.5,22948.0,NO_RETRACE,23101.25,,,,,,,,,,,,,
2025-07-03,2025-07-04,1,15,bullish,1,22986.0,22995.0,NO_RETRACE,23101.25,,,,,,,,,,,,,
2025-07-08,2025-07-10,2,15,bearish,-1,22925.0,22931.0,HIT_9AM,,,79.25,22.5,True,2025-07-08 10:35:00-04:00,True,2025-07-08 10:38:00-04:00,98.0,3.75,0.15754560530679934,True,22841.0,22962.75
2025-07-08,2025-07-15,7,15,bearish,-1,22925.0,22931.0,BROKE_FVG_HELD_9AM,,,79.25,22.5,True,2025-07-08 10:35:00-04:00,False,,,,,False,22841.0,22962.75
2025-07-09,2025-07-11,2,15,bullish,1,22979.5,23055.0,HIT_9AM,23111.25,22917.0,17.0,136.75,False,2025-07-09 10:27:00-04:00,True,2025-07-09 10:36:00-04:00,36.75,54.0,0.48448687350835323,True,,
2025-07-09,2025-07-14,5,15,bullish,1,22979.5,23055.0,HIT_9AM,23111.25,22917.0,17.0,136.75,False,2025-07-09 10:27:00-04:00,True,2025-07-09 10:36:00-04:00,36.75,54.0,0.4542124542124542,True,,
2025-07-09,2025-07-11,2,15,bullish,1,23064.75,23077.25,HIT_9AM,23095.5,22917.0,9.5,160.0,False,2025-07-09 10:19:00-04:00,True,2025-07-09 10:36:00-04:00,36.75,54.0,0.48448687350835323,True,,
2025-07-09,2025-07-14,5,15,bullish,1,23064.75,23077.25,HIT_9AM,23095.5,22917.0,9.5,160.0,False,2025-07-09 10:19:00-04:00,True,2025-07-09 10:36:00-04:00,36.75,54.0,0.4542124542124542,True,,
2025-07-10,2025-07-15,5,15,bearish,-1,23033.75,23046.5,BROKE_FVG_HELD_9AM,,,7.25,18.75,False,2025-07-10 13:52:00-04:00,False,,,,,False,22901.0,23050.0
2025-07-10,2025-07-15,5,15,bearish,-1,22961.25,23022.0,BROKE_FVG_HELD_9AM,,,54.0,24.0,True,2025-07-10 10:18:00-04:00,False,,,,,False,22908.75,23050.0
2025-07-15,2025-07-18,3,15,bearish,-1,23184.5,23192.5,BROKE_FVG_HELD_9AM,,,91.25,11.5,True,2025-07-15 10:11:00-04:00,False,,,,,False,23050.0,23198.25
2025-07-16,2025-07-18,2,15,bearish,-1,23032.25,23063.0,BROKE_FVG_HELD_9AM,,,187.25,22.0,True,2025-07-16 10:51:00-04:00,False,,,,,False,22835.75,23100.0
2025-07-16,2025-07-22,6,15,bearish,-1,23032.25,23063.0,BROKE_FVG_HELD_9AM,,,187.25,22.0,True,2025-07-16 10:51:00-04:00,False,,,,,False,22835.75,23100.0
2025-07-16,2025-07-23,7,15,bearish,-1,23032.25,23063.0,BROKE_FVG_HELD_9AM,,,187.25,22.0,True,2025-07-16 10:51:00-04:00,False,,,,,False,22835.75,23100.0
2025-07-16,2025-07-18,2,15,bearish,-1,23004.0,23004.25,BROKE_FVG_HELD_9AM,,,106.25,40.5,True,2025-07-16 10:22:00-04:00,False,,,,,False,22835.75,23100.0
2025-07-16,2025-07-22,6,15,bearish,-1,23004.0,23004.25,BROKE_FVG_HELD_9AM,,,106.25,40.5,True,2025-07-16 10:22:00-04:00,False,,,,,False,22835.75,23100.0
2025-07-16,2025-07-23,7,15,bearish,-1,23004.0,23004.25,BROKE_FVG_HELD_9AM,,,106.25,40.5,True,2025-07-16 10:22:00-04:00,False,,,,,False,22835.75,23100.0
2025-07-17,2025-07-18,1,15,bearish,-1,23128.25,23135.25,HIT_9AM,,,8.5,57.0,False,2025-07-17 09:45:00-04:00,True,2025-07-17 11:58:00-04:00,5.75,25.75,0.4296028880866426,False,23114.5,23281.0
2025-07-17,2025-07-23,6,15,bearish,-1,23128.25,23135.25,PIERCED_9AM,,,8.5,57.0,False,2025-07-17 09:45:00-04:00,True,2025-07-17 09:55:00-04:00,29.75,53.0,1.0625,False,23114.5,23281.0
2025-07-23,2025-07-30,7,15,bearish,-1,23210.75,23234.0,BROKE_FVG_HELD_9AM,,,35.25,81.75,True,2025-07-23 11:00:00-04:00,False,,,,,False,23142.5,23325.0
2025-07-28,2025-07-31,3,15,bearish,-1,23486.5,23511.25,BROKE_FVG_HELD_9AM,,,25.25,40.0,False,2025-07-28 09:30:00-04:00,False,,,,,False,23437.0,23527.75
2025-07-29,2025-08-04,6,15,bullish,1,23589.75,23592.75,BROKE_FVG_HELD_9AM,23626.0,23422.0,16.25,51.25,False,2025-07-29 09:49:00-04:00,False,,,,,False,,
2025-07-29,2025-08-05,7,15,bullish,1,23589.75,23592.75,BROKE_FVG_HELD_9AM,23626.0,23422.0,16.25,51.25,False,2025-07-29 09:49:00-04:00,False,,,,,False,,
2025-08-12,2025-08-13,1,15,bearish,-1,23743.0,23767.5,BROKE_FVG_HELD_9AM,,,116.75,69.75,True,2025-08-12 09:30:00-04:00,False,,,,,False,23622.0,23949.25
2025-08-12,2025-08-15,3,15,bearish,-1,23743.0,23767.5,PIERCED_9AM,,,116.75,69.75,True,2025-08-12 09:30:00-04:00,True,2025-08-12 09:34:00-04:00,158.0,28.5,1.1626016260162602,True,23622.0,23949.25
2025-08-20,2025-08-27,7,15,bearish,-1,23324.25,23402.5,HELD_AT_FVG,,,16.0,42.25,False,2025-08-20 15:18:00-04:00,False,,,,,False,23035.25,23368.5
2025-08-20,2025-08-27,7,15,bearish,-1,23214.5,23322.5,BROKE_FVG_HELD_9AM,,,62.5,65.5,True,2025-08-20 11:24:00-04:00,False,,,,,False,23035.25,23368.5
2025-08-29,2025-09-05,7,15,bearish,-1,23601.0,23648.25,NO_RETRACE,,,,,,,,,,,,,23401.5,
2025-08-29,2025-09-05,7,15,bearish,-1,23551.75,23585.25,NO_RETRACE,,,,,,,,,,,,,23401.5,
2025-09-10,2025-09-16,6,15,bearish,-1,23955.5,23996.0,HELD_AT_FVG,,,10.75,34.75,False,2025-09-10 10:02:00-04:00,False,,,,,False,23785.0,23990.75
2025-09-10,2025-09-17,7,15,bearish,-1,23955.5,23996.0,HELD_AT_FVG,,,10.75,34.75,False,2025-09-10 10:02:00-04:00,False,,,,,False,23785.0,23990.75
2025-09-16,2025-09-23,7,15,bearish,-1,24326.25,24342.75,NO_RETRACE,,,,,,,,,,,,,24257.5,
2025-09-16,2025-09-24,8,15,bearish,-1,24326.25,24342.75,NO_RETRACE,,,,,,,,,,,,,24257.5,
2025-09-22,2025-09-26,4,15,bullish,1,24810.5,24814.25,NO_RETRACE,25027.25,,,,,,,,,,,,,
2025-09-22,2025-09-26,4,15,bullish,1,24822.25,24840.5,NO_RETRACE,25027.25,,,,,,,,,,,,,
2025-09-25,2025-09-30,5,15,bearish,-1,24522.5,24551.5,BROKE_FVG_HELD_9AM,,,24.0,117.0,False,2025-09-25 10:05:00-04:00,False,,,,,False,24444.5,24697.0
2025-09-25,2025-10-02,7,15,bearish,-1,24522.5,24551.5,BROKE_FVG_HELD_9AM,,,24.0,117.0,False,2025-09-25 10:05:00-04:00,False,,,,,False,24444.5,24697.0
2025-09-29,2025-10-01,2,15,bullish,1,24894.0,24913.0,HIT_9AM,24975.0,24780.5,6.25,89.75,False,2025-09-29 11:10:00-04:00,True,2025-09-29 11:36:00-04:00,22.25,22.75,0.5281385281385281,False,,
2025-09-29,2025-10-01,2,15,bullish,1,24916.0,24919.5,HIT_9AM,24969.5,24780.5,42.75,63.25,True,2025-09-29 10:20:00-04:00,True,2025-09-29 11:36:00-04:00,22.25,22.75,0.5281385281385281,False,,
2025-09-30,2025-10-02,2,15,bearish,-1,24829.25,24831.0,BROKE_FVG_HELD_9AM,,,85.25,23.0,True,2025-09-30 09:30:00-04:00,False,,,,,False,24722.5,24913.75
2025-09-30,2025-10-03,3,15,bearish,-1,24829.25,24831.0,BROKE_FVG_HELD_9AM,,,85.25,23.0,True,2025-09-30 09:30:00-04:00,False,,,,,False,24722.5,24913.75
2025-09-30,2025-10-06,6,15,bearish,-1,24829.25,24831.0,BROKE_FVG_HELD_9AM,,,85.25,23.0,True,2025-09-30 09:30:00-04:00,False,,,,,False,24722.5,24913.75
2025-09-30,2025-10-07,7,15,bearish,-1,24829.25,24831.0,BROKE_FVG_HELD_9AM,,,85.25,23.0,True,2025-09-30 09:30:00-04:00,False,,,,,False,24722.5,24913.75
2025-09-30,2025-10-02,2,15,bearish,-1,24806.5,24812.5,BROKE_FVG_HELD_9AM,,,61.25,55.25,True,2025-09-30 10:03:00-04:00,False,,,,,False,24731.25,24913.75
2025-09-30,2025-10-03,3,15,bearish,-1,24806.5,24812.5,BROKE_FVG_HELD_9AM,,,61.25,55.25,True,2025-09-30 10:03:00-04:00,False,,,,,False,24731.25,24913.75
2025-09-30,2025-10-06,6,15,bearish,-1,24806.5,24812.5,BROKE_FVG_HELD_9AM,,,61.25,55.25,True,2025-09-30 10:03:00-04:00,False,,,,,False,24731.25,24913.75
2025-09-30,2025-10-07,7,15,bearish,-1,24806.5,24812.5,BROKE_FVG_HELD_9AM,,,61.25,55.25,True,2025-09-30 10:03:00-04:00,False,,,,,False,24731.25,24913.75
2025-10-02,2025-10-07,5,15,bearish,-1,25071.25,25162.25,HELD_AT_FVG,,,80.5,17.5,True,2025-10-02 10:04:00-04:00,False,,,,,False,24993.75,25126.75
2025-10-02,2025-10-09,7,15,bearish,-1,25071.25,25162.25,HELD_AT_FVG,,,80.5,17.5,True,2025-10-02 10:04:00-04:00,False,,,,,False,24993.75,25126.75
2025-10-03,2025-10-06,3,15,bearish,-1,25110.25,25113.75,HIT_9AM,,,19.25,32.5,False,2025-10-03 10:37:00-04:00,True,2025-10-03 10:40:00-04:00,27.5,24.25,0.3723150357995227,False,24923.0,25156.0
2025-10-03,2025-10-07,4,15,bearish,-1,25110.25,25113.75,BROKE_FVG_HELD_9AM,,,19.25,32.5,False,2025-10-03 10:37:00-04:00,False,,,,,False,24923.0,25156.0
2025-10-03,2025-10-09,6,15,bearish,-1,25110.25,25113.75,BROKE_FVG_HELD_9AM,,,19.25,32.5,False,2025-10-03 10:37:00-04:00,False,,,,,False,24923.0,25156.0
2025-10-06,2025-10-07,1,15,bearish,-1,25174.25,25187.75,HIT_9AM,,,63.5,10.75,True,2025-10-06 10:00:00-04:00,True,2025-10-06 13:23:00-04:00,21.0,12.75,0.6233766233766234,False,25110.25,25253.0
2025-10-06,2025-10-09,3,15,bearish,-1,25174.25,25187.75,HIT_9AM,,,63.5,10.75,True,2025-10-06 10:00:00-04:00,True,2025-10-06 14:32:00-04:00,34.5,2.5,0.034383954154727794,True,25110.25,25253.0
2025-10-08,2025-10-13,5,15,bullish,1,25073.75,25074.75,BROKE_FVG_HELD_9AM,25343.75,25073.25,138.75,19.0,True,2025-10-08 09:30:00-04:00,False,,,,,False,,
2025-10-08,2025-10-13,5,15,bullish,1,25100.0,25127.5,NO_RETRACE,25343.75,,,,,,,,,,,,,
2025-10-08,2025-10-13,5,15,bullish,1,25152.75,25174.0,HELD_AT_FVG,25343.75,25172.75,84.75,2.0,True,2025-10-08 10:55:00-04:00,False,,,,,False,,
2025-10-10,2025-10-13,3,15,bullish,1,25318.0,25325.75,PIERCED_9AM,25371.25,24384.25,35.25,269.5,True,2025-10-10 10:01:00-04:00,True,2025-10-10 11:21:00-04:00,50.25,200.5,1.5,True,,
2025-10-10,2025-10-17,7,15,bullish,1,25318.0,25325.75,PIERCED_9AM,25371.25,24384.25,35.25,269.5,True,2025-10-10 10:01:00-04:00,True,2025-10-10 11:21:00-04:00,50.25,200.5,1.5,True,,
2025-10-14,2025-10-15,1,15,bearish,-1,24588.25,24604.75,HIT_9AM,,,12.0,178.0,False,2025-10-14 10:01:00-04:00,True,2025-10-14 12:37:00-04:00,46.5,42.75,0.3948919449901768,True,24554.5,24947.25
2025-10-14,2025-10-16,2,15,bearish,-1,24588.25,24604.75,BROKE_FVG_HELD_9AM,,,12.0,178.0,False,2025-10-14 10:01:00-04:00,False,,,,,False,24554.5,24947.25
2025-10-14,2025-10-21,7,15,bearish,-1,24588.25,24604.75,BROKE_FVG_HELD_9AM,,,12.0,178.0,False,2025-10-14 10:01:00-04:00,False,,,,,False,24554.5,24947.25
2025-10-15,2025-10-17,2,15,bullish,1,25004.25,25013.25,PIERCED_9AM,25117.75,24663.5,18.0,137.75,False,2025-10-15 11:34:00-04:00,True,2025-10-15 11:50:00-04:00,107.25,9.75,1.0401836969001148,True,,
2025-10-28,2025-11-04,7,15,bullish,1,26013.5,26034.25,BROKE_FVG_HELD_9AM,26232.0,26006.0,54.0,27.5,True,2025-10-28 09:52:00-04:00,False,,,,,False,,
2025-11-03,2025-11-04,1,15,bullish,1,26191.75,26208.0,BROKE_FVG_HELD_9AM,26265.75,26012.75,29.0,191.75,False,2025-11-03 09:35:00-05:00,False,,,,,False,,
2025-11-03,2025-11-05,2,15,bullish,1,26191.75,26208.0,BROKE_FVG_HELD_9AM,26265.75,26012.75,29.0,191.75,False,2025-11-03 09:35:00-05:00,False,,,,,False,,
2025-11-03,2025-11-10,7,15,bullish,1,26191.75,26208.0,BROKE_FVG_HELD_9AM,26265.75,26012.75,29.0,191.75,False,2025-11-03 09:35:00-05:00,False,,,,,False,,
2025-11-04,2025-11-05,1,15,bullish,1,25782.0,25825.5,HIT_9AM,25893.75,25545.0,17.0,89.25,False,2025-11-04 10:50:00-05:00,True,2025-11-04 12:17:00-05:00,40.0,53.0,0.7179802955665024,True,,
2025-11-04,2025-11-10,6,15,bullish,1,25782.0,25825.5,HIT_9AM,25893.75,25545.0,17.0,89.25,False,2025-11-04 10:50:00-05:00,True,2025-11-04 12:19:00-05:00,78.5,33.0,0.8275229357798165,True,,
2025-11-04,2025-11-11,7,15,bullish,1,25782.0,25825.5,PIERCED_9AM,25893.75,25545.0,17.0,89.25,False,2025-11-04 10:50:00-05:00,True,2025-11-04 12:20:00-05:00,69.0,45.75,1.1812865497076024,True,,
2025-11-07,2025-11-12,5,15,bearish,-1,25045.5,25075.5,BROKE_FVG_HELD_9AM,,,14.25,91.75,False,2025-11-07 14:39:00-05:00,False,,,,,False,24709.0,25173.0
2025-11-07,2025-11-13,6,15,bearish,-1,25045.5,25075.5,BROKE_FVG_HELD_9AM,,,14.25,91.75,False,2025-11-07 14:39:00-05:00,False,,,,,False,24709.0,25173.0
2025-11-10,2025-11-14,4,15,bullish,1,25557.25,25588.5,BROKE_FVG_HELD_9AM,25760.0,25452.25,28.0,125.75,False,2025-11-10 10:50:00-05:00,False,,,,,False,,
2025-11-10,2025-11-17,7,15,bullish,1,25557.25,25588.5,BROKE_FVG_HELD_9AM,25760.0,25452.25,28.0,125.75,False,2025-11-10 10:50:00-05:00,False,,,,,False,,
2025-11-17,2025-11-19,2,15,bullish,1,25052.5,25151.25,HIT_9AM,25216.0,24732.0,46.0,113.5,True,2025-11-17 10:03:00-05:00,True,2025-11-17 13:58:00-05:00,19.5,135.75,0.5155893536121673,False,,
2025-11-17,2025-11-24,7,15,bullish,1,25052.5,25151.25,BROKE_FVG_HELD_9AM,25216.0,24732.0,46.0,113.5,True,2025-11-17 10:03:00-05:00,False,,,,,False,,
2025-11-19,2025-11-26,7,15,bearish,-1,24648.0,24655.25,BROKE_FVG_HELD_9AM,,,26.5,356.0,False,2025-11-19 09:34:00-05:00,False,,,,,False,24508.0,24988.0
2025-11-19,2025-11-24,5,15,bullish,1,24758.5,24880.25,HIT_9AM,24988.0,24508.0,12.75,236.5,False,2025-11-19 10:47:00-05:00,True,2025-11-19 11:06:00-05:00,31.25,125.25,0.9417582417582417,True,,
2025-11-25,2025-11-26,1,15,bearish,-1,24868.0,24873.5,BROKE_FVG_HELD_9AM,,,227.0,53.0,True,2025-11-25 09:30:00-05:00,False,,,,,False,24602.0,25135.75
2025-11-25,2025-11-27,2,15,bearish,-1,24868.0,24873.5,BROKE_FVG_HELD_9AM,,,227.0,53.0,True,2025-11-25 09:30:00-05:00,False,,,,,False,24602.0,25135.75
2025-11-25,2025-11-28,3,15,bearish,-1,24868.0,24873.5,BROKE_FVG_HELD_9AM,,,227.0,53.0,True,2025-11-25 09:30:00-05:00,False,,,,,False,24602.0,25135.75
2025-11-25,2025-11-26,1,15,bearish,-1,24825.75,24841.5,BROKE_FVG_HELD_9AM,,,44.5,77.25,True,2025-11-25 10:32:00-05:00,False,,,,,False,24654.0,25135.75
2025-11-25,2025-11-27,2,15,bearish,-1,24825.75,24841.5,BROKE_FVG_HELD_9AM,,,44.5,77.25,True,2025-11-25 10:32:00-05:00,False,,,,,False,24654.0,25135.75
2025-11-25,2025-11-28,3,15,bearish,-1,24825.75,24841.5,BROKE_FVG_HELD_9AM,,,44.5,77.25,True,2025-11-25 10:32:00-05:00,False,,,,,False,24654.0,25135.75
2025-12-03,2025-12-08,5,15,bearish,-1,25499.75,25646.25,BROKE_FVG_HELD_9AM,,,50.25,94.0,True,2025-12-03 09:30:00-05:00,False,,,,,False,25430.0,25685.75
2025-12-04,2025-12-08,4,15,bearish,-1,25609.0,25689.25,HELD_AT_FVG,,,118.5,15.25,True,2025-12-04 10:37:00-05:00,False,,,,,False,25487.0,25654.25
2025-12-05,2025-12-09,4,15,bullish,1,25684.25,25707.0,HIT_9AM,25867.75,25651.0,55.0,55.5,True,2025-12-05 11:14:00-05:00,True,2025-12-05 11:32:00-05:00,84.5,26.0,0.024128686327077747,True,,
2025-12-15,2025-12-22,7,15,bearish,-1,25310.5,25371.75,NO_RETRACE,,,,,,,,,,,,,25034.5,
2025-12-15,2025-12-22,7,15,bearish,-1,25236.0,25285.75,HELD_AT_FVG,,,117.0,31.0,True,2025-12-15 11:18:00-05:00,False,,,,,False,25034.5,25266.75
2025-12-17,2025-12-22,5,15,bearish,-1,25115.0,25175.0,NO_RETRACE,,,,,,,,,,,,,24658.75,
2025-12-17,2025-12-24,7,15,bearish,-1,25115.0,25175.0,NO_RETRACE,,,,,,,,,,,,,24658.75,
2025-12-17,2025-12-26,9,15,bearish,-1,25115.0,25175.0,NO_RETRACE,,,,,,,,,,,,,24658.75,
2025-12-22,2025-12-23,1,15,bullish,1,25754.5,25757.5,HIT_9AM,25795.0,25629.5,33.25,90.75,True,2025-12-22 09:30:00-05:00,True,2025-12-22 09:33:00-05:00,40.0,61.0,0.8558875219683656,True,,
2026-01-08,2026-01-13,5,15,bearish,-1,25676.25,25774.0,HELD_AT_FVG,,,61.75,41.75,True,2026-01-08 10:08:00-05:00,False,,,,,False,25569.5,25713.5
2026-01-08,2026-01-15,7,15,bearish,-1,25676.25,25774.0,HELD_AT_FVG,,,61.75,41.75,True,2026-01-08 10:08:00-05:00,False,,,,,False,25569.5,25713.5
2026-01-09,2026-01-13,4,15,bearish,-1,25773.5,25782.75,HIT_9AM,,,149.5,113.75,True,2026-01-09 09:38:00-05:00,True,2026-01-09 12:51:00-05:00,49.0,28.75,0.4922048997772829,True,25615.75,25986.0
2026-01-09,2026-01-15,6,15,bearish,-1,25773.5,25782.75,PIERCED_9AM,,,149.5,113.75,True,2026-01-09 09:38:00-05:00,True,2026-01-09 10:27:00-05:00,78.0,62.5,1.2847533632286996,True,25615.75,25986.0
2026-01-14,2026-01-15,1,15,bearish,-1,25674.25,25734.0,HELD_AT_FVG,,,204.5,21.0,True,2026-01-14 10:14:00-05:00,False,,,,,False,25421.25,25695.0
2026-01-19,2026-01-22,3,15,bearish,-1,25314.75,25317.75,BROKE_FVG_HELD_9AM,,,25.75,30.25,False,2026-01-19 09:58:00-05:00,False,,,,,False,25236.25,25418.0
2026-01-19,2026-01-22,3,15,bearish,-1,25298.0,25305.0,BROKE_FVG_HELD_9AM,,,6.25,50.75,False,2026-01-19 09:55:00-05:00,False,,,,,False,25236.25,25418.0
2026-01-22,2026-01-28,6,15,bearish,-1,25659.0,25709.0,BROKE_FVG_HELD_9AM,,,14.25,46.0,False,2026-01-22 11:14:00-05:00,False,,,,,False,25534.75,25721.25
2026-01-22,2026-01-29,7,15,bearish,-1,25659.0,25709.0,BROKE_FVG_HELD_9AM,,,14.25,46.0,False,2026-01-22 11:14:00-05:00,False,,,,,False,25534.75,25721.25
2026-01-22,2026-01-28,6,15,bearish,-1,25585.25,25612.25,BROKE_FVG_HELD_9AM,,,39.5,87.75,True,2026-01-22 10:15:00-05:00,False,,,,,False,25537.5,25721.25
2026-01-22,2026-01-29,7,15,bearish,-1,25585.25,25612.25,BROKE_FVG_HELD_9AM,,,39.5,87.75,True,2026-01-22 10:15:00-05:00,False,,,,,False,25537.5,25721.25
2026-01-27,2026-01-30,3,15,bullish,1,26012.5,26022.0,NO_RETRACE,26114.5,,,,,,,,,,,,,
2026-01-27,2026-02-02,6,15,bullish,1,26012.5,26022.0,NO_RETRACE,26114.5,,,,,,,,,,,,,
2026-02-02,2026-02-05,3,15,bullish,1,25549.25,25698.25,NO_RETRACE,25949.0,,,,,,,,,,,,,
2026-02-02,2026-02-06,4,15,bullish,1,25549.25,25698.25,NO_RETRACE,25949.0,,,,,,,,,,,,,
2026-02-02,2026-02-09,7,15,bullish,1,25549.25,25698.25,NO_RETRACE,25949.0,,,,,,,,,,,,,
2026-02-16,2026-02-23,7,15,bearish,-1,24792.25,24844.0,HELD_AT_FVG,,,115.0,4.75,True,2026-02-16 10:05:00-05:00,False,,,,,False,24670.5,24797.5
2026-02-16,2026-02-23,7,15,bearish,-1,24777.0,24782.75,BROKE_FVG_HELD_9AM,,,103.5,16.25,True,2026-02-16 09:56:00-05:00,False,,,,,False,24670.5,24797.5
2026-02-17,2026-02-23,6,15,bearish,-1,24571.75,24605.75,HIT_9AM,,,118.75,219.0,True,2026-02-17 10:17:00-05:00,True,2026-02-17 13:54:00-05:00,36.75,32.5,0.17534246575342466,True,24449.25,24889.5
2026-02-17,2026-02-24,7,15,bearish,-1,24571.75,24605.75,HIT_9AM,,,118.75,219.0,True,2026-02-17 10:17:00-05:00,True,2026-02-17 11:05:00-05:00,47.75,101.5,0.723404255319149,True,24449.25,24889.5
2026-02-24,2026-02-26,2,15,bearish,-1,24854.5,24869.5,BROKE_FVG_HELD_9AM,,,45.0,159.75,True,2026-02-24 09:41:00-05:00,False,,,,,False,24694.0,25080.75
2026-02-25,2026-02-27,2,15,bullish,1,25164.75,25270.75,HELD_AT_FVG,25396.75,25264.75,63.0,5.25,True,2026-02-25 10:55:00-05:00,False,,,,,False,,
2026-02-25,2026-03-02,5,15,bullish,1,25164.75,25270.75,HELD_AT_FVG,25396.75,25264.75,63.0,5.25,True,2026-02-25 10:55:00-05:00,False,,,,,False,,
2026-02-25,2026-03-04,7,15,bullish,1,25164.75,25270.75,HELD_AT_FVG,25396.75,25264.75,63.0,5.25,True,2026-02-25 10:55:00-05:00,False,,,,,False,,
2026-02-25,2026-02-27,2,15,bullish,1,25279.75,25303.5,BROKE_FVG_HELD_9AM,25396.75,25264.75,36.5,40.5,True,2026-02-25 10:15:00-05:00,False,,,,,False,,
2026-02-25,2026-03-02,5,15,bullish,1,25279.75,25303.5,BROKE_FVG_HELD_9AM,25396.75,25264.75,36.5,40.5,True,2026-02-25 10:15:00-05:00,False,,,,,False,,
2026-02-25,2026-03-04,7,15,bullish,1,25279.75,25303.5,BROKE_FVG_HELD_9AM,25396.75,25264.75,36.5,40.5,True,2026-02-25 10:15:00-05:00,False,,,,,False,,
2026-03-05,2026-03-06,1,15,bullish,1,25002.25,25035.25,BROKE_FVG_HELD_9AM,25208.25,24774.0,73.5,93.0,True,2026-03-05 10:24:00-05:00,False,,,,,False,,
2026-03-05,2026-03-06,1,15,bullish,1,25125.25,25126.0,BROKE_FVG_HELD_9AM,25180.25,24774.0,12.25,199.25,False,2026-03-05 10:17:00-05:00,False,,,,,False,,
2026-03-05,2026-03-11,6,15,bullish,1,25125.25,25126.0,PIERCED_9AM,25180.25,24774.0,12.25,199.25,False,2026-03-05 10:17:00-05:00,True,2026-03-05 10:17:00-05:00,12.25,199.25,1.5,False,,
2026-03-11,2026-03-13,2,15,bullish,1,24958.75,24960.25,BROKE_FVG_HELD_9AM,25180.0,24873.75,120.5,58.25,True,2026-03-11 10:34:00-04:00,False,,,,,False,,
2026-03-11,2026-03-16,5,15,bullish,1,24958.75,24960.25,BROKE_FVG_HELD_9AM,25180.0,24873.75,120.5,58.25,True,2026-03-11 10:34:00-04:00,False,,,,,False,,
2026-03-11,2026-03-17,6,15,bullish,1,24958.75,24960.25,HIT_9AM,25180.0,24873.75,120.5,58.25,True,2026-03-11 10:34:00-04:00,True,2026-03-11 11:48:00-04:00,111.5,3.5,0.12534059945504086,True,,
2026-03-11,2026-03-18,7,15,bullish,1,24958.75,24960.25,BROKE_FVG_HELD_9AM,25180.0,24873.75,120.5,58.25,True,2026-03-11 10:34:00-04:00,False,,,,,False,,
2026-03-11,2026-03-13,2,15,bullish,1,24999.5,25035.0,BROKE_FVG_HELD_9AM,25180.0,24873.75,151.25,70.25,True,2026-03-11 09:50:00-04:00,False,,,,,False,,
2026-03-11,2026-03-16,5,15,bullish,1,24999.5,25035.0,BROKE_FVG_HELD_9AM,25180.0,24873.75,151.25,70.25,True,2026-03-11 09:50:00-04:00,False,,,,,False,,
2026-03-11,2026-03-17,6,15,bullish,1,24999.5,25035.0,HIT_9AM,25180.0,24873.75,151.25,70.25,True,2026-03-11 09:50:00-04:00,True,2026-03-11 11:48:00-04:00,111.5,3.5,0.12534059945504086,True,,
2026-03-11,2026-03-18,7,15,bullish,1,24999.5,25035.0,BROKE_FVG_HELD_9AM,25180.0,24873.75,151.25,70.25,True,2026-03-11 09:50:00-04:00,False,,,,,False,,
2026-03-13,2026-03-19,6,15,bullish,1,24684.5,24720.75,BROKE_FVG_HELD_9AM,24765.5,24350.75,46.75,235.25,True,2026-03-13 10:02:00-04:00,False,,,,,False,,
2026-03-17,2026-03-19,2,15,bullish,1,24719.5,24750.75,HELD_AT_FVG,24896.75,24727.0,113.75,36.5,True,2026-03-17 09:30:00-04:00,False,,,,,False,,
2026-03-17,2026-03-18,1,15,bullish,1,24809.0,24838.25,HIT_9AM,24882.0,24727.0,32.75,61.5,True,2026-03-17 10:03:00-04:00,True,2026-03-17 10:17:00-04:00,91.25,3.0,0.3917910447761194,True,,
2026-03-17,2026-03-19,2,15,bullish,1,24809.0,24838.25,BROKE_FVG_HELD_9AM,24882.0,24727.0,32.75,61.5,True,2026-03-17 10:03:00-04:00,False,,,,,False,,
2026-03-19,2026-03-26,7,15,bullish,1,24239.25,24257.5,HIT_9AM,24475.0,24166.5,102.5,66.25,True,2026-03-19 10:19:00-04:00,True,2026-03-19 10:21:00-04:00,131.0,37.75,0.3991031390134529,True,,
2026-03-26,2026-03-31,5,15,bullish,1,24121.5,24125.5,BROKE_FVG_HELD_9AM,24241.25,23775.0,134.25,41.0,True,2026-03-26 09:30:00-04:00,False,,,,,False,,
2026-03-26,2026-04-02,7,15,bullish,1,24121.5,24125.5,HIT_9AM,24241.25,23775.0,134.25,41.0,True,2026-03-26 09:30:00-04:00,True,2026-03-26 13:47:00-04:00,5.25,74.0,0.5778019586507073,False,,
2026-03-26,2026-03-31,5,15,bullish,1,24158.5,24168.25,BROKE_FVG_HELD_9AM,24231.5,23775.0,60.25,133.0,True,2026-03-26 10:37:00-04:00,False,,,,,False,,
2026-03-26,2026-04-02,7,15,bullish,1,24158.5,24168.25,HIT_9AM,24231.5,23775.0,60.25,133.0,True,2026-03-26 10:37:00-04:00,True,2026-03-26 13:47:00-04:00,5.25,74.0,0.5778019586507073,False,,
2026-03-30,2026-04-07,8,15,bearish,-1,23405.75,23496.5,HELD_AT_FVG,,,125.75,29.5,True,2026-03-30 11:03:00-04:00,False,,,,,False,23024.25,23437.75
2026-04-07,2026-04-08,1,15,bearish,-1,24210.0,24212.75,BROKE_FVG_HELD_9AM,,,49.75,49.5,True,2026-04-07 12:03:00-04:00,False,,,,,False,23941.5,24380.75
2026-04-07,2026-04-08,1,15,bearish,-1,24129.5,24187.75,BROKE_FVG_HELD_9AM,,,177.25,27.25,True,2026-04-07 10:24:00-04:00,False,,,,,False,23941.5,24380.75
2026-04-16,2026-04-17,1,15,bearish,-1,26394.75,26397.75,BROKE_FVG_HELD_9AM,,,56.0,119.5,True,2026-04-16 10:13:00-04:00,False,,,,,False,26288.75,26562.75
