today,prior,src,level,level_price,first_touch_ts,first_touch_hour,px_at_touch,react_close_60m,react_mfe,react_mae,reversed
2025-05-05,2025-05-02,1h,L0,20019.5,2025-05-05 10:33:00-04:00,10,20033.25,20089.0,91.0,-24.25,True
2025-05-05,2025-05-02,1h,L25,20050.0,2025-05-05 10:04:00-04:00,10,20057.25,20115.75,61.0,-48.25,True
2025-05-05,2025-05-02,1h,L50,20080.5,2025-05-05 10:00:00-04:00,10,20092.25,20105.5,23.25,-83.25,True
2025-05-05,2025-05-02,1h,L75,20111.0,2025-05-05 10:01:00-04:00,10,20106.0,20113.25,9.5,-97.0,False
2025-05-05,2025-05-02,1h,L100,20141.5,2025-05-05 12:28:00-04:00,12,20135.0,20130.25,11.0,-29.0,False
2025-05-05,2025-05-02,5m,L0,20046.25,2025-05-05 10:05:00-04:00,10,20064.75,20110.5,53.5,-55.75,True
2025-05-05,2025-05-02,5m,L25,20063.5625,2025-05-05 10:00:00-04:00,10,20092.25,20105.5,23.25,-83.25,True
2025-05-05,2025-05-02,5m,L50,20080.875,2025-05-05 10:00:00-04:00,10,20092.25,20105.5,23.25,-83.25,True
2025-05-05,2025-05-02,5m,L75,20098.1875,2025-05-05 10:00:00-04:00,10,20092.25,20105.5,23.25,-83.25,False
2025-05-05,2025-05-02,5m,L100,20115.5,2025-05-05 10:01:00-04:00,10,20106.0,20113.25,9.5,-97.0,False
2025-05-06,2025-05-02,1h,L0,20019.5,2025-05-06 12:14:00-04:00,12,20006.0,19901.75,21.0,-145.75,False
2025-05-06,2025-05-05,1h,L0,19985.25,2025-05-06 12:13:00-04:00,12,19988.0,19903.0,39.0,-127.75,False
2025-05-06,2025-05-05,1h,L25,20006.75,2025-05-06 12:14:00-04:00,12,20006.0,19901.75,21.0,-145.75,False
2025-05-06,2025-05-05,1h,L50,20028.25,2025-05-06 12:14:00-04:00,12,20006.0,19901.75,21.0,-145.75,True
2025-05-06,2025-05-05,5m,L0,20022.75,2025-05-06 12:14:00-04:00,12,20006.0,19901.75,21.0,-145.75,False
2025-05-07,2025-05-02,1h,L0,20019.5,2025-05-07 15:42:00-04:00,15,20008.0,19950.0,47.0,-169.0,False
2025-05-07,2025-05-02,1h,L25,20050.0,2025-05-07 15:43:00-04:00,15,20023.5,19950.0,31.5,-184.5,False
2025-05-07,2025-05-02,5m,L0,20046.25,2025-05-07 15:43:00-04:00,15,20023.5,19950.0,31.5,-184.5,False
2025-05-07,2025-05-05,1h,L0,19985.25,2025-05-07 15:42:00-04:00,15,20008.0,19950.0,47.0,-169.0,False
2025-05-07,2025-05-05,1h,L25,20006.75,2025-05-07 15:42:00-04:00,15,20008.0,19950.0,47.0,-169.0,False
2025-05-07,2025-05-05,1h,L50,20028.25,2025-05-07 15:43:00-04:00,15,20023.5,19950.0,31.5,-184.5,True
2025-05-07,2025-05-05,1h,L75,20049.75,2025-05-07 15:43:00-04:00,15,20023.5,19950.0,31.5,-184.5,True
2025-05-07,2025-05-05,5m,L0,20022.75,2025-05-07 15:42:00-04:00,15,20008.0,19950.0,47.0,-169.0,False
2025-05-07,2025-05-05,5m,L25,20032.4375,2025-05-07 15:43:00-04:00,15,20023.5,19950.0,31.5,-184.5,False
2025-05-07,2025-05-05,5m,L50,20042.125,2025-05-07 15:43:00-04:00,15,20023.5,19950.0,31.5,-184.5,True
2025-05-07,2025-05-05,5m,L75,20051.8125,2025-05-07 15:43:00-04:00,15,20023.5,19950.0,31.5,-184.5,True
2025-05-07,2025-05-06,1h,L0,19746.75,2025-05-07 14:06:00-04:00,14,19737.75,19867.5,166.0,-59.25,True
2025-05-07,2025-05-06,1h,L25,19776.1875,2025-05-07 14:06:00-04:00,14,19737.75,19867.5,166.0,-59.25,True
2025-05-07,2025-05-06,1h,L50,19805.625,2025-05-07 11:01:00-04:00,11,19819.75,19848.5,37.0,-35.0,True
2025-05-07,2025-05-06,1h,L75,19835.0625,2025-05-07 10:55:00-04:00,10,19839.25,19844.0,21.5,-54.5,False
2025-05-07,2025-05-06,1h,L100,19864.5,2025-05-07 10:54:00-04:00,10,19849.25,19836.5,24.5,-64.5,True
2025-05-07,2025-05-06,5m,L0,19797.0,2025-05-07 11:07:00-04:00,11,19814.25,19847.75,42.5,-29.5,True
2025-05-07,2025-05-06,5m,L25,19813.125,2025-05-07 11:01:00-04:00,11,19819.75,19848.5,37.0,-35.0,True
2025-05-07,2025-05-06,5m,L50,19829.25,2025-05-07 10:55:00-04:00,10,19839.25,19844.0,21.5,-54.5,False
2025-05-07,2025-05-06,5m,L75,19845.375,2025-05-07 10:54:00-04:00,10,19849.25,19836.5,24.5,-64.5,True
2025-05-07,2025-05-06,5m,L100,19861.5,2025-05-07 10:54:00-04:00,10,19849.25,19836.5,24.5,-64.5,True
2025-05-08,2025-05-02,1h,L0,20019.5,2025-05-08 10:54:00-04:00,10,20024.75,20288.25,292.0,-46.75,True
2025-05-08,2025-05-02,1h,L25,20050.0,2025-05-08 10:08:00-04:00,10,20074.5,20061.0,43.0,-96.5,False
2025-05-08,2025-05-02,1h,L50,20080.5,2025-05-08 10:00:00-04:00,10,20102.75,20024.25,22.0,-124.75,True
2025-05-08,2025-05-02,1h,L75,20111.0,2025-05-08 10:00:00-04:00,10,20102.75,20024.25,22.0,-124.75,True
2025-05-08,2025-05-02,1h,L100,20141.5,2025-05-08 11:20:00-04:00,11,20126.25,20308.75,199.5,-29.0,False
2025-05-08,2025-05-02,5m,L0,20046.25,2025-05-08 10:11:00-04:00,10,20043.25,20066.5,74.25,-65.25,True
2025-05-08,2025-05-02,5m,L25,20063.5625,2025-05-08 10:08:00-04:00,10,20074.5,20061.0,43.0,-96.5,False
2025-05-08,2025-05-02,5m,L50,20080.875,2025-05-08 10:00:00-04:00,10,20102.75,20024.25,22.0,-124.75,True
2025-05-08,2025-05-02,5m,L75,20098.1875,2025-05-08 10:00:00-04:00,10,20102.75,20024.25,22.0,-124.75,True
2025-05-08,2025-05-02,5m,L100,20115.5,2025-05-08 10:01:00-04:00,10,20120.0,20031.5,4.75,-142.0,True
2025-05-08,2025-05-05,1h,L0,19985.25,2025-05-08 10:55:00-04:00,10,19988.25,20274.25,328.5,-10.25,True
2025-05-08,2025-05-05,1h,L25,20006.75,2025-05-08 10:54:00-04:00,10,20024.75,20288.25,292.0,-46.75,True
2025-05-08,2025-05-05,1h,L50,20028.25,2025-05-08 10:12:00-04:00,10,20038.0,20064.0,79.5,-60.0,True
2025-05-08,2025-05-05,1h,L75,20049.75,2025-05-08 10:11:00-04:00,10,20043.25,20066.5,74.25,-65.25,False
2025-05-08,2025-05-05,1h,L100,20071.25,2025-05-08 10:08:00-04:00,10,20074.5,20061.0,43.0,-96.5,True
2025-05-08,2025-05-05,5m,L0,20022.75,2025-05-08 10:12:00-04:00,10,20038.0,20064.0,79.5,-60.0,True
2025-05-08,2025-05-05,5m,L25,20032.4375,2025-05-08 10:12:00-04:00,10,20038.0,20064.0,79.5,-60.0,True
2025-05-08,2025-05-05,5m,L50,20042.125,2025-05-08 10:11:00-04:00,10,20043.25,20066.5,74.25,-65.25,True
2025-05-08,2025-05-05,5m,L75,20051.8125,2025-05-08 10:08:00-04:00,10,20074.5,20061.0,43.0,-96.5,True
2025-05-08,2025-05-05,5m,L100,20061.5,2025-05-08 10:08:00-04:00,10,20074.5,20061.0,43.0,-96.5,True
2025-05-09,2025-05-02,1h,L50,20080.5,2025-05-09 10:36:00-04:00,10,20087.75,20135.25,88.25,-30.25,True
2025-05-09,2025-05-02,1h,L75,20111.0,2025-05-09 10:28:00-04:00,10,20125.0,20132.0,51.0,-67.5,False
2025-05-09,2025-05-02,1h,L100,20141.5,2025-05-09 10:26:00-04:00,10,20152.0,20120.75,26.5,-94.5,True
2025-05-09,2025-05-02,5m,L25,20063.5625,2025-05-09 10:38:00-04:00,10,20064.25,20140.5,111.75,-6.75,True
2025-05-09,2025-05-02,5m,L50,20080.875,2025-05-09 10:36:00-04:00,10,20087.75,20135.25,88.25,-30.25,True
2025-05-09,2025-05-02,5m,L75,20098.1875,2025-05-09 10:35:00-04:00,10,20103.75,20149.5,72.25,-46.25,False
2025-05-09,2025-05-02,5m,L100,20115.5,2025-05-09 10:28:00-04:00,10,20125.0,20132.0,51.0,-67.5,False
2025-05-09,2025-05-05,1h,L100,20071.25,2025-05-09 10:37:00-04:00,10,20078.0,20137.5,98.0,-20.5,False
2025-05-09,2025-05-05,5m,L100,20061.5,2025-05-09 10:38:00-04:00,10,20064.25,20140.5,111.75,-6.75,False
2025-05-09,2025-05-08,1h,L0,20061.0,2025-05-09 10:38:00-04:00,10,20064.25,20140.5,111.75,-6.75,True
2025-05-09,2025-05-08,1h,L25,20091.75,2025-05-09 10:35:00-04:00,10,20103.75,20149.5,72.25,-46.25,True
2025-05-09,2025-05-08,1h,L50,20122.5,2025-05-09 10:27:00-04:00,10,20138.25,20125.25,37.75,-80.75,True
2025-05-09,2025-05-08,1h,L75,20153.25,2025-05-09 10:26:00-04:00,10,20152.0,20120.75,26.5,-94.5,True
2025-05-09,2025-05-08,1h,L100,20184.0,2025-05-09 10:21:00-04:00,10,20206.75,20136.25,2.5,-149.25,True
2025-05-09,2025-05-08,5m,L0,20061.0,2025-05-09 10:38:00-04:00,10,20064.25,20140.5,111.75,-6.75,True
2025-05-09,2025-05-08,5m,L25,20077.1875,2025-05-09 10:36:00-04:00,10,20087.75,20135.25,88.25,-30.25,True
2025-05-09,2025-05-08,5m,L50,20093.375,2025-05-09 10:35:00-04:00,10,20103.75,20149.5,72.25,-46.25,True
2025-05-09,2025-05-08,5m,L75,20109.5625,2025-05-09 10:28:00-04:00,10,20125.0,20132.0,51.0,-67.5,False
2025-05-09,2025-05-08,5m,L100,20125.75,2025-05-09 10:27:00-04:00,10,20138.25,20125.25,37.75,-80.75,True
2025-05-15,2025-05-14,1h,L0,21272.75,2025-05-15 10:10:00-04:00,10,21287.0,21369.5,85.75,-30.25,True
2025-05-15,2025-05-14,1h,L25,21305.75,2025-05-15 10:00:00-04:00,10,21314.0,21337.25,33.0,-57.25,True
2025-05-15,2025-05-14,1h,L50,21338.75,2025-05-15 10:01:00-04:00,10,21339.0,21335.75,8.0,-82.25,False
2025-05-15,2025-05-14,1h,L75,21371.75,2025-05-15 11:05:00-04:00,11,21360.75,21440.5,85.75,-7.25,False
2025-05-15,2025-05-14,1h,L100,21404.75,2025-05-15 11:17:00-04:00,11,21391.0,21446.25,71.75,-10.75,False
2025-05-15,2025-05-14,5m,L0,21277.0,2025-05-15 10:10:00-04:00,10,21287.0,21369.5,85.75,-30.25,True
2025-05-15,2025-05-14,5m,L25,21294.125,2025-05-15 10:00:00-04:00,10,21314.0,21337.25,33.0,-57.25,True
2025-05-15,2025-05-14,5m,L50,21311.25,2025-05-15 10:00:00-04:00,10,21314.0,21337.25,33.0,-57.25,True
2025-05-15,2025-05-14,5m,L75,21328.375,2025-05-15 10:01:00-04:00,10,21339.0,21335.75,8.0,-82.25,False
2025-05-15,2025-05-14,5m,L100,21345.5,2025-05-15 10:01:00-04:00,10,21339.0,21335.75,8.0,-82.25,False
2025-05-16,2025-05-14,1h,L50,21338.75,2025-05-16 10:44:00-04:00,10,21326.5,21431.25,116.75,-6.5,True
2025-05-16,2025-05-14,1h,L75,21371.75,2025-05-16 10:35:00-04:00,10,21385.5,21419.5,44.5,-65.5,False
2025-05-16,2025-05-14,1h,L100,21404.75,2025-05-16 10:00:00-04:00,10,21408.5,21401.75,48.5,-88.5,True
2025-05-16,2025-05-14,5m,L75,21328.375,2025-05-16 10:44:00-04:00,10,21326.5,21431.25,116.75,-6.5,False
2025-05-16,2025-05-14,5m,L100,21345.5,2025-05-16 10:43:00-04:00,10,21350.25,21430.75,93.0,-30.25,False
2025-05-16,2025-05-15,1h,L75,21316.6875,2025-05-16 10:45:00-04:00,10,21356.25,21430.0,87.0,-36.25,False
2025-05-16,2025-05-15,1h,L100,21339.5,2025-05-16 10:44:00-04:00,10,21326.5,21431.25,116.75,-6.5,False
2025-05-16,2025-05-15,5m,L100,21321.25,2025-05-16 10:44:00-04:00,10,21326.5,21431.25,116.75,-6.5,False
2025-05-19,2025-05-14,1h,L75,21371.75,2025-05-19 10:00:00-04:00,10,21354.5,21392.5,108.25,-7.25,False
2025-05-19,2025-05-14,1h,L100,21404.75,2025-05-19 10:02:00-04:00,10,21396.25,21410.0,66.5,-20.0,False
2025-05-19,2025-05-14,5m,L100,21345.5,2025-05-19 10:00:00-04:00,10,21354.5,21392.5,108.25,-7.25,False
2025-05-19,2025-05-16,1h,L0,21388.75,2025-05-19 10:01:00-04:00,10,21388.0,21402.75,74.75,-39.0,True
2025-05-19,2025-05-16,1h,L25,21417.6875,2025-05-19 10:07:00-04:00,10,21432.75,21395.25,30.0,-56.5,False
2025-05-19,2025-05-16,1h,L50,21446.625,2025-05-19 10:07:00-04:00,10,21432.75,21395.25,30.0,-56.5,True
2025-05-19,2025-05-16,1h,L75,21475.5625,2025-05-19 11:40:00-04:00,11,21461.0,21451.75,17.0,-49.25,True
2025-05-19,2025-05-16,1h,L100,21504.5,2025-05-19 12:56:00-04:00,12,21496.0,21507.5,49.5,-7.75,False
2025-05-19,2025-05-16,5m,L0,21409.0,2025-05-19 10:02:00-04:00,10,21396.25,21410.0,66.5,-20.0,True
2025-05-19,2025-05-16,5m,L25,21416.8125,2025-05-19 10:07:00-04:00,10,21432.75,21395.25,30.0,-56.5,False
2025-05-19,2025-05-16,5m,L50,21424.625,2025-05-19 10:07:00-04:00,10,21432.75,21395.25,30.0,-56.5,True
2025-05-19,2025-05-16,5m,L75,21432.4375,2025-05-19 10:07:00-04:00,10,21432.75,21395.25,30.0,-56.5,True
2025-05-19,2025-05-16,5m,L100,21440.25,2025-05-19 10:07:00-04:00,10,21432.75,21395.25,30.0,-56.5,True
2025-05-20,2025-05-14,1h,L25,21305.75,2025-05-20 15:04:00-04:00,15,21309.25,21447.25,142.75,-11.25,True
2025-05-20,2025-05-14,1h,L50,21338.75,2025-05-20 14:28:00-04:00,14,21348.5,21386.5,39.5,-50.5,True
2025-05-20,2025-05-14,1h,L75,21371.75,2025-05-20 10:01:00-04:00,10,21388.25,21404.25,63.0,-25.75,False
2025-05-20,2025-05-14,1h,L100,21404.75,2025-05-20 10:00:00-04:00,10,21395.25,21405.5,56.0,-32.75,False
2025-05-20,2025-05-14,5m,L25,21294.125,2025-05-20 15:05:00-04:00,15,21314.75,21447.25,137.25,-16.75,True
2025-05-20,2025-05-14,5m,L50,21311.25,2025-05-20 15:04:00-04:00,15,21309.25,21447.25,142.75,-11.25,True
2025-05-20,2025-05-14,5m,L75,21328.375,2025-05-20 15:00:00-04:00,15,21335.75,21447.25,116.25,-37.75,False
2025-05-20,2025-05-14,5m,L100,21345.5,2025-05-20 14:28:00-04:00,14,21348.5,21386.5,39.5,-50.5,False
2025-05-20,2025-05-15,1h,L50,21293.875,2025-05-20 15:05:00-04:00,15,21314.75,21447.25,137.25,-16.75,True
2025-05-20,2025-05-15,1h,L75,21316.6875,2025-05-20 15:02:00-04:00,15,21321.5,21447.25,130.5,-23.5,False
2025-05-20,2025-05-15,1h,L100,21339.5,2025-05-20 14:28:00-04:00,14,21348.5,21386.5,39.5,-50.5,False
2025-05-20,2025-05-15,5m,L75,21303.0,2025-05-20 15:04:00-04:00,15,21309.25,21447.25,142.75,-11.25,False
2025-05-20,2025-05-15,5m,L100,21321.25,2025-05-20 15:01:00-04:00,15,21334.0,21447.25,118.0,-36.0,False
2025-05-20,2025-05-16,1h,L0,21388.75,2025-05-20 10:00:00-04:00,10,21395.25,21405.5,56.0,-32.75,True
2025-05-20,2025-05-16,1h,L25,21417.6875,2025-05-20 10:05:00-04:00,10,21409.0,21407.0,42.25,-46.5,False
2025-05-20,2025-05-16,1h,L50,21446.625,2025-05-20 10:39:00-04:00,10,21439.5,21412.75,11.75,-52.25,True
2025-05-20,2025-05-16,1h,L75,21475.5625,2025-05-20 12:45:00-04:00,12,21460.75,21430.75,13.0,-42.5,True
2025-05-20,2025-05-16,5m,L0,21409.0,2025-05-20 10:00:00-04:00,10,21395.25,21405.5,56.0,-32.75,True
2025-05-20,2025-05-16,5m,L25,21416.8125,2025-05-20 10:05:00-04:00,10,21409.0,21407.0,42.25,-46.5,False
2025-05-20,2025-05-16,5m,L50,21424.625,2025-05-20 10:21:00-04:00,10,21411.75,21425.5,39.5,-33.25,True
2025-05-20,2025-05-16,5m,L75,21432.4375,2025-05-20 10:38:00-04:00,10,21424.5,21408.5,26.75,-37.25,True
2025-05-20,2025-05-16,5m,L100,21440.25,2025-05-20 10:39:00-04:00,10,21439.5,21412.75,11.75,-52.25,True
2025-05-20,2025-05-19,1h,L75,21319.75,2025-05-20 15:02:00-04:00,15,21321.5,21447.25,130.5,-23.5,False
2025-05-20,2025-05-19,1h,L100,21375.0,2025-05-20 10:01:00-04:00,10,21388.25,21404.25,63.0,-25.75,False
2025-05-20,2025-05-19,5m,L0,21316.5,2025-05-20 15:02:00-04:00,15,21321.5,21447.25,130.5,-23.5,True
2025-05-20,2025-05-19,5m,L25,21331.125,2025-05-20 15:00:00-04:00,15,21335.75,21447.25,116.25,-37.75,True
2025-05-20,2025-05-19,5m,L50,21345.75,2025-05-20 14:28:00-04:00,14,21348.5,21386.5,39.5,-50.5,True
2025-05-20,2025-05-19,5m,L75,21360.375,2025-05-20 10:10:00-04:00,10,21382.5,21408.5,68.75,-20.0,False
2025-05-20,2025-05-19,5m,L100,21375.0,2025-05-20 10:01:00-04:00,10,21388.25,21404.25,63.0,-25.75,False
2025-05-21,2025-05-14,1h,L0,21272.75,2025-05-21 13:24:00-04:00,13,21272.0,21211.25,56.25,-111.75,False
2025-05-21,2025-05-14,1h,L25,21305.75,2025-05-21 13:22:00-04:00,13,21297.0,21196.5,35.0,-136.75,False
2025-05-21,2025-05-14,1h,L50,21338.75,2025-05-21 13:20:00-04:00,13,21321.75,21201.5,57.75,-161.5,True
2025-05-21,2025-05-14,1h,L75,21371.75,2025-05-21 10:00:00-04:00,10,21364.25,21453.25,99.5,-2.0,False
2025-05-21,2025-05-14,1h,L100,21404.75,2025-05-21 10:01:00-04:00,10,21387.25,21456.0,76.5,-25.0,False
2025-05-21,2025-05-14,5m,L0,21277.0,2025-05-21 13:23:00-04:00,13,21309.75,21212.5,18.5,-149.5,False
2025-05-21,2025-05-14,5m,L25,21294.125,2025-05-21 13:22:00-04:00,13,21297.0,21196.5,35.0,-136.75,False
2025-05-21,2025-05-14,5m,L50,21311.25,2025-05-21 13:21:00-04:00,13,21330.75,21192.5,9.75,-170.5,True
2025-05-21,2025-05-14,5m,L75,21328.375,2025-05-21 13:20:00-04:00,13,21321.75,21201.5,57.75,-161.5,True
2025-05-21,2025-05-14,5m,L100,21345.5,2025-05-21 13:19:00-04:00,13,21376.0,21230.0,4.75,-215.75,True
2025-05-21,2025-05-15,1h,L0,21248.25,2025-05-21 13:25:00-04:00,13,21262.75,21228.0,65.5,-102.5,False
2025-05-21,2025-05-15,1h,L25,21271.0625,2025-05-21 13:24:00-04:00,13,21272.0,21211.25,56.25,-111.75,False
2025-05-21,2025-05-15,1h,L50,21293.875,2025-05-21 13:22:00-04:00,13,21297.0,21196.5,35.0,-136.75,True
2025-05-21,2025-05-15,1h,L75,21316.6875,2025-05-21 13:20:00-04:00,13,21321.75,21201.5,57.75,-161.5,True
2025-05-21,2025-05-15,1h,L100,21339.5,2025-05-21 13:19:00-04:00,13,21376.0,21230.0,4.75,-215.75,True
2025-05-21,2025-05-15,5m,L0,21248.25,2025-05-21 13:25:00-04:00,13,21262.75,21228.0,65.5,-102.5,False
2025-05-21,2025-05-15,5m,L25,21266.5,2025-05-21 13:24:00-04:00,13,21272.0,21211.25,56.25,-111.75,False
2025-05-21,2025-05-15,5m,L50,21284.75,2025-05-21 13:23:00-04:00,13,21309.75,21212.5,18.5,-149.5,True
2025-05-21,2025-05-15,5m,L75,21303.0,2025-05-21 13:22:00-04:00,13,21297.0,21196.5,35.0,-136.75,True
2025-05-21,2025-05-15,5m,L100,21321.25,2025-05-21 13:20:00-04:00,13,21321.75,21201.5,57.75,-161.5,True
2025-05-21,2025-05-16,1h,L0,21388.75,2025-05-21 10:00:00-04:00,10,21364.25,21453.25,99.5,-2.0,True
2025-05-21,2025-05-16,1h,L25,21417.6875,2025-05-21 10:01:00-04:00,10,21387.25,21456.0,76.5,-25.0,True
2025-05-21,2025-05-16,1h,L50,21446.625,2025-05-21 10:56:00-04:00,10,21442.25,21525.75,93.25,-21.5,True
2025-05-21,2025-05-16,1h,L75,21475.5625,2025-05-21 11:04:00-04:00,11,21470.5,21526.25,65.0,-10.5,False
2025-05-21,2025-05-16,1h,L100,21504.5,2025-05-21 11:08:00-04:00,11,21505.5,21538.75,39.25,-19.75,False
2025-05-21,2025-05-16,5m,L0,21409.0,2025-05-21 10:01:00-04:00,10,21387.25,21456.0,76.5,-25.0,True
2025-05-21,2025-05-16,5m,L25,21416.8125,2025-05-21 10:01:00-04:00,10,21387.25,21456.0,76.5,-25.0,True
2025-05-21,2025-05-16,5m,L50,21424.625,2025-05-21 10:01:00-04:00,10,21387.25,21456.0,76.5,-25.0,True
2025-05-21,2025-05-16,5m,L75,21432.4375,2025-05-21 10:01:00-04:00,10,21387.25,21456.0,76.5,-25.0,False
2025-05-21,2025-05-16,5m,L100,21440.25,2025-05-21 10:01:00-04:00,10,21387.25,21456.0,76.5,-25.0,False
2025-05-21,2025-05-19,1h,L0,21154.0,2025-05-21 15:06:00-04:00,15,21152.25,21148.75,69.0,-80.5,False
2025-05-21,2025-05-19,1h,L25,21209.25,2025-05-21 13:29:00-04:00,13,21203.5,21240.5,124.75,-43.25,True
2025-05-21,2025-05-19,1h,L50,21264.5,2025-05-21 13:24:00-04:00,13,21272.0,21211.25,56.25,-111.75,True
2025-05-21,2025-05-19,1h,L75,21319.75,2025-05-21 13:20:00-04:00,13,21321.75,21201.5,57.75,-161.5,True
2025-05-21,2025-05-19,1h,L100,21375.0,2025-05-21 10:00:00-04:00,10,21364.25,21453.25,99.5,-2.0,False
2025-05-21,2025-05-19,5m,L0,21316.5,2025-05-21 13:20:00-04:00,13,21321.75,21201.5,57.75,-161.5,False
2025-05-21,2025-05-19,5m,L25,21331.125,2025-05-21 13:20:00-04:00,13,21321.75,21201.5,57.75,-161.5,False
2025-05-21,2025-05-19,5m,L50,21345.75,2025-05-21 13:19:00-04:00,13,21376.0,21230.0,4.75,-215.75,True
2025-05-21,2025-05-19,5m,L75,21360.375,2025-05-21 10:00:00-04:00,10,21364.25,21453.25,99.5,-2.0,False
2025-05-21,2025-05-19,5m,L100,21375.0,2025-05-21 10:00:00-04:00,10,21364.25,21453.25,99.5,-2.0,False
2025-05-21,2025-05-20,1h,L0,21354.0,2025-05-21 13:18:00-04:00,13,21358.0,21241.0,31.75,-197.75,False
2025-05-21,2025-05-20,1h,L25,21380.0,2025-05-21 10:00:00-04:00,10,21364.25,21453.25,99.5,-2.0,True
2025-05-21,2025-05-20,1h,L50,21406.0,2025-05-21 10:01:00-04:00,10,21387.25,21456.0,76.5,-25.0,True
2025-05-21,2025-05-20,1h,L75,21432.0,2025-05-21 10:01:00-04:00,10,21387.25,21456.0,76.5,-25.0,False
2025-05-21,2025-05-20,1h,L100,21458.0,2025-05-21 10:59:00-04:00,10,21456.0,21515.25,79.5,-9.25,False
2025-05-21,2025-05-20,5m,L0,21358.0,2025-05-21 10:01:00-04:00,10,21387.25,21456.0,76.5,-25.0,True
2025-05-21,2025-05-20,5m,L25,21372.875,2025-05-21 10:00:00-04:00,10,21364.25,21453.25,99.5,-2.0,True
2025-05-21,2025-05-20,5m,L50,21387.75,2025-05-21 10:00:00-04:00,10,21364.25,21453.25,99.5,-2.0,True
2025-05-21,2025-05-20,5m,L75,21402.625,2025-05-21 10:01:00-04:00,10,21387.25,21456.0,76.5,-25.0,False
2025-05-21,2025-05-20,5m,L100,21417.5,2025-05-21 10:01:00-04:00,10,21387.25,21456.0,76.5,-25.0,False
2025-05-22,2025-05-15,1h,L0,21248.25,2025-05-22 10:20:00-04:00,10,21257.5,21240.0,11.75,-91.0,False
2025-05-22,2025-05-15,1h,L25,21271.0625,2025-05-22 10:12:00-04:00,10,21280.5,21239.5,14.25,-114.0,False
2025-05-22,2025-05-15,1h,L50,21293.875,2025-05-22 10:00:00-04:00,10,21290.0,21241.0,40.25,-123.5,True
2025-05-22,2025-05-15,1h,L75,21316.6875,2025-05-22 10:03:00-04:00,10,21311.5,21242.75,18.75,-145.0,True
2025-05-22,2025-05-15,1h,L100,21339.5,2025-05-22 15:05:00-04:00,15,21330.75,21183.75,7.0,-164.5,True
2025-05-22,2025-05-15,5m,L0,21248.25,2025-05-22 10:20:00-04:00,10,21257.5,21240.0,11.75,-91.0,False
2025-05-22,2025-05-15,5m,L25,21266.5,2025-05-22 10:13:00-04:00,10,21281.75,21243.25,4.75,-115.25,False
2025-05-22,2025-05-15,5m,L50,21284.75,2025-05-22 10:00:00-04:00,10,21290.0,21241.0,40.25,-123.5,True
2025-05-22,2025-05-15,5m,L75,21303.0,2025-05-22 10:00:00-04:00,10,21290.0,21241.0,40.25,-123.5,True
2025-05-22,2025-05-15,5m,L100,21321.25,2025-05-22 10:04:00-04:00,10,21309.0,21245.75,21.25,-142.5,True
2025-05-22,2025-05-19,1h,L25,21209.25,2025-05-22 10:25:00-04:00,10,21221.0,21265.0,48.25,-54.5,True
2025-05-22,2025-05-19,1h,L50,21264.5,2025-05-22 10:13:00-04:00,10,21281.75,21243.25,4.75,-115.25,True
2025-05-22,2025-05-19,1h,L75,21319.75,2025-05-22 10:03:00-04:00,10,21311.5,21242.75,18.75,-145.0,True
2025-05-22,2025-05-19,5m,L0,21316.5,2025-05-22 10:03:00-04:00,10,21311.5,21242.75,18.75,-145.0,False
2025-05-22,2025-05-19,5m,L25,21331.125,2025-05-22 10:07:00-04:00,10,21326.5,21257.25,3.75,-160.0,False
2025-05-22,2025-05-21,1h,L0,21261.0,2025-05-22 10:13:00-04:00,10,21281.75,21243.25,4.75,-115.25,False
2025-05-22,2025-05-21,1h,L25,21297.0,2025-05-22 10:00:00-04:00,10,21290.0,21241.0,40.25,-123.5,False
2025-05-22,2025-05-21,1h,L50,21333.0,2025-05-22 10:07:00-04:00,10,21326.5,21257.25,3.75,-160.0,True
2025-05-26,2025-05-19,1h,L50,21264.5,2025-05-26 10:03:00-04:00,10,21272.0,21225.25,5.25,-49.25,True
2025-05-26,2025-05-21,1h,L0,21261.0,2025-05-26 10:06:00-04:00,10,21268.25,21223.5,8.75,-52.75,False
2025-05-26,2025-05-21,1h,L25,21297.0,2025-05-26 12:45:00-04:00,12,21288.25,21284.5,8.0,-12.25,False
2025-05-26,2025-05-22,1h,L75,21248.1875,2025-05-26 10:30:00-04:00,10,21250.5,21257.5,18.5,-35.0,False
2025-05-26,2025-05-22,1h,L100,21293.0,2025-05-26 12:45:00-04:00,12,21288.25,21284.5,8.0,-12.25,False
2025-05-27,2025-05-20,1h,L0,21354.0,2025-05-27 10:09:00-04:00,10,21349.25,21368.0,44.5,-8.25,True
2025-05-27,2025-05-20,1h,L25,21380.0,2025-05-27 10:18:00-04:00,10,21372.75,21380.25,21.0,-24.5,True
2025-05-27,2025-05-20,1h,L50,21406.0,2025-05-27 11:51:00-04:00,11,21399.0,21436.5,60.25,-9.0,True
2025-05-27,2025-05-20,1h,L75,21432.0,2025-05-27 12:36:00-04:00,12,21426.0,21451.0,41.25,-7.25,False
2025-05-27,2025-05-20,1h,L100,21458.0,2025-05-27 12:40:00-04:00,12,21453.25,21456.5,14.0,-23.5,False
2025-05-27,2025-05-20,5m,L0,21358.0,2025-05-27 10:10:00-04:00,10,21350.25,21372.0,43.5,-6.25,True
2025-05-27,2025-05-20,5m,L25,21372.875,2025-05-27 10:13:00-04:00,10,21362.5,21373.0,31.25,-16.0,True
2025-05-27,2025-05-20,5m,L50,21387.75,2025-05-27 10:26:00-04:00,10,21373.25,21390.75,20.5,-25.0,True
2025-05-27,2025-05-20,5m,L75,21402.625,2025-05-27 11:28:00-04:00,11,21399.0,21411.75,25.25,-30.75,False
2025-05-27,2025-05-20,5m,L100,21417.5,2025-05-27 12:02:00-04:00,12,21401.75,21444.75,57.5,-1.0,False
2025-05-27,2025-05-21,1h,L25,21297.0,2025-05-27 10:00:00-04:00,10,21324.25,21362.5,69.5,-32.25,True
2025-05-27,2025-05-21,1h,L50,21333.0,2025-05-27 10:00:00-04:00,10,21324.25,21362.5,69.5,-32.25,True
2025-05-27,2025-05-21,1h,L75,21369.0,2025-05-27 10:12:00-04:00,10,21360.75,21375.25,33.0,-16.75,False
2025-05-27,2025-05-21,1h,L100,21405.0,2025-05-27 11:28:00-04:00,11,21399.0,21411.75,25.25,-30.75,False
2025-05-27,2025-05-21,5m,L0,21355.75,2025-05-27 10:09:00-04:00,10,21349.25,21368.0,44.5,-8.25,True
2025-05-27,2025-05-21,5m,L25,21362.6875,2025-05-27 10:12:00-04:00,10,21360.75,21375.25,33.0,-16.75,True
2025-05-27,2025-05-21,5m,L50,21369.625,2025-05-27 10:12:00-04:00,10,21360.75,21375.25,33.0,-16.75,True
2025-05-27,2025-05-21,5m,L75,21376.5625,2025-05-27 10:17:00-04:00,10,21367.25,21376.5,26.5,-19.0,False
2025-05-27,2025-05-21,5m,L100,21383.5,2025-05-27 10:26:00-04:00,10,21373.25,21390.75,20.5,-25.0,False
2025-05-27,2025-05-22,1h,L100,21293.0,2025-05-27 10:00:00-04:00,10,21324.25,21362.5,69.5,-32.25,False
2025-05-27,2025-05-26,1h,L75,21293.3125,2025-05-27 10:00:00-04:00,10,21324.25,21362.5,69.5,-32.25,False
2025-05-27,2025-05-26,1h,L100,21307.75,2025-05-27 10:00:00-04:00,10,21324.25,21362.5,69.5,-32.25,False
2025-05-27,2025-05-26,5m,L0,21292.5,2025-05-27 10:00:00-04:00,10,21324.25,21362.5,69.5,-32.25,True
2025-05-27,2025-05-26,5m,L25,21295.625,2025-05-27 10:00:00-04:00,10,21324.25,21362.5,69.5,-32.25,True
2025-05-27,2025-05-26,5m,L50,21298.75,2025-05-27 10:00:00-04:00,10,21324.25,21362.5,69.5,-32.25,True
2025-05-27,2025-05-26,5m,L75,21301.875,2025-05-27 10:00:00-04:00,10,21324.25,21362.5,69.5,-32.25,False
2025-05-27,2025-05-26,5m,L100,21305.0,2025-05-27 10:00:00-04:00,10,21324.25,21362.5,69.5,-32.25,False
2025-05-28,2025-05-21,1h,L75,21369.0,2025-05-28 15:53:00-04:00,15,21372.0,21372.75,18.25,-23.0,False
2025-05-28,2025-05-21,1h,L100,21405.0,2025-05-28 14:52:00-04:00,14,21445.75,21380.0,68.25,-67.5,True
2025-05-28,2025-05-21,5m,L0,21355.75,2025-05-28 15:54:00-04:00,15,21372.0,21372.75,18.25,-23.0,False
2025-05-28,2025-05-21,5m,L25,21362.6875,2025-05-28 15:54:00-04:00,15,21372.0,21372.75,18.25,-23.0,False
2025-05-28,2025-05-21,5m,L50,21369.625,2025-05-28 15:53:00-04:00,15,21372.0,21372.75,18.25,-23.0,False
2025-05-28,2025-05-21,5m,L75,21376.5625,2025-05-28 15:50:00-04:00,15,21395.5,21372.75,24.0,-46.5,True
2025-05-28,2025-05-21,5m,L100,21383.5,2025-05-28 15:50:00-04:00,15,21395.5,21372.75,24.0,-46.5,True
2025-05-29,2025-05-26,1h,L100,21307.75,2025-05-29 12:00:00-04:00,12,21314.5,21466.0,157.25,-13.5,False
2025-05-29,2025-05-26,5m,L50,21298.75,2025-05-29 12:00:00-04:00,12,21314.5,21466.0,157.25,-13.5,True
2025-05-29,2025-05-26,5m,L75,21301.875,2025-05-29 12:00:00-04:00,12,21314.5,21466.0,157.25,-13.5,False
2025-05-29,2025-05-26,5m,L100,21305.0,2025-05-29 12:00:00-04:00,12,21314.5,21466.0,157.25,-13.5,False
2025-05-29,2025-05-27,1h,L100,21316.0,2025-05-29 12:00:00-04:00,12,21314.5,21466.0,157.25,-13.5,False
2025-05-29,2025-05-28,1h,L0,21451.5,2025-05-29 10:05:00-04:00,10,21454.75,21499.75,67.25,-74.5,True
2025-05-29,2025-05-28,1h,L25,21479.8125,2025-05-29 10:05:00-04:00,10,21454.75,21499.75,67.25,-74.5,True
2025-05-29,2025-05-28,1h,L50,21508.125,2025-05-29 10:00:00-04:00,10,21508.25,21519.0,25.75,-128.0,True
2025-05-29,2025-05-28,1h,L75,21536.4375,2025-05-29 10:02:00-04:00,10,21520.5,21507.5,13.5,-140.25,True
2025-05-29,2025-05-28,5m,L0,21478.75,2025-05-29 10:05:00-04:00,10,21454.75,21499.75,67.25,-74.5,True
2025-05-29,2025-05-28,5m,L25,21495.3125,2025-05-29 10:00:00-04:00,10,21508.25,21519.0,25.75,-128.0,True
2025-05-29,2025-05-28,5m,L50,21511.875,2025-05-29 10:00:00-04:00,10,21508.25,21519.0,25.75,-128.0,True
2025-05-29,2025-05-28,5m,L75,21528.4375,2025-05-29 10:00:00-04:00,10,21508.25,21519.0,25.75,-128.0,False
2025-05-30,2025-05-26,1h,L0,21250.0,2025-05-30 12:22:00-04:00,12,21254.0,21172.0,17.5,-182.5,False
2025-05-30,2025-05-26,1h,L25,21264.4375,2025-05-30 10:00:00-04:00,10,21300.0,21362.5,99.5,-43.75,True
2025-05-30,2025-05-26,1h,L50,21278.875,2025-05-30 10:00:00-04:00,10,21300.0,21362.5,99.5,-43.75,True
2025-05-30,2025-05-26,1h,L75,21293.3125,2025-05-30 10:00:00-04:00,10,21300.0,21362.5,99.5,-43.75,False
2025-05-30,2025-05-26,1h,L100,21307.75,2025-05-30 10:01:00-04:00,10,21314.25,21359.75,85.25,-22.25,False
2025-05-30,2025-05-26,5m,L0,21292.5,2025-05-30 10:00:00-04:00,10,21300.0,21362.5,99.5,-43.75,True
2025-05-30,2025-05-26,5m,L25,21295.625,2025-05-30 10:00:00-04:00,10,21300.0,21362.5,99.5,-43.75,True
2025-05-30,2025-05-26,5m,L50,21298.75,2025-05-30 10:00:00-04:00,10,21300.0,21362.5,99.5,-43.75,True
2025-05-30,2025-05-26,5m,L75,21301.875,2025-05-30 10:00:00-04:00,10,21300.0,21362.5,99.5,-43.75,False
2025-05-30,2025-05-26,5m,L100,21305.0,2025-05-30 10:00:00-04:00,10,21300.0,21362.5,99.5,-43.75,False
2025-05-30,2025-05-27,1h,L0,21193.25,2025-05-30 12:28:00-04:00,12,21194.0,21171.0,30.25,-122.5,False
2025-05-30,2025-05-27,1h,L25,21223.9375,2025-05-30 12:27:00-04:00,12,21224.5,21161.5,27.75,-153.0,False
2025-05-30,2025-05-27,1h,L50,21254.625,2025-05-30 10:00:00-04:00,10,21300.0,21362.5,99.5,-43.75,True
2025-05-30,2025-05-27,1h,L75,21285.3125,2025-05-30 10:00:00-04:00,10,21300.0,21362.5,99.5,-43.75,False
2025-05-30,2025-05-27,1h,L100,21316.0,2025-05-30 10:01:00-04:00,10,21314.25,21359.75,85.25,-22.25,False
2025-05-30,2025-05-27,5m,L0,21237.5,2025-05-30 12:27:00-04:00,12,21224.5,21161.5,27.75,-153.0,False
2025-05-30,2025-05-27,5m,L25,21248.0,2025-05-30 12:22:00-04:00,12,21254.0,21172.0,17.5,-182.5,False
2025-05-30,2025-05-27,5m,L50,21258.5,2025-05-30 10:00:00-04:00,10,21300.0,21362.5,99.5,-43.75,True
2025-05-30,2025-05-27,5m,L75,21269.0,2025-05-30 10:00:00-04:00,10,21300.0,21362.5,99.5,-43.75,False
2025-05-30,2025-05-27,5m,L100,21279.5,2025-05-30 10:00:00-04:00,10,21300.0,21362.5,99.5,-43.75,False
2025-06-02,2025-05-26,1h,L0,21250.0,2025-06-02 10:00:00-04:00,10,21243.5,21411.75,175.25,-9.0,True
2025-06-02,2025-05-26,1h,L25,21264.4375,2025-06-02 10:00:00-04:00,10,21243.5,21411.75,175.25,-9.0,True
2025-06-02,2025-05-26,1h,L50,21278.875,2025-06-02 10:00:00-04:00,10,21243.5,21411.75,175.25,-9.0,True
2025-06-02,2025-05-26,1h,L75,21293.3125,2025-06-02 10:00:00-04:00,10,21243.5,21411.75,175.25,-9.0,False
2025-06-02,2025-05-26,1h,L100,21307.75,2025-06-02 10:00:00-04:00,10,21243.5,21411.75,175.25,-9.0,False
2025-06-02,2025-05-26,5m,L0,21292.5,2025-06-02 10:00:00-04:00,10,21243.5,21411.75,175.25,-9.0,True
2025-06-02,2025-05-26,5m,L25,21295.625,2025-06-02 10:00:00-04:00,10,21243.5,21411.75,175.25,-9.0,True
2025-06-02,2025-05-26,5m,L50,21298.75,2025-06-02 10:00:00-04:00,10,21243.5,21411.75,175.25,-9.0,True
2025-06-02,2025-05-26,5m,L75,21301.875,2025-06-02 10:00:00-04:00,10,21243.5,21411.75,175.25,-9.0,False
2025-06-02,2025-05-26,5m,L100,21305.0,2025-06-02 10:00:00-04:00,10,21243.5,21411.75,175.25,-9.0,False
2025-06-02,2025-05-27,1h,L50,21254.625,2025-06-02 10:00:00-04:00,10,21243.5,21411.75,175.25,-9.0,True
2025-06-02,2025-05-27,1h,L75,21285.3125,2025-06-02 10:00:00-04:00,10,21243.5,21411.75,175.25,-9.0,False
2025-06-02,2025-05-27,1h,L100,21316.0,2025-06-02 10:00:00-04:00,10,21243.5,21411.75,175.25,-9.0,False
2025-06-02,2025-05-27,5m,L0,21237.5,2025-06-02 10:00:00-04:00,10,21243.5,21411.75,175.25,-9.0,True
2025-06-02,2025-05-27,5m,L25,21248.0,2025-06-02 10:00:00-04:00,10,21243.5,21411.75,175.25,-9.0,True
2025-06-02,2025-05-27,5m,L50,21258.5,2025-06-02 10:00:00-04:00,10,21243.5,21411.75,175.25,-9.0,True
2025-06-02,2025-05-27,5m,L75,21269.0,2025-06-02 10:00:00-04:00,10,21243.5,21411.75,175.25,-9.0,False
2025-06-02,2025-05-27,5m,L100,21279.5,2025-06-02 10:00:00-04:00,10,21243.5,21411.75,175.25,-9.0,False
2025-06-02,2025-05-28,1h,L0,21451.5,2025-06-02 12:54:00-04:00,12,21453.75,21434.0,21.5,-29.25,False
2025-06-02,2025-05-28,1h,L25,21479.8125,2025-06-02 13:10:00-04:00,13,21472.25,21440.25,3.0,-47.75,False
2025-06-02,2025-05-28,1h,L50,21508.125,2025-06-02 14:22:00-04:00,14,21505.25,21524.5,24.75,-15.25,True
2025-06-02,2025-05-28,1h,L75,21536.4375,2025-06-02 15:24:00-04:00,15,21538.0,21533.25,5.75,-42.25,False
2025-06-02,2025-05-28,5m,L0,21478.75,2025-06-02 13:10:00-04:00,13,21472.25,21440.25,3.0,-47.75,False
2025-06-02,2025-05-28,5m,L25,21495.3125,2025-06-02 14:19:00-04:00,14,21483.0,21512.0,47.0,-4.5,True
2025-06-02,2025-05-28,5m,L50,21511.875,2025-06-02 14:22:00-04:00,14,21505.25,21524.5,24.75,-15.25,True
2025-06-02,2025-05-28,5m,L75,21528.4375,2025-06-02 14:56:00-04:00,14,21517.75,21514.5,26.0,-22.0,False
2025-06-02,2025-05-28,5m,L100,21545.0,2025-06-02 15:24:00-04:00,15,21538.0,21533.25,5.75,-42.25,False
2025-06-02,2025-05-29,1h,L0,21485.5,2025-06-02 14:15:00-04:00,14,21476.0,21515.0,54.0,-14.25,True
2025-06-02,2025-05-29,1h,L25,21537.375,2025-06-02 15:24:00-04:00,15,21538.0,21533.25,5.75,-42.25,False
2025-06-02,2025-05-29,5m,L0,21486.75,2025-06-02 14:15:00-04:00,14,21476.0,21515.0,54.0,-14.25,True
2025-06-02,2025-05-29,5m,L25,21499.4375,2025-06-02 14:19:00-04:00,14,21483.0,21512.0,47.0,-4.5,True
2025-06-02,2025-05-29,5m,L50,21512.125,2025-06-02 14:22:00-04:00,14,21505.25,21524.5,24.75,-15.25,True
2025-06-02,2025-05-29,5m,L75,21524.8125,2025-06-02 14:56:00-04:00,14,21517.75,21514.5,26.0,-22.0,False
2025-06-02,2025-05-29,5m,L100,21537.5,2025-06-02 15:24:00-04:00,15,21538.0,21533.25,5.75,-42.25,False
2025-06-02,2025-05-30,1h,L0,21234.75,2025-06-02 10:01:00-04:00,10,21254.0,21405.5,164.75,-19.5,True
2025-06-02,2025-05-30,1h,L25,21273.75,2025-06-02 10:00:00-04:00,10,21243.5,21411.75,175.25,-9.0,True
2025-06-02,2025-05-30,1h,L50,21312.75,2025-06-02 10:00:00-04:00,10,21243.5,21411.75,175.25,-9.0,True
2025-06-02,2025-05-30,1h,L75,21351.75,2025-06-02 10:22:00-04:00,10,21344.5,21386.0,74.25,-21.75,False
2025-06-02,2025-05-30,1h,L100,21390.75,2025-06-02 10:34:00-04:00,10,21405.25,21358.5,13.5,-56.25,True
2025-06-02,2025-05-30,5m,L0,21286.25,2025-06-02 10:00:00-04:00,10,21243.5,21411.75,175.25,-9.0,True
2025-06-02,2025-05-30,5m,L25,21297.1875,2025-06-02 10:00:00-04:00,10,21243.5,21411.75,175.25,-9.0,True
2025-06-02,2025-05-30,5m,L50,21308.125,2025-06-02 10:00:00-04:00,10,21243.5,21411.75,175.25,-9.0,True
2025-06-02,2025-05-30,5m,L75,21319.0625,2025-06-02 10:08:00-04:00,10,21314.75,21375.0,104.0,-34.0,False
2025-06-02,2025-05-30,5m,L100,21330.0,2025-06-02 10:08:00-04:00,10,21314.75,21375.0,104.0,-34.0,False
2025-06-03,2025-05-28,1h,L100,21564.75,2025-06-03 10:08:00-04:00,10,21574.25,21655.75,103.0,-16.75,False
2025-06-03,2025-05-29,1h,L50,21589.25,2025-06-03 10:00:00-04:00,10,21610.0,21665.0,59.25,-52.5,True
2025-06-03,2025-05-29,1h,L75,21641.125,2025-06-03 10:03:00-04:00,10,21620.75,21673.5,54.5,-63.25,False
2025-06-03,2025-05-29,1h,L100,21693.0,2025-06-03 11:59:00-04:00,11,21684.25,21738.25,63.5,-9.25,False
2025-06-04,2025-05-29,1h,L75,21641.125,2025-06-04 10:08:00-04:00,10,21657.25,21777.25,123.75,-16.25,False
2025-06-04,2025-05-29,1h,L100,21693.0,2025-06-04 10:00:00-04:00,10,21723.25,21760.75,43.5,-82.25,False
2025-06-05,2025-05-29,1h,L25,21537.375,2025-06-05 15:17:00-04:00,15,21550.5,21587.5,124.75,-47.0,True
2025-06-05,2025-05-29,1h,L50,21589.25,2025-06-05 15:16:00-04:00,15,21565.5,21587.5,109.75,-62.0,True
2025-06-05,2025-05-29,1h,L75,21641.125,2025-06-05 14:16:00-04:00,14,21627.25,21565.5,112.25,-64.0,True
2025-06-05,2025-05-29,1h,L100,21693.0,2025-06-05 12:52:00-04:00,12,21686.25,21759.0,103.5,-26.25,False
2025-06-05,2025-05-29,5m,L25,21499.4375,2025-06-05 15:19:00-04:00,15,21541.25,21587.5,134.0,-37.75,True
2025-06-05,2025-05-29,5m,L50,21512.125,2025-06-05 15:19:00-04:00,15,21541.25,21587.5,134.0,-37.75,True
2025-06-05,2025-05-29,5m,L75,21524.8125,2025-06-05 15:18:00-04:00,15,21533.5,21587.5,141.75,-30.0,False
2025-06-05,2025-05-29,5m,L100,21537.5,2025-06-05 15:17:00-04:00,15,21550.5,21587.5,124.75,-47.0,False
2025-06-05,2025-06-03,1h,L0,21510.0,2025-06-05 15:19:00-04:00,15,21541.25,21587.5,134.0,-37.75,True
2025-06-05,2025-06-03,1h,L25,21534.0,2025-06-05 15:17:00-04:00,15,21550.5,21587.5,124.75,-47.0,True
2025-06-05,2025-06-03,1h,L50,21558.0,2025-06-05 15:17:00-04:00,15,21550.5,21587.5,124.75,-47.0,True
2025-06-05,2025-06-03,1h,L75,21582.0,2025-06-05 15:16:00-04:00,15,21565.5,21587.5,109.75,-62.0,False
2025-06-05,2025-06-03,1h,L100,21606.0,2025-06-05 14:17:00-04:00,14,21640.75,21550.5,98.75,-109.25,True
2025-06-05,2025-06-03,5m,L0,21558.25,2025-06-05 15:16:00-04:00,15,21565.5,21587.5,109.75,-62.0,True
2025-06-05,2025-06-03,5m,L25,21568.5,2025-06-05 15:16:00-04:00,15,21565.5,21587.5,109.75,-62.0,True
2025-06-05,2025-06-03,5m,L50,21578.75,2025-06-05 15:16:00-04:00,15,21565.5,21587.5,109.75,-62.0,True
2025-06-05,2025-06-03,5m,L75,21589.0,2025-06-05 15:16:00-04:00,15,21565.5,21587.5,109.75,-62.0,False
2025-06-05,2025-06-03,5m,L100,21599.25,2025-06-05 15:15:00-04:00,15,21601.5,21587.5,73.75,-98.0,True
2025-06-05,2025-06-04,1h,L0,21699.25,2025-06-05 10:09:00-04:00,10,21705.75,21861.75,172.75,-5.0,True
2025-06-05,2025-06-04,1h,L25,21722.8125,2025-06-05 10:00:00-04:00,10,21737.5,21859.75,141.0,-36.75,True
2025-06-05,2025-06-04,1h,L50,21746.375,2025-06-05 10:00:00-04:00,10,21737.5,21859.75,141.0,-36.75,True
2025-06-05,2025-06-04,1h,L75,21769.9375,2025-06-05 10:23:00-04:00,10,21766.5,21914.5,153.0,-65.75,False
2025-06-05,2025-06-04,1h,L100,21793.5,2025-06-05 10:25:00-04:00,10,21787.25,21904.5,132.25,-86.5,False
2025-06-05,2025-06-04,5m,L0,21752.25,2025-06-05 10:01:00-04:00,10,21743.5,21865.25,135.0,-42.75,True
2025-06-05,2025-06-04,5m,L25,21760.8125,2025-06-05 10:05:00-04:00,10,21758.0,21854.0,120.5,-57.25,True
2025-06-05,2025-06-04,5m,L50,21769.375,2025-06-05 10:23:00-04:00,10,21766.5,21914.5,153.0,-65.75,True
2025-06-05,2025-06-04,5m,L75,21777.9375,2025-06-05 10:23:00-04:00,10,21766.5,21914.5,153.0,-65.75,False
2025-06-05,2025-06-04,5m,L100,21786.5,2025-06-05 10:25:00-04:00,10,21787.25,21904.5,132.25,-86.5,False
2025-06-06,2025-06-04,1h,L25,21722.8125,2025-06-06 12:55:00-04:00,12,21728.5,21822.25,94.25,-7.0,True
2025-06-06,2025-06-04,1h,L50,21746.375,2025-06-06 11:20:00-04:00,11,21757.5,21807.0,76.25,-21.75,True
2025-06-06,2025-06-04,1h,L75,21769.9375,2025-06-06 10:29:00-04:00,10,21784.75,21790.5,85.5,-49.0,False
2025-06-06,2025-06-04,1h,L100,21793.5,2025-06-06 10:28:00-04:00,10,21790.25,21788.5,80.0,-54.5,False
2025-06-06,2025-06-04,5m,L0,21752.25,2025-06-06 11:19:00-04:00,11,21770.75,21809.0,63.0,-35.0,True
2025-06-06,2025-06-04,5m,L25,21760.8125,2025-06-06 10:32:00-04:00,10,21786.5,21796.5,83.75,-50.75,True
2025-06-06,2025-06-04,5m,L50,21769.375,2025-06-06 10:29:00-04:00,10,21784.75,21790.5,85.5,-49.0,True
2025-06-06,2025-06-04,5m,L75,21777.9375,2025-06-06 10:29:00-04:00,10,21784.75,21790.5,85.5,-49.0,False
2025-06-06,2025-06-04,5m,L100,21786.5,2025-06-06 10:28:00-04:00,10,21790.25,21788.5,80.0,-54.5,False
2025-06-06,2025-06-05,1h,L25,21728.8125,2025-06-06 12:55:00-04:00,12,21728.5,21822.25,94.25,-7.0,True
2025-06-06,2025-06-05,1h,L50,21765.875,2025-06-06 10:29:00-04:00,10,21784.75,21790.5,85.5,-49.0,True
2025-06-06,2025-06-05,1h,L75,21802.9375,2025-06-06 10:11:00-04:00,10,21817.25,21833.0,53.0,-53.5,False
2025-06-06,2025-06-05,1h,L100,21840.0,2025-06-06 10:00:00-04:00,10,21836.25,21833.75,13.5,-72.5,False
2025-06-06,2025-06-05,5m,L50,21736.5,2025-06-06 11:20:00-04:00,11,21757.5,21807.0,76.25,-21.75,True
2025-06-06,2025-06-05,5m,L75,21758.875,2025-06-06 10:32:00-04:00,10,21786.5,21796.5,83.75,-50.75,False
2025-06-06,2025-06-05,5m,L100,21781.25,2025-06-06 10:29:00-04:00,10,21784.75,21790.5,85.5,-49.0,False
2025-06-09,2025-06-04,1h,L100,21793.5,2025-06-09 10:00:00-04:00,10,21808.5,21842.0,84.0,-21.25,False
2025-06-09,2025-06-04,5m,L100,21786.5,2025-06-09 10:00:00-04:00,10,21808.5,21842.0,84.0,-21.25,False
2025-06-09,2025-06-05,1h,L75,21802.9375,2025-06-09 10:00:00-04:00,10,21808.5,21842.0,84.0,-21.25,False
2025-06-09,2025-06-05,1h,L100,21840.0,2025-06-09 10:11:00-04:00,10,21832.0,21865.0,60.5,-6.25,False
2025-06-09,2025-06-06,1h,L50,21804.875,2025-06-09 10:00:00-04:00,10,21808.5,21842.0,84.0,-21.25,True
2025-06-09,2025-06-06,1h,L75,21834.1875,2025-06-09 10:10:00-04:00,10,21829.75,21862.25,62.75,-11.25,False
2025-06-09,2025-06-06,1h,L100,21863.5,2025-06-09 10:20:00-04:00,10,21859.75,21835.25,32.75,-38.0,True
2025-06-09,2025-06-06,5m,L0,21837.75,2025-06-09 10:10:00-04:00,10,21829.75,21862.25,62.75,-11.25,True
2025-06-09,2025-06-06,5m,L25,21844.1875,2025-06-09 10:12:00-04:00,10,21845.75,21865.25,46.75,-15.5,True
2025-06-09,2025-06-06,5m,L50,21850.625,2025-06-09 10:12:00-04:00,10,21845.75,21865.25,46.75,-15.5,True
2025-06-09,2025-06-06,5m,L75,21857.0625,2025-06-09 10:17:00-04:00,10,21854.25,21846.25,38.25,-24.0,True
2025-06-09,2025-06-06,5m,L100,21863.5,2025-06-09 10:20:00-04:00,10,21859.75,21835.25,32.75,-38.0,True
2025-06-10,2025-06-04,1h,L50,21746.375,2025-06-10 11:33:00-04:00,11,21774.25,21904.5,142.75,-31.25,True
2025-06-10,2025-06-04,1h,L75,21769.9375,2025-06-10 11:33:00-04:00,11,21774.25,21904.5,142.75,-31.25,False
2025-06-10,2025-06-04,1h,L100,21793.5,2025-06-10 11:32:00-04:00,11,21797.25,21906.75,119.75,-54.25,False
2025-06-10,2025-06-04,5m,L0,21752.25,2025-06-10 11:33:00-04:00,11,21774.25,21904.5,142.75,-31.25,True
2025-06-10,2025-06-04,5m,L25,21760.8125,2025-06-10 11:33:00-04:00,11,21774.25,21904.5,142.75,-31.25,True
2025-06-10,2025-06-04,5m,L50,21769.375,2025-06-10 11:33:00-04:00,11,21774.25,21904.5,142.75,-31.25,True
2025-06-10,2025-06-04,5m,L75,21777.9375,2025-06-10 11:32:00-04:00,11,21797.25,21906.75,119.75,-54.25,False
2025-06-10,2025-06-04,5m,L100,21786.5,2025-06-10 11:32:00-04:00,11,21797.25,21906.75,119.75,-54.25,False
2025-06-10,2025-06-05,1h,L50,21765.875,2025-06-10 11:33:00-04:00,11,21774.25,21904.5,142.75,-31.25,True
2025-06-10,2025-06-05,1h,L75,21802.9375,2025-06-10 11:32:00-04:00,11,21797.25,21906.75,119.75,-54.25,False
2025-06-10,2025-06-05,1h,L100,21840.0,2025-06-10 11:00:00-04:00,11,21849.5,21875.0,29.25,-106.5,False
2025-06-10,2025-06-05,5m,L75,21758.875,2025-06-10 11:33:00-04:00,11,21774.25,21904.5,142.75,-31.25,False
2025-06-10,2025-06-05,5m,L100,21781.25,2025-06-10 11:32:00-04:00,11,21797.25,21906.75,119.75,-54.25,False
2025-06-10,2025-06-06,1h,L0,21746.25,2025-06-10 11:33:00-04:00,11,21774.25,21904.5,142.75,-31.25,True
2025-06-10,2025-06-06,1h,L25,21775.5625,2025-06-10 11:33:00-04:00,11,21774.25,21904.5,142.75,-31.25,True
2025-06-10,2025-06-06,1h,L50,21804.875,2025-06-10 11:32:00-04:00,11,21797.25,21906.75,119.75,-54.25,True
2025-06-10,2025-06-06,1h,L75,21834.1875,2025-06-10 11:31:00-04:00,11,21833.5,21900.25,83.5,-90.5,False
2025-06-10,2025-06-06,1h,L100,21863.5,2025-06-10 10:00:00-04:00,10,21865.75,21849.5,23.75,-21.5,True
2025-06-10,2025-06-06,5m,L0,21837.75,2025-06-10 11:31:00-04:00,11,21833.5,21900.25,83.5,-90.5,True
2025-06-10,2025-06-06,5m,L25,21844.1875,2025-06-10 10:08:00-04:00,10,21853.25,21865.5,36.25,-9.0,True
2025-06-10,2025-06-06,5m,L50,21850.625,2025-06-10 10:00:00-04:00,10,21865.75,21849.5,23.75,-21.5,True
2025-06-10,2025-06-06,5m,L75,21857.0625,2025-06-10 10:00:00-04:00,10,21865.75,21849.5,23.75,-21.5,True
2025-06-10,2025-06-06,5m,L100,21863.5,2025-06-10 10:00:00-04:00,10,21865.75,21849.5,23.75,-21.5,True
2025-06-10,2025-06-09,1h,L0,21750.25,2025-06-10 11:33:00-04:00,11,21774.25,21904.5,142.75,-31.25,True
2025-06-10,2025-06-09,1h,L25,21767.6875,2025-06-10 11:33:00-04:00,11,21774.25,21904.5,142.75,-31.25,True
2025-06-10,2025-06-09,1h,L50,21785.125,2025-06-10 11:32:00-04:00,11,21797.25,21906.75,119.75,-54.25,True
2025-06-10,2025-06-09,1h,L75,21802.5625,2025-06-10 11:32:00-04:00,11,21797.25,21906.75,119.75,-54.25,False
2025-06-10,2025-06-09,1h,L100,21820.0,2025-06-10 11:32:00-04:00,11,21797.25,21906.75,119.75,-54.25,False
2025-06-10,2025-06-09,5m,L0,21776.75,2025-06-10 11:33:00-04:00,11,21774.25,21904.5,142.75,-31.25,True
2025-06-10,2025-06-09,5m,L25,21783.5625,2025-06-10 11:32:00-04:00,11,21797.25,21906.75,119.75,-54.25,True
2025-06-10,2025-06-09,5m,L50,21790.375,2025-06-10 11:32:00-04:00,11,21797.25,21906.75,119.75,-54.25,True
2025-06-10,2025-06-09,5m,L75,21797.1875,2025-06-10 11:32:00-04:00,11,21797.25,21906.75,119.75,-54.25,False
2025-06-10,2025-06-09,5m,L100,21804.0,2025-06-10 11:32:00-04:00,11,21797.25,21906.75,119.75,-54.25,False
2025-06-11,2025-06-04,1h,L100,21793.5,2025-06-11 14:17:00-04:00,14,21820.75,21849.0,94.0,-30.5,False
2025-06-11,2025-06-04,5m,L100,21786.5,2025-06-11 14:17:00-04:00,14,21820.75,21849.0,94.0,-30.5,False
2025-06-11,2025-06-05,1h,L75,21802.9375,2025-06-11 14:17:00-04:00,14,21820.75,21849.0,94.0,-30.5,False
2025-06-11,2025-06-05,1h,L100,21840.0,2025-06-11 14:04:00-04:00,14,21858.25,21852.75,56.5,-68.0,True
2025-06-11,2025-06-06,1h,L50,21804.875,2025-06-11 14:16:00-04:00,14,21808.5,21842.0,106.25,-18.25,True
2025-06-11,2025-06-06,1h,L75,21834.1875,2025-06-11 14:04:00-04:00,14,21858.25,21852.75,56.5,-68.0,True
2025-06-11,2025-06-06,1h,L100,21863.5,2025-06-11 14:02:00-04:00,14,21887.25,21864.25,27.5,-97.0,True
2025-06-11,2025-06-06,5m,L0,21837.75,2025-06-11 14:04:00-04:00,14,21858.25,21852.75,56.5,-68.0,False
2025-06-11,2025-06-06,5m,L25,21844.1875,2025-06-11 14:04:00-04:00,14,21858.25,21852.75,56.5,-68.0,False
2025-06-11,2025-06-06,5m,L50,21850.625,2025-06-11 14:04:00-04:00,14,21858.25,21852.75,56.5,-68.0,True
2025-06-11,2025-06-06,5m,L75,21857.0625,2025-06-11 14:03:00-04:00,14,21860.25,21857.75,54.5,-70.0,False
2025-06-11,2025-06-06,5m,L100,21863.5,2025-06-11 14:02:00-04:00,14,21887.25,21864.25,27.5,-97.0,True
2025-06-11,2025-06-09,1h,L75,21802.5625,2025-06-11 14:17:00-04:00,14,21820.75,21849.0,94.0,-30.5,False
2025-06-11,2025-06-09,1h,L100,21820.0,2025-06-11 14:15:00-04:00,14,21830.0,21862.5,84.75,-39.75,False
2025-06-11,2025-06-09,5m,L50,21790.375,2025-06-11 14:17:00-04:00,14,21820.75,21849.0,94.0,-30.5,True
2025-06-11,2025-06-09,5m,L75,21797.1875,2025-06-11 14:17:00-04:00,14,21820.75,21849.0,94.0,-30.5,False
2025-06-11,2025-06-09,5m,L100,21804.0,2025-06-11 14:16:00-04:00,14,21808.5,21842.0,106.25,-18.25,False
2025-06-11,2025-06-10,1h,L0,21818.0,2025-06-11 14:15:00-04:00,14,21830.0,21862.5,84.75,-39.75,True
2025-06-11,2025-06-10,1h,L25,21836.8125,2025-06-11 14:04:00-04:00,14,21858.25,21852.75,56.5,-68.0,False
2025-06-11,2025-06-10,1h,L50,21855.625,2025-06-11 14:03:00-04:00,14,21860.25,21857.75,54.5,-70.0,False
2025-06-11,2025-06-10,1h,L75,21874.4375,2025-06-11 14:02:00-04:00,14,21887.25,21864.25,27.5,-97.0,True
2025-06-11,2025-06-10,1h,L100,21893.25,2025-06-11 14:01:00-04:00,14,21896.75,21854.75,28.0,-106.5,True
2025-06-11,2025-06-10,5m,L0,21841.25,2025-06-11 14:04:00-04:00,14,21858.25,21852.75,56.5,-68.0,False
2025-06-11,2025-06-10,5m,L25,21849.8125,2025-06-11 14:04:00-04:00,14,21858.25,21852.75,56.5,-68.0,False
2025-06-11,2025-06-10,5m,L50,21858.375,2025-06-11 14:03:00-04:00,14,21860.25,21857.75,54.5,-70.0,False
2025-06-11,2025-06-10,5m,L75,21866.9375,2025-06-11 14:02:00-04:00,14,21887.25,21864.25,27.5,-97.0,True
2025-06-11,2025-06-10,5m,L100,21875.5,2025-06-11 14:02:00-04:00,14,21887.25,21864.25,27.5,-97.0,True
2025-06-12,2025-06-05,1h,L100,21840.0,2025-06-12 10:03:00-04:00,10,21846.0,21968.25,131.5,-6.25,False
2025-06-12,2025-06-06,1h,L100,21863.5,2025-06-12 10:00:00-04:00,10,21866.75,21943.25,82.25,-27.0,False
2025-06-12,2025-06-06,5m,L0,21837.75,2025-06-12 10:03:00-04:00,10,21846.0,21968.25,131.5,-6.25,True
2025-06-12,2025-06-06,5m,L25,21844.1875,2025-06-12 10:03:00-04:00,10,21846.0,21968.25,131.5,-6.25,True
2025-06-12,2025-06-06,5m,L50,21850.625,2025-06-12 10:03:00-04:00,10,21846.0,21968.25,131.5,-6.25,True
2025-06-12,2025-06-06,5m,L75,21857.0625,2025-06-12 10:00:00-04:00,10,21866.75,21943.25,82.25,-27.0,False
2025-06-12,2025-06-06,5m,L100,21863.5,2025-06-12 10:00:00-04:00,10,21866.75,21943.25,82.25,-27.0,False
2025-06-12,2025-06-10,1h,L25,21836.8125,2025-06-12 10:03:00-04:00,10,21846.0,21968.25,131.5,-6.25,True
2025-06-12,2025-06-10,1h,L50,21855.625,2025-06-12 10:00:00-04:00,10,21866.75,21943.25,82.25,-27.0,True
2025-06-12,2025-06-10,1h,L75,21874.4375,2025-06-12 10:00:00-04:00,10,21866.75,21943.25,82.25,-27.0,False
2025-06-12,2025-06-10,1h,L100,21893.25,2025-06-12 10:07:00-04:00,10,21893.5,21955.5,84.0,-31.25,False
2025-06-12,2025-06-10,5m,L0,21841.25,2025-06-12 10:03:00-04:00,10,21846.0,21968.25,131.5,-6.25,True
2025-06-12,2025-06-10,5m,L25,21849.8125,2025-06-12 10:03:00-04:00,10,21846.0,21968.25,131.5,-6.25,True
2025-06-12,2025-06-10,5m,L50,21858.375,2025-06-12 10:00:00-04:00,10,21866.75,21943.25,82.25,-27.0,True
2025-06-12,2025-06-10,5m,L75,21866.9375,2025-06-12 10:00:00-04:00,10,21866.75,21943.25,82.25,-27.0,False
2025-06-12,2025-06-10,5m,L100,21875.5,2025-06-12 10:01:00-04:00,10,21866.0,21960.75,100.0,-26.25,False
2025-06-12,2025-06-11,1h,L0,21915.0,2025-06-12 10:14:00-04:00,10,21914.75,21947.75,62.75,-12.5,True
2025-06-12,2025-06-11,1h,L25,21947.0625,2025-06-12 10:37:00-04:00,10,21940.0,21912.25,37.5,-58.25,False
2025-06-12,2025-06-11,1h,L50,21979.125,2025-06-12 11:02:00-04:00,11,21972.25,21937.75,5.25,-90.5,True
2025-06-12,2025-06-11,5m,L0,21915.0,2025-06-12 10:14:00-04:00,10,21914.75,21947.75,62.75,-12.5,True
2025-06-12,2025-06-11,5m,L25,21930.25,2025-06-12 10:23:00-04:00,10,21923.75,21919.75,53.75,-42.0,False
2025-06-12,2025-06-11,5m,L50,21945.5,2025-06-12 10:37:00-04:00,10,21940.0,21912.25,37.5,-58.25,True
2025-06-12,2025-06-11,5m,L75,21960.75,2025-06-12 11:01:00-04:00,11,21960.75,21941.0,16.75,-79.0,True
2025-06-12,2025-06-11,5m,L100,21976.0,2025-06-12 11:02:00-04:00,11,21972.25,21937.75,5.25,-90.5,True
2025-06-13,2025-06-06,1h,L0,21746.25,2025-06-13 10:00:00-04:00,10,21742.0,21738.0,38.75,-124.5,False
2025-06-13,2025-06-06,1h,L25,21775.5625,2025-06-13 10:00:00-04:00,10,21742.0,21738.0,38.75,-124.5,False
2025-06-13,2025-06-06,1h,L50,21804.875,2025-06-13 11:22:00-04:00,11,21803.5,21841.25,52.25,-34.75,True
2025-06-13,2025-06-06,1h,L75,21834.1875,2025-06-13 11:47:00-04:00,11,21829.75,21800.25,26.0,-31.25,True
2025-06-13,2025-06-06,5m,L0,21837.75,2025-06-13 11:51:00-04:00,11,21839.75,21810.5,16.0,-41.25,False
2025-06-13,2025-06-06,5m,L25,21844.1875,2025-06-13 11:51:00-04:00,11,21839.75,21810.5,16.0,-41.25,False
2025-06-13,2025-06-06,5m,L50,21850.625,2025-06-13 12:11:00-04:00,12,21840.0,21787.25,15.75,-55.5,True
2025-06-13,2025-06-06,5m,L75,21857.0625,2025-06-13 12:14:00-04:00,12,21845.25,21789.5,10.5,-66.5,True
2025-06-13,2025-06-09,1h,L0,21750.25,2025-06-13 10:00:00-04:00,10,21742.0,21738.0,38.75,-124.5,False
2025-06-13,2025-06-09,1h,L25,21767.6875,2025-06-13 10:00:00-04:00,10,21742.0,21738.0,38.75,-124.5,False
2025-06-13,2025-06-09,1h,L50,21785.125,2025-06-13 10:00:00-04:00,10,21742.0,21738.0,38.75,-124.5,False
2025-06-13,2025-06-09,1h,L75,21802.5625,2025-06-13 11:22:00-04:00,11,21803.5,21841.25,52.25,-34.75,False
2025-06-13,2025-06-09,1h,L100,21820.0,2025-06-13 11:42:00-04:00,11,21811.75,21814.25,44.0,-8.25,False
2025-06-13,2025-06-09,5m,L0,21776.75,2025-06-13 10:00:00-04:00,10,21742.0,21738.0,38.75,-124.5,False
2025-06-13,2025-06-09,5m,L25,21783.5625,2025-06-13 10:00:00-04:00,10,21742.0,21738.0,38.75,-124.5,False
2025-06-13,2025-06-09,5m,L50,21790.375,2025-06-13 11:22:00-04:00,11,21803.5,21841.25,52.25,-34.75,True
2025-06-13,2025-06-09,5m,L75,21797.1875,2025-06-13 11:22:00-04:00,11,21803.5,21841.25,52.25,-34.75,False
2025-06-13,2025-06-09,5m,L100,21804.0,2025-06-13 11:22:00-04:00,11,21803.5,21841.25,52.25,-34.75,False
2025-06-13,2025-06-10,1h,L0,21818.0,2025-06-13 11:42:00-04:00,11,21811.75,21814.25,44.0,-8.25,False
2025-06-13,2025-06-10,1h,L25,21836.8125,2025-06-13 11:50:00-04:00,11,21832.0,21806.75,23.75,-33.5,False
2025-06-13,2025-06-10,1h,L50,21855.625,2025-06-13 12:14:00-04:00,12,21845.25,21789.5,10.5,-66.5,True
2025-06-13,2025-06-10,5m,L0,21841.25,2025-06-13 11:51:00-04:00,11,21839.75,21810.5,16.0,-41.25,False
2025-06-13,2025-06-10,5m,L25,21849.8125,2025-06-13 12:11:00-04:00,12,21840.0,21787.25,15.75,-55.5,False
2025-06-13,2025-06-10,5m,L50,21858.375,2025-06-13 12:14:00-04:00,12,21845.25,21789.5,10.5,-66.5,True
2025-06-13,2025-06-12,1h,L0,21816.0,2025-06-13 11:32:00-04:00,11,21797.75,21828.5,58.0,-13.75,True
2025-06-13,2025-06-12,1h,L25,21835.0,2025-06-13 11:47:00-04:00,11,21829.75,21800.25,26.0,-31.25,False
2025-06-13,2025-06-12,1h,L50,21854.0,2025-06-13 12:14:00-04:00,12,21845.25,21789.5,10.5,-66.5,True
2025-06-16,2025-06-11,1h,L0,21915.0,2025-06-16 10:09:00-04:00,10,21923.5,21968.0,58.0,-4.0,True
2025-06-16,2025-06-11,1h,L25,21947.0625,2025-06-16 10:00:00-04:00,10,21941.25,21960.5,40.25,-21.75,True
2025-06-16,2025-06-11,1h,L50,21979.125,2025-06-16 10:28:00-04:00,10,21973.0,21965.25,23.5,-26.0,True
2025-06-16,2025-06-11,5m,L0,21915.0,2025-06-16 10:09:00-04:00,10,21923.5,21968.0,58.0,-4.0,True
2025-06-16,2025-06-11,5m,L25,21930.25,2025-06-16 10:00:00-04:00,10,21941.25,21960.5,40.25,-21.75,True
2025-06-16,2025-06-11,5m,L50,21945.5,2025-06-16 10:00:00-04:00,10,21941.25,21960.5,40.25,-21.75,True
2025-06-16,2025-06-11,5m,L75,21960.75,2025-06-16 10:00:00-04:00,10,21941.25,21960.5,40.25,-21.75,False
2025-06-16,2025-06-11,5m,L100,21976.0,2025-06-16 10:28:00-04:00,10,21973.0,21965.25,23.5,-26.0,True
2025-06-17,2025-06-10,1h,L0,21818.0,2025-06-17 12:55:00-04:00,12,21820.25,21750.75,13.25,-102.25,False
2025-06-17,2025-06-10,1h,L25,21836.8125,2025-06-17 12:49:00-04:00,12,21845.5,21740.0,10.75,-124.5,False
2025-06-17,2025-06-10,1h,L50,21855.625,2025-06-17 10:01:00-04:00,10,21854.75,21861.0,53.0,-11.25,True
2025-06-17,2025-06-10,1h,L75,21874.4375,2025-06-17 10:00:00-04:00,10,21865.5,21866.75,42.25,-22.0,False
2025-06-17,2025-06-10,1h,L100,21893.25,2025-06-17 10:00:00-04:00,10,21865.5,21866.75,42.25,-22.0,False
2025-06-17,2025-06-10,5m,L0,21841.25,2025-06-17 10:04:00-04:00,10,21853.0,21877.25,54.75,-9.5,True
2025-06-17,2025-06-10,5m,L25,21849.8125,2025-06-17 10:01:00-04:00,10,21854.75,21861.0,53.0,-11.25,True
2025-06-17,2025-06-10,5m,L50,21858.375,2025-06-17 10:01:00-04:00,10,21854.75,21861.0,53.0,-11.25,True
2025-06-17,2025-06-10,5m,L75,21866.9375,2025-06-17 10:00:00-04:00,10,21865.5,21866.75,42.25,-22.0,False
2025-06-17,2025-06-10,5m,L100,21875.5,2025-06-17 10:00:00-04:00,10,21865.5,21866.75,42.25,-22.0,False
2025-06-17,2025-06-12,1h,L0,21816.0,2025-06-17 12:55:00-04:00,12,21820.25,21750.75,13.25,-102.25,False
2025-06-17,2025-06-12,1h,L25,21835.0,2025-06-17 12:49:00-04:00,12,21845.5,21740.0,10.75,-124.5,False
2025-06-17,2025-06-12,1h,L50,21854.0,2025-06-17 10:01:00-04:00,10,21854.75,21861.0,53.0,-11.25,True
2025-06-17,2025-06-12,1h,L75,21873.0,2025-06-17 10:00:00-04:00,10,21865.5,21866.75,42.25,-22.0,False
2025-06-17,2025-06-12,1h,L100,21892.0,2025-06-17 10:00:00-04:00,10,21865.5,21866.75,42.25,-22.0,False
2025-06-17,2025-06-12,5m,L0,21863.75,2025-06-17 10:00:00-04:00,10,21865.5,21866.75,42.25,-22.0,False
2025-06-17,2025-06-12,5m,L25,21870.25,2025-06-17 10:00:00-04:00,10,21865.5,21866.75,42.25,-22.0,False
2025-06-17,2025-06-12,5m,L50,21876.75,2025-06-17 10:00:00-04:00,10,21865.5,21866.75,42.25,-22.0,False
2025-06-17,2025-06-12,5m,L75,21883.25,2025-06-17 10:00:00-04:00,10,21865.5,21866.75,42.25,-22.0,False
2025-06-17,2025-06-12,5m,L100,21889.75,2025-06-17 10:00:00-04:00,10,21865.5,21866.75,42.25,-22.0,False
2025-06-17,2025-06-13,1h,L50,21711.125,2025-06-17 14:00:00-04:00,14,21724.25,21747.75,34.75,-40.5,True
2025-06-17,2025-06-13,1h,L75,21753.6875,2025-06-17 13:46:00-04:00,13,21771.0,21725.0,11.0,-87.25,True
2025-06-17,2025-06-13,1h,L100,21796.25,2025-06-17 12:59:00-04:00,12,21811.25,21737.75,22.25,-93.25,True
2025-06-17,2025-06-13,5m,L0,21737.5,2025-06-17 13:48:00-04:00,13,21741.75,21716.25,21.25,-58.0,False
2025-06-17,2025-06-13,5m,L25,21745.375,2025-06-17 13:46:00-04:00,13,21771.0,21725.0,11.0,-87.25,False
2025-06-17,2025-06-13,5m,L50,21753.25,2025-06-17 13:46:00-04:00,13,21771.0,21725.0,11.0,-87.25,True
2025-06-17,2025-06-13,5m,L75,21761.125,2025-06-17 13:30:00-04:00,13,21787.0,21728.5,37.0,-96.25,True
2025-06-17,2025-06-13,5m,L100,21769.0,2025-06-17 13:30:00-04:00,13,21787.0,21728.5,37.0,-96.25,True
2025-06-17,2025-06-16,1h,L0,21790.25,2025-06-17 13:00:00-04:00,13,21799.75,21724.25,33.75,-98.25,False
2025-06-17,2025-06-16,1h,L25,21828.875,2025-06-17 12:49:00-04:00,12,21845.5,21740.0,10.75,-124.5,False
2025-06-17,2025-06-16,1h,L50,21867.5,2025-06-17 10:00:00-04:00,10,21865.5,21866.75,42.25,-22.0,False
2025-06-17,2025-06-16,1h,L75,21906.125,2025-06-17 10:14:00-04:00,10,21896.5,21904.75,11.25,-53.0,False
2025-06-17,2025-06-16,5m,L0,21839.5,2025-06-17 10:57:00-04:00,10,21849.25,21878.25,58.25,-5.75,True
2025-06-17,2025-06-16,5m,L25,21852.875,2025-06-17 10:01:00-04:00,10,21854.75,21861.0,53.0,-11.25,True
2025-06-17,2025-06-16,5m,L50,21866.25,2025-06-17 10:00:00-04:00,10,21865.5,21866.75,42.25,-22.0,False
2025-06-17,2025-06-16,5m,L75,21879.625,2025-06-17 10:00:00-04:00,10,21865.5,21866.75,42.25,-22.0,False
2025-06-17,2025-06-16,5m,L100,21893.0,2025-06-17 10:00:00-04:00,10,21865.5,21866.75,42.25,-22.0,False
2025-06-18,2025-06-12,1h,L0,21816.0,2025-06-18 10:08:00-04:00,10,21811.75,21838.5,61.0,-17.0,True
2025-06-18,2025-06-12,1h,L25,21835.0,2025-06-18 10:16:00-04:00,10,21825.75,21832.75,47.0,-8.25,True
2025-06-18,2025-06-12,1h,L50,21854.0,2025-06-18 10:20:00-04:00,10,21849.75,21826.25,23.0,-24.25,True
2025-06-18,2025-06-12,1h,L75,21873.0,2025-06-18 10:34:00-04:00,10,21865.0,21832.5,7.75,-46.5,True
2025-06-18,2025-06-12,5m,L0,21863.75,2025-06-18 10:31:00-04:00,10,21856.75,21839.5,16.0,-38.25,False
2025-06-18,2025-06-12,5m,L25,21870.25,2025-06-18 10:34:00-04:00,10,21865.0,21832.5,7.75,-46.5,False
2025-06-18,2025-06-12,5m,L50,21876.75,2025-06-18 10:43:00-04:00,10,21866.0,21820.25,6.75,-52.0,True
2025-06-18,2025-06-13,1h,L25,21668.5625,2025-06-18 14:58:00-04:00,14,21689.5,21717.5,97.5,-29.5,True
2025-06-18,2025-06-13,1h,L50,21711.125,2025-06-18 13:35:00-04:00,13,21725.5,21777.25,129.5,-10.5,True
2025-06-18,2025-06-13,1h,L75,21753.6875,2025-06-18 10:01:00-04:00,10,21758.0,21854.25,114.75,-1.0,False
2025-06-18,2025-06-13,1h,L100,21796.25,2025-06-18 10:03:00-04:00,10,21801.25,21852.75,71.5,-19.5,False
2025-06-18,2025-06-13,5m,L0,21737.5,2025-06-18 13:31:00-04:00,13,21735.75,21790.25,119.25,-20.75,True
2025-06-18,2025-06-13,5m,L25,21745.375,2025-06-18 13:30:00-04:00,13,21752.0,21775.0,103.0,-37.0,True
2025-06-18,2025-06-13,5m,L50,21753.25,2025-06-18 10:01:00-04:00,10,21758.0,21854.25,114.75,-1.0,True
2025-06-18,2025-06-13,5m,L75,21761.125,2025-06-18 10:00:00-04:00,10,21764.75,21856.0,108.0,-7.75,False
2025-06-18,2025-06-13,5m,L100,21769.0,2025-06-18 10:00:00-04:00,10,21764.75,21856.0,108.0,-7.75,False
2025-06-18,2025-06-16,1h,L0,21790.25,2025-06-18 10:03:00-04:00,10,21801.25,21852.75,71.5,-19.5,True
2025-06-18,2025-06-16,1h,L25,21828.875,2025-06-18 10:14:00-04:00,10,21821.25,21834.75,51.5,-3.75,True
2025-06-18,2025-06-16,1h,L50,21867.5,2025-06-18 10:34:00-04:00,10,21865.0,21832.5,7.75,-46.5,True
2025-06-18,2025-06-16,5m,L0,21839.5,2025-06-18 10:18:00-04:00,10,21834.0,21836.0,38.75,-6.0,False
2025-06-18,2025-06-16,5m,L25,21852.875,2025-06-18 10:20:00-04:00,10,21849.75,21826.25,23.0,-24.25,False
2025-06-18,2025-06-16,5m,L50,21866.25,2025-06-18 10:34:00-04:00,10,21865.0,21832.5,7.75,-46.5,True
2025-06-18,2025-06-17,1h,L0,21802.5,2025-06-18 10:03:00-04:00,10,21801.25,21852.75,71.5,-19.5,True
2025-06-18,2025-06-17,1h,L25,21823.5,2025-06-18 10:12:00-04:00,10,21817.75,21837.75,55.0,-10.25,True
2025-06-18,2025-06-17,1h,L50,21844.5,2025-06-18 10:18:00-04:00,10,21834.0,21836.0,38.75,-6.0,False
2025-06-18,2025-06-17,1h,L75,21865.5,2025-06-18 10:34:00-04:00,10,21865.0,21832.5,7.75,-46.5,True
2025-06-18,2025-06-17,5m,L0,21802.5,2025-06-18 10:03:00-04:00,10,21801.25,21852.75,71.5,-19.5,True
2025-06-18,2025-06-17,5m,L25,21813.5,2025-06-18 10:04:00-04:00,10,21800.5,21856.5,72.25,-16.25,True
2025-06-18,2025-06-17,5m,L50,21824.5,2025-06-18 10:13:00-04:00,10,21821.75,21838.75,51.0,-7.25,True
2025-06-18,2025-06-17,5m,L75,21835.5,2025-06-18 10:18:00-04:00,10,21834.0,21836.0,38.75,-6.0,False
2025-06-18,2025-06-17,5m,L100,21846.5,2025-06-18 10:20:00-04:00,10,21849.75,21826.25,23.0,-24.25,True
2025-06-23,2025-06-13,1h,L75,21753.6875,2025-06-23 12:37:00-04:00,12,21794.5,22057.0,271.5,-56.0,False
2025-06-23,2025-06-13,1h,L100,21796.25,2025-06-23 12:34:00-04:00,12,21795.75,22040.5,263.25,-57.25,False
2025-06-23,2025-06-13,5m,L0,21737.5,2025-06-23 12:37:00-04:00,12,21794.5,22057.0,271.5,-56.0,True
2025-06-23,2025-06-13,5m,L25,21745.375,2025-06-23 12:37:00-04:00,12,21794.5,22057.0,271.5,-56.0,True
2025-06-23,2025-06-13,5m,L50,21753.25,2025-06-23 12:37:00-04:00,12,21794.5,22057.0,271.5,-56.0,True
2025-06-23,2025-06-13,5m,L75,21761.125,2025-06-23 12:36:00-04:00,12,21764.25,22054.0,294.75,-25.75,False
2025-06-23,2025-06-13,5m,L100,21769.0,2025-06-23 12:36:00-04:00,12,21764.25,22054.0,294.75,-25.75,False
2025-06-23,2025-06-16,1h,L0,21790.25,2025-06-23 12:34:00-04:00,12,21795.75,22040.5,263.25,-57.25,True
2025-06-23,2025-06-16,1h,L25,21828.875,2025-06-23 12:31:00-04:00,12,21843.0,22051.0,216.0,-104.5,True
2025-06-23,2025-06-16,1h,L50,21867.5,2025-06-23 12:25:00-04:00,12,21873.0,21976.0,111.0,-134.5,True
2025-06-23,2025-06-16,1h,L75,21906.125,2025-06-23 12:18:00-04:00,12,21925.5,21940.0,24.5,-187.0,False
2025-06-23,2025-06-16,1h,L100,21944.75,2025-06-23 10:00:00-04:00,10,21930.75,21955.0,87.25,-5.5,False
2025-06-23,2025-06-16,5m,L0,21839.5,2025-06-23 12:30:00-04:00,12,21856.0,22044.0,198.5,-117.5,True
2025-06-23,2025-06-16,5m,L25,21852.875,2025-06-23 12:29:00-04:00,12,21860.5,22018.25,172.5,-122.0,True
2025-06-23,2025-06-16,5m,L50,21866.25,2025-06-23 12:25:00-04:00,12,21873.0,21976.0,111.0,-134.5,True
2025-06-23,2025-06-16,5m,L75,21879.625,2025-06-23 12:24:00-04:00,12,21889.25,21976.25,94.75,-150.75,False
2025-06-23,2025-06-16,5m,L100,21893.0,2025-06-23 12:22:00-04:00,12,21897.75,21965.75,73.25,-159.25,False
2025-06-23,2025-06-17,1h,L0,21802.5,2025-06-23 12:34:00-04:00,12,21795.75,22040.5,263.25,-57.25,True
2025-06-23,2025-06-17,1h,L25,21823.5,2025-06-23 12:33:00-04:00,12,21815.75,22039.25,243.25,-77.25,True
2025-06-23,2025-06-17,1h,L50,21844.5,2025-06-23 12:30:00-04:00,12,21856.0,22044.0,198.5,-117.5,True
2025-06-23,2025-06-17,1h,L75,21865.5,2025-06-23 12:25:00-04:00,12,21873.0,21976.0,111.0,-134.5,False
2025-06-23,2025-06-17,1h,L100,21886.5,2025-06-23 12:22:00-04:00,12,21897.75,21965.75,73.25,-159.25,False
2025-06-23,2025-06-17,5m,L0,21802.5,2025-06-23 12:34:00-04:00,12,21795.75,22040.5,263.25,-57.25,True
2025-06-23,2025-06-17,5m,L25,21813.5,2025-06-23 12:33:00-04:00,12,21815.75,22039.25,243.25,-77.25,True
2025-06-23,2025-06-17,5m,L50,21824.5,2025-06-23 12:33:00-04:00,12,21815.75,22039.25,243.25,-77.25,True
2025-06-23,2025-06-17,5m,L75,21835.5,2025-06-23 12:31:00-04:00,12,21843.0,22051.0,216.0,-104.5,False
2025-06-23,2025-06-17,5m,L100,21846.5,2025-06-23 12:30:00-04:00,12,21856.0,22044.0,198.5,-117.5,False
2025-06-23,2025-06-18,1h,L50,21752.5,2025-06-23 12:37:00-04:00,12,21794.5,22057.0,271.5,-56.0,True
2025-06-23,2025-06-18,1h,L75,21777.0,2025-06-23 12:35:00-04:00,12,21804.25,22046.75,254.75,-65.75,False
2025-06-23,2025-06-18,1h,L100,21801.5,2025-06-23 12:34:00-04:00,12,21795.75,22040.5,263.25,-57.25,False
2025-06-23,2025-06-18,5m,L0,21747.5,2025-06-23 12:37:00-04:00,12,21794.5,22057.0,271.5,-56.0,True
2025-06-23,2025-06-18,5m,L25,21756.3125,2025-06-23 12:37:00-04:00,12,21794.5,22057.0,271.5,-56.0,True
2025-06-23,2025-06-18,5m,L50,21765.125,2025-06-23 12:36:00-04:00,12,21764.25,22054.0,294.75,-25.75,True
2025-06-23,2025-06-18,5m,L75,21773.9375,2025-06-23 12:35:00-04:00,12,21804.25,22046.75,254.75,-65.75,False
2025-06-23,2025-06-18,5m,L100,21782.75,2025-06-23 12:35:00-04:00,12,21804.25,22046.75,254.75,-65.75,False
2025-06-26,2025-06-25,1h,L75,22532.625,2025-06-26 10:07:00-04:00,10,22544.5,22581.5,54.75,-7.0,False
2025-06-26,2025-06-25,1h,L100,22548.25,2025-06-26 10:00:00-04:00,10,22561.0,22574.75,38.25,-23.5,False
2025-06-26,2025-06-25,5m,L75,22538.375,2025-06-26 10:06:00-04:00,10,22543.75,22578.0,55.5,-6.25,False
2025-06-26,2025-06-25,5m,L100,22546.5,2025-06-26 10:00:00-04:00,10,22561.0,22574.75,38.25,-23.5,False
2025-07-01,2025-06-27,1h,L0,22682.0,2025-07-01 10:46:00-04:00,10,22691.0,22648.5,28.75,-97.25,False
2025-07-01,2025-06-27,1h,L25,22704.0625,2025-07-01 10:40:00-04:00,10,22710.5,22638.5,13.75,-116.75,False
2025-07-01,2025-06-27,1h,L50,22726.125,2025-07-01 10:37:00-04:00,10,22728.25,22664.25,13.75,-134.5,True
2025-07-01,2025-06-27,1h,L75,22748.1875,2025-07-01 10:28:00-04:00,10,22758.75,22684.75,24.75,-165.0,True
2025-07-01,2025-06-27,1h,L100,22770.25,2025-07-01 10:22:00-04:00,10,22790.75,22653.25,8.25,-197.0,True
2025-07-01,2025-06-27,5m,L0,22731.25,2025-07-01 10:34:00-04:00,10,22737.75,22689.5,18.25,-144.0,False
2025-07-01,2025-06-27,5m,L25,22734.6875,2025-07-01 10:34:00-04:00,10,22737.75,22689.5,18.25,-144.0,False
2025-07-01,2025-06-27,5m,L50,22738.125,2025-07-01 10:33:00-04:00,10,22748.0,22690.25,28.25,-154.25,True
2025-07-01,2025-06-27,5m,L75,22741.5625,2025-07-01 10:33:00-04:00,10,22748.0,22690.25,28.25,-154.25,True
2025-07-01,2025-06-27,5m,L100,22745.0,2025-07-01 10:28:00-04:00,10,22758.75,22684.75,24.75,-165.0,True
2025-07-01,2025-06-30,1h,L0,22795.0,2025-07-01 10:00:00-04:00,10,22809.5,22677.5,35.5,-135.25,False
2025-07-01,2025-06-30,1h,L25,22818.75,2025-07-01 10:00:00-04:00,10,22809.5,22677.5,35.5,-135.25,False
2025-07-01,2025-06-30,1h,L50,22842.5,2025-07-01 10:15:00-04:00,10,22844.25,22609.0,0.75,-250.5,True
2025-07-01,2025-06-30,5m,L0,22795.25,2025-07-01 10:00:00-04:00,10,22809.5,22677.5,35.5,-135.25,False
2025-07-01,2025-06-30,5m,L25,22803.75,2025-07-01 10:00:00-04:00,10,22809.5,22677.5,35.5,-135.25,False
2025-07-01,2025-06-30,5m,L50,22812.25,2025-07-01 10:00:00-04:00,10,22809.5,22677.5,35.5,-135.25,True
2025-07-01,2025-06-30,5m,L75,22820.75,2025-07-01 10:00:00-04:00,10,22809.5,22677.5,35.5,-135.25,True
2025-07-01,2025-06-30,5m,L100,22829.25,2025-07-01 10:00:00-04:00,10,22809.5,22677.5,35.5,-135.25,True
2025-07-02,2025-06-27,1h,L25,22704.0625,2025-07-02 10:00:00-04:00,10,22719.5,22823.25,112.75,-16.75,True
2025-07-02,2025-06-27,1h,L50,22726.125,2025-07-02 10:01:00-04:00,10,22720.25,22830.25,116.75,-4.0,True
2025-07-02,2025-06-27,1h,L75,22748.1875,2025-07-02 10:06:00-04:00,10,22742.5,22842.0,105.25,-12.5,False
2025-07-02,2025-06-27,1h,L100,22770.25,2025-07-02 10:23:00-04:00,10,22767.5,22822.25,80.25,-9.0,False
2025-07-02,2025-06-27,5m,L0,22731.25,2025-07-02 10:01:00-04:00,10,22720.25,22830.25,116.75,-4.0,True
2025-07-02,2025-06-27,5m,L25,22734.6875,2025-07-02 10:02:00-04:00,10,22726.5,22832.0,110.5,-10.25,True
2025-07-02,2025-06-27,5m,L50,22738.125,2025-07-02 10:03:00-04:00,10,22737.0,22825.25,100.0,-12.5,True
2025-07-02,2025-06-27,5m,L75,22741.5625,2025-07-02 10:03:00-04:00,10,22737.0,22825.25,100.0,-12.5,False
2025-07-02,2025-06-27,5m,L100,22745.0,2025-07-02 10:06:00-04:00,10,22742.5,22842.0,105.25,-12.5,False
2025-07-02,2025-06-30,1h,L0,22795.0,2025-07-02 10:27:00-04:00,10,22785.5,22809.5,62.25,-13.25,True
2025-07-02,2025-06-30,1h,L25,22818.75,2025-07-02 10:41:00-04:00,10,22806.75,22813.25,41.0,-34.5,True
2025-07-02,2025-06-30,1h,L50,22842.5,2025-07-02 11:05:00-04:00,11,22840.25,22821.5,7.5,-41.25,True
2025-07-02,2025-06-30,5m,L0,22795.25,2025-07-02 10:27:00-04:00,10,22785.5,22809.5,62.25,-13.25,True
2025-07-02,2025-06-30,5m,L25,22803.75,2025-07-02 10:30:00-04:00,10,22795.25,22809.5,52.5,-23.0,True
2025-07-02,2025-06-30,5m,L50,22812.25,2025-07-02 10:36:00-04:00,10,22806.5,22824.0,41.25,-34.25,True
2025-07-02,2025-06-30,5m,L75,22820.75,2025-07-02 10:41:00-04:00,10,22806.75,22813.25,41.0,-34.5,False
2025-07-02,2025-06-30,5m,L100,22829.25,2025-07-02 10:50:00-04:00,10,22829.75,22818.75,18.0,-30.75,True
2025-07-02,2025-07-01,1h,L0,22779.75,2025-07-02 10:25:00-04:00,10,22780.75,22818.25,67.0,-17.5,True
2025-07-02,2025-07-01,1h,L25,22793.5625,2025-07-02 10:27:00-04:00,10,22785.5,22809.5,62.25,-13.25,True
2025-07-02,2025-07-01,1h,L50,22807.375,2025-07-02 10:34:00-04:00,10,22801.5,22818.0,46.25,-29.25,True
2025-07-02,2025-07-01,1h,L75,22821.1875,2025-07-02 10:41:00-04:00,10,22806.75,22813.25,41.0,-34.5,False
2025-07-02,2025-07-01,1h,L100,22835.0,2025-07-02 10:50:00-04:00,10,22829.75,22818.75,18.0,-30.75,True
2025-07-02,2025-07-01,5m,L0,22788.75,2025-07-02 10:25:00-04:00,10,22780.75,22818.25,67.0,-17.5,True
2025-07-02,2025-07-01,5m,L25,22798.1875,2025-07-02 10:29:00-04:00,10,22790.75,22803.5,57.0,-18.5,True
2025-07-02,2025-07-01,5m,L50,22807.625,2025-07-02 10:34:00-04:00,10,22801.5,22818.0,46.25,-29.25,True
2025-07-02,2025-07-01,5m,L75,22817.0625,2025-07-02 10:37:00-04:00,10,22805.25,22824.25,42.5,-33.0,False
2025-07-02,2025-07-01,5m,L100,22826.5,2025-07-02 10:50:00-04:00,10,22829.75,22818.75,18.0,-30.75,True
2025-07-04,2025-07-03,1h,L0,22890.75,2025-07-04 12:44:00-04:00,12,22902.0,22904.5,10.75,-6.5,False
2025-07-04,2025-07-03,1h,L25,22919.25,2025-07-04 10:00:00-04:00,10,22917.75,22940.5,28.25,-9.75,True
2025-07-04,2025-07-03,1h,L50,22947.75,2025-07-04 10:31:00-04:00,10,22941.0,22932.0,5.0,-30.0,True
2025-07-04,2025-07-03,5m,L0,22948.0,2025-07-04 10:31:00-04:00,10,22941.0,22932.0,5.0,-30.0,False
2025-07-07,2025-06-30,1h,L0,22795.0,2025-07-07 14:21:00-04:00,14,22799.0,22857.25,91.5,-18.75,True
2025-07-07,2025-06-30,1h,L25,22818.75,2025-07-07 14:19:00-04:00,14,22823.5,22855.0,67.0,-43.25,True
2025-07-07,2025-06-30,1h,L50,22842.5,2025-07-07 12:21:00-04:00,12,22853.25,22903.5,71.0,-20.0,True
2025-07-07,2025-06-30,1h,L75,22866.25,2025-07-07 12:20:00-04:00,12,22879.75,22907.75,44.75,-46.5,False
2025-07-07,2025-06-30,1h,L100,22890.0,2025-07-07 10:53:00-04:00,10,22904.5,22908.25,26.5,-21.75,False
2025-07-07,2025-06-30,5m,L0,22795.25,2025-07-07 14:21:00-04:00,14,22799.0,22857.25,91.5,-18.75,True
2025-07-07,2025-06-30,5m,L25,22803.75,2025-07-07 14:20:00-04:00,14,22801.0,22853.0,89.5,-20.75,True
2025-07-07,2025-06-30,5m,L50,22812.25,2025-07-07 14:19:00-04:00,14,22823.5,22855.0,67.0,-43.25,True
2025-07-07,2025-06-30,5m,L75,22820.75,2025-07-07 14:16:00-04:00,14,22852.75,22852.5,37.75,-72.5,False
2025-07-07,2025-06-30,5m,L100,22829.25,2025-07-07 12:22:00-04:00,12,22871.5,22892.5,52.75,-38.25,False
2025-07-07,2025-07-01,1h,L0,22779.75,2025-07-07 14:29:00-04:00,14,22786.25,22847.0,104.25,-6.0,True
2025-07-07,2025-07-01,1h,L25,22793.5625,2025-07-07 14:21:00-04:00,14,22799.0,22857.25,91.5,-18.75,True
2025-07-07,2025-07-01,1h,L50,22807.375,2025-07-07 14:20:00-04:00,14,22801.0,22853.0,89.5,-20.75,True
2025-07-07,2025-07-01,1h,L75,22821.1875,2025-07-07 14:16:00-04:00,14,22852.75,22852.5,37.75,-72.5,False
2025-07-07,2025-07-01,1h,L100,22835.0,2025-07-07 12:22:00-04:00,12,22871.5,22892.5,52.75,-38.25,False
2025-07-07,2025-07-01,5m,L0,22788.75,2025-07-07 14:21:00-04:00,14,22799.0,22857.25,91.5,-18.75,True
2025-07-07,2025-07-01,5m,L25,22798.1875,2025-07-07 14:20:00-04:00,14,22801.0,22853.0,89.5,-20.75,True
2025-07-07,2025-07-01,5m,L50,22807.625,2025-07-07 14:20:00-04:00,14,22801.0,22853.0,89.5,-20.75,True
2025-07-07,2025-07-01,5m,L75,22817.0625,2025-07-07 14:19:00-04:00,14,22823.5,22855.0,67.0,-43.25,False
2025-07-07,2025-07-01,5m,L100,22826.5,2025-07-07 14:16:00-04:00,14,22852.75,22852.5,37.75,-72.5,False
2025-07-07,2025-07-03,1h,L0,22890.75,2025-07-07 10:53:00-04:00,10,22904.5,22908.25,26.5,-21.75,False
2025-07-07,2025-07-03,1h,L25,22919.25,2025-07-07 10:02:00-04:00,10,22913.25,22908.0,49.75,-30.5,False
2025-07-07,2025-07-03,1h,L50,22947.75,2025-07-07 10:00:00-04:00,10,22936.25,22895.0,26.75,-53.5,True
2025-07-07,2025-07-03,5m,L0,22948.0,2025-07-07 10:00:00-04:00,10,22936.25,22895.0,26.75,-53.5,False
2025-07-07,2025-07-03,5m,L25,22954.9375,2025-07-07 10:00:00-04:00,10,22936.25,22895.0,26.75,-53.5,False
2025-07-07,2025-07-03,5m,L50,22961.875,2025-07-07 10:25:00-04:00,10,22959.25,22907.75,3.75,-76.5,True
2025-07-07,2025-07-04,1h,L0,22887.5,2025-07-07 10:53:00-04:00,10,22904.5,22908.25,26.5,-21.75,False
2025-07-07,2025-07-04,1h,L25,22899.0,2025-07-07 10:02:00-04:00,10,22913.25,22908.0,49.75,-30.5,False
2025-07-07,2025-07-04,1h,L50,22910.5,2025-07-07 10:02:00-04:00,10,22913.25,22908.0,49.75,-30.5,True
2025-07-07,2025-07-04,1h,L75,22922.0,2025-07-07 10:01:00-04:00,10,22925.25,22904.5,37.75,-42.5,True
2025-07-07,2025-07-04,1h,L100,22933.5,2025-07-07 10:00:00-04:00,10,22936.25,22895.0,26.75,-53.5,True
2025-07-07,2025-07-04,5m,L0,22916.5,2025-07-07 10:02:00-04:00,10,22913.25,22908.0,49.75,-30.5,False
2025-07-07,2025-07-04,5m,L25,22920.6875,2025-07-07 10:01:00-04:00,10,22925.25,22904.5,37.75,-42.5,False
2025-07-07,2025-07-04,5m,L50,22924.875,2025-07-07 10:01:00-04:00,10,22925.25,22904.5,37.75,-42.5,True
2025-07-07,2025-07-04,5m,L75,22929.0625,2025-07-07 10:01:00-04:00,10,22925.25,22904.5,37.75,-42.5,True
2025-07-07,2025-07-04,5m,L100,22933.25,2025-07-07 10:00:00-04:00,10,22936.25,22895.0,26.75,-53.5,True
2025-07-08,2025-07-03,1h,L0,22890.75,2025-07-08 10:00:00-04:00,10,22890.75,22894.25,52.0,-49.75,False
2025-07-08,2025-07-03,1h,L25,22919.25,2025-07-08 10:34:00-04:00,10,22922.5,22882.25,20.25,-81.5,False
2025-07-08,2025-07-03,1h,L50,22947.75,2025-07-08 10:40:00-04:00,10,22939.25,22888.25,3.5,-98.25,True
2025-07-08,2025-07-03,5m,L0,22948.0,2025-07-08 12:23:00-04:00,12,22943.25,22906.75,19.5,-67.5,False
2025-07-08,2025-07-03,5m,L25,22954.9375,2025-07-08 12:25:00-04:00,12,22947.75,22899.25,15.0,-72.0,False
2025-07-08,2025-07-03,5m,L50,22961.875,2025-07-08 12:26:00-04:00,12,22958.0,22900.0,4.75,-82.25,True
2025-07-08,2025-07-04,1h,L0,22887.5,2025-07-08 10:00:00-04:00,10,22890.75,22894.25,52.0,-49.75,False
2025-07-08,2025-07-04,1h,L25,22899.0,2025-07-08 10:00:00-04:00,10,22890.75,22894.25,52.0,-49.75,False
2025-07-08,2025-07-04,1h,L50,22910.5,2025-07-08 10:32:00-04:00,10,22909.25,22879.25,33.5,-68.25,True
2025-07-08,2025-07-04,1h,L75,22922.0,2025-07-08 10:34:00-04:00,10,22922.5,22882.25,20.25,-81.5,True
2025-07-08,2025-07-04,1h,L100,22933.5,2025-07-08 10:37:00-04:00,10,22931.25,22882.0,11.5,-90.25,True
2025-07-08,2025-07-04,5m,L0,22916.5,2025-07-08 10:33:00-04:00,10,22909.5,22880.75,33.25,-68.5,False
2025-07-08,2025-07-04,5m,L25,22920.6875,2025-07-08 10:34:00-04:00,10,22922.5,22882.25,20.25,-81.5,False
2025-07-08,2025-07-04,5m,L50,22924.875,2025-07-08 10:34:00-04:00,10,22922.5,22882.25,20.25,-81.5,True
2025-07-08,2025-07-04,5m,L75,22929.0625,2025-07-08 10:35:00-04:00,10,22920.25,22881.75,22.5,-79.25,True
2025-07-08,2025-07-04,5m,L100,22933.25,2025-07-08 10:37:00-04:00,10,22931.25,22882.0,11.5,-90.25,True
2025-07-08,2025-07-07,1h,L0,22900.25,2025-07-08 10:00:00-04:00,10,22890.75,22894.25,52.0,-49.75,False
2025-07-08,2025-07-07,1h,L25,22919.6875,2025-07-08 10:34:00-04:00,10,22922.5,22882.25,20.25,-81.5,False
2025-07-08,2025-07-07,1h,L50,22939.125,2025-07-08 10:38:00-04:00,10,22939.0,22889.5,3.75,-98.0,True
2025-07-08,2025-07-07,1h,L75,22958.5625,2025-07-08 12:26:00-04:00,12,22958.0,22900.0,4.75,-82.25,True
2025-07-08,2025-07-07,5m,L0,22921.25,2025-07-08 10:34:00-04:00,10,22922.5,22882.25,20.25,-81.5,False
2025-07-08,2025-07-07,5m,L25,22929.6875,2025-07-08 10:35:00-04:00,10,22920.25,22881.75,22.5,-79.25,False
2025-07-08,2025-07-07,5m,L50,22938.125,2025-07-08 10:38:00-04:00,10,22939.0,22889.5,3.75,-98.0,True
2025-07-08,2025-07-07,5m,L75,22946.5625,2025-07-08 10:40:00-04:00,10,22939.25,22888.25,3.5,-98.25,True
2025-07-08,2025-07-07,5m,L100,22955.0,2025-07-08 12:25:00-04:00,12,22947.75,22899.25,15.0,-72.0,True
2025-07-09,2025-07-03,1h,L25,22919.25,2025-07-09 11:16:00-04:00,11,22925.0,22956.0,64.0,-8.0,True
2025-07-09,2025-07-03,1h,L50,22947.75,2025-07-09 10:50:00-04:00,10,22948.25,22976.0,40.75,-31.25,True
2025-07-09,2025-07-03,1h,L75,22976.25,2025-07-09 10:36:00-04:00,10,22971.0,22974.5,36.75,-54.0,False
2025-07-09,2025-07-03,1h,L100,23004.75,2025-07-09 10:31:00-04:00,10,23001.25,22979.25,25.25,-84.25,True
2025-07-09,2025-07-03,5m,L0,22948.0,2025-07-09 10:50:00-04:00,10,22948.25,22976.0,40.75,-31.25,True
2025-07-09,2025-07-03,5m,L25,22954.9375,2025-07-09 10:48:00-04:00,10,22961.75,22980.5,27.25,-44.75,True
2025-07-09,2025-07-03,5m,L50,22961.875,2025-07-09 10:36:00-04:00,10,22971.0,22974.5,36.75,-54.0,False
2025-07-09,2025-07-03,5m,L75,22968.8125,2025-07-09 10:36:00-04:00,10,22971.0,22974.5,36.75,-54.0,False
2025-07-09,2025-07-03,5m,L100,22975.75,2025-07-09 10:36:00-04:00,10,22971.0,22974.5,36.75,-54.0,False
2025-07-09,2025-07-04,1h,L75,22922.0,2025-07-09 11:16:00-04:00,11,22925.0,22956.0,64.0,-8.0,False
2025-07-09,2025-07-04,1h,L100,22933.5,2025-07-09 10:57:00-04:00,10,22939.75,22948.5,49.25,-22.75,False
2025-07-09,2025-07-04,5m,L0,22916.5,2025-07-09 11:16:00-04:00,11,22925.0,22956.0,64.0,-8.0,True
2025-07-09,2025-07-04,5m,L25,22920.6875,2025-07-09 11:16:00-04:00,11,22925.0,22956.0,64.0,-8.0,True
2025-07-09,2025-07-04,5m,L50,22924.875,2025-07-09 10:59:00-04:00,10,22947.0,22948.25,42.0,-30.0,False
2025-07-09,2025-07-04,5m,L75,22929.0625,2025-07-09 10:58:00-04:00,10,22935.5,22954.75,53.5,-18.5,False
2025-07-09,2025-07-04,5m,L100,22933.25,2025-07-09 10:57:00-04:00,10,22939.75,22948.5,49.25,-22.75,False
2025-07-09,2025-07-07,1h,L25,22919.6875,2025-07-09 11:16:00-04:00,11,22925.0,22956.0,64.0,-8.0,True
2025-07-09,2025-07-07,1h,L50,22939.125,2025-07-09 10:52:00-04:00,10,22946.5,22951.5,42.5,-29.5,False
2025-07-09,2025-07-07,1h,L75,22958.5625,2025-07-09 10:36:00-04:00,10,22971.0,22974.5,36.75,-54.0,False
2025-07-09,2025-07-07,1h,L100,22978.0,2025-07-09 10:36:00-04:00,10,22971.0,22974.5,36.75,-54.0,False
2025-07-09,2025-07-07,5m,L0,22921.25,2025-07-09 11:16:00-04:00,11,22925.0,22956.0,64.0,-8.0,True
2025-07-09,2025-07-07,5m,L25,22929.6875,2025-07-09 10:57:00-04:00,10,22939.75,22948.5,49.25,-22.75,True
2025-07-09,2025-07-07,5m,L50,22938.125,2025-07-09 10:52:00-04:00,10,22946.5,22951.5,42.5,-29.5,False
2025-07-09,2025-07-07,5m,L75,22946.5625,2025-07-09 10:50:00-04:00,10,22948.25,22976.0,40.75,-31.25,False
2025-07-09,2025-07-07,5m,L100,22955.0,2025-07-09 10:48:00-04:00,10,22961.75,22980.5,27.25,-44.75,False
2025-07-09,2025-07-08,1h,L50,22918.125,2025-07-09 11:16:00-04:00,11,22925.0,22956.0,64.0,-8.0,True
2025-07-09,2025-07-08,1h,L75,22937.1875,2025-07-09 10:52:00-04:00,10,22946.5,22951.5,42.5,-29.5,False
2025-07-09,2025-07-08,1h,L100,22956.25,2025-07-09 10:48:00-04:00,10,22961.75,22980.5,27.25,-44.75,False
2025-07-09,2025-07-08,5m,L75,22913.875,2025-07-09 11:17:00-04:00,11,22937.25,22960.25,51.75,-20.25,False
2025-07-09,2025-07-08,5m,L100,22917.75,2025-07-09 11:16:00-04:00,11,22925.0,22956.0,64.0,-8.0,False
2025-07-10,2025-07-03,1h,L25,22919.25,2025-07-10 10:01:00-04:00,10,22925.25,22971.25,61.5,-24.25,True
2025-07-10,2025-07-03,1h,L50,22947.75,2025-07-10 10:00:00-04:00,10,22931.0,22962.25,55.75,-30.0,True
2025-07-10,2025-07-03,1h,L75,22976.25,2025-07-10 10:40:00-04:00,10,22975.75,23003.25,30.25,-35.5,False
2025-07-10,2025-07-03,1h,L100,23004.75,2025-07-10 11:27:00-04:00,11,22996.0,23006.75,29.25,-33.25,False
2025-07-10,2025-07-03,5m,L0,22948.0,2025-07-10 10:00:00-04:00,10,22931.0,22962.25,55.75,-30.0,True
2025-07-10,2025-07-03,5m,L25,22954.9375,2025-07-10 10:00:00-04:00,10,22931.0,22962.25,55.75,-30.0,True
2025-07-10,2025-07-03,5m,L50,22961.875,2025-07-10 10:00:00-04:00,10,22931.0,22962.25,55.75,-30.0,True
2025-07-10,2025-07-03,5m,L75,22968.8125,2025-07-10 10:18:00-04:00,10,22962.75,22964.0,24.0,-54.0,False
2025-07-10,2025-07-03,5m,L100,22975.75,2025-07-10 10:40:00-04:00,10,22975.75,23003.25,30.25,-35.5,False
2025-07-10,2025-07-04,1h,L25,22899.0,2025-07-10 10:06:00-04:00,10,22914.5,22966.75,72.25,-13.5,True
2025-07-10,2025-07-04,1h,L50,22910.5,2025-07-10 10:05:00-04:00,10,22915.5,22967.25,71.25,-14.5,True
2025-07-10,2025-07-04,1h,L75,22922.0,2025-07-10 10:01:00-04:00,10,22925.25,22971.25,61.5,-24.25,False
2025-07-10,2025-07-04,1h,L100,22933.5,2025-07-10 10:00:00-04:00,10,22931.0,22962.25,55.75,-30.0,False
2025-07-10,2025-07-04,5m,L0,22916.5,2025-07-10 10:01:00-04:00,10,22925.25,22971.25,61.5,-24.25,True
2025-07-10,2025-07-04,5m,L25,22920.6875,2025-07-10 10:01:00-04:00,10,22925.25,22971.25,61.5,-24.25,True
2025-07-10,2025-07-04,5m,L50,22924.875,2025-07-10 10:00:00-04:00,10,22931.0,22962.25,55.75,-30.0,True
2025-07-10,2025-07-04,5m,L75,22929.0625,2025-07-10 10:00:00-04:00,10,22931.0,22962.25,55.75,-30.0,False
2025-07-10,2025-07-04,5m,L100,22933.25,2025-07-10 10:00:00-04:00,10,22931.0,22962.25,55.75,-30.0,False
2025-07-10,2025-07-07,1h,L0,22900.25,2025-07-10 10:06:00-04:00,10,22914.5,22966.75,72.25,-13.5,True
2025-07-10,2025-07-07,1h,L25,22919.6875,2025-07-10 10:01:00-04:00,10,22925.25,22971.25,61.5,-24.25,True
2025-07-10,2025-07-07,1h,L50,22939.125,2025-07-10 10:00:00-04:00,10,22931.0,22962.25,55.75,-30.0,True
2025-07-10,2025-07-07,1h,L75,22958.5625,2025-07-10 10:00:00-04:00,10,22931.0,22962.25,55.75,-30.0,False
2025-07-10,2025-07-07,1h,L100,22978.0,2025-07-10 10:40:00-04:00,10,22975.75,23003.25,30.25,-35.5,False
2025-07-10,2025-07-07,5m,L0,22921.25,2025-07-10 10:01:00-04:00,10,22925.25,22971.25,61.5,-24.25,True
2025-07-10,2025-07-07,5m,L25,22929.6875,2025-07-10 10:00:00-04:00,10,22931.0,22962.25,55.75,-30.0,True
2025-07-10,2025-07-07,5m,L50,22938.125,2025-07-10 10:00:00-04:00,10,22931.0,22962.25,55.75,-30.0,True
2025-07-10,2025-07-07,5m,L75,22946.5625,2025-07-10 10:00:00-04:00,10,22931.0,22962.25,55.75,-30.0,False
2025-07-10,2025-07-07,5m,L100,22955.0,2025-07-10 10:00:00-04:00,10,22931.0,22962.25,55.75,-30.0,False
2025-07-10,2025-07-08,1h,L25,22899.0625,2025-07-10 10:06:00-04:00,10,22914.5,22966.75,72.25,-13.5,True
2025-07-10,2025-07-08,1h,L50,22918.125,2025-07-10 10:01:00-04:00,10,22925.25,22971.25,61.5,-24.25,True
2025-07-10,2025-07-08,1h,L75,22937.1875,2025-07-10 10:00:00-04:00,10,22931.0,22962.25,55.75,-30.0,False
2025-07-10,2025-07-08,1h,L100,22956.25,2025-07-10 10:00:00-04:00,10,22931.0,22962.25,55.75,-30.0,False
2025-07-10,2025-07-08,5m,L0,22902.25,2025-07-10 10:06:00-04:00,10,22914.5,22966.75,72.25,-13.5,True
2025-07-10,2025-07-08,5m,L25,22906.125,2025-07-10 10:05:00-04:00,10,22915.5,22967.25,71.25,-14.5,True
2025-07-10,2025-07-08,5m,L50,22910.0,2025-07-10 10:05:00-04:00,10,22915.5,22967.25,71.25,-14.5,True
2025-07-10,2025-07-08,5m,L75,22913.875,2025-07-10 10:01:00-04:00,10,22925.25,22971.25,61.5,-24.25,False
2025-07-10,2025-07-08,5m,L100,22917.75,2025-07-10 10:01:00-04:00,10,22925.25,22971.25,61.5,-24.25,False
2025-07-10,2025-07-09,1h,L0,22930.5,2025-07-10 10:00:00-04:00,10,22931.0,22962.25,55.75,-30.0,True
2025-07-10,2025-07-09,1h,L25,22972.125,2025-07-10 10:18:00-04:00,10,22962.75,22964.0,24.0,-54.0,False
2025-07-10,2025-07-09,1h,L50,23013.75,2025-07-10 11:43:00-04:00,11,23009.25,23006.25,16.0,-46.5,False
2025-07-10,2025-07-09,5m,L0,23055.0,2025-07-10 14:22:00-04:00,14,23044.5,23036.0,5.5,-20.5,False
2025-07-11,2025-07-04,1h,L50,22910.5,2025-07-11 11:14:00-04:00,11,22915.75,22975.25,94.25,-7.0,True
2025-07-11,2025-07-04,1h,L75,22922.0,2025-07-11 11:14:00-04:00,11,22915.75,22975.25,94.25,-7.0,False
2025-07-11,2025-07-04,1h,L100,22933.5,2025-07-11 11:13:00-04:00,11,22940.75,22964.0,69.25,-32.0,False
2025-07-11,2025-07-04,5m,L0,22916.5,2025-07-11 11:14:00-04:00,11,22915.75,22975.25,94.25,-7.0,True
2025-07-11,2025-07-04,5m,L25,22920.6875,2025-07-11 11:14:00-04:00,11,22915.75,22975.25,94.25,-7.0,True
2025-07-11,2025-07-04,5m,L50,22924.875,2025-07-11 11:14:00-04:00,11,22915.75,22975.25,94.25,-7.0,True
2025-07-11,2025-07-04,5m,L75,22929.0625,2025-07-11 11:14:00-04:00,11,22915.75,22975.25,94.25,-7.0,False
2025-07-11,2025-07-04,5m,L100,22933.25,2025-07-11 11:14:00-04:00,11,22915.75,22975.25,94.25,-7.0,False
2025-07-11,2025-07-07,1h,L25,22919.6875,2025-07-11 11:14:00-04:00,11,22915.75,22975.25,94.25,-7.0,True
2025-07-11,2025-07-07,1h,L50,22939.125,2025-07-11 10:09:00-04:00,10,22951.25,22954.75,56.25,-12.25,False
2025-07-11,2025-07-07,1h,L75,22958.5625,2025-07-11 10:00:00-04:00,10,22962.25,22966.5,45.25,-23.25,False
2025-07-11,2025-07-07,1h,L100,22978.0,2025-07-11 10:07:00-04:00,10,22970.5,22954.25,37.0,-31.5,True
2025-07-11,2025-07-07,5m,L0,22921.25,2025-07-11 11:14:00-04:00,11,22915.75,22975.25,94.25,-7.0,True
2025-07-11,2025-07-07,5m,L25,22929.6875,2025-07-11 11:14:00-04:00,11,22915.75,22975.25,94.25,-7.0,True
2025-07-11,2025-07-07,5m,L50,22938.125,2025-07-11 10:09:00-04:00,10,22951.25,22954.75,56.25,-12.25,False
2025-07-11,2025-07-07,5m,L75,22946.5625,2025-07-11 10:03:00-04:00,10,22956.0,22966.5,51.5,-17.0,False
2025-07-11,2025-07-07,5m,L100,22955.0,2025-07-11 10:00:00-04:00,10,22962.25,22966.5,45.25,-23.25,False
2025-07-11,2025-07-08,1h,L50,22918.125,2025-07-11 11:14:00-04:00,11,22915.75,22975.25,94.25,-7.0,True
2025-07-11,2025-07-08,1h,L75,22937.1875,2025-07-11 10:09:00-04:00,10,22951.25,22954.75,56.25,-12.25,False
2025-07-11,2025-07-08,1h,L100,22956.25,2025-07-11 10:00:00-04:00,10,22962.25,22966.5,45.25,-23.25,False
2025-07-11,2025-07-08,5m,L25,22906.125,2025-07-11 11:15:00-04:00,11,22930.0,22982.0,80.0,-21.25,True
2025-07-11,2025-07-08,5m,L50,22910.0,2025-07-11 11:15:00-04:00,11,22930.0,22982.0,80.0,-21.25,True
2025-07-11,2025-07-08,5m,L75,22913.875,2025-07-11 11:14:00-04:00,11,22915.75,22975.25,94.25,-7.0,False
2025-07-11,2025-07-08,5m,L100,22917.75,2025-07-11 11:14:00-04:00,11,22915.75,22975.25,94.25,-7.0,False
2025-07-11,2025-07-09,1h,L0,22930.5,2025-07-11 11:14:00-04:00,11,22915.75,22975.25,94.25,-7.0,True
2025-07-11,2025-07-09,1h,L25,22972.125,2025-07-11 10:02:00-04:00,10,22957.0,22973.25,50.5,-18.0,True
2025-07-11,2025-07-09,1h,L50,23013.75,2025-07-11 11:42:00-04:00,11,23004.5,22978.5,5.5,-46.0,True
2025-07-11,2025-07-10,1h,L0,22939.0,2025-07-11 10:09:00-04:00,10,22951.25,22954.75,56.25,-12.25,False
2025-07-11,2025-07-10,1h,L25,22976.6875,2025-07-11 10:07:00-04:00,10,22970.5,22954.25,37.0,-31.5,False
2025-07-11,2025-07-10,1h,L50,23014.375,2025-07-11 11:43:00-04:00,11,23003.0,22974.75,7.0,-44.5,True
2025-07-11,2025-07-10,5m,L0,22988.75,2025-07-11 10:16:00-04:00,10,22984.0,22928.75,23.5,-75.25,False
2025-07-11,2025-07-10,5m,L25,23000.0,2025-07-11 10:23:00-04:00,10,22994.5,22944.5,13.0,-85.75,False
2025-07-11,2025-07-10,5m,L50,23011.25,2025-07-11 10:35:00-04:00,10,23004.25,22966.75,3.25,-95.5,True
2025-07-11,2025-07-10,5m,L75,23022.5,2025-07-11 13:07:00-04:00,13,23018.75,23006.75,3.0,-57.75,True
2025-07-14,2025-07-07,1h,L25,22919.6875,2025-07-14 10:00:00-04:00,10,22914.25,22994.5,81.25,-8.75,True
2025-07-14,2025-07-07,1h,L50,22939.125,2025-07-14 10:04:00-04:00,10,22933.75,23008.5,89.0,-23.75,True
2025-07-14,2025-07-07,1h,L75,22958.5625,2025-07-14 10:16:00-04:00,10,22953.0,23007.5,69.75,-30.5,False
2025-07-14,2025-07-07,1h,L100,22978.0,2025-07-14 10:21:00-04:00,10,22979.75,23002.5,43.0,-57.25,False
2025-07-14,2025-07-07,5m,L0,22921.25,2025-07-14 10:00:00-04:00,10,22914.25,22994.5,81.25,-8.75,True
2025-07-14,2025-07-07,5m,L25,22929.6875,2025-07-14 10:00:00-04:00,10,22914.25,22994.5,81.25,-8.75,True
2025-07-14,2025-07-07,5m,L50,22938.125,2025-07-14 10:04:00-04:00,10,22933.75,23008.5,89.0,-23.75,True
2025-07-14,2025-07-07,5m,L75,22946.5625,2025-07-14 10:10:00-04:00,10,22930.0,23002.0,92.75,-20.0,False
2025-07-14,2025-07-07,5m,L100,22955.0,2025-07-14 10:15:00-04:00,10,22948.0,23013.75,74.75,-25.5,False
2025-07-14,2025-07-08,1h,L50,22918.125,2025-07-14 10:00:00-04:00,10,22914.25,22994.5,81.25,-8.75,True
2025-07-14,2025-07-08,1h,L75,22937.1875,2025-07-14 10:04:00-04:00,10,22933.75,23008.5,89.0,-23.75,False
2025-07-14,2025-07-08,1h,L100,22956.25,2025-07-14 10:15:00-04:00,10,22948.0,23013.75,74.75,-25.5,False
2025-07-14,2025-07-08,5m,L0,22902.25,2025-07-14 10:01:00-04:00,10,22911.75,23001.25,98.25,-6.25,True
2025-07-14,2025-07-08,5m,L25,22906.125,2025-07-14 10:00:00-04:00,10,22914.25,22994.5,81.25,-8.75,True
2025-07-14,2025-07-08,5m,L50,22910.0,2025-07-14 10:00:00-04:00,10,22914.25,22994.5,81.25,-8.75,True
2025-07-14,2025-07-08,5m,L75,22913.875,2025-07-14 10:00:00-04:00,10,22914.25,22994.5,81.25,-8.75,False
2025-07-14,2025-07-08,5m,L100,22917.75,2025-07-14 10:00:00-04:00,10,22914.25,22994.5,81.25,-8.75,False
2025-07-14,2025-07-09,1h,L0,22930.5,2025-07-14 10:02:00-04:00,10,22927.25,23006.75,83.75,-18.0,True
2025-07-14,2025-07-09,1h,L25,22972.125,2025-07-14 10:20:00-04:00,10,22967.25,23001.0,55.5,-44.75,True
2025-07-14,2025-07-09,1h,L50,23013.75,2025-07-14 11:01:00-04:00,11,23001.25,23005.25,21.5,-12.5,False
2025-07-14,2025-07-09,1h,L75,23055.375,2025-07-14 13:10:00-04:00,13,23050.0,23048.25,17.75,-14.5,False
2025-07-14,2025-07-09,5m,L0,23055.0,2025-07-14 13:09:00-04:00,13,23048.5,23048.0,19.25,-13.0,False
2025-07-14,2025-07-09,5m,L25,23063.4375,2025-07-14 13:16:00-04:00,13,23055.25,23044.25,12.5,-19.75,False
2025-07-14,2025-07-09,5m,L50,23071.875,2025-07-14 13:36:00-04:00,13,23064.5,23047.0,3.25,-29.0,True
2025-07-14,2025-07-10,1h,L0,22939.0,2025-07-14 10:04:00-04:00,10,22933.75,23008.5,89.0,-23.75,True
2025-07-14,2025-07-10,1h,L25,22976.6875,2025-07-14 10:21:00-04:00,10,22979.75,23002.5,43.0,-57.25,True
2025-07-14,2025-07-10,1h,L50,23014.375,2025-07-14 11:01:00-04:00,11,23001.25,23005.25,21.5,-12.5,False
2025-07-14,2025-07-10,1h,L75,23052.0625,2025-07-14 13:09:00-04:00,13,23048.5,23048.0,19.25,-13.0,False
2025-07-14,2025-07-10,5m,L0,22988.75,2025-07-14 10:21:00-04:00,10,22979.75,23002.5,43.0,-57.25,True
2025-07-14,2025-07-10,5m,L25,23000.0,2025-07-14 11:00:00-04:00,11,22994.5,23003.25,28.25,-9.75,True
2025-07-14,2025-07-10,5m,L50,23011.25,2025-07-14 11:01:00-04:00,11,23001.25,23005.25,21.5,-12.5,False
2025-07-14,2025-07-10,5m,L75,23022.5,2025-07-14 11:04:00-04:00,11,23008.5,23002.0,14.25,-19.75,True
2025-07-14,2025-07-10,5m,L100,23033.75,2025-07-14 12:09:00-04:00,12,23025.0,23048.5,25.0,-20.25,False
2025-07-14,2025-07-11,1h,L50,22915.375,2025-07-14 10:00:00-04:00,10,22914.25,22994.5,81.25,-8.75,True
2025-07-14,2025-07-11,1h,L75,22941.5625,2025-07-14 10:07:00-04:00,10,22936.0,23015.5,86.75,-26.0,False
2025-07-14,2025-07-11,1h,L100,22967.75,2025-07-14 10:17:00-04:00,10,22960.5,23007.5,62.25,-38.0,False
2025-07-14,2025-07-11,5m,L50,22901.375,2025-07-14 10:01:00-04:00,10,22911.75,23001.25,98.25,-6.25,True
2025-07-14,2025-07-11,5m,L75,22920.5625,2025-07-14 10:00:00-04:00,10,22914.25,22994.5,81.25,-8.75,False
2025-07-14,2025-07-11,5m,L100,22939.75,2025-07-14 10:04:00-04:00,10,22933.75,23008.5,89.0,-23.75,False
2025-07-15,2025-07-09,1h,L75,23055.375,2025-07-15 15:59:00-04:00,15,23052.0,23052.0,25.75,-2.0,False
2025-07-15,2025-07-09,1h,L100,23097.0,2025-07-15 10:58:00-04:00,10,23099.5,23157.25,81.5,-4.0,False
2025-07-15,2025-07-09,5m,L0,23055.0,2025-07-15 15:59:00-04:00,15,23052.0,23052.0,25.75,-2.0,False
2025-07-15,2025-07-09,5m,L25,23063.4375,2025-07-15 15:57:00-04:00,15,23074.5,23052.0,14.0,-24.5,False
2025-07-15,2025-07-09,5m,L50,23071.875,2025-07-15 15:23:00-04:00,15,23084.0,23052.0,31.0,-34.0,True
2025-07-15,2025-07-09,5m,L75,23080.3125,2025-07-15 12:57:00-04:00,12,23091.25,23160.5,70.5,-8.75,False
2025-07-15,2025-07-09,5m,L100,23088.75,2025-07-15 12:57:00-04:00,12,23091.25,23160.5,70.5,-8.75,False
2025-07-15,2025-07-10,1h,L75,23052.0625,2025-07-15 15:59:00-04:00,15,23052.0,23052.0,25.75,-2.0,False
2025-07-15,2025-07-10,1h,L100,23089.75,2025-07-15 12:57:00-04:00,12,23091.25,23160.5,70.5,-8.75,False
2025-07-16,2025-07-09,1h,L0,22930.5,2025-07-16 11:20:00-04:00,11,22936.0,22974.25,89.0,-100.25,True
2025-07-16,2025-07-09,1h,L25,22972.125,2025-07-16 10:00:00-04:00,10,22977.25,23004.0,57.75,-29.0,True
2025-07-16,2025-07-09,1h,L50,23013.75,2025-07-16 10:23:00-04:00,10,22999.5,22950.5,45.5,-101.25,True
2025-07-16,2025-07-09,1h,L75,23055.375,2025-07-16 13:03:00-04:00,13,23050.5,23028.25,17.5,-31.25,True
2025-07-16,2025-07-09,1h,L100,23097.0,2025-07-16 15:40:00-04:00,15,23096.5,23074.5,3.5,-23.5,True
2025-07-16,2025-07-09,5m,L0,23055.0,2025-07-16 13:03:00-04:00,13,23050.5,23028.25,17.5,-31.25,False
2025-07-16,2025-07-09,5m,L25,23063.4375,2025-07-16 13:08:00-04:00,13,23064.5,23034.0,3.5,-45.25,False
2025-07-16,2025-07-09,5m,L50,23071.875,2025-07-16 13:13:00-04:00,13,23061.75,23029.75,6.25,-42.5,True
2025-07-16,2025-07-09,5m,L75,23080.3125,2025-07-16 15:00:00-04:00,15,23075.75,23074.5,24.25,-17.75,False
2025-07-16,2025-07-09,5m,L100,23088.75,2025-07-16 15:39:00-04:00,15,23086.0,23074.5,14.0,-13.0,True
2025-07-16,2025-07-10,1h,L0,22939.0,2025-07-16 11:17:00-04:00,11,22982.5,23000.75,42.5,-146.75,True
2025-07-16,2025-07-10,1h,L25,22976.6875,2025-07-16 10:00:00-04:00,10,22977.25,23004.0,57.75,-29.0,True
2025-07-16,2025-07-10,1h,L50,23014.375,2025-07-16 10:23:00-04:00,10,22999.5,22950.5,45.5,-101.25,True
2025-07-16,2025-07-10,1h,L75,23052.0625,2025-07-16 12:59:00-04:00,12,23046.0,23028.0,22.0,-25.75,True
2025-07-16,2025-07-10,1h,L100,23089.75,2025-07-16 15:39:00-04:00,15,23086.0,23074.5,14.0,-13.0,True
2025-07-16,2025-07-10,5m,L0,22988.75,2025-07-16 10:02:00-04:00,10,22973.75,23008.75,61.25,-25.5,True
2025-07-16,2025-07-10,5m,L25,23000.0,2025-07-16 10:10:00-04:00,10,22996.0,23024.5,39.0,-36.0,True
2025-07-16,2025-07-10,5m,L50,23011.25,2025-07-16 10:22:00-04:00,10,23004.5,22911.5,40.5,-106.25,True
2025-07-16,2025-07-10,5m,L75,23022.5,2025-07-16 10:30:00-04:00,10,23028.5,22943.5,16.5,-130.25,True
2025-07-16,2025-07-10,5m,L100,23033.75,2025-07-16 10:30:00-04:00,10,23028.5,22943.5,16.5,-130.25,True
2025-07-16,2025-07-11,1h,L0,22863.0,2025-07-16 11:36:00-04:00,11,22848.75,22990.0,176.25,-13.0,True
2025-07-16,2025-07-11,1h,L25,22889.1875,2025-07-16 11:34:00-04:00,11,22897.0,22988.5,128.0,-61.25,True
2025-07-16,2025-07-11,1h,L50,22915.375,2025-07-16 11:20:00-04:00,11,22936.0,22974.25,89.0,-100.25,True
2025-07-16,2025-07-11,1h,L75,22941.5625,2025-07-16 11:17:00-04:00,11,22982.5,23000.75,42.5,-146.75,False
2025-07-16,2025-07-11,1h,L100,22967.75,2025-07-16 10:00:00-04:00,10,22977.25,23004.0,57.75,-29.0,False
2025-07-16,2025-07-11,5m,L0,22863.0,2025-07-16 11:36:00-04:00,11,22848.75,22990.0,176.25,-13.0,True
2025-07-16,2025-07-11,5m,L25,22882.1875,2025-07-16 11:35:00-04:00,11,22875.25,22992.0,149.75,-39.5,True
2025-07-16,2025-07-11,5m,L50,22901.375,2025-07-16 11:22:00-04:00,11,22911.5,22973.0,113.5,-75.75,True
2025-07-16,2025-07-11,5m,L75,22920.5625,2025-07-16 11:20:00-04:00,11,22936.0,22974.25,89.0,-100.25,False
2025-07-16,2025-07-11,5m,L100,22939.75,2025-07-16 11:17:00-04:00,11,22982.5,23000.75,42.5,-146.75,False
2025-07-16,2025-07-14,1h,L0,22842.5,2025-07-16 11:36:00-04:00,11,22848.75,22990.0,176.25,-13.0,True
2025-07-16,2025-07-14,1h,L25,22876.625,2025-07-16 11:35:00-04:00,11,22875.25,22992.0,149.75,-39.5,True
2025-07-16,2025-07-14,1h,L50,22910.75,2025-07-16 11:20:00-04:00,11,22936.0,22974.25,89.0,-100.25,True
2025-07-16,2025-07-14,1h,L75,22944.875,2025-07-16 10:07:00-04:00,10,22951.75,23015.5,83.25,-3.5,False
2025-07-16,2025-07-14,1h,L100,22979.0,2025-07-16 10:00:00-04:00,10,22977.25,23004.0,57.75,-29.0,False
2025-07-16,2025-07-14,5m,L0,22842.5,2025-07-16 11:36:00-04:00,11,22848.75,22990.0,176.25,-13.0,True
2025-07-16,2025-07-14,5m,L25,22863.0,2025-07-16 11:36:00-04:00,11,22848.75,22990.0,176.25,-13.0,True
2025-07-16,2025-07-14,5m,L50,22883.5,2025-07-16 11:34:00-04:00,11,22897.0,22988.5,128.0,-61.25,True
2025-07-16,2025-07-14,5m,L75,22904.0,2025-07-16 11:21:00-04:00,11,22909.75,22969.25,115.25,-74.0,False
2025-07-16,2025-07-14,5m,L100,22924.5,2025-07-16 11:20:00-04:00,11,22936.0,22974.25,89.0,-100.25,False
2025-07-17,2025-07-15,1h,L0,23122.75,2025-07-17 10:22:00-04:00,10,23128.25,23223.25,116.0,-13.75,True
2025-07-17,2025-07-15,1h,L25,23147.75,2025-07-17 10:00:00-04:00,10,23161.0,23204.0,43.5,-46.5,True
2025-07-17,2025-07-15,1h,L50,23172.75,2025-07-17 10:01:00-04:00,10,23171.0,23206.75,37.5,-56.5,True
2025-07-17,2025-07-15,1h,L75,23197.75,2025-07-17 10:49:00-04:00,10,23193.0,23240.0,55.0,-11.75,False
2025-07-17,2025-07-15,1h,L100,23222.75,2025-07-17 11:05:00-04:00,11,23234.25,23252.75,25.0,-20.75,False
2025-07-17,2025-07-15,5m,L0,23142.25,2025-07-17 10:11:00-04:00,10,23143.0,23230.0,101.25,-28.5,True
2025-07-17,2025-07-15,5m,L25,23152.8125,2025-07-17 10:00:00-04:00,10,23161.0,23204.0,43.5,-46.5,True
2025-07-17,2025-07-15,5m,L50,23163.375,2025-07-17 10:00:00-04:00,10,23161.0,23204.0,43.5,-46.5,True
2025-07-17,2025-07-15,5m,L75,23173.9375,2025-07-17 10:01:00-04:00,10,23171.0,23206.75,37.5,-56.5,False
2025-07-17,2025-07-15,5m,L100,23184.5,2025-07-17 10:36:00-04:00,10,23178.25,23225.75,66.0,-18.75,False
2025-07-18,2025-07-15,1h,L50,23172.75,2025-07-18 12:26:00-04:00,12,23186.75,23207.25,29.25,-16.75,True
2025-07-18,2025-07-15,1h,L75,23197.75,2025-07-18 10:24:00-04:00,10,23211.25,23205.0,19.75,-30.75,True
2025-07-18,2025-07-15,1h,L100,23222.75,2025-07-18 10:14:00-04:00,10,23230.5,23205.0,10.25,-50.0,True
2025-07-18,2025-07-15,5m,L75,23173.9375,2025-07-18 12:26:00-04:00,12,23186.75,23207.25,29.25,-16.75,False
2025-07-18,2025-07-15,5m,L100,23184.5,2025-07-18 10:26:00-04:00,10,23193.25,23209.75,37.75,-12.75,False
2025-07-22,2025-07-15,1h,L0,23122.75,2025-07-22 10:00:00-04:00,10,23125.0,23227.5,105.0,-20.0,True
2025-07-22,2025-07-15,1h,L25,23147.75,2025-07-22 10:05:00-04:00,10,23142.75,23217.25,87.25,-10.5,True
2025-07-22,2025-07-15,1h,L50,23172.75,2025-07-22 10:07:00-04:00,10,23164.25,23226.75,65.75,-13.5,True
2025-07-22,2025-07-15,1h,L75,23197.75,2025-07-22 10:15:00-04:00,10,23195.5,23209.0,34.5,-37.75,False
2025-07-22,2025-07-15,1h,L100,23222.75,2025-07-22 10:35:00-04:00,10,23218.75,23222.5,16.5,-25.25,False
2025-07-22,2025-07-15,5m,L0,23142.25,2025-07-22 10:00:00-04:00,10,23125.0,23227.5,105.0,-20.0,True
2025-07-22,2025-07-15,5m,L25,23152.8125,2025-07-22 10:05:00-04:00,10,23142.75,23217.25,87.25,-10.5,True
2025-07-22,2025-07-15,5m,L50,23163.375,2025-07-22 10:07:00-04:00,10,23164.25,23226.75,65.75,-13.5,True
2025-07-22,2025-07-15,5m,L75,23173.9375,2025-07-22 10:07:00-04:00,10,23164.25,23226.75,65.75,-13.5,False
2025-07-22,2025-07-15,5m,L100,23184.5,2025-07-22 10:09:00-04:00,10,23176.0,23216.0,54.0,-18.25,False
2025-07-22,2025-07-17,1h,L50,23112.125,2025-07-22 10:00:00-04:00,10,23125.0,23227.5,105.0,-20.0,True
2025-07-22,2025-07-17,1h,L75,23135.3125,2025-07-22 10:00:00-04:00,10,23125.0,23227.5,105.0,-20.0,False
2025-07-22,2025-07-17,1h,L100,23158.5,2025-07-22 10:05:00-04:00,10,23142.75,23217.25,87.25,-10.5,False
2025-07-22,2025-07-17,5m,L0,23117.5,2025-07-22 10:00:00-04:00,10,23125.0,23227.5,105.0,-20.0,True
2025-07-22,2025-07-17,5m,L25,23122.625,2025-07-22 10:00:00-04:00,10,23125.0,23227.5,105.0,-20.0,True
2025-07-22,2025-07-17,5m,L50,23127.75,2025-07-22 10:00:00-04:00,10,23125.0,23227.5,105.0,-20.0,True
2025-07-22,2025-07-17,5m,L75,23132.875,2025-07-22 10:00:00-04:00,10,23125.0,23227.5,105.0,-20.0,False
2025-07-22,2025-07-17,5m,L100,23138.0,2025-07-22 10:00:00-04:00,10,23125.0,23227.5,105.0,-20.0,False
2025-07-22,2025-07-18,1h,L0,23251.25,2025-07-22 13:28:00-04:00,13,23246.75,23219.0,3.75,-75.75,False
2025-07-22,2025-07-21,1h,L0,23223.5,2025-07-22 10:35:00-04:00,10,23218.75,23222.5,16.5,-25.25,False
2025-07-23,2025-07-17,1h,L100,23158.5,2025-07-23 10:00:00-04:00,10,23159.0,23212.25,53.25,-16.5,False
2025-07-23,2025-07-17,5m,L100,23138.0,2025-07-23 10:12:00-04:00,10,23151.0,23192.5,67.25,-8.5,False
2025-07-23,2025-07-18,1h,L0,23251.25,2025-07-23 11:54:00-04:00,11,23262.5,23226.25,31.5,-69.0,False
2025-07-23,2025-07-18,1h,L25,23268.5625,2025-07-23 11:54:00-04:00,11,23262.5,23226.25,31.5,-69.0,False
2025-07-23,2025-07-18,1h,L50,23285.875,2025-07-23 11:54:00-04:00,11,23262.5,23226.25,31.5,-69.0,True
2025-07-23,2025-07-18,1h,L75,23303.1875,2025-07-23 14:22:00-04:00,14,23305.75,23291.5,18.25,-20.75,True
2025-07-23,2025-07-18,1h,L100,23320.5,2025-07-23 14:25:00-04:00,14,23322.0,23292.0,2.0,-37.0,True
2025-07-23,2025-07-18,5m,L0,23267.5,2025-07-23 11:54:00-04:00,11,23262.5,23226.25,31.5,-69.0,False
2025-07-23,2025-07-18,5m,L25,23275.0625,2025-07-23 11:54:00-04:00,11,23262.5,23226.25,31.5,-69.0,False
2025-07-23,2025-07-18,5m,L50,23282.625,2025-07-23 11:54:00-04:00,11,23262.5,23226.25,31.5,-69.0,True
2025-07-23,2025-07-18,5m,L75,23290.1875,2025-07-23 11:54:00-04:00,11,23262.5,23226.25,31.5,-69.0,True
2025-07-23,2025-07-18,5m,L100,23297.75,2025-07-23 11:56:00-04:00,11,23281.25,23232.5,12.75,-87.75,True
2025-07-23,2025-07-21,1h,L0,23223.5,2025-07-23 11:51:00-04:00,11,23219.25,23226.5,74.75,-25.75,True
2025-07-23,2025-07-21,1h,L25,23266.625,2025-07-23 11:54:00-04:00,11,23262.5,23226.25,31.5,-69.0,False
2025-07-23,2025-07-21,1h,L50,23309.75,2025-07-23 14:22:00-04:00,14,23305.75,23291.5,18.25,-20.75,True
2025-07-23,2025-07-22,1h,L25,23171.4375,2025-07-23 10:00:00-04:00,10,23159.0,23212.25,53.25,-16.5,True
2025-07-23,2025-07-22,1h,L50,23230.875,2025-07-23 11:52:00-04:00,11,23227.25,23225.75,66.75,-33.75,False
2025-07-23,2025-07-22,1h,L75,23290.3125,2025-07-23 11:54:00-04:00,11,23262.5,23226.25,31.5,-69.0,True
2025-07-23,2025-07-22,5m,L0,23209.0,2025-07-23 10:59:00-04:00,10,23199.75,23257.75,94.25,-22.75,True
2025-07-23,2025-07-22,5m,L25,23226.5625,2025-07-23 11:51:00-04:00,11,23219.25,23226.5,74.75,-25.75,True
2025-07-23,2025-07-22,5m,L50,23244.125,2025-07-23 11:54:00-04:00,11,23262.5,23226.25,31.5,-69.0,True
2025-07-23,2025-07-22,5m,L75,23261.6875,2025-07-23 11:54:00-04:00,11,23262.5,23226.25,31.5,-69.0,True
2025-07-23,2025-07-22,5m,L100,23279.25,2025-07-23 11:54:00-04:00,11,23262.5,23226.25,31.5,-69.0,True
2025-07-24,2025-07-18,1h,L75,23303.1875,2025-07-24 10:13:00-04:00,10,23304.0,23386.0,84.0,-5.5,False
2025-07-24,2025-07-18,1h,L100,23320.5,2025-07-24 10:10:00-04:00,10,23336.5,23378.75,51.5,-38.0,False
2025-07-24,2025-07-18,5m,L100,23297.75,2025-07-24 10:13:00-04:00,10,23304.0,23386.0,84.0,-5.5,False
2025-07-24,2025-07-21,1h,L50,23309.75,2025-07-24 10:12:00-04:00,10,23310.75,23381.5,77.25,-12.25,True
2025-07-24,2025-07-21,1h,L75,23352.875,2025-07-24 10:00:00-04:00,10,23349.0,23383.25,34.75,-50.5,False
2025-07-24,2025-07-21,1h,L100,23396.0,2025-07-24 11:14:00-04:00,11,23387.5,23356.5,13.0,-34.5,True
2025-07-24,2025-07-21,5m,L0,23337.75,2025-07-24 10:02:00-04:00,10,23349.25,23382.75,37.5,-50.75,True
2025-07-24,2025-07-21,5m,L25,23349.9375,2025-07-24 10:00:00-04:00,10,23349.0,23383.25,34.75,-50.5,True
2025-07-24,2025-07-21,5m,L50,23362.125,2025-07-24 10:00:00-04:00,10,23349.0,23383.25,34.75,-50.5,True
2025-07-24,2025-07-21,5m,L75,23374.3125,2025-07-24 10:50:00-04:00,10,23365.5,23389.5,31.0,-7.0,False
2025-07-24,2025-07-21,5m,L100,23386.5,2025-07-24 11:00:00-04:00,11,23383.25,23378.5,17.25,-14.5,False
2025-07-24,2025-07-22,1h,L100,23349.75,2025-07-24 10:00:00-04:00,10,23349.0,23383.25,34.75,-50.5,False
2025-07-25,2025-07-21,1h,L100,23396.0,2025-07-25 10:00:00-04:00,10,23402.0,23399.25,21.25,-18.5,False
2025-07-25,2025-07-21,5m,L100,23386.5,2025-07-25 10:00:00-04:00,10,23402.0,23399.25,21.25,-18.5,False
2025-07-25,2025-07-24,1h,L75,23383.9375,2025-07-25 10:04:00-04:00,10,23387.75,23400.0,35.5,-4.25,False
2025-07-25,2025-07-24,1h,L100,23400.75,2025-07-25 10:00:00-04:00,10,23402.0,23399.25,21.25,-18.5,False
2025-07-25,2025-07-24,5m,L75,23389.4375,2025-07-25 10:00:00-04:00,10,23402.0,23399.25,21.25,-18.5,False
2025-07-25,2025-07-24,5m,L100,23400.75,2025-07-25 10:00:00-04:00,10,23402.0,23399.25,21.25,-18.5,False
2025-07-29,2025-07-28,1h,L0,23462.5,2025-07-29 11:28:00-04:00,11,23465.75,23471.75,54.0,-27.75,True
2025-07-29,2025-07-28,1h,L25,23478.125,2025-07-29 11:25:00-04:00,11,23479.0,23471.75,40.75,-41.0,False
2025-07-29,2025-07-28,1h,L50,23493.75,2025-07-29 11:16:00-04:00,11,23503.0,23484.25,16.75,-65.0,True
2025-07-29,2025-07-28,1h,L75,23509.375,2025-07-29 10:53:00-04:00,10,23522.5,23513.0,20.0,-84.5,True
2025-07-29,2025-07-28,1h,L100,23525.0,2025-07-29 10:52:00-04:00,10,23531.0,23501.0,14.25,-93.0,True
2025-07-29,2025-07-28,5m,L0,23466.0,2025-07-29 11:28:00-04:00,11,23465.75,23471.75,54.0,-27.75,True
2025-07-29,2025-07-28,5m,L25,23479.25,2025-07-29 11:25:00-04:00,11,23479.0,23471.75,40.75,-41.0,False
2025-07-29,2025-07-28,5m,L50,23492.5,2025-07-29 11:16:00-04:00,11,23503.0,23484.25,16.75,-65.0,True
2025-07-29,2025-07-28,5m,L75,23505.75,2025-07-29 11:05:00-04:00,11,23508.75,23501.75,23.0,-70.75,True
2025-07-29,2025-07-28,5m,L100,23519.0,2025-07-29 10:53:00-04:00,10,23522.5,23513.0,20.0,-84.5,True
2025-07-30,2025-07-24,1h,L25,23350.3125,2025-07-30 15:00:00-04:00,15,23389.75,23484.25,100.75,-34.75,True
2025-07-30,2025-07-24,1h,L50,23367.125,2025-07-30 15:00:00-04:00,15,23389.75,23484.25,100.75,-34.75,True
2025-07-30,2025-07-24,1h,L75,23383.9375,2025-07-30 15:00:00-04:00,15,23389.75,23484.25,100.75,-34.75,False
2025-07-30,2025-07-24,1h,L100,23400.75,2025-07-30 14:59:00-04:00,14,23412.0,23484.25,78.5,-57.0,False
2025-07-30,2025-07-24,5m,L0,23355.5,2025-07-30 15:00:00-04:00,15,23389.75,23484.25,100.75,-34.75,True
2025-07-30,2025-07-24,5m,L25,23366.8125,2025-07-30 15:00:00-04:00,15,23389.75,23484.25,100.75,-34.75,True
2025-07-30,2025-07-24,5m,L50,23378.125,2025-07-30 15:00:00-04:00,15,23389.75,23484.25,100.75,-34.75,True
2025-07-30,2025-07-24,5m,L75,23389.4375,2025-07-30 15:00:00-04:00,15,23389.75,23484.25,100.75,-34.75,False
2025-07-30,2025-07-24,5m,L100,23400.75,2025-07-30 14:59:00-04:00,14,23412.0,23484.25,78.5,-57.0,False
2025-07-30,2025-07-25,1h,L50,23369.125,2025-07-30 15:00:00-04:00,15,23389.75,23484.25,100.75,-34.75,True
2025-07-30,2025-07-25,1h,L75,23388.5625,2025-07-30 15:00:00-04:00,15,23389.75,23484.25,100.75,-34.75,False
2025-07-30,2025-07-25,1h,L100,23408.0,2025-07-30 14:59:00-04:00,14,23412.0,23484.25,78.5,-57.0,False
2025-07-30,2025-07-25,5m,L0,23361.25,2025-07-30 15:00:00-04:00,15,23389.75,23484.25,100.75,-34.75,True
2025-07-30,2025-07-25,5m,L25,23367.1875,2025-07-30 15:00:00-04:00,15,23389.75,23484.25,100.75,-34.75,True
2025-07-30,2025-07-25,5m,L50,23373.125,2025-07-30 15:00:00-04:00,15,23389.75,23484.25,100.75,-34.75,True
2025-07-30,2025-07-25,5m,L75,23379.0625,2025-07-30 15:00:00-04:00,15,23389.75,23484.25,100.75,-34.75,False
2025-07-30,2025-07-25,5m,L100,23385.0,2025-07-30 15:00:00-04:00,15,23389.75,23484.25,100.75,-34.75,False
2025-07-30,2025-07-28,1h,L0,23462.5,2025-07-30 10:01:00-04:00,10,23479.5,23516.75,61.75,-15.75,True
2025-07-30,2025-07-28,1h,L25,23478.125,2025-07-30 10:00:00-04:00,10,23472.25,23524.25,69.0,-8.5,True
2025-07-30,2025-07-28,1h,L50,23493.75,2025-07-30 10:06:00-04:00,10,23490.5,23511.25,50.75,-26.75,True
2025-07-30,2025-07-28,1h,L75,23509.375,2025-07-30 10:21:00-04:00,10,23503.25,23492.5,38.0,-28.25,True
2025-07-30,2025-07-28,1h,L100,23525.0,2025-07-30 10:23:00-04:00,10,23520.0,23499.0,21.25,-45.0,True
2025-07-30,2025-07-28,5m,L0,23466.0,2025-07-30 10:01:00-04:00,10,23479.5,23516.75,61.75,-15.75,True
2025-07-30,2025-07-28,5m,L25,23479.25,2025-07-30 10:00:00-04:00,10,23472.25,23524.25,69.0,-8.5,True
2025-07-30,2025-07-28,5m,L50,23492.5,2025-07-30 10:05:00-04:00,10,23487.25,23508.75,54.0,-23.5,True
2025-07-30,2025-07-28,5m,L75,23505.75,2025-07-30 10:19:00-04:00,10,23494.5,23488.5,46.75,-19.5,True
2025-07-30,2025-07-28,5m,L100,23519.0,2025-07-30 10:23:00-04:00,10,23520.0,23499.0,21.25,-45.0,True
2025-07-30,2025-07-29,1h,L0,23556.0,2025-07-30 13:41:00-04:00,13,23549.75,23530.0,40.0,-38.5,False
2025-07-30,2025-07-29,1h,L25,23580.0625,2025-07-30 14:34:00-04:00,14,23571.5,23412.75,18.25,-216.5,False
2025-07-30,2025-07-29,5m,L0,23575.5,2025-07-30 14:31:00-04:00,14,23569.5,23418.75,20.25,-214.5,False
2025-07-30,2025-07-29,5m,L25,23588.125,2025-07-30 14:35:00-04:00,14,23585.5,23420.5,4.25,-230.5,False
2025-07-31,2025-07-24,1h,L0,23333.5,2025-07-31 14:15:00-04:00,14,23333.25,23399.25,132.0,-27.5,True
2025-07-31,2025-07-24,1h,L25,23350.3125,2025-07-31 14:10:00-04:00,14,23357.25,23435.0,108.0,-51.5,True
2025-07-31,2025-07-24,1h,L50,23367.125,2025-07-31 13:58:00-04:00,13,23367.0,23418.25,98.25,-61.25,True
2025-07-31,2025-07-24,1h,L75,23383.9375,2025-07-31 13:55:00-04:00,13,23389.25,23440.0,76.0,-83.5,False
2025-07-31,2025-07-24,1h,L100,23400.75,2025-07-31 13:51:00-04:00,13,23414.0,23436.25,51.25,-108.25,False
2025-07-31,2025-07-24,5m,L0,23355.5,2025-07-31 14:07:00-04:00,14,23360.0,23429.75,105.25,-54.25,True
2025-07-31,2025-07-24,5m,L25,23366.8125,2025-07-31 13:58:00-04:00,13,23367.0,23418.25,98.25,-61.25,True
2025-07-31,2025-07-24,5m,L50,23378.125,2025-07-31 13:57:00-04:00,13,23381.0,23415.75,84.25,-75.25,True
2025-07-31,2025-07-24,5m,L75,23389.4375,2025-07-31 13:52:00-04:00,13,23400.25,23437.0,65.0,-94.5,False
2025-07-31,2025-07-24,5m,L100,23400.75,2025-07-31 13:51:00-04:00,13,23414.0,23436.25,51.25,-108.25,False
2025-07-31,2025-07-25,1h,L0,23330.25,2025-07-31 14:15:00-04:00,14,23333.25,23399.25,132.0,-27.5,True
2025-07-31,2025-07-25,1h,L25,23349.6875,2025-07-31 14:10:00-04:00,14,23357.25,23435.0,108.0,-51.5,True
2025-07-31,2025-07-25,1h,L50,23369.125,2025-07-31 13:58:00-04:00,13,23367.0,23418.25,98.25,-61.25,True
2025-07-31,2025-07-25,1h,L75,23388.5625,2025-07-31 13:52:00-04:00,13,23400.25,23437.0,65.0,-94.5,False
2025-07-31,2025-07-25,1h,L100,23408.0,2025-07-31 13:51:00-04:00,13,23414.0,23436.25,51.25,-108.25,False
2025-07-31,2025-07-25,5m,L0,23361.25,2025-07-31 13:58:00-04:00,13,23367.0,23418.25,98.25,-61.25,True
2025-07-31,2025-07-25,5m,L25,23367.1875,2025-07-31 13:58:00-04:00,13,23367.0,23418.25,98.25,-61.25,True
2025-07-31,2025-07-25,5m,L50,23373.125,2025-07-31 13:58:00-04:00,13,23367.0,23418.25,98.25,-61.25,True
2025-07-31,2025-07-25,5m,L75,23379.0625,2025-07-31 13:57:00-04:00,13,23381.0,23415.75,84.25,-75.25,False
2025-07-31,2025-07-25,5m,L100,23385.0,2025-07-31 13:55:00-04:00,13,23389.25,23440.0,76.0,-83.5,False
2025-07-31,2025-07-28,1h,L0,23462.5,2025-07-31 13:26:00-04:00,13,23470.5,23394.75,25.0,-164.75,False
2025-07-31,2025-07-28,1h,L25,23478.125,2025-07-31 13:25:00-04:00,13,23475.75,23390.0,21.75,-170.0,False
2025-07-31,2025-07-28,1h,L50,23493.75,2025-07-31 11:15:00-04:00,11,23496.25,23600.75,105.25,-12.5,True
2025-07-31,2025-07-28,1h,L75,23509.375,2025-07-31 11:11:00-04:00,11,23519.5,23597.0,79.0,-35.75,False
2025-07-31,2025-07-28,1h,L100,23525.0,2025-07-31 11:10:00-04:00,11,23530.0,23588.5,67.0,-46.25,False
2025-07-31,2025-07-28,5m,L0,23466.0,2025-07-31 13:26:00-04:00,13,23470.5,23394.75,25.0,-164.75,False
2025-07-31,2025-07-28,5m,L25,23479.25,2025-07-31 11:16:00-04:00,11,23484.25,23602.5,119.75,-0.5,True
2025-07-31,2025-07-28,5m,L50,23492.5,2025-07-31 11:15:00-04:00,11,23496.25,23600.75,105.25,-12.5,True
2025-07-31,2025-07-28,5m,L75,23505.75,2025-07-31 11:14:00-04:00,11,23504.75,23598.0,95.75,-21.0,False
2025-07-31,2025-07-28,5m,L100,23519.0,2025-07-31 11:11:00-04:00,11,23519.5,23597.0,79.0,-35.75,False
2025-07-31,2025-07-29,1h,L0,23556.0,2025-07-31 10:52:00-04:00,10,23575.75,23572.25,8.75,-92.0,False
2025-07-31,2025-07-29,1h,L25,23580.0625,2025-07-31 10:47:00-04:00,10,23605.0,23570.25,5.5,-121.25,False
2025-07-31,2025-07-29,1h,L50,23604.125,2025-07-31 10:37:00-04:00,10,23609.0,23564.5,20.75,-125.25,True
2025-07-31,2025-07-29,1h,L75,23628.1875,2025-07-31 10:26:00-04:00,10,23624.25,23520.75,32.75,-140.5,True
2025-07-31,2025-07-29,1h,L100,23652.25,2025-07-31 10:11:00-04:00,10,23657.0,23519.5,31.75,-144.5,True
2025-07-31,2025-07-29,5m,L0,23575.5,2025-07-31 10:50:00-04:00,10,23571.75,23561.75,38.75,-88.0,False
2025-07-31,2025-07-29,5m,L25,23588.125,2025-07-31 10:45:00-04:00,10,23592.75,23581.5,29.25,-109.0,False
2025-07-31,2025-07-29,5m,L50,23600.75,2025-07-31 10:37:00-04:00,10,23609.0,23564.5,20.75,-125.25,True
2025-07-31,2025-07-29,5m,L75,23613.375,2025-07-31 10:34:00-04:00,10,23621.75,23548.0,12.25,-138.0,True
2025-07-31,2025-07-29,5m,L100,23626.0,2025-07-31 10:26:00-04:00,10,23624.25,23520.75,32.75,-140.5,True
2025-07-31,2025-07-30,1h,L0,23450.25,2025-07-31 13:27:00-04:00,13,23453.75,23408.5,41.75,-148.0,False
2025-07-31,2025-07-30,1h,L25,23469.3125,2025-07-31 13:26:00-04:00,13,23470.5,23394.75,25.0,-164.75,False
2025-07-31,2025-07-30,1h,L50,23488.375,2025-07-31 11:15:00-04:00,11,23496.25,23600.75,105.25,-12.5,True
2025-07-31,2025-07-30,1h,L75,23507.4375,2025-07-31 11:13:00-04:00,11,23512.5,23595.25,88.0,-28.75,False
2025-07-31,2025-07-30,1h,L100,23526.5,2025-07-31 11:10:00-04:00,11,23530.0,23588.5,67.0,-46.25,False
2025-07-31,2025-07-30,5m,L0,23486.25,2025-07-31 11:15:00-04:00,11,23496.25,23600.75,105.25,-12.5,True
2025-07-31,2025-07-30,5m,L25,23496.3125,2025-07-31 11:15:00-04:00,11,23496.25,23600.75,105.25,-12.5,True
2025-07-31,2025-07-30,5m,L50,23506.375,2025-07-31 11:14:00-04:00,11,23504.75,23598.0,95.75,-21.0,True
2025-07-31,2025-07-30,5m,L75,23516.4375,2025-07-31 11:11:00-04:00,11,23519.5,23597.0,79.0,-35.75,False
2025-07-31,2025-07-30,5m,L100,23526.5,2025-07-31 11:10:00-04:00,11,23530.0,23588.5,67.0,-46.25,False
2025-08-05,2025-08-04,1h,L25,23117.0,2025-08-05 11:36:00-04:00,11,23145.75,23199.5,80.0,-32.25,True
2025-08-05,2025-08-04,1h,L50,23164.0,2025-08-05 10:45:00-04:00,10,23172.25,23145.25,47.75,-58.75,True
2025-08-05,2025-08-04,1h,L75,23211.0,2025-08-05 10:42:00-04:00,10,23209.75,23135.25,15.75,-96.25,True
2025-08-05,2025-08-04,1h,L100,23258.0,2025-08-05 10:27:00-04:00,10,23264.25,23176.75,27.25,-125.5,True
2025-08-05,2025-08-04,5m,L0,23189.5,2025-08-05 10:43:00-04:00,10,23191.5,23142.5,28.5,-78.0,False
2025-08-05,2025-08-04,5m,L25,23198.875,2025-08-05 10:42:00-04:00,10,23209.75,23135.25,15.75,-96.25,False
2025-08-05,2025-08-04,5m,L50,23208.25,2025-08-05 10:42:00-04:00,10,23209.75,23135.25,15.75,-96.25,True
2025-08-05,2025-08-04,5m,L75,23217.625,2025-08-05 10:41:00-04:00,10,23221.75,23115.0,19.25,-108.25,True
2025-08-05,2025-08-04,5m,L100,23227.0,2025-08-05 10:38:00-04:00,10,23228.5,23138.5,19.5,-107.5,True
2025-08-06,2025-08-04,1h,L50,23164.0,2025-08-06 10:23:00-04:00,10,23167.75,23314.75,156.75,-3.5,True
2025-08-06,2025-08-04,1h,L75,23211.0,2025-08-06 10:00:00-04:00,10,23220.0,23287.0,73.0,-55.75,False
2025-08-06,2025-08-04,1h,L100,23258.0,2025-08-06 10:02:00-04:00,10,23242.75,23280.75,50.25,-78.5,False
2025-08-06,2025-08-04,5m,L0,23189.5,2025-08-06 10:23:00-04:00,10,23167.75,23314.75,156.75,-3.5,True
2025-08-06,2025-08-04,5m,L25,23198.875,2025-08-06 10:00:00-04:00,10,23220.0,23287.0,73.0,-55.75,True
2025-08-06,2025-08-04,5m,L50,23208.25,2025-08-06 10:00:00-04:00,10,23220.0,23287.0,73.0,-55.75,True
2025-08-06,2025-08-04,5m,L75,23217.625,2025-08-06 10:00:00-04:00,10,23220.0,23287.0,73.0,-55.75,False
2025-08-06,2025-08-04,5m,L100,23227.0,2025-08-06 10:00:00-04:00,10,23220.0,23287.0,73.0,-55.75,False
2025-08-06,2025-08-05,1h,L0,23303.5,2025-08-06 11:14:00-04:00,11,23294.5,23369.75,90.5,-12.25,True
2025-08-06,2025-08-05,1h,L25,23326.9375,2025-08-06 11:22:00-04:00,11,23316.25,23368.75,69.75,-18.0,True
2025-08-06,2025-08-05,1h,L50,23350.375,2025-08-06 11:36:00-04:00,11,23327.75,23389.25,61.75,-29.5,True
2025-08-06,2025-08-05,1h,L75,23373.8125,2025-08-06 11:51:00-04:00,11,23368.25,23378.5,21.25,-22.25,False
2025-08-06,2025-08-05,1h,L100,23397.25,2025-08-06 13:41:00-04:00,13,23394.5,23419.25,41.5,-31.0,False
2025-08-06,2025-08-05,5m,L0,23354.25,2025-08-06 11:46:00-04:00,11,23345.25,23352.75,44.25,-12.0,True
2025-08-06,2025-08-05,5m,L25,23365.0,2025-08-06 11:50:00-04:00,11,23359.0,23369.75,30.5,-14.0,True
2025-08-06,2025-08-05,5m,L50,23375.75,2025-08-06 11:51:00-04:00,11,23368.25,23378.5,21.25,-22.25,True
2025-08-06,2025-08-05,5m,L75,23386.5,2025-08-06 12:05:00-04:00,12,23377.75,23373.25,11.75,-31.75,False
2025-08-06,2025-08-05,5m,L100,23397.25,2025-08-06 13:41:00-04:00,13,23394.5,23419.25,41.5,-31.0,False
2025-08-07,2025-07-31,1h,L0,23608.25,2025-08-07 10:08:00-04:00,10,23629.25,23522.5,11.25,-118.75,False
2025-08-07,2025-07-31,1h,L25,23657.375,2025-08-07 10:00:00-04:00,10,23654.25,23545.0,17.0,-136.0,False
2025-08-07,2025-07-31,5m,L0,23608.25,2025-08-07 10:08:00-04:00,10,23629.25,23522.5,11.25,-118.75,False
2025-08-07,2025-07-31,5m,L25,23621.5,2025-08-07 10:05:00-04:00,10,23626.75,23532.5,29.0,-116.25,False
2025-08-07,2025-07-31,5m,L50,23634.75,2025-08-07 10:01:00-04:00,10,23632.25,23548.0,23.5,-114.0,True
2025-08-07,2025-07-31,5m,L75,23648.0,2025-08-07 10:00:00-04:00,10,23654.25,23545.0,17.0,-136.0,True
2025-08-07,2025-07-31,5m,L100,23661.25,2025-08-07 10:00:00-04:00,10,23654.25,23545.0,17.0,-136.0,True
2025-08-07,2025-08-05,1h,L25,23326.9375,2025-08-07 14:18:00-04:00,14,23335.5,23392.5,85.5,-5.5,True
2025-08-07,2025-08-05,1h,L50,23350.375,2025-08-07 14:13:00-04:00,14,23350.0,23397.75,71.0,-20.0,True
2025-08-07,2025-08-05,1h,L75,23373.8125,2025-08-07 14:08:00-04:00,14,23384.0,23401.0,37.0,-54.0,False
2025-08-07,2025-08-05,1h,L100,23397.25,2025-08-07 12:46:00-04:00,12,23391.25,23420.5,96.75,-10.0,False
2025-08-07,2025-08-05,5m,L0,23354.25,2025-08-07 14:13:00-04:00,14,23350.0,23397.75,71.0,-20.0,True
2025-08-07,2025-08-05,5m,L25,23365.0,2025-08-07 14:10:00-04:00,14,23366.5,23404.5,54.5,-36.5,True
2025-08-07,2025-08-05,5m,L50,23375.75,2025-08-07 14:08:00-04:00,14,23384.0,23401.0,37.0,-54.0,True
2025-08-07,2025-08-05,5m,L75,23386.5,2025-08-07 12:46:00-04:00,12,23391.25,23420.5,96.75,-10.0,False
2025-08-07,2025-08-05,5m,L100,23397.25,2025-08-07 12:46:00-04:00,12,23391.25,23420.5,96.75,-10.0,False
2025-08-08,2025-08-07,1h,L50,23614.25,2025-08-08 11:39:00-04:00,11,23629.0,23692.5,77.75,-17.0,True
2025-08-08,2025-08-07,1h,L75,23636.625,2025-08-08 10:00:00-04:00,10,23637.75,23655.0,65.0,-11.5,False
2025-08-08,2025-08-07,1h,L100,23659.0,2025-08-08 10:06:00-04:00,10,23662.75,23669.0,40.0,-36.5,False
2025-08-08,2025-08-07,5m,L100,23610.75,2025-08-08 11:40:00-04:00,11,23615.0,23694.75,91.75,-3.0,False
2025-08-11,2025-08-07,1h,L25,23591.875,2025-08-11 15:55:00-04:00,15,23591.0,23638.5,52.5,-4.0,True
2025-08-11,2025-08-07,1h,L50,23614.25,2025-08-11 15:51:00-04:00,15,23612.5,23638.5,31.0,-25.5,True
2025-08-11,2025-08-07,1h,L75,23636.625,2025-08-11 15:45:00-04:00,15,23640.0,23638.5,10.25,-53.0,False
2025-08-11,2025-08-07,1h,L100,23659.0,2025-08-11 14:44:00-04:00,14,23656.25,23649.5,36.0,-14.25,True
2025-08-11,2025-08-07,5m,L50,23590.125,2025-08-11 15:55:00-04:00,15,23591.0,23638.5,52.5,-4.0,True
2025-08-11,2025-08-07,5m,L75,23600.4375,2025-08-11 15:52:00-04:00,15,23604.5,23638.5,39.0,-17.5,False
2025-08-11,2025-08-07,5m,L100,23610.75,2025-08-11 15:51:00-04:00,15,23612.5,23638.5,31.0,-25.5,False
2025-08-11,2025-08-08,1h,L50,23585.25,2025-08-11 15:56:00-04:00,15,23595.5,23638.5,48.0,-8.5,True
2025-08-11,2025-08-08,1h,L75,23617.125,2025-08-11 15:51:00-04:00,15,23612.5,23638.5,31.0,-25.5,False
2025-08-11,2025-08-08,1h,L100,23649.0,2025-08-11 14:45:00-04:00,14,23668.75,23640.0,23.5,-29.75,True
2025-08-11,2025-08-08,5m,L0,23604.0,2025-08-11 15:52:00-04:00,15,23604.5,23638.5,39.0,-17.5,True
2025-08-11,2025-08-08,5m,L25,23614.125,2025-08-11 15:51:00-04:00,15,23612.5,23638.5,31.0,-25.5,True
2025-08-11,2025-08-08,5m,L50,23624.25,2025-08-11 15:50:00-04:00,15,23627.5,23638.5,21.0,-40.5,True
2025-08-11,2025-08-08,5m,L75,23634.375,2025-08-11 15:45:00-04:00,15,23640.0,23638.5,10.25,-53.0,False
2025-08-11,2025-08-08,5m,L100,23644.5,2025-08-11 15:32:00-04:00,15,23653.25,23638.5,7.5,-66.25,True
2025-08-12,2025-08-07,1h,L75,23636.625,2025-08-12 10:00:00-04:00,10,23628.5,23776.75,153.25,-6.5,False
2025-08-12,2025-08-07,1h,L100,23659.0,2025-08-12 10:00:00-04:00,10,23628.5,23776.75,153.25,-6.5,False
2025-08-12,2025-08-08,1h,L75,23617.125,2025-08-12 10:01:00-04:00,10,23641.5,23787.25,148.25,-19.5,False
2025-08-12,2025-08-08,1h,L100,23649.0,2025-08-12 10:00:00-04:00,10,23628.5,23776.75,153.25,-6.5,False
2025-08-12,2025-08-08,5m,L50,23624.25,2025-08-12 10:00:00-04:00,10,23628.5,23776.75,153.25,-6.5,True
2025-08-12,2025-08-08,5m,L75,23634.375,2025-08-12 10:00:00-04:00,10,23628.5,23776.75,153.25,-6.5,False
2025-08-12,2025-08-08,5m,L100,23644.5,2025-08-12 10:00:00-04:00,10,23628.5,23776.75,153.25,-6.5,False
2025-08-12,2025-08-11,1h,L0,23681.0,2025-08-12 10:05:00-04:00,10,23675.0,23801.25,127.75,-17.0,True
2025-08-12,2025-08-11,1h,L25,23697.0,2025-08-12 10:07:00-04:00,10,23702.75,23807.5,110.75,-32.5,True
2025-08-12,2025-08-11,1h,L50,23713.0,2025-08-12 10:08:00-04:00,10,23697.75,23800.0,115.75,-27.5,True
2025-08-12,2025-08-11,1h,L75,23729.0,2025-08-12 10:14:00-04:00,10,23721.75,23824.5,113.25,-23.5,False
2025-08-12,2025-08-11,1h,L100,23745.0,2025-08-12 10:15:00-04:00,10,23735.0,23834.5,100.0,-20.75,False
2025-08-12,2025-08-11,5m,L0,23715.5,2025-08-12 10:08:00-04:00,10,23697.75,23800.0,115.75,-27.5,True
2025-08-12,2025-08-11,5m,L25,23720.8125,2025-08-12 10:08:00-04:00,10,23697.75,23800.0,115.75,-27.5,True
2025-08-12,2025-08-11,5m,L50,23726.125,2025-08-12 10:14:00-04:00,10,23721.75,23824.5,113.25,-23.5,True
2025-08-12,2025-08-11,5m,L75,23731.4375,2025-08-12 10:15:00-04:00,10,23735.0,23834.5,100.0,-20.75,False
2025-08-12,2025-08-11,5m,L100,23736.75,2025-08-12 10:15:00-04:00,10,23735.0,23834.5,100.0,-20.75,False
2025-08-14,2025-08-13,1h,L0,24005.0,2025-08-14 10:47:00-04:00,10,24001.5,23915.75,4.0,-138.75,False
2025-08-15,2025-08-11,1h,L100,23745.0,2025-08-15 11:42:00-04:00,11,23748.75,23794.25,70.75,-14.0,False
2025-08-15,2025-08-11,5m,L75,23731.4375,2025-08-15 11:44:00-04:00,11,23741.75,23790.5,77.75,-7.0,False
2025-08-15,2025-08-11,5m,L100,23736.75,2025-08-15 11:44:00-04:00,11,23741.75,23790.5,77.75,-7.0,False
2025-08-15,2025-08-12,1h,L75,23768.875,2025-08-15 10:00:00-04:00,10,23795.75,23794.25,87.5,-29.75,False
2025-08-15,2025-08-12,1h,L100,23808.5,2025-08-15 10:00:00-04:00,10,23795.75,23794.25,87.5,-29.75,False
2025-08-15,2025-08-12,5m,L75,23743.0625,2025-08-15 11:42:00-04:00,11,23748.75,23794.25,70.75,-14.0,False
2025-08-15,2025-08-12,5m,L100,23763.25,2025-08-15 10:00:00-04:00,10,23795.75,23794.25,87.5,-29.75,False
2025-08-15,2025-08-14,1h,L0,23816.5,2025-08-15 10:01:00-04:00,10,23835.75,23797.5,47.5,-49.0,False
2025-08-15,2025-08-14,1h,L25,23852.4375,2025-08-15 10:04:00-04:00,10,23853.75,23801.0,29.5,-67.0,False
2025-08-18,2025-08-11,1h,L75,23729.0,2025-08-18 10:46:00-04:00,10,23730.75,23754.75,53.5,-12.0,False
2025-08-18,2025-08-11,1h,L100,23745.0,2025-08-18 10:00:00-04:00,10,23750.5,23779.25,74.0,-31.75,False
2025-08-18,2025-08-11,5m,L0,23715.5,2025-08-18 10:47:00-04:00,10,23724.0,23753.5,60.25,-5.25,True
2025-08-18,2025-08-11,5m,L25,23720.8125,2025-08-18 10:47:00-04:00,10,23724.0,23753.5,60.25,-5.25,True
2025-08-18,2025-08-11,5m,L50,23726.125,2025-08-18 10:46:00-04:00,10,23730.75,23754.75,53.5,-12.0,True
2025-08-18,2025-08-11,5m,L75,23731.4375,2025-08-18 10:46:00-04:00,10,23730.75,23754.75,53.5,-12.0,False
2025-08-18,2025-08-11,5m,L100,23736.75,2025-08-18 10:46:00-04:00,10,23730.75,23754.75,53.5,-12.0,False
2025-08-18,2025-08-12,1h,L50,23729.25,2025-08-18 10:46:00-04:00,10,23730.75,23754.75,53.5,-12.0,True
2025-08-18,2025-08-12,1h,L75,23768.875,2025-08-18 10:00:00-04:00,10,23750.5,23779.25,74.0,-31.75,False
2025-08-18,2025-08-12,1h,L100,23808.5,2025-08-18 10:24:00-04:00,10,23817.25,23761.5,7.25,-98.5,True
2025-08-18,2025-08-12,5m,L50,23722.875,2025-08-18 10:47:00-04:00,10,23724.0,23753.5,60.25,-5.25,True
2025-08-18,2025-08-12,5m,L75,23743.0625,2025-08-18 10:00:00-04:00,10,23750.5,23779.25,74.0,-31.75,False
2025-08-18,2025-08-12,5m,L100,23763.25,2025-08-18 10:00:00-04:00,10,23750.5,23779.25,74.0,-31.75,False
2025-08-18,2025-08-14,1h,L0,23816.5,2025-08-18 10:24:00-04:00,10,23817.25,23761.5,7.25,-98.5,False
2025-08-18,2025-08-15,1h,L0,23770.5,2025-08-18 10:02:00-04:00,10,23762.25,23780.5,62.25,-43.5,True
2025-08-18,2025-08-15,1h,L25,23808.9375,2025-08-18 10:24:00-04:00,10,23817.25,23761.5,7.25,-98.5,False
2025-08-18,2025-08-15,5m,L0,23776.75,2025-08-18 10:03:00-04:00,10,23780.75,23773.75,43.75,-62.0,False
2025-08-18,2025-08-15,5m,L25,23796.0625,2025-08-18 10:07:00-04:00,10,23786.5,23770.5,38.0,-67.75,False
2025-08-18,2025-08-15,5m,L50,23815.375,2025-08-18 10:24:00-04:00,10,23817.25,23761.5,7.25,-98.5,True
2025-08-19,2025-08-12,1h,L0,23650.0,2025-08-19 10:27:00-04:00,10,23651.0,23583.5,23.5,-137.0,False
2025-08-19,2025-08-12,1h,L25,23689.625,2025-08-19 10:00:00-04:00,10,23673.75,23531.25,54.25,-147.25,False
2025-08-19,2025-08-12,1h,L50,23729.25,2025-08-19 10:07:00-04:00,10,23714.5,23541.0,13.5,-200.5,True
2025-08-19,2025-08-12,5m,L0,23682.5,2025-08-19 10:00:00-04:00,10,23673.75,23531.25,54.25,-147.25,False
2025-08-19,2025-08-12,5m,L25,23702.6875,2025-08-19 10:04:00-04:00,10,23721.5,23548.0,6.5,-207.5,False
2025-08-19,2025-08-12,5m,L50,23722.875,2025-08-19 10:04:00-04:00,10,23721.5,23548.0,6.5,-207.5,True
2025-08-21,2025-08-20,1h,L0,23146.0,2025-08-21 12:58:00-04:00,12,23151.0,23211.0,73.0,-31.5,True
2025-08-21,2025-08-20,1h,L25,23217.5,2025-08-21 10:00:00-04:00,10,23217.0,23301.25,131.25,-61.75,True
2025-08-21,2025-08-20,1h,L50,23289.0,2025-08-21 10:06:00-04:00,10,23274.0,23266.25,74.25,-25.0,True
2025-08-21,2025-08-20,5m,L0,23264.75,2025-08-21 10:03:00-04:00,10,23258.0,23283.5,90.25,-15.75,True
2025-08-21,2025-08-20,5m,L25,23279.625,2025-08-21 10:06:00-04:00,10,23274.0,23266.25,74.25,-25.0,False
2025-08-21,2025-08-20,5m,L50,23294.5,2025-08-21 10:12:00-04:00,10,23296.25,23223.5,52.0,-77.75,True
2025-08-21,2025-08-20,5m,L75,23309.375,2025-08-21 10:17:00-04:00,10,23313.5,23241.75,34.75,-109.5,True
2025-08-21,2025-08-20,5m,L100,23324.25,2025-08-21 10:23:00-04:00,10,23322.0,23283.25,26.25,-118.0,True
2025-08-22,2025-08-19,1h,L0,23639.25,2025-08-22 10:46:00-04:00,10,23640.5,23615.5,9.5,-46.5,False
2025-08-22,2025-08-19,5m,L0,23639.25,2025-08-22 10:46:00-04:00,10,23640.5,23615.5,9.5,-46.5,False
2025-08-22,2025-08-19,5m,L25,23650.6875,2025-08-22 11:03:00-04:00,11,23644.25,23589.0,5.75,-79.25,False
2025-08-22,2025-08-20,1h,L50,23289.0,2025-08-22 10:00:00-04:00,10,23457.75,23616.25,186.25,-188.25,True
2025-08-22,2025-08-20,1h,L75,23360.5,2025-08-22 10:00:00-04:00,10,23457.75,23616.25,186.25,-188.25,False
2025-08-22,2025-08-20,1h,L100,23432.0,2025-08-22 10:00:00-04:00,10,23457.75,23616.25,186.25,-188.25,False
2025-08-22,2025-08-20,5m,L0,23264.75,2025-08-22 10:00:00-04:00,10,23457.75,23616.25,186.25,-188.25,True
2025-08-22,2025-08-20,5m,L25,23279.625,2025-08-22 10:00:00-04:00,10,23457.75,23616.25,186.25,-188.25,True
2025-08-22,2025-08-20,5m,L50,23294.5,2025-08-22 10:00:00-04:00,10,23457.75,23616.25,186.25,-188.25,True
2025-08-22,2025-08-20,5m,L75,23309.375,2025-08-22 10:00:00-04:00,10,23457.75,23616.25,186.25,-188.25,False
2025-08-22,2025-08-20,5m,L100,23324.25,2025-08-22 10:00:00-04:00,10,23457.75,23616.25,186.25,-188.25,False
2025-08-22,2025-08-21,1h,L100,23290.5,2025-08-22 10:00:00-04:00,10,23457.75,23616.25,186.25,-188.25,False
2025-08-22,2025-08-21,5m,L100,23268.0,2025-08-22 10:00:00-04:00,10,23457.75,23616.25,186.25,-188.25,False
2025-08-26,2025-08-25,1h,L50,23482.75,2025-08-26 10:00:00-04:00,10,23503.25,23519.0,48.25,-21.25,True
2025-08-26,2025-08-25,1h,L75,23501.625,2025-08-26 10:00:00-04:00,10,23503.25,23519.0,48.25,-21.25,False
2025-08-26,2025-08-25,1h,L100,23520.5,2025-08-26 10:10:00-04:00,10,23519.25,23520.75,32.25,-37.25,False
2025-08-26,2025-08-25,5m,L75,23484.5,2025-08-26 10:00:00-04:00,10,23503.25,23519.0,48.25,-21.25,False
2025-08-26,2025-08-25,5m,L100,23496.5,2025-08-26 10:00:00-04:00,10,23503.25,23519.0,48.25,-21.25,False
2025-08-29,2025-08-25,1h,L0,23445.0,2025-08-29 10:06:00-04:00,10,23457.5,23451.25,58.25,-44.0,False
2025-08-29,2025-08-25,1h,L25,23463.875,2025-08-29 10:05:00-04:00,10,23466.0,23452.25,49.75,-52.5,False
2025-08-29,2025-08-25,1h,L50,23482.75,2025-08-29 10:04:00-04:00,10,23481.5,23450.0,34.25,-68.0,True
2025-08-29,2025-08-25,1h,L75,23501.625,2025-08-29 10:00:00-04:00,10,23543.75,23449.75,8.0,-130.25,True
2025-08-29,2025-08-25,1h,L100,23520.5,2025-08-29 10:00:00-04:00,10,23543.75,23449.75,8.0,-130.25,True
2025-08-29,2025-08-25,5m,L0,23448.5,2025-08-29 10:06:00-04:00,10,23457.5,23451.25,58.25,-44.0,False
2025-08-29,2025-08-25,5m,L25,23460.5,2025-08-29 10:05:00-04:00,10,23466.0,23452.25,49.75,-52.5,False
2025-08-29,2025-08-25,5m,L50,23472.5,2025-08-29 10:05:00-04:00,10,23466.0,23452.25,49.75,-52.5,True
2025-08-29,2025-08-25,5m,L75,23484.5,2025-08-29 10:04:00-04:00,10,23481.5,23450.0,34.25,-68.0,True
2025-08-29,2025-08-25,5m,L100,23496.5,2025-08-29 10:00:00-04:00,10,23543.75,23449.75,8.0,-130.25,True
2025-08-29,2025-08-26,1h,L0,23426.75,2025-08-29 10:13:00-04:00,10,23460.5,23474.5,55.25,-47.0,True
2025-08-29,2025-08-26,1h,L25,23449.6875,2025-08-29 10:06:00-04:00,10,23457.5,23451.25,58.25,-44.0,False
2025-08-29,2025-08-26,1h,L50,23472.625,2025-08-29 10:05:00-04:00,10,23466.0,23452.25,49.75,-52.5,True
2025-08-29,2025-08-26,1h,L75,23495.5625,2025-08-29 10:00:00-04:00,10,23543.75,23449.75,8.0,-130.25,True
2025-08-29,2025-08-26,1h,L100,23518.5,2025-08-29 10:00:00-04:00,10,23543.75,23449.75,8.0,-130.25,True
2025-08-29,2025-08-26,5m,L0,23426.75,2025-08-29 10:13:00-04:00,10,23460.5,23474.5,55.25,-47.0,True
2025-08-29,2025-08-26,5m,L25,23444.8125,2025-08-29 10:06:00-04:00,10,23457.5,23451.25,58.25,-44.0,False
2025-08-29,2025-08-26,5m,L50,23462.875,2025-08-29 10:05:00-04:00,10,23466.0,23452.25,49.75,-52.5,True
2025-08-29,2025-08-26,5m,L75,23480.9375,2025-08-29 10:04:00-04:00,10,23481.5,23450.0,34.25,-68.0,True
2025-08-29,2025-08-26,5m,L100,23499.0,2025-08-29 10:00:00-04:00,10,23543.75,23449.75,8.0,-130.25,True
2025-08-29,2025-08-27,1h,L0,23488.5,2025-08-29 10:04:00-04:00,10,23481.5,23450.0,34.25,-68.0,False
2025-08-29,2025-08-27,1h,L25,23512.8125,2025-08-29 10:00:00-04:00,10,23543.75,23449.75,8.0,-130.25,False
2025-08-29,2025-08-27,1h,L50,23537.125,2025-08-29 10:00:00-04:00,10,23543.75,23449.75,8.0,-130.25,True
2025-08-29,2025-08-27,5m,L0,23488.5,2025-08-29 10:04:00-04:00,10,23481.5,23450.0,34.25,-68.0,False
2025-08-29,2025-08-27,5m,L25,23499.0,2025-08-29 10:00:00-04:00,10,23543.75,23449.75,8.0,-130.25,False
2025-08-29,2025-08-27,5m,L50,23509.5,2025-08-29 10:00:00-04:00,10,23543.75,23449.75,8.0,-130.25,True
2025-08-29,2025-08-27,5m,L75,23520.0,2025-08-29 10:00:00-04:00,10,23543.75,23449.75,8.0,-130.25,True
2025-08-29,2025-08-27,5m,L100,23530.5,2025-08-29 10:00:00-04:00,10,23543.75,23449.75,8.0,-130.25,True
2025-09-01,2025-08-25,1h,L50,23482.75,2025-09-01 10:00:00-04:00,10,23488.25,23488.0,5.5,-12.25,False
2025-09-01,2025-08-25,1h,L75,23501.625,2025-09-01 11:19:00-04:00,11,23495.5,23483.25,11.5,-13.75,True
2025-09-01,2025-08-25,5m,L50,23472.5,2025-09-01 10:20:00-04:00,10,23486.5,23495.25,10.25,-10.5,True
2025-09-01,2025-08-25,5m,L75,23484.5,2025-09-01 10:00:00-04:00,10,23488.25,23488.0,5.5,-12.25,False
2025-09-01,2025-08-25,5m,L100,23496.5,2025-09-01 10:01:00-04:00,10,23490.75,23488.5,3.0,-14.75,False
2025-09-01,2025-08-26,1h,L50,23472.625,2025-09-01 10:20:00-04:00,10,23486.5,23495.25,10.25,-10.5,True
2025-09-01,2025-08-26,1h,L75,23495.5625,2025-09-01 10:00:00-04:00,10,23488.25,23488.0,5.5,-12.25,False
2025-09-01,2025-08-26,5m,L75,23480.9375,2025-09-01 10:03:00-04:00,10,23487.75,23490.75,6.0,-11.75,False
2025-09-01,2025-08-26,5m,L100,23499.0,2025-09-01 11:05:00-04:00,11,23492.25,23493.25,14.75,-13.0,False
2025-09-01,2025-08-27,1h,L0,23488.5,2025-09-01 10:00:00-04:00,10,23488.25,23488.0,5.5,-12.25,False
2025-09-01,2025-08-27,5m,L0,23488.5,2025-09-01 10:00:00-04:00,10,23488.25,23488.0,5.5,-12.25,False
2025-09-01,2025-08-27,5m,L25,23499.0,2025-09-01 11:05:00-04:00,11,23492.25,23493.25,14.75,-13.0,False
2025-09-01,2025-08-27,5m,L50,23509.5,2025-09-01 11:29:00-04:00,11,23502.75,23487.0,4.25,-21.0,True
2025-09-01,2025-08-29,1h,L0,23507.0,2025-09-01 11:28:00-04:00,11,23499.5,23488.0,7.5,-17.75,False
2025-09-03,2025-08-27,1h,L0,23488.5,2025-09-03 10:37:00-04:00,10,23476.75,23415.5,49.25,-70.5,False
2025-09-03,2025-08-27,1h,L25,23512.8125,2025-09-03 10:43:00-04:00,10,23514.75,23434.25,11.25,-108.5,False
2025-09-03,2025-08-27,5m,L0,23488.5,2025-09-03 10:37:00-04:00,10,23476.75,23415.5,49.25,-70.5,False
2025-09-03,2025-08-27,5m,L25,23499.0,2025-09-03 10:41:00-04:00,10,23492.75,23437.75,33.25,-86.5,False
2025-09-03,2025-08-27,5m,L50,23509.5,2025-09-03 10:43:00-04:00,10,23514.75,23434.25,11.25,-108.5,True
2025-09-03,2025-08-27,5m,L75,23520.0,2025-09-03 10:43:00-04:00,10,23514.75,23434.25,11.25,-108.5,True
2025-09-03,2025-08-27,5m,L100,23530.5,2025-09-03 10:51:00-04:00,10,23523.25,23436.75,2.75,-117.0,True
2025-09-03,2025-08-29,1h,L0,23507.0,2025-09-03 10:43:00-04:00,10,23514.75,23434.25,11.25,-108.5,False
2025-09-03,2025-09-01,1h,L0,23443.25,2025-09-03 10:04:00-04:00,10,23436.25,23508.5,89.75,-53.75,True
2025-09-03,2025-09-01,1h,L25,23456.1875,2025-09-03 10:07:00-04:00,10,23458.75,23499.75,67.25,-76.25,True
2025-09-03,2025-09-01,1h,L50,23469.125,2025-09-03 10:25:00-04:00,10,23461.5,23449.0,64.5,-31.25,True
2025-09-03,2025-09-01,1h,L75,23482.0625,2025-09-03 10:35:00-04:00,10,23477.5,23424.0,48.5,-71.25,True
2025-09-03,2025-09-01,1h,L100,23495.0,2025-09-03 10:40:00-04:00,10,23490.25,23427.5,35.75,-84.0,True
2025-09-03,2025-09-01,5m,L0,23473.25,2025-09-03 10:26:00-04:00,10,23467.5,23444.75,58.5,-37.25,False
2025-09-03,2025-09-01,5m,L25,23476.5,2025-09-03 10:26:00-04:00,10,23467.5,23444.75,58.5,-37.25,False
2025-09-03,2025-09-01,5m,L50,23479.75,2025-09-03 10:33:00-04:00,10,23472.0,23417.0,54.0,-65.75,True
2025-09-03,2025-09-01,5m,L75,23483.0,2025-09-03 10:35:00-04:00,10,23477.5,23424.0,48.5,-71.25,True
2025-09-03,2025-09-01,5m,L100,23486.25,2025-09-03 10:36:00-04:00,10,23479.0,23432.0,47.0,-72.75,True
2025-09-04,2025-08-28,1h,L0,23572.5,2025-09-04 13:04:00-04:00,13,23567.5,23594.0,36.75,-17.5,True
2025-09-04,2025-08-28,1h,L25,23615.1875,2025-09-04 14:16:00-04:00,14,23602.5,23633.75,36.25,-8.75,True
2025-09-04,2025-08-28,1h,L50,23657.875,2025-09-04 15:54:00-04:00,15,23655.75,23666.25,24.75,-9.0,True
2025-09-04,2025-08-28,5m,L0,23655.0,2025-09-04 15:54:00-04:00,15,23655.75,23666.25,24.75,-9.0,True
2025-09-04,2025-08-28,5m,L25,23668.625,2025-09-04 15:56:00-04:00,15,23669.0,23666.25,11.5,-9.75,False
2025-09-04,2025-08-28,5m,L50,23682.25,2025-09-04 15:57:00-04:00,15,23675.75,23666.25,4.75,-15.25,True
2025-09-04,2025-08-29,1h,L0,23507.0,2025-09-04 10:31:00-04:00,10,23496.75,23542.75,59.25,-6.75,True
2025-09-04,2025-08-29,1h,L25,23547.875,2025-09-04 11:22:00-04:00,11,23545.25,23535.75,10.75,-27.75,False
2025-09-04,2025-08-29,1h,L50,23588.75,2025-09-04 13:50:00-04:00,13,23583.25,23621.5,39.25,-3.75,True
2025-09-04,2025-08-29,1h,L75,23629.625,2025-09-04 15:01:00-04:00,15,23624.25,23666.25,56.25,-7.75,False
2025-09-04,2025-08-29,1h,L100,23670.5,2025-09-04 15:56:00-04:00,15,23669.0,23666.25,11.5,-9.75,False
2025-09-04,2025-08-29,5m,L0,23537.5,2025-09-04 11:00:00-04:00,11,23530.0,23534.75,26.0,-38.0,False
2025-09-04,2025-08-29,5m,L25,23553.375,2025-09-04 11:22:00-04:00,11,23545.25,23535.75,10.75,-27.75,False
2025-09-04,2025-08-29,5m,L50,23569.25,2025-09-04 12:48:00-04:00,12,23557.5,23582.25,25.25,-21.0,True
2025-09-04,2025-08-29,5m,L75,23585.125,2025-09-04 13:47:00-04:00,13,23579.5,23612.5,40.5,-4.5,False
2025-09-04,2025-08-29,5m,L100,23601.0,2025-09-04 13:53:00-04:00,13,23602.25,23620.5,22.0,-22.75,False
2025-09-04,2025-09-01,1h,L0,23443.25,2025-09-04 10:02:00-04:00,10,23455.75,23530.5,79.0,-45.75,True
2025-09-04,2025-09-01,1h,L25,23456.1875,2025-09-04 10:00:00-04:00,10,23470.75,23530.0,64.0,-60.75,True
2025-09-04,2025-09-01,1h,L50,23469.125,2025-09-04 10:00:00-04:00,10,23470.75,23530.0,64.0,-60.75,True
2025-09-04,2025-09-01,1h,L75,23482.0625,2025-09-04 10:00:00-04:00,10,23470.75,23530.0,64.0,-60.75,False
2025-09-04,2025-09-01,1h,L100,23495.0,2025-09-04 10:25:00-04:00,10,23493.5,23544.0,56.5,-30.75,False
2025-09-04,2025-09-01,5m,L0,23473.25,2025-09-04 10:00:00-04:00,10,23470.75,23530.0,64.0,-60.75,True
2025-09-04,2025-09-01,5m,L25,23476.5,2025-09-04 10:00:00-04:00,10,23470.75,23530.0,64.0,-60.75,True
2025-09-04,2025-09-01,5m,L50,23479.75,2025-09-04 10:00:00-04:00,10,23470.75,23530.0,64.0,-60.75,True
2025-09-04,2025-09-01,5m,L75,23483.0,2025-09-04 10:00:00-04:00,10,23470.75,23530.0,64.0,-60.75,False
2025-09-04,2025-09-01,5m,L100,23486.25,2025-09-04 10:00:00-04:00,10,23470.75,23530.0,64.0,-60.75,False
2025-09-04,2025-09-03,1h,L50,23413.375,2025-09-04 10:15:00-04:00,10,23419.5,23517.75,121.75,-9.5,True
2025-09-04,2025-09-03,1h,L75,23435.1875,2025-09-04 10:03:00-04:00,10,23439.25,23526.25,95.5,-29.25,False
2025-09-04,2025-09-03,1h,L100,23457.0,2025-09-04 10:00:00-04:00,10,23470.75,23530.0,64.0,-60.75,False
2025-09-04,2025-09-03,5m,L100,23411.25,2025-09-04 10:15:00-04:00,10,23419.5,23517.75,121.75,-9.5,False
2025-09-05,2025-08-29,1h,L0,23507.0,2025-09-05 11:10:00-04:00,11,23512.0,23638.0,157.0,-7.0,True
2025-09-05,2025-08-29,1h,L25,23547.875,2025-09-05 10:58:00-04:00,10,23554.0,23610.25,115.0,-49.0,True
2025-09-05,2025-08-29,1h,L50,23588.75,2025-09-05 10:41:00-04:00,10,23598.75,23655.5,61.5,-93.75,True
2025-09-05,2025-08-29,1h,L75,23629.625,2025-09-05 10:28:00-04:00,10,23633.5,23631.75,42.5,-128.5,False
2025-09-05,2025-08-29,1h,L100,23670.5,2025-09-05 10:23:00-04:00,10,23678.75,23608.75,14.25,-173.75,True
2025-09-05,2025-08-29,5m,L0,23537.5,2025-09-05 11:00:00-04:00,11,23550.75,23628.0,118.25,-45.75,True
2025-09-05,2025-08-29,5m,L25,23553.375,2025-09-05 10:58:00-04:00,10,23554.0,23610.25,115.0,-49.0,True
2025-09-05,2025-08-29,5m,L50,23569.25,2025-09-05 10:46:00-04:00,10,23590.0,23622.25,79.0,-85.0,True
2025-09-05,2025-08-29,5m,L75,23585.125,2025-09-05 10:42:00-04:00,10,23596.5,23662.75,69.5,-91.5,False
2025-09-05,2025-08-29,5m,L100,23601.0,2025-09-05 10:41:00-04:00,10,23598.75,23655.5,61.5,-93.75,False
2025-09-05,2025-09-04,1h,L50,23502.75,2025-09-05 11:10:00-04:00,11,23512.0,23638.0,157.0,-7.0,True
2025-09-05,2025-09-04,1h,L75,23525.5,2025-09-05 11:01:00-04:00,11,23530.75,23612.75,138.25,-25.75,False
2025-09-05,2025-09-04,1h,L100,23548.25,2025-09-05 10:58:00-04:00,10,23554.0,23610.25,115.0,-49.0,False
2025-09-05,2025-09-04,5m,L100,23513.0,2025-09-05 11:02:00-04:00,11,23517.25,23610.25,151.75,-12.25,False
2025-09-08,2025-09-05,1h,L0,23821.5,2025-09-08 10:18:00-04:00,10,23820.0,23851.0,68.0,-13.75,True
2025-09-08,2025-09-05,1h,L25,23841.75,2025-09-08 10:00:00-04:00,10,23846.5,23864.5,41.5,-40.25,True
2025-09-08,2025-09-05,1h,L50,23862.0,2025-09-08 10:04:00-04:00,10,23857.0,23862.25,31.0,-50.75,True
2025-09-08,2025-09-05,1h,L75,23882.25,2025-09-08 10:32:00-04:00,10,23865.5,23877.5,22.5,-21.5,False
2025-09-08,2025-09-05,5m,L0,23835.5,2025-09-08 10:00:00-04:00,10,23846.5,23864.5,41.5,-40.25,True
2025-09-08,2025-09-05,5m,L25,23848.5,2025-09-08 10:00:00-04:00,10,23846.5,23864.5,41.5,-40.25,True
2025-09-08,2025-09-05,5m,L50,23861.5,2025-09-08 10:04:00-04:00,10,23857.0,23862.25,31.0,-50.75,True
2025-09-08,2025-09-05,5m,L75,23874.5,2025-09-08 10:08:00-04:00,10,23863.5,23868.0,24.5,-57.25,False
2025-09-08,2025-09-05,5m,L100,23887.5,2025-09-08 10:42:00-04:00,10,23885.5,23859.75,2.5,-41.5,True
2025-09-09,2025-09-05,1h,L0,23821.5,2025-09-09 10:00:00-04:00,10,23786.25,23786.0,64.5,-59.75,False
2025-09-09,2025-09-05,1h,L25,23841.75,2025-09-09 10:10:00-04:00,10,23843.25,23771.5,7.5,-116.75,False
2025-09-09,2025-09-05,1h,L50,23862.0,2025-09-09 15:23:00-04:00,15,23853.25,23867.25,34.5,-18.0,True
2025-09-09,2025-09-05,1h,L75,23882.25,2025-09-09 15:55:00-04:00,15,23885.5,23867.25,2.25,-20.5,True
2025-09-09,2025-09-05,5m,L0,23835.5,2025-09-09 10:00:00-04:00,10,23786.25,23786.0,64.5,-59.75,False
2025-09-09,2025-09-05,5m,L25,23848.5,2025-09-09 10:10:00-04:00,10,23843.25,23771.5,7.5,-116.75,False
2025-09-09,2025-09-05,5m,L50,23861.5,2025-09-09 15:23:00-04:00,15,23853.25,23867.25,34.5,-18.0,True
2025-09-09,2025-09-05,5m,L75,23874.5,2025-09-09 15:52:00-04:00,15,23868.0,23867.25,19.75,-5.5,False
2025-09-09,2025-09-05,5m,L100,23887.5,2025-09-09 15:55:00-04:00,15,23885.5,23867.25,2.25,-20.5,True
2025-09-09,2025-09-08,1h,L0,23766.75,2025-09-09 10:32:00-04:00,10,23771.25,23782.0,35.5,-44.75,True
2025-09-09,2025-09-08,1h,L25,23794.1875,2025-09-09 10:00:00-04:00,10,23786.25,23786.0,64.5,-59.75,False
2025-09-09,2025-09-08,1h,L50,23821.625,2025-09-09 10:00:00-04:00,10,23786.25,23786.0,64.5,-59.75,False
2025-09-09,2025-09-08,1h,L75,23849.0625,2025-09-09 10:10:00-04:00,10,23843.25,23771.5,7.5,-116.75,True
2025-09-09,2025-09-08,1h,L100,23876.5,2025-09-09 15:52:00-04:00,15,23868.0,23867.25,19.75,-5.5,False
2025-09-09,2025-09-08,5m,L0,23814.0,2025-09-09 10:00:00-04:00,10,23786.25,23786.0,64.5,-59.75,False
2025-09-09,2025-09-08,5m,L25,23823.5,2025-09-09 10:00:00-04:00,10,23786.25,23786.0,64.5,-59.75,False
2025-09-09,2025-09-08,5m,L50,23833.0,2025-09-09 10:00:00-04:00,10,23786.25,23786.0,64.5,-59.75,False
2025-09-09,2025-09-08,5m,L75,23842.5,2025-09-09 10:10:00-04:00,10,23843.25,23771.5,7.5,-116.75,True
2025-09-09,2025-09-08,5m,L100,23852.0,2025-09-09 10:10:00-04:00,10,23843.25,23771.5,7.5,-116.75,True
2025-09-10,2025-09-05,1h,L0,23821.5,2025-09-10 15:09:00-04:00,15,23829.25,23873.75,63.5,-44.25,True
2025-09-10,2025-09-05,1h,L25,23841.75,2025-09-10 14:26:00-04:00,14,23854.0,23807.75,26.0,-69.0,False
2025-09-10,2025-09-05,1h,L50,23862.0,2025-09-10 14:19:00-04:00,14,23861.75,23819.25,18.25,-60.5,True
2025-09-10,2025-09-05,1h,L75,23882.25,2025-09-10 13:25:00-04:00,13,23890.25,23854.75,19.5,-38.75,True
2025-09-10,2025-09-05,1h,L100,23902.5,2025-09-10 12:22:00-04:00,12,23909.0,23897.5,31.5,-13.0,True
2025-09-10,2025-09-05,5m,L0,23835.5,2025-09-10 14:48:00-04:00,14,23842.75,23863.25,25.0,-57.75,True
2025-09-10,2025-09-05,5m,L25,23848.5,2025-09-10 14:25:00-04:00,14,23854.75,23810.0,25.25,-69.75,False
2025-09-10,2025-09-05,5m,L50,23861.5,2025-09-10 14:19:00-04:00,14,23861.75,23819.25,18.25,-60.5,True
2025-09-10,2025-09-05,5m,L75,23874.5,2025-09-10 13:26:00-04:00,13,23882.25,23854.0,27.5,-36.75,True
2025-09-10,2025-09-05,5m,L100,23887.5,2025-09-10 13:23:00-04:00,13,23891.5,23862.0,18.25,-34.25,True
2025-09-10,2025-09-08,1h,L25,23794.1875,2025-09-10 15:21:00-04:00,15,23788.5,23873.75,104.25,-3.5,True
2025-09-10,2025-09-08,1h,L50,23821.625,2025-09-10 15:09:00-04:00,15,23829.25,23873.75,63.5,-44.25,True
2025-09-10,2025-09-08,1h,L75,23849.0625,2025-09-10 14:25:00-04:00,14,23854.75,23810.0,25.25,-69.75,True
2025-09-10,2025-09-08,1h,L100,23876.5,2025-09-10 13:26:00-04:00,13,23882.25,23854.0,27.5,-36.75,True
2025-09-10,2025-09-08,5m,L0,23814.0,2025-09-10 15:12:00-04:00,15,23813.25,23873.75,79.5,-28.25,True
2025-09-10,2025-09-08,5m,L25,23823.5,2025-09-10 15:09:00-04:00,15,23829.25,23873.75,63.5,-44.25,True
2025-09-10,2025-09-08,5m,L50,23833.0,2025-09-10 14:53:00-04:00,14,23842.5,23878.5,38.75,-57.5,True
2025-09-10,2025-09-08,5m,L75,23842.5,2025-09-10 14:26:00-04:00,14,23854.0,23807.75,26.0,-69.0,True
2025-09-10,2025-09-08,5m,L100,23852.0,2025-09-10 14:24:00-04:00,14,23862.75,23805.0,17.25,-77.75,True
2025-09-10,2025-09-09,1h,L0,23800.25,2025-09-10 15:13:00-04:00,15,23810.0,23873.75,82.75,-25.0,True
2025-09-10,2025-09-09,1h,L25,23814.625,2025-09-10 15:12:00-04:00,15,23813.25,23873.75,79.5,-28.25,True
2025-09-10,2025-09-09,1h,L50,23829.0,2025-09-10 15:06:00-04:00,15,23835.25,23873.75,57.5,-50.25,True
2025-09-10,2025-09-09,1h,L75,23843.375,2025-09-10 14:26:00-04:00,14,23854.0,23807.75,26.0,-69.0,True
2025-09-10,2025-09-09,1h,L100,23857.75,2025-09-10 14:19:00-04:00,14,23861.75,23819.25,18.25,-60.5,True
2025-09-10,2025-09-09,5m,L0,23824.25,2025-09-10 15:09:00-04:00,15,23829.25,23873.75,63.5,-44.25,True
2025-09-10,2025-09-09,5m,L25,23830.3125,2025-09-10 15:06:00-04:00,15,23835.25,23873.75,57.5,-50.25,True
2025-09-10,2025-09-09,5m,L50,23836.375,2025-09-10 14:48:00-04:00,14,23842.75,23863.25,25.0,-57.75,True
2025-09-10,2025-09-09,5m,L75,23842.4375,2025-09-10 14:26:00-04:00,14,23854.0,23807.75,26.0,-69.0,True
2025-09-10,2025-09-09,5m,L100,23848.5,2025-09-10 14:25:00-04:00,14,23854.75,23810.0,25.25,-69.75,True
2025-09-11,2025-09-10,1h,L50,23954.625,2025-09-11 10:14:00-04:00,10,23959.0,24016.75,63.0,-12.25,True
2025-09-11,2025-09-10,1h,L75,23984.8125,2025-09-11 10:00:00-04:00,10,23967.0,24003.25,55.0,-20.25,False
2025-09-11,2025-09-10,1h,L100,24015.0,2025-09-11 10:39:00-04:00,10,24012.25,24024.25,36.5,-37.0,False
2025-09-11,2025-09-10,5m,L100,23945.5,2025-09-11 10:16:00-04:00,10,23960.0,24028.5,70.5,-13.25,False
2025-09-12,2025-09-10,1h,L100,24015.0,2025-09-12 10:00:00-04:00,10,24042.75,24109.75,73.0,-24.75,False
2025-09-16,2025-09-15,1h,L100,24262.25,2025-09-16 11:41:00-04:00,11,24267.25,24275.5,19.75,-9.75,False
2025-09-17,2025-09-10,1h,L100,24015.0,2025-09-17 14:53:00-04:00,14,24011.25,24224.75,296.75,-7.75,False
2025-09-17,2025-09-12,1h,L0,24002.0,2025-09-17 14:54:00-04:00,14,24029.5,24240.75,278.5,-26.0,True
2025-09-17,2025-09-12,1h,L25,24017.375,2025-09-17 14:53:00-04:00,14,24011.25,24224.75,296.75,-7.75,True
2025-09-17,2025-09-12,1h,L50,24032.75,2025-09-17 14:46:00-04:00,14,24044.75,24235.25,263.25,-41.25,True
2025-09-17,2025-09-12,1h,L75,24048.125,2025-09-17 14:15:00-04:00,14,24101.75,24216.25,177.25,-98.25,False
2025-09-17,2025-09-12,1h,L100,24063.5,2025-09-17 14:15:00-04:00,14,24101.75,24216.25,177.25,-98.25,False
2025-09-17,2025-09-12,5m,L0,24020.0,2025-09-17 14:53:00-04:00,14,24011.25,24224.75,296.75,-7.75,True
2025-09-17,2025-09-12,5m,L25,24024.8125,2025-09-17 14:46:00-04:00,14,24044.75,24235.25,263.25,-41.25,True
2025-09-17,2025-09-12,5m,L50,24029.625,2025-09-17 14:46:00-04:00,14,24044.75,24235.25,263.25,-41.25,True
2025-09-17,2025-09-12,5m,L75,24034.4375,2025-09-17 14:46:00-04:00,14,24044.75,24235.25,263.25,-41.25,False
2025-09-17,2025-09-12,5m,L100,24039.25,2025-09-17 14:45:00-04:00,14,24041.25,24239.5,266.75,-37.75,False
2025-09-17,2025-09-15,1h,L0,24162.25,2025-09-17 11:05:00-04:00,11,24167.75,24168.0,35.5,-8.75,False
2025-09-17,2025-09-15,1h,L25,24187.25,2025-09-17 10:37:00-04:00,10,24195.5,24176.5,13.25,-31.25,False
2025-09-17,2025-09-15,1h,L50,24212.25,2025-09-17 10:01:00-04:00,10,24218.5,24179.75,21.5,-47.75,True
2025-09-17,2025-09-15,1h,L75,24237.25,2025-09-17 10:00:00-04:00,10,24235.75,24182.0,4.25,-65.0,True
2025-09-17,2025-09-15,1h,L100,24262.25,2025-09-17 14:00:00-04:00,14,24224.25,24166.75,57.0,-220.75,True
2025-09-17,2025-09-15,5m,L0,24204.0,2025-09-17 10:02:00-04:00,10,24223.25,24175.5,16.75,-52.5,False
2025-09-17,2025-09-15,5m,L25,24211.625,2025-09-17 10:01:00-04:00,10,24218.5,24179.75,21.5,-47.75,False
2025-09-17,2025-09-15,5m,L50,24219.25,2025-09-17 10:01:00-04:00,10,24218.5,24179.75,21.5,-47.75,True
2025-09-17,2025-09-15,5m,L75,24226.875,2025-09-17 10:00:00-04:00,10,24235.75,24182.0,4.25,-65.0,True
2025-09-17,2025-09-15,5m,L100,24234.5,2025-09-17 10:00:00-04:00,10,24235.75,24182.0,4.25,-65.0,True
2025-09-17,2025-09-16,1h,L0,24280.5,2025-09-17 14:03:00-04:00,14,24265.5,24190.0,15.75,-262.0,False
2025-09-17,2025-09-16,1h,L25,24301.9375,2025-09-17 15:27:00-04:00,15,24299.75,24231.75,8.25,-94.0,False
2025-09-17,2025-09-16,5m,L0,24301.25,2025-09-17 15:27:00-04:00,15,24299.75,24231.75,8.25,-94.0,False
2025-09-17,2025-09-16,5m,L25,24307.5,2025-09-17 15:27:00-04:00,15,24299.75,24231.75,8.25,-94.0,False
2025-09-23,2025-09-22,1h,L0,24783.75,2025-09-23 13:41:00-04:00,13,24784.25,24805.5,61.75,-5.0,True
2025-09-23,2025-09-22,1h,L25,24807.9375,2025-09-23 13:40:00-04:00,13,24807.5,24806.0,38.5,-28.25,False
2025-09-23,2025-09-22,1h,L50,24832.125,2025-09-23 13:36:00-04:00,13,24832.5,24834.5,19.5,-53.25,False
2025-09-23,2025-09-22,1h,L75,24856.3125,2025-09-23 13:30:00-04:00,13,24867.25,24818.25,12.25,-88.0,True
2025-09-23,2025-09-22,1h,L100,24880.5,2025-09-23 13:26:00-04:00,13,24884.0,24823.5,9.75,-104.75,True
2025-09-23,2025-09-22,5m,L0,24840.5,2025-09-23 13:36:00-04:00,13,24832.5,24834.5,19.5,-53.25,False
2025-09-23,2025-09-22,5m,L25,24846.75,2025-09-23 13:35:00-04:00,13,24850.25,24829.25,19.5,-71.0,False
2025-09-23,2025-09-22,5m,L50,24853.0,2025-09-23 13:35:00-04:00,13,24850.25,24829.25,19.5,-71.0,True
2025-09-23,2025-09-22,5m,L75,24859.25,2025-09-23 13:30:00-04:00,13,24867.25,24818.25,12.25,-88.0,True
2025-09-23,2025-09-22,5m,L100,24865.5,2025-09-23 13:27:00-04:00,13,24871.75,24823.25,14.5,-92.5,True
2025-09-24,2025-09-22,1h,L0,24783.75,2025-09-24 11:03:00-04:00,11,24792.5,24673.5,17.25,-124.5,False
2025-09-24,2025-09-22,1h,L25,24807.9375,2025-09-24 10:00:00-04:00,10,24814.25,24799.25,26.75,-24.25,False
2025-09-24,2025-09-22,1h,L50,24832.125,2025-09-24 10:03:00-04:00,10,24828.5,24792.5,12.5,-39.75,True
2025-09-24,2025-09-22,5m,L0,24840.5,2025-09-24 10:04:00-04:00,10,24837.75,24790.5,3.25,-50.5,False
2025-09-25,2025-09-18,1h,L75,24440.6875,2025-09-25 10:00:00-04:00,10,24453.25,24622.25,203.5,-8.75,False
2025-09-25,2025-09-18,1h,L100,24469.0,2025-09-25 10:00:00-04:00,10,24453.25,24622.25,203.5,-8.75,False
2025-09-26,2025-09-25,1h,L75,24545.75,2025-09-26 10:25:00-04:00,10,24547.25,24611.5,95.5,-27.25,False
2025-09-26,2025-09-25,1h,L100,24587.0,2025-09-26 10:13:00-04:00,10,24596.25,24562.75,46.5,-76.25,True
2025-09-29,2025-09-22,1h,L0,24783.75,2025-09-29 15:15:00-04:00,15,24788.75,24837.25,59.75,-8.25,True
2025-09-29,2025-09-22,1h,L25,24807.9375,2025-09-29 13:03:00-04:00,13,24805.25,24849.75,45.0,-5.25,True
2025-09-29,2025-09-22,1h,L50,24832.125,2025-09-29 11:36:00-04:00,11,24847.75,24852.0,22.25,-22.75,False
2025-09-29,2025-09-22,1h,L75,24856.3125,2025-09-29 11:31:00-04:00,11,24859.5,24853.0,11.0,-34.5,True
2025-09-29,2025-09-22,1h,L100,24880.5,2025-09-29 11:15:00-04:00,11,24884.25,24862.75,10.5,-59.25,True
2025-09-29,2025-09-22,5m,L0,24840.5,2025-09-29 11:36:00-04:00,11,24847.75,24852.0,22.25,-22.75,False
2025-09-29,2025-09-22,5m,L25,24846.75,2025-09-29 11:35:00-04:00,11,24852.75,24854.25,17.25,-27.75,False
2025-09-29,2025-09-22,5m,L50,24853.0,2025-09-29 11:31:00-04:00,11,24859.5,24853.0,11.0,-34.5,True
2025-09-29,2025-09-22,5m,L75,24859.25,2025-09-29 11:17:00-04:00,11,24869.25,24829.25,25.5,-44.25,True
2025-09-29,2025-09-22,5m,L100,24865.5,2025-09-29 11:17:00-04:00,11,24869.25,24829.25,25.5,-44.25,True
2025-09-29,2025-09-23,1h,L0,24932.5,2025-09-29 10:00:00-04:00,10,24939.5,24934.25,35.5,-22.25,False
2025-09-29,2025-09-23,1h,L25,24952.0625,2025-09-29 10:00:00-04:00,10,24939.5,24934.25,35.5,-22.25,False
2025-09-29,2025-09-23,1h,L50,24971.625,2025-09-29 10:09:00-04:00,10,24969.5,24920.5,5.5,-52.25,True
2025-09-29,2025-09-23,5m,L0,24946.25,2025-09-29 10:00:00-04:00,10,24939.5,24934.25,35.5,-22.25,False
2025-09-29,2025-09-23,5m,L25,24952.5625,2025-09-29 10:00:00-04:00,10,24939.5,24934.25,35.5,-22.25,False
2025-09-29,2025-09-23,5m,L50,24958.875,2025-09-29 10:00:00-04:00,10,24939.5,24934.25,35.5,-22.25,True
2025-09-29,2025-09-23,5m,L75,24965.1875,2025-09-29 10:00:00-04:00,10,24939.5,24934.25,35.5,-22.25,True
2025-09-29,2025-09-23,5m,L100,24971.5,2025-09-29 10:09:00-04:00,10,24969.5,24920.5,5.5,-52.25,True
2025-09-29,2025-09-24,1h,L0,24785.0,2025-09-29 15:15:00-04:00,15,24788.75,24837.25,59.75,-8.25,True
2025-09-29,2025-09-24,1h,L25,24813.5625,2025-09-29 13:02:00-04:00,13,24814.25,24845.0,35.0,-14.25,True
2025-09-29,2025-09-24,1h,L50,24842.125,2025-09-29 11:36:00-04:00,11,24847.75,24852.0,22.25,-22.75,False
2025-09-29,2025-09-24,1h,L75,24870.6875,2025-09-29 11:15:00-04:00,11,24884.25,24862.75,10.5,-59.25,True
2025-09-29,2025-09-24,1h,L100,24899.25,2025-09-29 11:11:00-04:00,11,24906.0,24852.75,13.25,-81.0,True
2025-09-29,2025-09-24,5m,L0,24804.5,2025-09-29 13:03:00-04:00,13,24805.25,24849.75,45.0,-5.25,True
2025-09-29,2025-09-24,5m,L25,24813.25,2025-09-29 13:02:00-04:00,13,24814.25,24845.0,35.0,-14.25,True
2025-09-29,2025-09-24,5m,L50,24822.0,2025-09-29 12:03:00-04:00,12,24831.5,24805.25,36.25,-29.0,True
2025-09-29,2025-09-24,5m,L75,24830.75,2025-09-29 11:50:00-04:00,11,24843.0,24844.0,24.75,-18.0,False
2025-09-29,2025-09-24,5m,L100,24839.5,2025-09-29 11:36:00-04:00,11,24847.75,24852.0,22.25,-22.75,False
2025-09-30,2025-09-24,1h,L0,24785.0,2025-09-30 10:00:00-04:00,10,24787.25,24851.75,71.75,-41.0,True
2025-09-30,2025-09-24,1h,L25,24813.5625,2025-09-30 10:03:00-04:00,10,24807.5,24849.5,55.25,-61.25,True
2025-09-30,2025-09-24,1h,L50,24842.125,2025-09-30 10:48:00-04:00,10,24832.25,24777.5,31.75,-76.75,True
2025-09-30,2025-09-24,1h,L75,24870.6875,2025-09-30 15:27:00-04:00,15,24865.25,24897.75,48.5,-29.75,False
2025-09-30,2025-09-24,1h,L100,24899.25,2025-09-30 15:52:00-04:00,15,24897.0,24897.75,16.75,-11.5,False
2025-09-30,2025-09-24,5m,L0,24804.5,2025-09-30 10:00:00-04:00,10,24787.25,24851.75,71.75,-41.0,True
2025-09-30,2025-09-24,5m,L25,24813.25,2025-09-30 10:03:00-04:00,10,24807.5,24849.5,55.25,-61.25,True
2025-09-30,2025-09-24,5m,L50,24822.0,2025-09-30 10:48:00-04:00,10,24832.25,24777.5,31.75,-76.75,True
2025-09-30,2025-09-24,5m,L75,24830.75,2025-09-30 10:48:00-04:00,10,24832.25,24777.5,31.75,-76.75,True
2025-09-30,2025-09-24,5m,L100,24839.5,2025-09-30 10:48:00-04:00,10,24832.25,24777.5,31.75,-76.75,True
2025-09-30,2025-09-29,1h,L0,24845.75,2025-09-30 10:55:00-04:00,10,24850.0,24799.25,14.0,-94.5,False
2025-09-30,2025-09-29,1h,L25,24873.0625,2025-09-30 15:30:00-04:00,15,24862.0,24897.75,51.75,-26.5,True
2025-09-30,2025-09-29,1h,L50,24900.375,2025-09-30 15:52:00-04:00,15,24897.0,24897.75,16.75,-11.5,False
2025-09-30,2025-09-29,5m,L0,24913.0,2025-09-30 15:53:00-04:00,15,24908.75,24897.75,5.0,-17.0,False
2025-10-01,2025-09-24,1h,L0,24785.0,2025-10-01 10:00:00-04:00,10,24785.0,24908.75,127.0,-30.0,True
2025-10-01,2025-09-24,1h,L25,24813.5625,2025-10-01 10:03:00-04:00,10,24809.0,24908.5,111.75,-16.25,True
2025-10-01,2025-09-24,1h,L50,24842.125,2025-10-01 10:17:00-04:00,10,24837.0,24887.75,83.75,-10.25,True
2025-10-01,2025-09-24,1h,L75,24870.6875,2025-10-01 10:21:00-04:00,10,24874.75,24885.25,46.0,-15.5,False
2025-10-01,2025-09-24,1h,L100,24899.25,2025-10-01 10:34:00-04:00,10,24897.0,24907.5,23.75,-21.0,False
2025-10-01,2025-09-24,5m,L0,24804.5,2025-10-01 10:01:00-04:00,10,24794.0,24918.25,126.75,-10.25,True
2025-10-01,2025-09-24,5m,L25,24813.25,2025-10-01 10:03:00-04:00,10,24809.0,24908.5,111.75,-16.25,True
2025-10-01,2025-09-24,5m,L50,24822.0,2025-10-01 10:03:00-04:00,10,24809.0,24908.5,111.75,-16.25,True
2025-10-01,2025-09-24,5m,L75,24830.75,2025-10-01 10:11:00-04:00,10,24824.25,24894.0,96.5,-7.5,False
2025-10-01,2025-09-24,5m,L100,24839.5,2025-10-01 10:15:00-04:00,10,24830.0,24892.0,90.75,-4.0,False
2025-10-01,2025-09-29,1h,L0,24845.75,2025-10-01 10:18:00-04:00,10,24845.5,24881.75,75.25,-8.5,True
2025-10-01,2025-09-29,1h,L25,24873.0625,2025-10-01 10:21:00-04:00,10,24874.75,24885.25,46.0,-15.5,True
2025-10-01,2025-09-29,1h,L50,24900.375,2025-10-01 10:34:00-04:00,10,24897.0,24907.5,23.75,-21.0,True
2025-10-01,2025-09-29,1h,L75,24927.6875,2025-10-01 11:37:00-04:00,11,24926.75,24949.75,26.5,-8.25,False
2025-10-01,2025-09-29,1h,L100,24955.0,2025-10-01 12:31:00-04:00,12,24946.0,24975.75,44.0,-15.75,False
2025-10-01,2025-09-29,5m,L0,24913.0,2025-10-01 10:36:00-04:00,10,24905.0,24918.5,15.75,-29.0,True
2025-10-01,2025-09-29,5m,L25,24921.6875,2025-10-01 11:01:00-04:00,11,24918.25,24937.0,22.0,-42.25,True
2025-10-01,2025-09-29,5m,L50,24930.375,2025-10-01 11:37:00-04:00,11,24926.75,24949.75,26.5,-8.25,True
2025-10-01,2025-09-29,5m,L75,24939.0625,2025-10-01 11:45:00-04:00,11,24931.75,24931.5,21.5,-11.75,False
2025-10-01,2025-09-29,5m,L100,24947.75,2025-10-01 12:03:00-04:00,12,24932.5,24966.0,36.5,-3.5,False
2025-10-01,2025-09-30,1h,L25,24751.125,2025-10-01 10:00:00-04:00,10,24785.0,24908.75,127.0,-30.0,True
2025-10-01,2025-09-30,1h,L50,24779.75,2025-10-01 10:00:00-04:00,10,24785.0,24908.75,127.0,-30.0,True
2025-10-01,2025-09-30,1h,L75,24808.375,2025-10-01 10:02:00-04:00,10,24792.5,24917.0,128.25,-4.5,False
2025-10-01,2025-09-30,1h,L100,24837.0,2025-10-01 10:14:00-04:00,10,24830.5,24900.5,90.25,-4.75,False
2025-10-01,2025-09-30,5m,L0,24765.0,2025-10-01 10:00:00-04:00,10,24785.0,24908.75,127.0,-30.0,True
2025-10-01,2025-09-30,5m,L25,24775.375,2025-10-01 10:00:00-04:00,10,24785.0,24908.75,127.0,-30.0,True
2025-10-01,2025-09-30,5m,L50,24785.75,2025-10-01 10:00:00-04:00,10,24785.0,24908.75,127.0,-30.0,True
2025-10-01,2025-09-30,5m,L75,24796.125,2025-10-01 10:00:00-04:00,10,24785.0,24908.75,127.0,-30.0,False
2025-10-01,2025-09-30,5m,L100,24806.5,2025-10-01 10:01:00-04:00,10,24794.0,24918.25,126.75,-10.25,False
2025-10-03,2025-09-29,1h,L75,24927.6875,2025-10-03 13:53:00-04:00,13,24942.25,24985.0,102.5,-19.25,False
2025-10-03,2025-09-29,1h,L100,24955.0,2025-10-03 13:51:00-04:00,13,24958.0,24993.75,86.75,-35.0,False
2025-10-03,2025-09-29,5m,L25,24921.6875,2025-10-03 13:54:00-04:00,13,24927.0,24996.0,117.75,-4.0,True
2025-10-03,2025-09-29,5m,L50,24930.375,2025-10-03 13:53:00-04:00,13,24942.25,24985.0,102.5,-19.25,True
2025-10-03,2025-09-29,5m,L75,24939.0625,2025-10-03 13:53:00-04:00,13,24942.25,24985.0,102.5,-19.25,False
2025-10-03,2025-09-29,5m,L100,24947.75,2025-10-03 13:51:00-04:00,13,24958.0,24993.75,86.75,-35.0,False
2025-10-03,2025-10-02,1h,L0,25014.25,2025-10-03 13:30:00-04:00,13,25025.5,25034.75,34.0,-102.5,True
2025-10-03,2025-10-02,1h,L25,25055.6875,2025-10-03 10:08:00-04:00,10,25061.5,25110.75,67.0,-10.5,True
2025-10-03,2025-10-02,1h,L50,25097.125,2025-10-03 10:00:00-04:00,10,25088.0,25112.5,40.5,-37.0,True
2025-10-03,2025-10-02,1h,L75,25138.5625,2025-10-03 11:21:00-04:00,11,25137.5,25145.25,18.5,-33.75,False
2025-10-03,2025-10-02,5m,L0,25025.25,2025-10-03 13:05:00-04:00,13,25032.0,24942.5,62.25,-109.0,False
2025-10-03,2025-10-02,5m,L25,25036.75,2025-10-03 13:04:00-04:00,13,25052.5,24940.5,41.75,-129.5,False
2025-10-03,2025-10-02,5m,L50,25048.25,2025-10-03 10:09:00-04:00,10,25074.0,25110.25,54.5,-23.0,True
2025-10-03,2025-10-02,5m,L75,25059.75,2025-10-03 10:08:00-04:00,10,25061.5,25110.75,67.0,-10.5,False
2025-10-03,2025-10-02,5m,L100,25071.25,2025-10-03 10:01:00-04:00,10,25081.25,25111.0,47.25,-30.25,False
2025-10-06,2025-10-02,1h,L75,25138.5625,2025-10-06 10:01:00-04:00,10,25142.0,25148.0,42.5,-31.75,False
2025-10-06,2025-10-02,1h,L100,25180.0,2025-10-06 10:00:00-04:00,10,25173.75,25150.0,10.75,-63.5,True
2025-10-06,2025-10-03,1h,L25,25117.75,2025-10-06 10:36:00-04:00,10,25130.25,25175.5,46.5,-20.0,True
2025-10-06,2025-10-03,1h,L50,25135.5,2025-10-06 10:10:00-04:00,10,25138.25,25165.75,46.25,-28.0,True
2025-10-06,2025-10-03,1h,L75,25153.25,2025-10-06 10:00:00-04:00,10,25173.75,25150.0,10.75,-63.5,True
2025-10-06,2025-10-03,1h,L100,25171.0,2025-10-06 10:00:00-04:00,10,25173.75,25150.0,10.75,-63.5,True
2025-10-06,2025-10-03,5m,L0,25130.0,2025-10-06 10:10:00-04:00,10,25138.25,25165.75,46.25,-28.0,True
2025-10-06,2025-10-03,5m,L25,25137.5,2025-10-06 10:01:00-04:00,10,25142.0,25148.0,42.5,-31.75,True
2025-10-06,2025-10-03,5m,L50,25145.0,2025-10-06 10:00:00-04:00,10,25173.75,25150.0,10.75,-63.5,True
2025-10-06,2025-10-03,5m,L75,25152.5,2025-10-06 10:00:00-04:00,10,25173.75,25150.0,10.75,-63.5,True
2025-10-06,2025-10-03,5m,L100,25160.0,2025-10-06 10:00:00-04:00,10,25173.75,25150.0,10.75,-63.5,True
2025-10-07,2025-10-02,1h,L0,25014.25,2025-10-07 11:38:00-04:00,11,25020.75,25086.25,71.25,-35.5,True
2025-10-07,2025-10-02,1h,L25,25055.6875,2025-10-07 11:09:00-04:00,11,25060.5,25028.25,65.5,-75.25,False
2025-10-07,2025-10-02,1h,L50,25097.125,2025-10-07 11:06:00-04:00,11,25090.25,25026.0,35.75,-105.0,True
2025-10-07,2025-10-02,1h,L75,25138.5625,2025-10-07 11:04:00-04:00,11,25144.75,25053.75,16.75,-159.5,True
2025-10-07,2025-10-02,1h,L100,25180.0,2025-10-07 10:50:00-04:00,10,25191.75,24992.0,3.25,-204.75,True
2025-10-07,2025-10-02,5m,L0,25025.25,2025-10-07 11:36:00-04:00,11,25029.25,25068.5,48.25,-44.0,True
2025-10-07,2025-10-02,5m,L25,25036.75,2025-10-07 11:36:00-04:00,11,25029.25,25068.5,48.25,-44.0,True
2025-10-07,2025-10-02,5m,L50,25048.25,2025-10-07 11:31:00-04:00,11,25056.75,25048.25,19.0,-71.5,True
2025-10-07,2025-10-02,5m,L75,25059.75,2025-10-07 11:09:00-04:00,11,25060.5,25028.25,65.5,-75.25,True
2025-10-07,2025-10-02,5m,L100,25071.25,2025-10-07 11:07:00-04:00,11,25094.75,25024.75,31.25,-109.5,True
2025-10-07,2025-10-03,1h,L0,25100.0,2025-10-07 11:06:00-04:00,11,25090.25,25026.0,35.75,-105.0,False
2025-10-07,2025-10-03,1h,L25,25117.75,2025-10-07 11:05:00-04:00,11,25115.75,25046.25,31.25,-130.5,False
2025-10-07,2025-10-03,1h,L50,25135.5,2025-10-07 11:04:00-04:00,11,25144.75,25053.75,16.75,-159.5,True
2025-10-07,2025-10-03,1h,L75,25153.25,2025-10-07 11:03:00-04:00,11,25158.75,25050.0,15.25,-173.5,True
2025-10-07,2025-10-03,1h,L100,25171.0,2025-10-07 10:56:00-04:00,10,25180.5,25017.0,12.25,-195.25,True
2025-10-07,2025-10-03,5m,L0,25130.0,2025-10-07 11:05:00-04:00,11,25115.75,25046.25,31.25,-130.5,False
2025-10-07,2025-10-03,5m,L25,25137.5,2025-10-07 11:04:00-04:00,11,25144.75,25053.75,16.75,-159.5,False
2025-10-07,2025-10-03,5m,L50,25145.0,2025-10-07 11:04:00-04:00,11,25144.75,25053.75,16.75,-159.5,True
2025-10-07,2025-10-03,5m,L75,25152.5,2025-10-07 11:03:00-04:00,11,25158.75,25050.0,15.25,-173.5,True
2025-10-07,2025-10-03,5m,L100,25160.0,2025-10-07 11:03:00-04:00,11,25158.75,25050.0,15.25,-173.5,True
2025-10-07,2025-10-06,1h,L0,25117.0,2025-10-07 11:05:00-04:00,11,25115.75,25046.25,31.25,-130.5,False
2025-10-07,2025-10-06,1h,L25,25143.1875,2025-10-07 11:04:00-04:00,11,25144.75,25053.75,16.75,-159.5,False
2025-10-07,2025-10-06,1h,L50,25169.375,2025-10-07 10:56:00-04:00,10,25180.5,25017.0,12.25,-195.25,True
2025-10-07,2025-10-06,1h,L75,25195.5625,2025-10-07 10:35:00-04:00,10,25204.25,25052.5,19.25,-160.25,True
2025-10-07,2025-10-06,1h,L100,25221.75,2025-10-07 10:03:00-04:00,10,25225.5,25158.75,31.75,-70.25,True
2025-10-07,2025-10-06,5m,L0,25135.25,2025-10-07 11:04:00-04:00,11,25144.75,25053.75,16.75,-159.5,False
2025-10-07,2025-10-06,5m,L25,25145.0,2025-10-07 11:04:00-04:00,11,25144.75,25053.75,16.75,-159.5,False
2025-10-07,2025-10-06,5m,L50,25154.75,2025-10-07 11:03:00-04:00,11,25158.75,25050.0,15.25,-173.5,True
2025-10-07,2025-10-06,5m,L75,25164.5,2025-10-07 11:03:00-04:00,11,25158.75,25050.0,15.25,-173.5,True
2025-10-07,2025-10-06,5m,L100,25174.25,2025-10-07 10:56:00-04:00,10,25180.5,25017.0,12.25,-195.25,True
2025-10-08,2025-10-02,1h,L100,25180.0,2025-10-08 10:00:00-04:00,10,25187.0,25200.0,44.0,-14.25,False
2025-10-08,2025-10-03,1h,L100,25171.0,2025-10-08 10:00:00-04:00,10,25187.0,25200.0,44.0,-14.25,False
2025-10-08,2025-10-06,1h,L50,25169.375,2025-10-08 10:00:00-04:00,10,25187.0,25200.0,44.0,-14.25,True
2025-10-08,2025-10-06,1h,L75,25195.5625,2025-10-08 10:00:00-04:00,10,25187.0,25200.0,44.0,-14.25,False
2025-10-08,2025-10-06,1h,L100,25221.75,2025-10-08 10:09:00-04:00,10,25214.25,25204.25,16.75,-41.5,True
2025-10-08,2025-10-06,5m,L100,25174.25,2025-10-08 10:00:00-04:00,10,25187.0,25200.0,44.0,-14.25,False
2025-10-08,2025-10-07,1h,L0,25217.0,2025-10-08 10:05:00-04:00,10,25210.25,25203.0,20.75,-37.5,False
2025-10-08,2025-10-07,1h,L25,25231.4375,2025-10-08 10:10:00-04:00,10,25226.5,25208.0,4.5,-53.75,False
2025-10-08,2025-10-07,1h,L50,25245.875,2025-10-08 11:25:00-04:00,11,25243.25,25255.5,33.25,-21.5,True
2025-10-08,2025-10-07,1h,L75,25260.3125,2025-10-08 11:50:00-04:00,11,25255.25,25237.25,21.25,-21.75,True
2025-10-08,2025-10-07,1h,L100,25274.75,2025-10-08 12:17:00-04:00,12,25271.0,25257.0,5.5,-37.5,True
2025-10-08,2025-10-07,5m,L0,25229.25,2025-10-08 10:10:00-04:00,10,25226.5,25208.0,4.5,-53.75,False
2025-10-08,2025-10-07,5m,L25,25235.1875,2025-10-08 10:11:00-04:00,10,25223.25,25215.5,7.75,-50.5,False
2025-10-08,2025-10-07,5m,L50,25241.125,2025-10-08 11:25:00-04:00,11,25243.25,25255.5,33.25,-21.5,True
2025-10-08,2025-10-07,5m,L75,25247.0625,2025-10-08 11:25:00-04:00,11,25243.25,25255.5,33.25,-21.5,False
2025-10-08,2025-10-07,5m,L100,25253.0,2025-10-08 11:41:00-04:00,11,25244.5,25249.0,32.0,-11.75,False
2025-10-09,2025-10-02,1h,L100,25180.0,2025-10-09 13:17:00-04:00,13,25179.25,25227.25,51.0,-18.5,False
2025-10-09,2025-10-03,1h,L100,25171.0,2025-10-09 13:18:00-04:00,13,25190.75,25222.0,39.5,-30.0,False
2025-10-09,2025-10-03,5m,L100,25160.0,2025-10-09 13:30:00-04:00,13,25171.25,25213.5,63.25,-10.5,False
2025-10-09,2025-10-06,1h,L50,25169.375,2025-10-09 13:18:00-04:00,13,25190.75,25222.0,39.5,-30.0,True
2025-10-09,2025-10-06,1h,L75,25195.5625,2025-10-09 10:44:00-04:00,10,25202.75,25216.5,71.5,-9.25,False
2025-10-09,2025-10-06,1h,L100,25221.75,2025-10-09 10:32:00-04:00,10,25235.25,25224.5,39.0,-41.75,True
2025-10-09,2025-10-06,5m,L75,25164.5,2025-10-09 13:30:00-04:00,13,25171.25,25213.5,63.25,-10.5,False
2025-10-09,2025-10-06,5m,L100,25174.25,2025-10-09 13:17:00-04:00,13,25179.25,25227.25,51.0,-18.5,False
2025-10-09,2025-10-07,1h,L0,25217.0,2025-10-09 10:35:00-04:00,10,25224.5,25207.0,49.75,-31.0,False
2025-10-09,2025-10-07,1h,L25,25231.4375,2025-10-09 10:31:00-04:00,10,25229.25,25221.5,45.0,-35.75,False
2025-10-09,2025-10-07,1h,L50,25245.875,2025-10-09 10:21:00-04:00,10,25259.75,25247.75,17.0,-66.25,True
2025-10-09,2025-10-07,1h,L75,25260.3125,2025-10-09 10:00:00-04:00,10,25273.0,25265.25,16.0,-79.5,True
2025-10-09,2025-10-07,1h,L100,25274.75,2025-10-09 10:00:00-04:00,10,25273.0,25265.25,16.0,-79.5,True
2025-10-09,2025-10-07,5m,L0,25229.25,2025-10-09 10:31:00-04:00,10,25229.25,25221.5,45.0,-35.75,False
2025-10-09,2025-10-07,5m,L25,25235.1875,2025-10-09 10:30:00-04:00,10,25243.75,25228.0,30.5,-50.25,False
2025-10-09,2025-10-07,5m,L50,25241.125,2025-10-09 10:21:00-04:00,10,25259.75,25247.75,17.0,-66.25,True
2025-10-09,2025-10-07,5m,L75,25247.0625,2025-10-09 10:21:00-04:00,10,25259.75,25247.75,17.0,-66.25,True
2025-10-09,2025-10-07,5m,L100,25253.0,2025-10-09 10:15:00-04:00,10,25263.0,25270.0,13.75,-69.5,False
2025-10-09,2025-10-08,1h,L100,25183.5,2025-10-09 13:16:00-04:00,13,25188.75,25225.0,36.75,-28.0,False
2025-10-09,2025-10-08,5m,L75,25156.375,2025-10-09 13:35:00-04:00,13,25162.25,25212.0,72.25,-1.5,False
2025-10-09,2025-10-08,5m,L100,25166.0,2025-10-09 13:29:00-04:00,13,25176.25,25213.25,58.25,-15.5,False
2025-10-10,2025-10-03,1h,L0,25100.0,2025-10-10 11:00:00-04:00,11,25108.25,24789.0,87.5,-441.0,False
2025-10-10,2025-10-03,1h,L25,25117.75,2025-10-10 11:00:00-04:00,11,25108.25,24789.0,87.5,-441.0,False
2025-10-10,2025-10-03,1h,L50,25135.5,2025-10-10 10:59:00-04:00,10,25194.0,24828.0,25.0,-526.75,True
2025-10-10,2025-10-03,1h,L75,25153.25,2025-10-10 10:59:00-04:00,10,25194.0,24828.0,25.0,-526.75,True
2025-10-10,2025-10-03,1h,L100,25171.0,2025-10-10 10:59:00-04:00,10,25194.0,24828.0,25.0,-526.75,True
2025-10-10,2025-10-03,5m,L0,25130.0,2025-10-10 10:59:00-04:00,10,25194.0,24828.0,25.0,-526.75,False
2025-10-10,2025-10-03,5m,L25,25137.5,2025-10-10 10:59:00-04:00,10,25194.0,24828.0,25.0,-526.75,False
2025-10-10,2025-10-03,5m,L50,25145.0,2025-10-10 10:59:00-04:00,10,25194.0,24828.0,25.0,-526.75,True
2025-10-10,2025-10-03,5m,L75,25152.5,2025-10-10 10:59:00-04:00,10,25194.0,24828.0,25.0,-526.75,True
2025-10-10,2025-10-03,5m,L100,25160.0,2025-10-10 10:59:00-04:00,10,25194.0,24828.0,25.0,-526.75,True
2025-10-10,2025-10-06,1h,L0,25117.0,2025-10-10 11:00:00-04:00,11,25108.25,24789.0,87.5,-441.0,False
2025-10-10,2025-10-06,1h,L25,25143.1875,2025-10-10 10:59:00-04:00,10,25194.0,24828.0,25.0,-526.75,False
2025-10-10,2025-10-06,1h,L50,25169.375,2025-10-10 10:59:00-04:00,10,25194.0,24828.0,25.0,-526.75,True
2025-10-10,2025-10-06,1h,L75,25195.5625,2025-10-10 10:58:00-04:00,10,25220.0,24832.0,54.75,-552.75,True
2025-10-10,2025-10-06,1h,L100,25221.75,2025-10-10 10:58:00-04:00,10,25220.0,24832.0,54.75,-552.75,True
2025-10-10,2025-10-06,5m,L0,25135.25,2025-10-10 10:59:00-04:00,10,25194.0,24828.0,25.0,-526.75,False
2025-10-10,2025-10-06,5m,L25,25145.0,2025-10-10 10:59:00-04:00,10,25194.0,24828.0,25.0,-526.75,False
2025-10-10,2025-10-06,5m,L50,25154.75,2025-10-10 10:59:00-04:00,10,25194.0,24828.0,25.0,-526.75,True
2025-10-10,2025-10-06,5m,L75,25164.5,2025-10-10 10:59:00-04:00,10,25194.0,24828.0,25.0,-526.75,True
2025-10-10,2025-10-06,5m,L100,25174.25,2025-10-10 10:59:00-04:00,10,25194.0,24828.0,25.0,-526.75,True
2025-10-10,2025-10-07,1h,L0,25217.0,2025-10-10 10:58:00-04:00,10,25220.0,24832.0,54.75,-552.75,False
2025-10-10,2025-10-07,1h,L25,25231.4375,2025-10-10 10:58:00-04:00,10,25220.0,24832.0,54.75,-552.75,False
2025-10-10,2025-10-07,1h,L50,25245.875,2025-10-10 10:58:00-04:00,10,25220.0,24832.0,54.75,-552.75,True
2025-10-10,2025-10-07,1h,L75,25260.3125,2025-10-10 10:57:00-04:00,10,25264.25,24784.75,81.0,-597.0,True
2025-10-10,2025-10-07,1h,L100,25274.75,2025-10-10 10:57:00-04:00,10,25264.25,24784.75,81.0,-597.0,True
2025-10-10,2025-10-07,5m,L0,25229.25,2025-10-10 10:58:00-04:00,10,25220.0,24832.0,54.75,-552.75,False
2025-10-10,2025-10-07,5m,L25,25235.1875,2025-10-10 10:58:00-04:00,10,25220.0,24832.0,54.75,-552.75,False
2025-10-10,2025-10-07,5m,L50,25241.125,2025-10-10 10:58:00-04:00,10,25220.0,24832.0,54.75,-552.75,True
2025-10-10,2025-10-07,5m,L75,25247.0625,2025-10-10 10:58:00-04:00,10,25220.0,24832.0,54.75,-552.75,True
2025-10-10,2025-10-07,5m,L100,25253.0,2025-10-10 10:58:00-04:00,10,25220.0,24832.0,54.75,-552.75,True
2025-10-10,2025-10-08,1h,L0,25055.25,2025-10-10 11:01:00-04:00,11,25077.0,24790.5,35.5,-409.75,False
2025-10-10,2025-10-08,1h,L25,25087.3125,2025-10-10 11:00:00-04:00,11,25108.25,24789.0,87.5,-441.0,False
2025-10-10,2025-10-08,1h,L50,25119.375,2025-10-10 11:00:00-04:00,11,25108.25,24789.0,87.5,-441.0,True
2025-10-10,2025-10-08,1h,L75,25151.4375,2025-10-10 10:59:00-04:00,10,25194.0,24828.0,25.0,-526.75,True
2025-10-10,2025-10-08,1h,L100,25183.5,2025-10-10 10:58:00-04:00,10,25220.0,24832.0,54.75,-552.75,True
2025-10-10,2025-10-08,5m,L0,25127.5,2025-10-10 10:59:00-04:00,10,25194.0,24828.0,25.0,-526.75,False
2025-10-10,2025-10-08,5m,L25,25137.125,2025-10-10 10:59:00-04:00,10,25194.0,24828.0,25.0,-526.75,False
2025-10-10,2025-10-08,5m,L50,25146.75,2025-10-10 10:59:00-04:00,10,25194.0,24828.0,25.0,-526.75,True
2025-10-10,2025-10-08,5m,L75,25156.375,2025-10-10 10:59:00-04:00,10,25194.0,24828.0,25.0,-526.75,True
2025-10-10,2025-10-08,5m,L100,25166.0,2025-10-10 10:59:00-04:00,10,25194.0,24828.0,25.0,-526.75,True
2025-10-10,2025-10-09,1h,L0,25250.0,2025-10-10 10:58:00-04:00,10,25220.0,24832.0,54.75,-552.75,False
2025-10-10,2025-10-09,1h,L25,25271.8125,2025-10-10 10:57:00-04:00,10,25264.25,24784.75,81.0,-597.0,False
2025-10-10,2025-10-09,1h,L50,25293.625,2025-10-10 10:57:00-04:00,10,25264.25,24784.75,81.0,-597.0,True
2025-10-10,2025-10-09,1h,L75,25315.4375,2025-10-10 10:01:00-04:00,10,25325.0,25077.0,35.25,-269.5,True
2025-10-10,2025-10-09,1h,L100,25337.25,2025-10-10 10:01:00-04:00,10,25325.0,25077.0,35.25,-269.5,True
2025-10-10,2025-10-09,5m,L0,25253.75,2025-10-10 10:58:00-04:00,10,25220.0,24832.0,54.75,-552.75,False
2025-10-10,2025-10-09,5m,L25,25266.4375,2025-10-10 10:57:00-04:00,10,25264.25,24784.75,81.0,-597.0,False
2025-10-10,2025-10-09,5m,L50,25279.125,2025-10-10 10:57:00-04:00,10,25264.25,24784.75,81.0,-597.0,True
2025-10-10,2025-10-09,5m,L75,25291.8125,2025-10-10 10:57:00-04:00,10,25264.25,24784.75,81.0,-597.0,True
2025-10-10,2025-10-09,5m,L100,25304.5,2025-10-10 10:16:00-04:00,10,25312.25,25016.25,47.5,-331.75,True
2025-10-14,2025-10-13,1h,L0,24724.5,2025-10-14 10:27:00-04:00,10,24717.75,24707.5,51.0,-47.25,False
2025-10-14,2025-10-13,1h,L25,24766.6875,2025-10-14 11:05:00-04:00,11,24761.75,24788.25,76.5,-77.5,True
2025-10-14,2025-10-13,1h,L50,24808.875,2025-10-14 11:49:00-04:00,11,24802.75,24926.25,134.75,-40.25,True
2025-10-14,2025-10-13,1h,L75,24851.0625,2025-10-14 12:20:00-04:00,12,24864.25,24909.75,83.0,-38.0,False
2025-10-14,2025-10-13,1h,L100,24893.25,2025-10-14 12:34:00-04:00,12,24886.0,24897.25,61.25,-28.0,False
2025-10-14,2025-10-13,5m,L0,24769.0,2025-10-14 11:05:00-04:00,11,24761.75,24788.25,76.5,-77.5,True
2025-10-14,2025-10-13,5m,L25,24784.1875,2025-10-14 11:44:00-04:00,11,24777.25,24912.0,140.25,-20.5,True
2025-10-14,2025-10-13,5m,L50,24799.375,2025-10-14 11:46:00-04:00,11,24794.0,24915.75,126.75,-31.5,True
2025-10-14,2025-10-13,5m,L75,24814.5625,2025-10-14 11:50:00-04:00,11,24813.5,24924.25,124.0,-51.0,False
2025-10-14,2025-10-13,5m,L100,24829.75,2025-10-14 11:53:00-04:00,11,24830.75,24934.0,116.5,-68.25,False
2025-10-15,2025-10-08,1h,L0,25055.25,2025-10-15 10:05:00-04:00,10,25054.25,25086.25,63.5,-17.0,True
2025-10-15,2025-10-08,1h,L25,25087.3125,2025-10-15 10:07:00-04:00,10,25083.0,25105.25,34.75,-22.5,True
2025-10-15,2025-10-08,1h,L50,25119.375,2025-10-15 10:26:00-04:00,10,25111.0,25076.75,6.75,-61.75,True
2025-10-15,2025-10-13,1h,L0,24724.5,2025-10-15 13:11:00-04:00,13,24722.5,24878.75,195.0,-59.0,True
2025-10-15,2025-10-13,1h,L25,24766.6875,2025-10-15 13:10:00-04:00,13,24763.25,24884.0,154.25,-99.75,True
2025-10-15,2025-10-13,1h,L50,24808.875,2025-10-15 13:08:00-04:00,13,24797.75,24888.5,119.75,-134.25,True
2025-10-15,2025-10-13,1h,L75,24851.0625,2025-10-15 13:00:00-04:00,13,24835.0,24904.0,82.5,-171.5,False
2025-10-15,2025-10-13,1h,L100,24893.25,2025-10-15 11:50:00-04:00,11,24886.25,24919.75,107.25,-9.75,False
2025-10-15,2025-10-13,5m,L0,24769.0,2025-10-15 13:10:00-04:00,13,24763.25,24884.0,154.25,-99.75,True
2025-10-15,2025-10-13,5m,L25,24784.1875,2025-10-15 13:09:00-04:00,13,24790.75,24890.0,126.75,-127.25,True
2025-10-15,2025-10-13,5m,L50,24799.375,2025-10-15 13:08:00-04:00,13,24797.75,24888.5,119.75,-134.25,True
2025-10-15,2025-10-13,5m,L75,24814.5625,2025-10-15 13:08:00-04:00,13,24797.75,24888.5,119.75,-134.25,False
2025-10-15,2025-10-13,5m,L100,24829.75,2025-10-15 13:00:00-04:00,13,24835.0,24904.0,82.5,-171.5,False
2025-10-16,2025-10-13,1h,L0,24724.5,2025-10-16 14:12:00-04:00,14,24699.0,24786.0,119.5,-55.75,True
2025-10-16,2025-10-13,1h,L25,24766.6875,2025-10-16 12:32:00-04:00,12,24759.75,24932.25,204.25,-28.25,True
2025-10-16,2025-10-13,1h,L50,24808.875,2025-10-16 12:30:00-04:00,12,24820.25,24944.0,143.75,-88.75,True
2025-10-16,2025-10-13,1h,L75,24851.0625,2025-10-16 12:30:00-04:00,12,24820.25,24944.0,143.75,-88.75,False
2025-10-16,2025-10-13,1h,L100,24893.25,2025-10-16 12:20:00-04:00,12,24906.25,24923.5,57.75,-174.75,False
2025-10-16,2025-10-13,5m,L0,24769.0,2025-10-16 12:32:00-04:00,12,24759.75,24932.25,204.25,-28.25,True
2025-10-16,2025-10-13,5m,L25,24784.1875,2025-10-16 12:32:00-04:00,12,24759.75,24932.25,204.25,-28.25,True
2025-10-16,2025-10-13,5m,L50,24799.375,2025-10-16 12:30:00-04:00,12,24820.25,24944.0,143.75,-88.75,True
2025-10-16,2025-10-13,5m,L75,24814.5625,2025-10-16 12:30:00-04:00,12,24820.25,24944.0,143.75,-88.75,False
2025-10-16,2025-10-13,5m,L100,24829.75,2025-10-16 12:30:00-04:00,12,24820.25,24944.0,143.75,-88.75,False
2025-10-16,2025-10-14,1h,L100,24656.5,2025-10-16 14:16:00-04:00,14,24697.75,24741.5,120.75,-54.5,False
2025-10-16,2025-10-15,1h,L0,24897.0,2025-10-16 12:20:00-04:00,12,24906.25,24923.5,57.75,-174.75,True
2025-10-16,2025-10-15,1h,L25,24928.8125,2025-10-16 12:04:00-04:00,12,24968.0,24860.75,29.25,-236.5,False
2025-10-16,2025-10-15,1h,L50,24960.625,2025-10-16 11:49:00-04:00,11,24970.75,24806.25,48.25,-239.25,True
2025-10-16,2025-10-15,1h,L75,24992.4375,2025-10-16 11:41:00-04:00,11,24993.75,24820.75,25.25,-243.25,True
2025-10-16,2025-10-15,1h,L100,25024.25,2025-10-16 10:12:00-04:00,10,25025.5,25124.25,154.25,-12.0,False
2025-10-16,2025-10-15,5m,L0,24897.0,2025-10-16 12:20:00-04:00,12,24906.25,24923.5,57.75,-174.75,True
2025-10-16,2025-10-15,5m,L25,24919.25,2025-10-16 12:19:00-04:00,12,24912.75,24930.75,51.25,-181.25,True
2025-10-16,2025-10-15,5m,L50,24941.5,2025-10-16 11:57:00-04:00,11,24972.5,24910.25,24.75,-241.0,True
2025-10-16,2025-10-15,5m,L75,24963.75,2025-10-16 11:46:00-04:00,11,24969.0,24740.75,50.0,-237.5,True
2025-10-16,2025-10-15,5m,L100,24986.0,2025-10-16 11:41:00-04:00,11,24993.75,24820.75,25.25,-243.25,True
2025-10-17,2025-10-13,1h,L0,24724.5,2025-10-17 11:21:00-04:00,11,24725.25,24916.75,223.75,-50.75,True
2025-10-17,2025-10-13,1h,L25,24766.6875,2025-10-17 10:56:00-04:00,10,24770.25,24866.0,96.75,-95.75,True
2025-10-17,2025-10-13,1h,L50,24808.875,2025-10-17 10:00:00-04:00,10,24783.25,24767.75,177.5,-36.0,True
2025-10-17,2025-10-13,1h,L75,24851.0625,2025-10-17 10:02:00-04:00,10,24856.0,24823.5,104.75,-108.75,True
2025-10-17,2025-10-13,1h,L100,24893.25,2025-10-17 10:12:00-04:00,10,24882.0,24774.25,78.75,-134.75,True
2025-10-17,2025-10-13,5m,L0,24769.0,2025-10-17 10:56:00-04:00,10,24770.25,24866.0,96.75,-95.75,True
2025-10-17,2025-10-13,5m,L25,24784.1875,2025-10-17 10:00:00-04:00,10,24783.25,24767.75,177.5,-36.0,False
2025-10-17,2025-10-13,5m,L50,24799.375,2025-10-17 10:00:00-04:00,10,24783.25,24767.75,177.5,-36.0,True
2025-10-17,2025-10-13,5m,L75,24814.5625,2025-10-17 10:00:00-04:00,10,24783.25,24767.75,177.5,-36.0,True
2025-10-17,2025-10-13,5m,L100,24829.75,2025-10-17 10:00:00-04:00,10,24783.25,24767.75,177.5,-36.0,True
2025-10-17,2025-10-15,1h,L0,24897.0,2025-10-17 10:12:00-04:00,10,24882.0,24774.25,78.75,-134.75,False
2025-10-17,2025-10-15,1h,L25,24928.8125,2025-10-17 10:13:00-04:00,10,24917.25,24767.5,43.5,-170.0,False
2025-10-17,2025-10-15,1h,L50,24960.625,2025-10-17 10:15:00-04:00,10,24955.25,24745.0,5.5,-219.25,True
2025-10-17,2025-10-15,1h,L75,24992.4375,2025-10-17 14:18:00-04:00,14,24988.5,25025.75,65.75,-10.5,False
2025-10-17,2025-10-15,1h,L100,25024.25,2025-10-17 14:20:00-04:00,14,25025.0,25041.75,29.25,-47.0,False
2025-10-17,2025-10-15,5m,L0,24897.0,2025-10-17 10:12:00-04:00,10,24882.0,24774.25,78.75,-134.75,False
2025-10-17,2025-10-15,5m,L25,24919.25,2025-10-17 10:13:00-04:00,10,24917.25,24767.5,43.5,-170.0,False
2025-10-17,2025-10-15,5m,L50,24941.5,2025-10-17 10:14:00-04:00,10,24930.75,24741.25,30.0,-189.5,True
2025-10-17,2025-10-15,5m,L75,24963.75,2025-10-17 10:15:00-04:00,10,24955.25,24745.0,5.5,-219.25,True
2025-10-17,2025-10-15,5m,L100,24986.0,2025-10-17 14:12:00-04:00,14,24974.0,25045.0,80.25,-22.75,False
2025-10-17,2025-10-16,1h,L0,25026.0,2025-10-17 14:20:00-04:00,14,25025.0,25041.75,29.25,-47.0,True
2025-10-17,2025-10-16,1h,L25,25050.875,2025-10-17 15:11:00-04:00,15,25048.25,24988.5,6.0,-68.75,False
2025-10-17,2025-10-16,5m,L0,25047.5,2025-10-17 15:11:00-04:00,15,25048.25,24988.5,6.0,-68.75,False
2025-10-21,2025-10-20,1h,L75,25208.3125,2025-10-21 10:02:00-04:00,10,25222.0,25284.0,81.0,-19.0,False
2025-10-21,2025-10-20,1h,L100,25239.5,2025-10-21 10:00:00-04:00,10,25222.0,25285.5,81.0,-19.0,False
2025-10-21,2025-10-20,5m,L50,25206.625,2025-10-21 10:28:00-04:00,10,25208.75,25279.75,94.25,-5.75,True
2025-10-21,2025-10-20,5m,L75,25219.3125,2025-10-21 10:00:00-04:00,10,25222.0,25285.5,81.0,-19.0,False
2025-10-21,2025-10-20,5m,L100,25232.0,2025-10-21 10:00:00-04:00,10,25222.0,25285.5,81.0,-19.0,False
2025-10-22,2025-10-15,1h,L0,24897.0,2025-10-22 12:32:00-04:00,12,24879.75,24898.25,157.25,-13.5,True
2025-10-22,2025-10-15,1h,L25,24928.8125,2025-10-22 12:30:00-04:00,12,24936.75,24890.25,116.25,-70.5,False
2025-10-22,2025-10-15,1h,L50,24960.625,2025-10-22 12:30:00-04:00,12,24936.75,24890.25,116.25,-70.5,True
2025-10-22,2025-10-15,1h,L75,24992.4375,2025-10-22 12:30:00-04:00,12,24936.75,24890.25,116.25,-70.5,True
2025-10-22,2025-10-15,1h,L100,25024.25,2025-10-22 11:24:00-04:00,11,25058.25,25023.0,73.0,-55.25,True
2025-10-22,2025-10-15,5m,L0,24897.0,2025-10-22 12:32:00-04:00,12,24879.75,24898.25,157.25,-13.5,True
2025-10-22,2025-10-15,5m,L25,24919.25,2025-10-22 12:30:00-04:00,12,24936.75,24890.25,116.25,-70.5,False
2025-10-22,2025-10-15,5m,L50,24941.5,2025-10-22 12:30:00-04:00,12,24936.75,24890.25,116.25,-70.5,True
2025-10-22,2025-10-15,5m,L75,24963.75,2025-10-22 12:30:00-04:00,12,24936.75,24890.25,116.25,-70.5,True
2025-10-22,2025-10-15,5m,L100,24986.0,2025-10-22 12:30:00-04:00,12,24936.75,24890.25,116.25,-70.5,True
2025-10-22,2025-10-16,1h,L0,25026.0,2025-10-22 11:23:00-04:00,11,25043.5,25020.75,87.75,-40.5,False
2025-10-22,2025-10-16,1h,L25,25050.875,2025-10-22 10:46:00-04:00,10,25054.5,25096.75,137.25,-51.5,True
2025-10-22,2025-10-16,1h,L50,25075.75,2025-10-22 10:40:00-04:00,10,25113.5,25049.5,78.25,-110.5,True
2025-10-22,2025-10-16,1h,L75,25100.625,2025-10-22 10:31:00-04:00,10,25102.25,25019.0,89.5,-99.25,True
2025-10-22,2025-10-16,1h,L100,25125.5,2025-10-22 10:29:00-04:00,10,25125.25,25028.0,66.5,-102.25,True
2025-10-22,2025-10-16,5m,L0,25047.5,2025-10-22 10:46:00-04:00,10,25054.5,25096.75,137.25,-51.5,True
2025-10-22,2025-10-16,5m,L25,25067.0,2025-10-22 10:43:00-04:00,10,25081.25,25060.75,110.5,-78.25,False
2025-10-22,2025-10-16,5m,L50,25086.5,2025-10-22 10:32:00-04:00,10,25106.5,25039.75,85.25,-103.5,True
2025-10-22,2025-10-16,5m,L75,25106.0,2025-10-22 10:30:00-04:00,10,25110.0,25013.25,81.75,-106.75,True
2025-10-22,2025-10-16,5m,L100,25125.5,2025-10-22 10:29:00-04:00,10,25125.25,25028.0,66.5,-102.25,True
2025-10-22,2025-10-17,1h,L75,24835.5625,2025-10-22 13:41:00-04:00,13,24834.0,24923.0,107.5,-28.75,False
2025-10-22,2025-10-17,1h,L100,24890.0,2025-10-22 12:32:00-04:00,12,24879.75,24898.25,157.25,-13.5,False
2025-10-22,2025-10-20,1h,L0,25114.75,2025-10-22 10:29:00-04:00,10,25125.25,25028.0,66.5,-102.25,False
2025-10-22,2025-10-20,1h,L25,25145.9375,2025-10-22 10:27:00-04:00,10,25151.0,25049.25,40.75,-123.5,False
2025-10-22,2025-10-20,1h,L50,25177.125,2025-10-22 10:26:00-04:00,10,25177.0,25056.25,26.0,-149.5,True
2025-10-22,2025-10-20,1h,L75,25208.3125,2025-10-22 10:14:00-04:00,10,25211.5,25141.75,33.5,-161.0,True
2025-10-22,2025-10-20,1h,L100,25239.5,2025-10-22 10:02:00-04:00,10,25253.25,25174.5,24.75,-202.75,True
2025-10-22,2025-10-20,5m,L0,25181.25,2025-10-22 10:26:00-04:00,10,25177.0,25056.25,26.0,-149.5,False
2025-10-22,2025-10-20,5m,L25,25193.9375,2025-10-22 10:15:00-04:00,10,25215.75,25144.75,29.25,-165.25,False
2025-10-22,2025-10-20,5m,L50,25206.625,2025-10-22 10:14:00-04:00,10,25211.5,25141.75,33.5,-161.0,True
2025-10-22,2025-10-20,5m,L75,25219.3125,2025-10-22 10:13:00-04:00,10,25223.75,25144.5,21.25,-173.25,True
2025-10-22,2025-10-20,5m,L100,25232.0,2025-10-22 10:12:00-04:00,10,25240.75,25129.75,4.25,-190.25,True
2025-10-22,2025-10-21,1h,L0,25213.75,2025-10-22 10:13:00-04:00,10,25223.75,25144.5,21.25,-173.25,False
2025-10-22,2025-10-21,1h,L25,25236.8125,2025-10-22 10:02:00-04:00,10,25253.25,25174.5,24.75,-202.75,False
2025-10-22,2025-10-21,1h,L50,25259.875,2025-10-22 10:00:00-04:00,10,25269.75,25175.0,11.25,-219.25,True
2025-10-22,2025-10-21,1h,L75,25282.9375,2025-10-22 10:01:00-04:00,10,25272.5,25186.5,8.5,-222.0,True
2025-10-22,2025-10-21,5m,L0,25219.25,2025-10-22 10:13:00-04:00,10,25223.75,25144.5,21.25,-173.25,False
2025-10-22,2025-10-21,5m,L25,25230.0,2025-10-22 10:12:00-04:00,10,25240.75,25129.75,4.25,-190.25,False
2025-10-22,2025-10-21,5m,L50,25240.75,2025-10-22 10:02:00-04:00,10,25253.25,25174.5,24.75,-202.75,True
2025-10-22,2025-10-21,5m,L75,25251.5,2025-10-22 10:00:00-04:00,10,25269.75,25175.0,11.25,-219.25,True
2025-10-22,2025-10-21,5m,L100,25262.25,2025-10-22 10:00:00-04:00,10,25269.75,25175.0,11.25,-219.25,True
2025-10-23,2025-10-16,1h,L75,25100.625,2025-10-23 10:11:00-04:00,10,25116.5,25183.75,82.75,-32.75,False
2025-10-23,2025-10-16,1h,L100,25125.5,2025-10-23 10:06:00-04:00,10,25139.5,25187.75,59.75,-55.75,False
2025-10-23,2025-10-16,5m,L50,25086.5,2025-10-23 10:19:00-04:00,10,25096.0,25157.75,103.25,-12.25,True
2025-10-23,2025-10-16,5m,L75,25106.0,2025-10-23 10:10:00-04:00,10,25110.25,25179.75,89.0,-26.5,False
2025-10-23,2025-10-16,5m,L100,25125.5,2025-10-23 10:06:00-04:00,10,25139.5,25187.75,59.75,-55.75,False
2025-10-23,2025-10-20,1h,L0,25114.75,2025-10-23 10:10:00-04:00,10,25110.25,25179.75,89.0,-26.5,True
2025-10-23,2025-10-20,1h,L25,25145.9375,2025-10-23 10:00:00-04:00,10,25140.5,25193.0,58.75,-56.75,True
2025-10-23,2025-10-20,1h,L50,25177.125,2025-10-23 10:00:00-04:00,10,25140.5,25193.0,58.75,-56.75,True
2025-10-23,2025-10-20,1h,L75,25208.3125,2025-10-23 11:31:00-04:00,11,25199.75,25208.25,27.5,-80.25,False
2025-10-23,2025-10-20,1h,L100,25239.5,2025-10-23 12:53:00-04:00,12,25234.75,25277.75,45.25,-45.25,False
2025-10-23,2025-10-20,5m,L0,25181.25,2025-10-23 10:00:00-04:00,10,25140.5,25193.0,58.75,-56.75,True
2025-10-23,2025-10-20,5m,L25,25193.9375,2025-10-23 10:38:00-04:00,10,25187.75,25174.0,21.75,-47.5,False
2025-10-23,2025-10-20,5m,L50,25206.625,2025-10-23 11:31:00-04:00,11,25199.75,25208.25,27.5,-80.25,True
2025-10-23,2025-10-20,5m,L75,25219.3125,2025-10-23 11:56:00-04:00,11,25213.0,25235.5,26.0,-28.5,False
2025-10-23,2025-10-20,5m,L100,25232.0,2025-10-23 12:15:00-04:00,12,25223.75,25234.0,23.25,-39.25,False
2025-10-23,2025-10-21,1h,L0,25213.75,2025-10-23 11:31:00-04:00,11,25199.75,25208.25,27.5,-80.25,True
2025-10-23,2025-10-21,1h,L25,25236.8125,2025-10-23 12:43:00-04:00,12,25222.5,25261.25,52.0,-33.0,True
2025-10-23,2025-10-21,1h,L50,25259.875,2025-10-23 13:37:00-04:00,13,25253.0,25262.75,35.25,-7.5,True
2025-10-23,2025-10-21,1h,L75,25282.9375,2025-10-23 13:47:00-04:00,13,25267.75,25257.0,20.5,-22.25,True
2025-10-23,2025-10-21,5m,L0,25219.25,2025-10-23 11:56:00-04:00,11,25213.0,25235.5,26.0,-28.5,True
2025-10-23,2025-10-21,5m,L25,25230.0,2025-10-23 12:15:00-04:00,12,25223.75,25234.0,23.25,-39.25,True
2025-10-23,2025-10-21,5m,L50,25240.75,2025-10-23 12:53:00-04:00,12,25234.75,25277.75,45.25,-45.25,True
2025-10-23,2025-10-21,5m,L75,25251.5,2025-10-23 13:01:00-04:00,13,25245.0,25266.5,38.5,-55.5,False
2025-10-23,2025-10-21,5m,L100,25262.25,2025-10-23 13:38:00-04:00,13,25262.75,25264.0,25.5,-17.25,False
2025-10-23,2025-10-22,1h,L0,25172.75,2025-10-23 10:00:00-04:00,10,25140.5,25193.0,58.75,-56.75,True
2025-10-23,2025-10-22,1h,L25,25201.9375,2025-10-23 10:49:00-04:00,10,25195.0,25167.25,14.5,-75.5,False
2025-10-23,2025-10-22,1h,L50,25231.125,2025-10-23 12:15:00-04:00,12,25223.75,25234.0,23.25,-39.25,True
2025-10-23,2025-10-22,1h,L75,25260.3125,2025-10-23 13:38:00-04:00,13,25262.75,25264.0,25.5,-17.25,False
2025-10-23,2025-10-22,1h,L100,25289.5,2025-10-23 14:30:00-04:00,14,25276.5,25269.0,11.75,-22.25,True
2025-10-23,2025-10-22,5m,L0,25235.75,2025-10-23 12:43:00-04:00,12,25222.5,25261.25,52.0,-33.0,True
2025-10-23,2025-10-22,5m,L25,25242.1875,2025-10-23 12:54:00-04:00,12,25236.75,25280.25,44.25,-47.25,True
2025-10-23,2025-10-22,5m,L50,25248.625,2025-10-23 13:01:00-04:00,13,25245.0,25266.5,38.5,-55.5,True
2025-10-23,2025-10-22,5m,L75,25255.0625,2025-10-23 13:36:00-04:00,13,25251.5,25265.75,36.75,-15.5,False
2025-10-23,2025-10-22,5m,L100,25261.5,2025-10-23 13:38:00-04:00,13,25262.75,25264.0,25.5,-17.25,False
2025-10-29,2025-10-28,1h,L50,26051.375,2025-10-29 14:41:00-04:00,14,26070.25,26192.25,171.75,-22.75,True
2025-10-29,2025-10-28,1h,L75,26072.6875,2025-10-29 14:39:00-04:00,14,26081.75,26210.5,160.25,-34.25,False
2025-10-29,2025-10-28,1h,L100,26094.0,2025-10-29 14:39:00-04:00,14,26081.75,26210.5,160.25,-34.25,False
2025-10-29,2025-10-28,5m,L25,26047.9375,2025-10-29 14:41:00-04:00,14,26070.25,26192.25,171.75,-22.75,True
2025-10-29,2025-10-28,5m,L50,26058.875,2025-10-29 14:40:00-04:00,14,26086.75,26199.0,155.25,-39.25,True
2025-10-29,2025-10-28,5m,L75,26069.8125,2025-10-29 14:40:00-04:00,14,26086.75,26199.0,155.25,-39.25,False
2025-10-29,2025-10-28,5m,L100,26080.75,2025-10-29 14:39:00-04:00,14,26081.75,26210.5,160.25,-34.25,False
2025-10-30,2025-10-28,1h,L0,26008.75,2025-10-30 10:24:00-04:00,10,26027.25,26066.5,71.25,-48.5,True
2025-10-30,2025-10-28,1h,L25,26030.0625,2025-10-30 10:23:00-04:00,10,26022.25,26062.75,76.25,-43.5,True
2025-10-30,2025-10-28,1h,L50,26051.375,2025-10-30 10:17:00-04:00,10,26047.5,26052.75,51.0,-68.75,True
2025-10-30,2025-10-28,1h,L75,26072.6875,2025-10-30 10:10:00-04:00,10,26073.0,26072.25,45.5,-94.25,False
2025-10-30,2025-10-28,1h,L100,26094.0,2025-10-30 10:04:00-04:00,10,26099.5,26049.25,57.5,-120.75,True
2025-10-30,2025-10-28,5m,L0,26037.0,2025-10-30 10:17:00-04:00,10,26047.5,26052.75,51.0,-68.75,True
2025-10-30,2025-10-28,5m,L25,26047.9375,2025-10-30 10:17:00-04:00,10,26047.5,26052.75,51.0,-68.75,True
2025-10-30,2025-10-28,5m,L50,26058.875,2025-10-30 10:13:00-04:00,10,26084.0,26065.0,34.5,-105.25,True
2025-10-30,2025-10-28,5m,L75,26069.8125,2025-10-30 10:10:00-04:00,10,26073.0,26072.25,45.5,-94.25,False
2025-10-30,2025-10-28,5m,L100,26080.75,2025-10-30 10:09:00-04:00,10,26092.5,26057.75,26.0,-113.75,True
2025-10-31,2025-10-28,1h,L0,26008.75,2025-10-31 12:03:00-04:00,12,26023.75,25936.5,30.0,-92.25,False
2025-10-31,2025-10-28,1h,L25,26030.0625,2025-10-31 12:00:00-04:00,12,26021.75,25942.75,32.0,-90.25,False
2025-10-31,2025-10-28,1h,L50,26051.375,2025-10-31 11:56:00-04:00,11,26072.0,25953.25,0.5,-124.75,True
2025-10-31,2025-10-28,1h,L75,26072.6875,2025-10-31 10:04:00-04:00,10,26064.75,26162.0,116.75,-7.75,False
2025-10-31,2025-10-28,1h,L100,26094.0,2025-10-31 10:00:00-04:00,10,26089.5,26161.25,92.0,-32.5,False
2025-10-31,2025-10-28,5m,L0,26037.0,2025-10-31 12:00:00-04:00,12,26021.75,25942.75,32.0,-90.25,False
2025-10-31,2025-10-28,5m,L25,26047.9375,2025-10-31 11:56:00-04:00,11,26072.0,25953.25,0.5,-124.75,False
2025-10-31,2025-10-28,5m,L50,26058.875,2025-10-31 10:04:00-04:00,10,26064.75,26162.0,116.75,-7.75,True
2025-10-31,2025-10-28,5m,L75,26069.8125,2025-10-31 10:04:00-04:00,10,26064.75,26162.0,116.75,-7.75,False
2025-10-31,2025-10-28,5m,L100,26080.75,2025-10-31 10:00:00-04:00,10,26089.5,26161.25,92.0,-32.5,False
2025-10-31,2025-10-30,1h,L0,25941.5,2025-10-31 12:58:00-04:00,12,25936.5,25943.5,44.25,-48.75,True
2025-10-31,2025-10-30,1h,L25,25992.9375,2025-10-31 12:11:00-04:00,12,25992.5,25916.5,44.25,-87.5,False
2025-10-31,2025-10-30,1h,L50,26044.375,2025-10-31 12:00:00-04:00,12,26021.75,25942.75,32.0,-90.25,True
2025-10-31,2025-10-30,1h,L75,26095.8125,2025-10-31 10:00:00-04:00,10,26089.5,26161.25,92.0,-32.5,False
2025-10-31,2025-10-30,1h,L100,26147.25,2025-10-31 10:36:00-04:00,10,26138.5,26128.75,44.5,-12.0,True
2025-10-31,2025-10-30,5m,L0,25963.75,2025-10-31 12:19:00-04:00,12,25962.75,25900.75,74.0,-68.75,False
2025-10-31,2025-10-30,5m,L25,25992.3125,2025-10-31 12:11:00-04:00,12,25992.5,25916.5,44.25,-87.5,False
2025-10-31,2025-10-30,5m,L50,26020.875,2025-10-31 12:00:00-04:00,12,26021.75,25942.75,32.0,-90.25,True
2025-10-31,2025-10-30,5m,L75,26049.4375,2025-10-31 11:56:00-04:00,11,26072.0,25953.25,0.5,-124.75,True
2025-10-31,2025-10-30,5m,L100,26078.0,2025-10-31 10:04:00-04:00,10,26064.75,26162.0,116.75,-7.75,False
2025-11-03,2025-10-28,1h,L0,26008.75,2025-11-03 10:36:00-05:00,10,26032.75,26075.0,79.75,-20.0,True
2025-11-03,2025-10-28,1h,L25,26030.0625,2025-11-03 10:28:00-05:00,10,26036.5,26062.25,76.0,-23.75,True
2025-11-03,2025-10-28,1h,L50,26051.375,2025-11-03 10:26:00-05:00,10,26043.25,26058.5,69.25,-30.5,True
2025-11-03,2025-10-28,1h,L75,26072.6875,2025-11-03 10:25:00-05:00,10,26070.0,26073.25,42.5,-57.25,False
2025-11-03,2025-10-28,1h,L100,26094.0,2025-11-03 10:05:00-05:00,10,26095.0,26076.5,60.0,-82.25,True
2025-11-03,2025-10-28,5m,L0,26037.0,2025-11-03 10:26:00-05:00,10,26043.25,26058.5,69.25,-30.5,True
2025-11-03,2025-10-28,5m,L25,26047.9375,2025-11-03 10:26:00-05:00,10,26043.25,26058.5,69.25,-30.5,True
2025-11-03,2025-10-28,5m,L50,26058.875,2025-11-03 10:26:00-05:00,10,26043.25,26058.5,69.25,-30.5,True
2025-11-03,2025-10-28,5m,L75,26069.8125,2025-11-03 10:25:00-05:00,10,26070.0,26073.25,42.5,-57.25,False
2025-11-03,2025-10-28,5m,L100,26080.75,2025-11-03 10:16:00-05:00,10,26085.75,26066.0,28.25,-73.0,True
2025-11-03,2025-10-30,1h,L50,26044.375,2025-11-03 10:26:00-05:00,10,26043.25,26058.5,69.25,-30.5,True
2025-11-03,2025-10-30,1h,L75,26095.8125,2025-11-03 10:05:00-05:00,10,26095.0,26076.5,60.0,-82.25,True
2025-11-03,2025-10-30,1h,L100,26147.25,2025-11-03 10:00:00-05:00,10,26115.0,26075.75,40.0,-102.25,True
2025-11-03,2025-10-30,5m,L50,26020.875,2025-11-03 10:30:00-05:00,10,26026.75,26056.5,85.75,-14.0,True
2025-11-03,2025-10-30,5m,L75,26049.4375,2025-11-03 10:26:00-05:00,10,26043.25,26058.5,69.25,-30.5,False
2025-11-03,2025-10-30,5m,L100,26078.0,2025-11-03 10:16:00-05:00,10,26085.75,26066.0,28.25,-73.0,True
2025-11-03,2025-10-31,1h,L0,26080.25,2025-11-03 10:16:00-05:00,10,26085.75,26066.0,28.25,-73.0,False
2025-11-03,2025-10-31,1h,L25,26114.4375,2025-11-03 10:00:00-05:00,10,26115.0,26075.75,40.0,-102.25,False
2025-11-03,2025-10-31,1h,L50,26148.625,2025-11-03 10:00:00-05:00,10,26115.0,26075.75,40.0,-102.25,True
2025-11-03,2025-10-31,5m,L0,26088.0,2025-11-03 10:05:00-05:00,10,26095.0,26076.5,60.0,-82.25,False
2025-11-03,2025-10-31,5m,L25,26099.375,2025-11-03 10:01:00-05:00,10,26110.5,26076.75,44.5,-97.75,False
2025-11-03,2025-10-31,5m,L50,26110.75,2025-11-03 10:00:00-05:00,10,26115.0,26075.75,40.0,-102.25,True
2025-11-03,2025-10-31,5m,L75,26122.125,2025-11-03 10:00:00-05:00,10,26115.0,26075.75,40.0,-102.25,True
2025-11-03,2025-10-31,5m,L100,26133.5,2025-11-03 10:00:00-05:00,10,26115.0,26075.75,40.0,-102.25,True
2025-11-05,2025-11-04,1h,L0,25663.0,2025-11-05 10:00:00-05:00,10,25683.0,25709.25,53.5,-64.5,True
2025-11-05,2025-11-04,1h,L25,25717.5,2025-11-05 10:06:00-05:00,10,25704.25,25706.75,32.25,-85.75,False
2025-11-05,2025-11-04,1h,L50,25772.0,2025-11-05 11:44:00-05:00,11,25765.75,25825.75,60.0,-25.75,True
2025-11-05,2025-11-04,1h,L75,25826.5,2025-11-05 12:38:00-05:00,12,25819.25,25856.75,40.0,-18.0,False
2025-11-05,2025-11-04,1h,L100,25881.0,2025-11-05 14:55:00-05:00,14,25868.0,25775.75,10.5,-95.0,True
2025-11-05,2025-11-04,5m,L0,25735.0,2025-11-05 10:41:00-05:00,10,25706.5,25737.25,43.0,-48.25,True
2025-11-05,2025-11-04,5m,L25,25747.5,2025-11-05 11:29:00-05:00,11,25742.5,25788.5,53.75,-16.0,True
2025-11-05,2025-11-04,5m,L50,25760.0,2025-11-05 11:43:00-05:00,11,25760.25,25818.5,62.75,-20.25,True
2025-11-05,2025-11-04,5m,L75,25772.5,2025-11-05 11:44:00-05:00,11,25765.75,25825.75,60.0,-25.75,False
2025-11-05,2025-11-04,5m,L100,25785.0,2025-11-05 11:48:00-05:00,11,25776.5,25819.25,51.75,-36.5,False
2025-11-06,2025-11-05,1h,L0,25487.75,2025-11-06 10:00:00-05:00,10,25485.5,25322.5,58.5,-195.0,False
2025-11-06,2025-11-05,1h,L25,25538.5,2025-11-06 10:22:00-05:00,10,25529.0,25293.5,15.0,-245.0,False
2025-11-06,2025-11-05,5m,L0,25522.0,2025-11-06 10:20:00-05:00,10,25509.5,25335.25,34.5,-219.0,False
2025-11-06,2025-11-05,5m,L25,25546.5625,2025-11-06 10:24:00-05:00,10,25529.0,25297.25,15.0,-245.0,False
2025-11-10,2025-11-04,1h,L0,25663.0,2025-11-10 10:10:00-05:00,10,25653.75,25523.5,12.75,-182.25,False
2025-11-10,2025-11-04,1h,L25,25717.5,2025-11-10 14:53:00-05:00,14,25713.5,25750.0,45.75,-17.0,True
2025-11-10,2025-11-04,5m,L0,25735.0,2025-11-10 15:37:00-05:00,15,25730.5,25713.0,29.5,-21.5,False
2025-11-10,2025-11-04,5m,L25,25747.5,2025-11-10 15:46:00-05:00,15,25743.5,25713.0,16.5,-34.5,False
2025-11-10,2025-11-04,5m,L50,25760.0,2025-11-10 15:49:00-05:00,15,25755.25,25713.0,4.75,-46.25,True
2025-11-10,2025-11-05,1h,L0,25487.75,2025-11-10 11:00:00-05:00,11,25501.5,25530.0,36.0,-49.25,True
2025-11-10,2025-11-05,1h,L25,25538.5,2025-11-10 10:52:00-05:00,10,25545.5,25469.5,14.75,-93.25,False
2025-11-10,2025-11-05,1h,L50,25589.25,2025-11-10 10:50:00-05:00,10,25578.0,25480.25,28.0,-125.75,True
2025-11-10,2025-11-05,1h,L75,25640.0,2025-11-10 10:00:00-05:00,10,25634.5,25501.5,32.0,-142.0,True
2025-11-10,2025-11-05,1h,L100,25690.75,2025-11-10 14:26:00-05:00,14,25686.25,25720.5,42.0,-9.5,False
2025-11-10,2025-11-05,5m,L0,25522.0,2025-11-10 10:59:00-05:00,10,25523.5,25521.25,15.75,-71.25,False
2025-11-10,2025-11-05,5m,L25,25546.5625,2025-11-10 10:51:00-05:00,10,25551.75,25470.5,29.0,-99.5,False
2025-11-10,2025-11-05,5m,L50,25571.125,2025-11-10 10:50:00-05:00,10,25578.0,25480.25,28.0,-125.75,True
2025-11-10,2025-11-05,5m,L75,25595.6875,2025-11-10 10:49:00-05:00,10,25605.0,25486.0,3.0,-152.75,True
2025-11-10,2025-11-05,5m,L100,25620.25,2025-11-10 10:00:00-05:00,10,25634.5,25501.5,32.0,-142.0,True
2025-11-10,2025-11-06,1h,L0,25509.5,2025-11-10 11:00:00-05:00,11,25501.5,25530.0,36.0,-49.25,True
2025-11-10,2025-11-06,1h,L25,25575.6875,2025-11-10 10:50:00-05:00,10,25578.0,25480.25,28.0,-125.75,False
2025-11-10,2025-11-06,1h,L50,25641.875,2025-11-10 10:00:00-05:00,10,25634.5,25501.5,32.0,-142.0,True
2025-11-10,2025-11-06,1h,L75,25708.0625,2025-11-10 14:47:00-05:00,14,25702.75,25743.75,44.75,-8.0,False
2025-11-10,2025-11-06,5m,L0,25602.5,2025-11-10 10:48:00-05:00,10,25605.5,25483.75,13.75,-153.25,False
2025-11-10,2025-11-06,5m,L25,25620.125,2025-11-10 10:00:00-05:00,10,25634.5,25501.5,32.0,-142.0,False
2025-11-10,2025-11-06,5m,L50,25637.75,2025-11-10 10:00:00-05:00,10,25634.5,25501.5,32.0,-142.0,True
2025-11-10,2025-11-06,5m,L75,25655.375,2025-11-10 10:06:00-05:00,10,25646.25,25491.75,20.25,-174.75,True
2025-11-10,2025-11-06,5m,L100,25673.0,2025-11-10 13:36:00-05:00,13,25670.25,25682.0,26.75,-27.75,False
2025-11-11,2025-11-04,1h,L0,25663.0,2025-11-11 13:20:00-05:00,13,25667.75,25662.0,28.0,-60.5,False
2025-11-11,2025-11-05,1h,L0,25487.75,2025-11-11 10:52:00-05:00,10,25496.25,25520.5,95.25,-17.75,True
2025-11-11,2025-11-05,1h,L25,25538.5,2025-11-11 10:06:00-05:00,10,25547.5,25519.75,50.25,-61.5,False
2025-11-11,2025-11-05,1h,L50,25589.25,2025-11-11 10:04:00-05:00,10,25597.0,25518.0,14.25,-111.0,True
2025-11-11,2025-11-05,1h,L75,25640.0,2025-11-11 13:01:00-05:00,13,25638.0,25663.5,57.75,-30.75,False
2025-11-11,2025-11-05,1h,L100,25690.75,2025-11-11 13:57:00-05:00,13,25687.75,25671.25,8.0,-45.5,True
2025-11-11,2025-11-05,5m,L0,25522.0,2025-11-11 10:33:00-05:00,10,25516.0,25519.0,75.5,-37.5,False
2025-11-11,2025-11-05,5m,L25,25546.5625,2025-11-11 10:06:00-05:00,10,25547.5,25519.75,50.25,-61.5,False
2025-11-11,2025-11-05,5m,L50,25571.125,2025-11-11 10:05:00-05:00,10,25584.75,25525.75,21.5,-98.75,True
2025-11-11,2025-11-05,5m,L75,25595.6875,2025-11-11 10:04:00-05:00,10,25597.0,25518.0,14.25,-111.0,True
2025-11-11,2025-11-05,5m,L100,25620.25,2025-11-11 10:00:00-05:00,10,25613.25,25521.75,15.25,-127.25,True
2025-11-11,2025-11-06,1h,L0,25509.5,2025-11-11 10:33:00-05:00,10,25516.0,25519.0,75.5,-37.5,False
2025-11-11,2025-11-06,1h,L25,25575.6875,2025-11-11 10:05:00-05:00,10,25584.75,25525.75,21.5,-98.75,False
2025-11-11,2025-11-06,1h,L50,25641.875,2025-11-11 13:01:00-05:00,13,25638.0,25663.5,57.75,-30.75,True
2025-11-11,2025-11-06,5m,L0,25602.5,2025-11-11 10:01:00-05:00,10,25626.5,25528.25,2.0,-140.5,False
2025-11-11,2025-11-06,5m,L25,25620.125,2025-11-11 10:00:00-05:00,10,25613.25,25521.75,15.25,-127.25,False
2025-11-11,2025-11-06,5m,L50,25637.75,2025-11-11 13:01:00-05:00,13,25638.0,25663.5,57.75,-30.75,True
2025-11-11,2025-11-06,5m,L75,25655.375,2025-11-11 13:19:00-05:00,13,25657.5,25657.75,38.25,-50.25,False
2025-11-11,2025-11-06,5m,L100,25673.0,2025-11-11 13:20:00-05:00,13,25667.75,25662.0,28.0,-60.5,True
2025-11-11,2025-11-10,1h,L0,25521.5,2025-11-11 10:33:00-05:00,10,25516.0,25519.0,75.5,-37.5,False
2025-11-11,2025-11-10,1h,L25,25555.5625,2025-11-11 10:06:00-05:00,10,25547.5,25519.75,50.25,-61.5,False
2025-11-11,2025-11-10,1h,L50,25589.625,2025-11-11 10:04:00-05:00,10,25597.0,25518.0,14.25,-111.0,True
2025-11-11,2025-11-10,1h,L75,25623.6875,2025-11-11 10:00:00-05:00,10,25613.25,25521.75,15.25,-127.25,True
2025-11-11,2025-11-10,1h,L100,25657.75,2025-11-11 13:19:00-05:00,13,25657.5,25657.75,38.25,-50.25,False
2025-11-11,2025-11-10,5m,L0,25611.0,2025-11-11 10:00:00-05:00,10,25613.25,25521.75,15.25,-127.25,False
2025-11-11,2025-11-10,5m,L25,25620.125,2025-11-11 10:00:00-05:00,10,25613.25,25521.75,15.25,-127.25,False
2025-11-11,2025-11-10,5m,L50,25629.25,2025-11-11 10:00:00-05:00,10,25613.25,25521.75,15.25,-127.25,True
2025-11-11,2025-11-10,5m,L75,25638.375,2025-11-11 13:01:00-05:00,13,25638.0,25663.5,57.75,-30.75,False
2025-11-11,2025-11-10,5m,L100,25647.5,2025-11-11 13:07:00-05:00,13,25634.75,25656.5,61.0,-27.5,False
2025-11-12,2025-11-05,1h,L0,25487.75,2025-11-12 11:49:00-05:00,11,25508.5,25572.75,119.75,-19.75,True
2025-11-12,2025-11-05,1h,L25,25538.5,2025-11-12 10:36:00-05:00,10,25536.0,25588.75,76.0,-39.0,True
2025-11-12,2025-11-05,1h,L50,25589.25,2025-11-12 10:00:00-05:00,10,25614.0,25552.0,45.75,-82.5,True
2025-11-12,2025-11-05,1h,L75,25640.0,2025-11-12 10:04:00-05:00,10,25624.75,25542.0,35.0,-93.25,True
2025-11-12,2025-11-05,5m,L0,25522.0,2025-11-12 11:10:00-05:00,11,25510.25,25531.0,97.25,-21.5,True
2025-11-12,2025-11-05,5m,L25,25546.5625,2025-11-12 10:36:00-05:00,10,25536.0,25588.75,76.0,-39.0,True
2025-11-12,2025-11-05,5m,L50,25571.125,2025-11-12 10:20:00-05:00,10,25596.25,25538.5,32.0,-99.25,True
2025-11-12,2025-11-05,5m,L75,25595.6875,2025-11-12 10:00:00-05:00,10,25614.0,25552.0,45.75,-82.5,True
2025-11-12,2025-11-05,5m,L100,25620.25,2025-11-12 10:00:00-05:00,10,25614.0,25552.0,45.75,-82.5,True
2025-11-12,2025-11-06,1h,L0,25509.5,2025-11-12 11:10:00-05:00,11,25510.25,25531.0,97.25,-21.5,True
2025-11-12,2025-11-06,1h,L25,25575.6875,2025-11-12 10:20:00-05:00,10,25596.25,25538.5,32.0,-99.25,False
2025-11-12,2025-11-06,1h,L50,25641.875,2025-11-12 10:06:00-05:00,10,25636.25,25553.75,23.5,-104.75,True
2025-11-12,2025-11-06,5m,L0,25602.5,2025-11-12 10:00:00-05:00,10,25614.0,25552.0,45.75,-82.5,False
2025-11-12,2025-11-06,5m,L25,25620.125,2025-11-12 10:00:00-05:00,10,25614.0,25552.0,45.75,-82.5,False
2025-11-12,2025-11-06,5m,L50,25637.75,2025-11-12 10:01:00-05:00,10,25623.25,25546.75,36.5,-91.75,True
2025-11-12,2025-11-06,5m,L75,25655.375,2025-11-12 10:09:00-05:00,10,25653.0,25539.5,6.75,-121.5,True
2025-11-12,2025-11-10,1h,L0,25521.5,2025-11-12 11:10:00-05:00,11,25510.25,25531.0,97.25,-21.5,True
2025-11-12,2025-11-10,1h,L25,25555.5625,2025-11-12 10:36:00-05:00,10,25536.0,25588.75,76.0,-39.0,True
2025-11-12,2025-11-10,1h,L50,25589.625,2025-11-12 10:00:00-05:00,10,25614.0,25552.0,45.75,-82.5,True
2025-11-12,2025-11-10,1h,L75,25623.6875,2025-11-12 10:01:00-05:00,10,25623.25,25546.75,36.5,-91.75,True
2025-11-12,2025-11-10,1h,L100,25657.75,2025-11-12 10:09:00-05:00,10,25653.0,25539.5,6.75,-121.5,True
2025-11-12,2025-11-10,5m,L0,25611.0,2025-11-12 10:00:00-05:00,10,25614.0,25552.0,45.75,-82.5,False
2025-11-12,2025-11-10,5m,L25,25620.125,2025-11-12 10:00:00-05:00,10,25614.0,25552.0,45.75,-82.5,False
2025-11-12,2025-11-10,5m,L50,25629.25,2025-11-12 10:01:00-05:00,10,25623.25,25546.75,36.5,-91.75,True
2025-11-12,2025-11-10,5m,L75,25638.375,2025-11-12 10:01:00-05:00,10,25623.25,25546.75,36.5,-91.75,True
2025-11-12,2025-11-10,5m,L100,25647.5,2025-11-12 10:08:00-05:00,10,25639.5,25550.25,20.25,-108.0,True
2025-11-12,2025-11-11,1h,L0,25560.5,2025-11-12 10:36:00-05:00,10,25536.0,25588.75,76.0,-39.0,True
2025-11-12,2025-11-11,1h,L25,25581.875,2025-11-12 10:00:00-05:00,10,25614.0,25552.0,45.75,-82.5,False
2025-11-12,2025-11-11,1h,L50,25603.25,2025-11-12 10:00:00-05:00,10,25614.0,25552.0,45.75,-82.5,True
2025-11-12,2025-11-11,1h,L75,25624.625,2025-11-12 10:01:00-05:00,10,25623.25,25546.75,36.5,-91.75,True
2025-11-12,2025-11-11,1h,L100,25646.0,2025-11-12 10:08:00-05:00,10,25639.5,25550.25,20.25,-108.0,True
2025-11-12,2025-11-11,5m,L0,25577.5,2025-11-12 10:00:00-05:00,10,25614.0,25552.0,45.75,-82.5,False
2025-11-12,2025-11-11,5m,L25,25589.375,2025-11-12 10:00:00-05:00,10,25614.0,25552.0,45.75,-82.5,False
2025-11-12,2025-11-11,5m,L50,25601.25,2025-11-12 10:00:00-05:00,10,25614.0,25552.0,45.75,-82.5,True
2025-11-12,2025-11-11,5m,L75,25613.125,2025-11-12 10:00:00-05:00,10,25614.0,25552.0,45.75,-82.5,True
2025-11-12,2025-11-11,5m,L100,25625.0,2025-11-12 10:01:00-05:00,10,25623.25,25546.75,36.5,-91.75,True
2025-11-13,2025-11-07,1h,L50,25020.875,2025-11-13 13:37:00-05:00,13,25027.75,25119.5,104.75,-15.25,True
2025-11-13,2025-11-07,1h,L75,25072.5625,2025-11-13 13:25:00-05:00,13,25072.5,25111.25,40.75,-60.0,False
2025-11-13,2025-11-07,1h,L100,25124.25,2025-11-13 12:57:00-05:00,12,25133.25,25050.5,31.5,-120.75,True
2025-11-13,2025-11-07,5m,L100,24998.0,2025-11-13 14:55:00-05:00,14,25021.75,25080.0,123.0,-19.75,False
2025-11-14,2025-11-07,1h,L0,24917.5,2025-11-14 10:00:00-05:00,10,24930.75,25142.25,247.75,-68.25,True
2025-11-14,2025-11-07,1h,L25,24969.1875,2025-11-14 10:06:00-05:00,10,24983.5,25094.5,195.0,-121.0,True
2025-11-14,2025-11-07,1h,L50,25020.875,2025-11-14 10:28:00-05:00,10,25024.0,25258.25,244.0,-47.0,True
2025-11-14,2025-11-07,1h,L75,25072.5625,2025-11-14 10:39:00-05:00,10,25075.25,25248.0,192.75,-23.0,False
2025-11-14,2025-11-07,1h,L100,25124.25,2025-11-14 10:45:00-05:00,10,25127.25,25196.5,140.75,-58.0,False
2025-11-14,2025-11-07,5m,L0,24932.25,2025-11-14 10:00:00-05:00,10,24930.75,25142.25,247.75,-68.25,True
2025-11-14,2025-11-07,5m,L25,24948.6875,2025-11-14 10:00:00-05:00,10,24930.75,25142.25,247.75,-68.25,True
2025-11-14,2025-11-07,5m,L50,24965.125,2025-11-14 10:00:00-05:00,10,24930.75,25142.25,247.75,-68.25,True
2025-11-14,2025-11-07,5m,L75,24981.5625,2025-11-14 10:06:00-05:00,10,24983.5,25094.5,195.0,-121.0,False
2025-11-14,2025-11-07,5m,L100,24998.0,2025-11-14 10:27:00-05:00,10,25012.25,25259.75,252.25,-56.25,False
2025-11-14,2025-11-13,1h,L0,25280.75,2025-11-14 12:10:00-05:00,12,25285.5,25167.5,8.0,-164.25,False
2025-11-14,2025-11-13,5m,L0,25280.75,2025-11-14 12:10:00-05:00,12,25285.5,25167.5,8.0,-164.25,False
2025-11-14,2025-11-13,5m,L25,25296.5,2025-11-14 12:11:00-05:00,12,25290.5,25166.0,3.0,-169.25,False
2025-11-17,2025-11-14,1h,L50,24798.25,2025-11-17 14:39:00-05:00,14,24791.75,24765.75,31.75,-59.75,True
2025-11-17,2025-11-14,1h,L75,24884.375,2025-11-17 13:58:00-05:00,13,24895.75,24780.0,19.5,-135.75,True
2025-11-17,2025-11-14,1h,L100,24970.5,2025-11-17 11:15:00-05:00,11,24962.25,25156.0,238.75,-18.75,False
2025-11-17,2025-11-14,5m,L0,24819.0,2025-11-17 14:34:00-05:00,14,24830.75,24771.25,16.75,-98.75,False
2025-11-17,2025-11-14,5m,L25,24843.375,2025-11-17 14:19:00-05:00,14,24863.25,24769.5,22.25,-131.25,False
2025-11-17,2025-11-14,5m,L50,24867.75,2025-11-17 14:02:00-05:00,14,24881.75,24747.75,29.75,-140.75,True
2025-11-17,2025-11-14,5m,L75,24892.125,2025-11-17 13:58:00-05:00,13,24895.75,24780.0,19.5,-135.75,True
2025-11-17,2025-11-14,5m,L100,24916.5,2025-11-17 13:56:00-05:00,13,24928.5,24772.5,14.0,-162.75,True
2025-11-18,2025-11-14,1h,L0,24626.0,2025-11-18 11:26:00-05:00,11,24628.0,24592.5,69.75,-54.75,False
2025-11-18,2025-11-14,1h,L25,24712.125,2025-11-18 12:42:00-05:00,12,24698.25,24769.5,104.75,-35.0,True
2025-11-18,2025-11-14,1h,L50,24798.25,2025-11-18 13:40:00-05:00,13,24798.25,24796.75,12.0,-113.25,False
2025-11-19,2025-11-14,1h,L0,24626.0,2025-11-19 12:04:00-05:00,12,24621.75,24660.0,43.0,-113.75,True
2025-11-19,2025-11-14,1h,L25,24712.125,2025-11-19 11:06:00-05:00,11,24725.5,24648.0,31.25,-125.25,False
2025-11-19,2025-11-14,1h,L50,24798.25,2025-11-19 10:55:00-05:00,10,24788.0,24676.75,32.5,-141.5,True
2025-11-19,2025-11-14,1h,L75,24884.375,2025-11-19 10:00:00-05:00,10,24897.5,24774.75,90.5,-150.25,True
2025-11-19,2025-11-14,1h,L100,24970.5,2025-11-19 10:15:00-05:00,10,24973.5,24732.25,14.5,-281.25,True
2025-11-19,2025-11-14,5m,L0,24819.0,2025-11-19 10:52:00-05:00,10,24825.5,24676.5,27.25,-179.0,False
2025-11-19,2025-11-14,5m,L25,24843.375,2025-11-19 10:50:00-05:00,10,24838.5,24661.0,25.5,-192.0,False
2025-11-19,2025-11-14,5m,L50,24867.75,2025-11-19 10:48:00-05:00,10,24872.0,24661.0,12.75,-225.5,True
2025-11-19,2025-11-14,5m,L75,24892.125,2025-11-19 10:00:00-05:00,10,24897.5,24774.75,90.5,-150.25,True
2025-11-19,2025-11-14,5m,L100,24916.5,2025-11-19 10:02:00-05:00,10,24902.75,24782.0,85.25,-155.5,True
2025-11-19,2025-11-17,1h,L0,24955.25,2025-11-19 10:13:00-05:00,10,24948.0,24720.25,40.0,-255.75,False
2025-11-19,2025-11-18,1h,L0,24522.0,2025-11-19 12:37:00-05:00,12,24520.5,24677.5,170.25,-12.5,True
2025-11-19,2025-11-18,1h,L25,24599.5,2025-11-19 12:05:00-05:00,12,24617.0,24654.0,51.25,-109.0,True
2025-11-19,2025-11-18,1h,L50,24677.0,2025-11-19 11:24:00-05:00,11,24685.5,24620.0,40.0,-85.25,True
2025-11-19,2025-11-18,1h,L75,24754.5,2025-11-19 10:57:00-05:00,10,24758.0,24703.0,28.0,-111.5,True
2025-11-19,2025-11-18,1h,L100,24832.0,2025-11-19 10:51:00-05:00,10,24843.25,24669.25,13.75,-196.75,True
2025-11-19,2025-11-18,5m,L0,24615.5,2025-11-19 12:04:00-05:00,12,24621.75,24660.0,43.0,-113.75,True
2025-11-19,2025-11-18,5m,L25,24646.25,2025-11-19 11:41:00-05:00,11,24669.0,24572.75,52.25,-161.0,False
2025-11-19,2025-11-18,5m,L50,24677.0,2025-11-19 11:24:00-05:00,11,24685.5,24620.0,40.0,-85.25,True
2025-11-19,2025-11-18,5m,L75,24707.75,2025-11-19 11:10:00-05:00,11,24722.0,24627.5,34.75,-121.75,True
2025-11-19,2025-11-18,5m,L100,24738.5,2025-11-19 11:05:00-05:00,11,24742.5,24617.0,39.75,-142.25,True
2025-11-20,2025-11-13,1h,L0,25280.75,2025-11-20 10:00:00-05:00,10,25288.0,25129.5,22.0,-171.5,False
2025-11-20,2025-11-13,5m,L0,25280.75,2025-11-20 10:00:00-05:00,10,25288.0,25129.5,22.0,-171.5,False
2025-11-20,2025-11-13,5m,L25,25296.5,2025-11-20 10:00:00-05:00,10,25288.0,25129.5,22.0,-171.5,False
2025-11-20,2025-11-13,5m,L50,25312.25,2025-11-20 10:37:00-05:00,10,25307.5,24822.75,2.5,-497.0,True
2025-11-20,2025-11-14,1h,L0,24626.0,2025-11-20 11:54:00-05:00,11,24651.0,24337.75,85.5,-342.75,False
2025-11-20,2025-11-14,1h,L25,24712.125,2025-11-20 11:45:00-05:00,11,24754.5,24338.25,48.5,-446.25,False
2025-11-20,2025-11-14,1h,L50,24798.25,2025-11-20 11:38:00-05:00,11,24781.0,24422.0,49.75,-472.75,True
2025-11-20,2025-11-14,1h,L75,24884.375,2025-11-20 11:25:00-05:00,11,24935.25,24404.0,42.0,-581.75,True
2025-11-20,2025-11-14,1h,L100,24970.5,2025-11-20 11:16:00-05:00,11,24967.5,24404.25,23.5,-581.5,True
2025-11-20,2025-11-14,5m,L0,24819.0,2025-11-20 11:37:00-05:00,11,24822.75,24360.25,27.5,-514.5,False
2025-11-20,2025-11-14,5m,L25,24843.375,2025-11-20 11:35:00-05:00,11,24844.25,24335.0,33.25,-514.25,False
2025-11-20,2025-11-14,5m,L50,24867.75,2025-11-20 11:31:00-05:00,11,24872.25,24426.5,56.0,-518.75,True
2025-11-20,2025-11-14,5m,L75,24892.125,2025-11-20 11:22:00-05:00,11,24907.5,24437.5,69.75,-554.0,True
2025-11-20,2025-11-14,5m,L100,24916.5,2025-11-20 11:19:00-05:00,11,24939.75,24426.75,37.5,-553.75,True
2025-11-20,2025-11-17,1h,L0,24955.25,2025-11-20 11:16:00-05:00,11,24967.5,24404.25,23.5,-581.5,False
2025-11-20,2025-11-17,1h,L25,25030.125,2025-11-20 11:12:00-05:00,11,25017.25,24466.25,46.75,-586.75,False
2025-11-20,2025-11-17,1h,L50,25105.0,2025-11-20 11:04:00-05:00,11,25098.75,24597.5,21.75,-587.0,True
2025-11-20,2025-11-17,1h,L75,25179.875,2025-11-20 10:08:00-05:00,10,25192.25,25075.25,117.75,-125.25,True
2025-11-20,2025-11-17,1h,L100,25254.75,2025-11-20 10:03:00-05:00,10,25272.75,25120.25,37.25,-162.0,True
2025-11-20,2025-11-17,5m,L0,25151.25,2025-11-20 10:16:00-05:00,10,25168.25,24967.5,141.75,-215.75,False
2025-11-20,2025-11-17,5m,L25,25170.4375,2025-11-20 10:14:00-05:00,10,25183.75,25010.5,126.25,-178.5,False
2025-11-20,2025-11-17,5m,L50,25189.625,2025-11-20 10:07:00-05:00,10,25209.75,25082.0,100.25,-142.75,True
2025-11-20,2025-11-17,5m,L75,25208.8125,2025-11-20 10:06:00-05:00,10,25216.25,25104.25,93.75,-149.25,True
2025-11-20,2025-11-17,5m,L100,25228.0,2025-11-20 10:05:00-05:00,10,25240.25,25092.75,69.75,-173.25,True
2025-11-20,2025-11-18,1h,L0,24522.0,2025-11-20 11:59:00-05:00,11,24553.75,24395.0,88.75,-245.5,False
2025-11-20,2025-11-18,1h,L25,24599.5,2025-11-20 11:56:00-05:00,11,24604.75,24378.0,37.75,-296.5,False
2025-11-20,2025-11-18,1h,L50,24677.0,2025-11-20 11:54:00-05:00,11,24651.0,24337.75,85.5,-342.75,True
2025-11-20,2025-11-18,1h,L75,24754.5,2025-11-20 11:40:00-05:00,11,24765.0,24433.0,49.75,-456.75,True
2025-11-20,2025-11-18,1h,L100,24832.0,2025-11-20 11:35:00-05:00,11,24844.25,24335.0,33.25,-514.25,True
2025-11-20,2025-11-18,5m,L0,24615.5,2025-11-20 11:55:00-05:00,11,24609.75,24379.5,50.25,-301.5,False
2025-11-20,2025-11-18,5m,L25,24646.25,2025-11-20 11:54:00-05:00,11,24651.0,24337.75,85.5,-342.75,False
2025-11-20,2025-11-18,5m,L50,24677.0,2025-11-20 11:54:00-05:00,11,24651.0,24337.75,85.5,-342.75,True
2025-11-20,2025-11-18,5m,L75,24707.75,2025-11-20 11:45:00-05:00,11,24754.5,24338.25,48.5,-446.25,True
2025-11-20,2025-11-18,5m,L100,24738.5,2025-11-20 11:42:00-05:00,11,24742.0,24400.75,61.0,-433.75,True
2025-11-20,2025-11-19,1h,L0,24572.75,2025-11-20 11:57:00-05:00,11,24599.25,24359.5,43.25,-291.0,False
2025-11-20,2025-11-19,1h,L25,24654.9375,2025-11-20 11:54:00-05:00,11,24651.0,24337.75,85.5,-342.75,False
2025-11-20,2025-11-19,1h,L50,24737.125,2025-11-20 11:42:00-05:00,11,24742.0,24400.75,61.0,-433.75,True
2025-11-20,2025-11-19,1h,L75,24819.3125,2025-11-20 11:37:00-05:00,11,24822.75,24360.25,27.5,-514.5,True
2025-11-20,2025-11-19,1h,L100,24901.5,2025-11-20 11:22:00-05:00,11,24907.5,24437.5,69.75,-554.0,True
2025-11-20,2025-11-19,5m,L0,24723.25,2025-11-20 11:45:00-05:00,11,24754.5,24338.25,48.5,-446.25,False
2025-11-20,2025-11-19,5m,L25,24737.3125,2025-11-20 11:42:00-05:00,11,24742.0,24400.75,61.0,-433.75,False
2025-11-20,2025-11-19,5m,L50,24751.375,2025-11-20 11:41:00-05:00,11,24761.75,24421.75,41.25,-453.5,True
2025-11-20,2025-11-19,5m,L75,24765.4375,2025-11-20 11:38:00-05:00,11,24781.0,24422.0,49.75,-472.75,True
2025-11-20,2025-11-19,5m,L100,24779.5,2025-11-20 11:38:00-05:00,11,24781.0,24422.0,49.75,-472.75,True
2025-11-21,2025-11-18,1h,L0,24522.0,2025-11-21 13:49:00-05:00,13,24510.75,24492.25,85.75,-61.5,False
2025-11-21,2025-11-18,1h,L25,24599.5,2025-11-21 14:22:00-05:00,14,24588.75,24478.0,7.75,-162.0,False
2025-11-21,2025-11-19,1h,L0,24572.75,2025-11-21 14:20:00-05:00,14,24583.5,24480.25,13.0,-156.75,False
2025-11-24,2025-11-17,1h,L0,24955.25,2025-11-24 13:13:00-05:00,13,24949.0,24945.75,11.5,-35.5,False
2025-11-24,2025-11-18,1h,L50,24677.0,2025-11-24 10:00:00-05:00,10,24702.5,24791.0,114.5,-38.5,True
2025-11-24,2025-11-18,1h,L75,24754.5,2025-11-24 10:05:00-05:00,10,24760.5,24831.25,77.25,-96.5,False
2025-11-24,2025-11-18,1h,L100,24832.0,2025-11-24 11:03:00-05:00,11,24824.75,24840.75,65.5,-6.0,False
2025-11-24,2025-11-18,5m,L50,24677.0,2025-11-24 10:00:00-05:00,10,24702.5,24791.0,114.5,-38.5,True
2025-11-24,2025-11-18,5m,L75,24707.75,2025-11-24 10:00:00-05:00,10,24702.5,24791.0,114.5,-38.5,False
2025-11-24,2025-11-18,5m,L100,24738.5,2025-11-24 10:02:00-05:00,10,24731.0,24818.75,88.5,-67.0,False
2025-11-24,2025-11-19,1h,L50,24737.125,2025-11-24 10:02:00-05:00,10,24731.0,24818.75,88.5,-67.0,True
2025-11-24,2025-11-19,1h,L75,24819.3125,2025-11-24 10:45:00-05:00,10,24813.5,24888.0,76.75,-52.0,False
2025-11-24,2025-11-19,1h,L100,24901.5,2025-11-24 12:33:00-05:00,12,24892.75,24934.25,61.5,-10.0,False
2025-11-24,2025-11-19,5m,L0,24723.25,2025-11-24 10:01:00-05:00,10,24713.5,24800.75,103.5,-49.5,True
2025-11-24,2025-11-19,5m,L25,24737.3125,2025-11-24 10:02:00-05:00,10,24731.0,24818.75,88.5,-67.0,True
2025-11-24,2025-11-19,5m,L50,24751.375,2025-11-24 10:03:00-05:00,10,24741.0,24824.75,90.0,-77.0,True
2025-11-24,2025-11-19,5m,L75,24765.4375,2025-11-24 10:05:00-05:00,10,24760.5,24831.25,77.25,-96.5,False
2025-11-24,2025-11-19,5m,L100,24779.5,2025-11-24 10:35:00-05:00,10,24773.0,24853.75,109.5,-26.5,False
2025-11-25,2025-11-18,1h,L50,24677.0,2025-11-25 10:03:00-05:00,10,24680.25,24795.25,193.25,-26.25,True
2025-11-25,2025-11-18,1h,L75,24754.5,2025-11-25 10:01:00-05:00,10,24779.5,24803.75,94.0,-125.5,False
2025-11-25,2025-11-18,1h,L100,24832.0,2025-11-25 10:32:00-05:00,10,24805.75,24866.0,77.25,-44.5,False
2025-11-25,2025-11-18,5m,L50,24677.0,2025-11-25 10:03:00-05:00,10,24680.25,24795.25,193.25,-26.25,True
2025-11-25,2025-11-18,5m,L75,24707.75,2025-11-25 10:02:00-05:00,10,24705.75,24796.25,167.75,-51.75,False
2025-11-25,2025-11-18,5m,L100,24738.5,2025-11-25 10:02:00-05:00,10,24705.75,24796.25,167.75,-51.75,False
2025-11-25,2025-11-19,1h,L25,24654.9375,2025-11-25 10:04:00-05:00,10,24688.0,24811.75,185.5,-34.0,True
2025-11-25,2025-11-19,1h,L50,24737.125,2025-11-25 10:02:00-05:00,10,24705.75,24796.25,167.75,-51.75,True
2025-11-25,2025-11-19,1h,L75,24819.3125,2025-11-25 10:00:00-05:00,10,24791.75,24813.0,81.75,-137.75,False
2025-11-25,2025-11-19,1h,L100,24901.5,2025-11-25 11:53:00-05:00,11,24900.5,25019.0,160.75,-10.75,False
2025-11-25,2025-11-19,5m,L0,24723.25,2025-11-25 10:02:00-05:00,10,24705.75,24796.25,167.75,-51.75,True
2025-11-25,2025-11-19,5m,L25,24737.3125,2025-11-25 10:02:00-05:00,10,24705.75,24796.25,167.75,-51.75,True
2025-11-25,2025-11-19,5m,L50,24751.375,2025-11-25 10:01:00-05:00,10,24779.5,24803.75,94.0,-125.5,True
2025-11-25,2025-11-19,5m,L75,24765.4375,2025-11-25 10:01:00-05:00,10,24779.5,24803.75,94.0,-125.5,False
2025-11-25,2025-11-19,5m,L100,24779.5,2025-11-25 10:00:00-05:00,10,24791.75,24813.0,81.75,-137.75,False
2025-11-25,2025-11-24,1h,L75,24665.375,2025-11-25 10:04:00-05:00,10,24688.0,24811.75,185.5,-34.0,False
2025-11-25,2025-11-24,1h,L100,24722.25,2025-11-25 10:02:00-05:00,10,24705.75,24796.25,167.75,-51.75,False
2025-11-25,2025-11-24,5m,L50,24650.75,2025-11-25 10:04:00-05:00,10,24688.0,24811.75,185.5,-34.0,True
2025-11-25,2025-11-24,5m,L75,24670.375,2025-11-25 10:03:00-05:00,10,24680.25,24795.25,193.25,-26.25,False
2025-11-25,2025-11-24,5m,L100,24690.0,2025-11-25 10:03:00-05:00,10,24680.25,24795.25,193.25,-26.25,False
2025-11-26,2025-11-20,1h,L0,25145.0,2025-11-26 10:00:00-05:00,10,25148.75,25275.0,129.75,-14.0,True
2025-11-26,2025-11-20,1h,L25,25182.125,2025-11-26 10:02:00-05:00,10,25180.25,25281.5,107.75,-38.0,True
2025-11-26,2025-11-20,1h,L50,25219.25,2025-11-26 10:08:00-05:00,10,25213.25,25305.0,92.75,-71.0,True
2025-11-26,2025-11-20,1h,L75,25256.375,2025-11-26 10:40:00-05:00,10,25243.25,25357.25,118.0,-50.5,False
2025-11-26,2025-11-20,1h,L100,25293.5,2025-11-26 11:04:00-05:00,11,25291.5,25337.5,84.0,-13.5,False
2025-11-26,2025-11-20,5m,L0,25170.0,2025-11-26 10:00:00-05:00,10,25148.75,25275.0,129.75,-14.0,True
2025-11-26,2025-11-20,5m,L25,25194.5,2025-11-26 10:02:00-05:00,10,25180.25,25281.5,107.75,-38.0,True
2025-11-26,2025-11-20,5m,L50,25219.0,2025-11-26 10:08:00-05:00,10,25213.25,25305.0,92.75,-71.0,True
2025-11-26,2025-11-20,5m,L75,25243.5,2025-11-26 10:35:00-05:00,10,25230.0,25342.25,113.0,-37.25,False
2025-11-26,2025-11-20,5m,L100,25268.0,2025-11-26 10:59:00-05:00,10,25268.0,25354.75,107.5,-9.5,False
2025-11-27,2025-11-20,1h,L100,25293.5,2025-11-27 10:00:00-05:00,10,25296.25,25301.25,11.5,-6.25,False
2025-11-27,2025-11-26,1h,L100,25281.5,2025-11-27 11:04:00-05:00,11,25288.75,25297.5,15.75,-3.0,False
2025-12-01,2025-11-26,1h,L100,25281.5,2025-12-01 10:34:00-05:00,10,25288.25,25395.75,131.5,-22.0,False
2025-12-01,2025-11-26,5m,L100,25265.0,2025-12-01 10:35:00-05:00,10,25294.5,25400.5,125.25,-28.25,False
2025-12-01,2025-11-27,1h,L0,25287.0,2025-12-01 10:34:00-05:00,10,25288.25,25395.75,131.5,-22.0,True
2025-12-01,2025-11-27,1h,L25,25294.75,2025-12-01 10:34:00-05:00,10,25288.25,25395.75,131.5,-22.0,True
2025-12-01,2025-11-27,1h,L50,25302.5,2025-12-01 10:31:00-05:00,10,25325.25,25397.5,94.5,-59.0,True
2025-12-01,2025-11-27,1h,L75,25310.25,2025-12-01 10:25:00-05:00,10,25325.75,25378.25,94.0,-59.5,False
2025-12-01,2025-11-27,1h,L100,25318.0,2025-12-01 10:25:00-05:00,10,25325.75,25378.25,94.0,-59.5,False
2025-12-01,2025-11-27,5m,L0,25295.0,2025-12-01 10:34:00-05:00,10,25288.25,25395.75,131.5,-22.0,True
2025-12-01,2025-11-27,5m,L25,25296.3125,2025-12-01 10:34:00-05:00,10,25288.25,25395.75,131.5,-22.0,True
2025-12-01,2025-11-27,5m,L50,25297.625,2025-12-01 10:34:00-05:00,10,25288.25,25395.75,131.5,-22.0,True
2025-12-01,2025-11-27,5m,L75,25298.9375,2025-12-01 10:34:00-05:00,10,25288.25,25395.75,131.5,-22.0,False
2025-12-01,2025-11-27,5m,L100,25300.25,2025-12-01 10:31:00-05:00,10,25325.25,25397.5,94.5,-59.0,False
2025-12-01,2025-11-28,1h,L0,25329.5,2025-12-01 10:05:00-05:00,10,25350.0,25398.25,69.75,-83.75,True
2025-12-01,2025-11-28,1h,L25,25352.5,2025-12-01 10:00:00-05:00,10,25371.0,25408.0,48.75,-104.75,True
2025-12-01,2025-11-28,1h,L50,25375.5,2025-12-01 10:00:00-05:00,10,25371.0,25408.0,48.75,-104.75,True
2025-12-01,2025-11-28,1h,L75,25398.5,2025-12-01 10:52:00-05:00,10,25406.0,25443.0,44.75,-83.5,False
2025-12-01,2025-11-28,1h,L100,25421.5,2025-12-01 10:57:00-05:00,10,25413.0,25434.0,37.75,-90.5,False
2025-12-01,2025-11-28,5m,L0,25341.75,2025-12-01 10:03:00-05:00,10,25343.0,25410.5,76.75,-76.75,True
2025-12-01,2025-11-28,5m,L25,25355.125,2025-12-01 10:00:00-05:00,10,25371.0,25408.0,48.75,-104.75,True
2025-12-01,2025-11-28,5m,L50,25368.5,2025-12-01 10:00:00-05:00,10,25371.0,25408.0,48.75,-104.75,True
2025-12-01,2025-11-28,5m,L75,25381.875,2025-12-01 10:00:00-05:00,10,25371.0,25408.0,48.75,-104.75,False
2025-12-01,2025-11-28,5m,L100,25395.25,2025-12-01 10:52:00-05:00,10,25406.0,25443.0,44.75,-83.5,False
2025-12-02,2025-11-28,1h,L100,25421.5,2025-12-02 11:31:00-05:00,11,25423.25,25616.0,194.25,-9.5,False
2025-12-03,2025-12-02,1h,L25,25506.6875,2025-12-03 10:00:00-05:00,10,25517.25,25570.75,88.0,-28.5,True
2025-12-03,2025-12-02,1h,L50,25542.125,2025-12-03 10:02:00-05:00,10,25552.0,25591.5,53.25,-54.0,True
2025-12-03,2025-12-02,1h,L75,25577.5625,2025-12-03 10:03:00-05:00,10,25566.0,25585.25,39.25,-68.0,False
2025-12-03,2025-12-02,1h,L100,25613.0,2025-12-03 11:33:00-05:00,11,25608.75,25614.25,23.25,-79.75,False
2025-12-03,2025-12-02,5m,L0,25566.5,2025-12-03 10:03:00-05:00,10,25566.0,25585.25,39.25,-68.0,True
2025-12-03,2025-12-02,5m,L25,25575.9375,2025-12-03 10:03:00-05:00,10,25566.0,25585.25,39.25,-68.0,True
2025-12-03,2025-12-02,5m,L50,25585.375,2025-12-03 10:35:00-05:00,10,25589.0,25608.25,25.75,-67.25,True
2025-12-03,2025-12-02,5m,L75,25594.8125,2025-12-03 10:35:00-05:00,10,25589.0,25608.25,25.75,-67.25,False
2025-12-03,2025-12-02,5m,L100,25604.25,2025-12-03 10:37:00-05:00,10,25592.0,25609.0,22.75,-70.25,False
2025-12-04,2025-12-02,1h,L25,25506.6875,2025-12-04 11:05:00-05:00,11,25515.0,25631.5,139.25,-9.75,True
2025-12-04,2025-12-02,1h,L50,25542.125,2025-12-04 10:13:00-05:00,10,25562.75,25550.75,76.25,-57.5,True
2025-12-04,2025-12-02,1h,L75,25577.5625,2025-12-04 10:00:00-05:00,10,25562.75,25568.75,76.25,-42.75,False
2025-12-04,2025-12-02,1h,L100,25613.0,2025-12-04 10:37:00-05:00,10,25623.75,25596.25,15.25,-118.5,True
2025-12-04,2025-12-02,5m,L0,25566.5,2025-12-04 10:00:00-05:00,10,25562.75,25568.75,76.25,-42.75,True
2025-12-04,2025-12-02,5m,L25,25575.9375,2025-12-04 10:00:00-05:00,10,25562.75,25568.75,76.25,-42.75,True
2025-12-04,2025-12-02,5m,L50,25585.375,2025-12-04 10:05:00-05:00,10,25571.5,25515.0,67.5,-60.75,True
2025-12-04,2025-12-02,5m,L75,25594.8125,2025-12-04 10:09:00-05:00,10,25575.5,25548.25,63.5,-70.25,True
2025-12-04,2025-12-02,5m,L100,25604.25,2025-12-04 10:31:00-05:00,10,25589.5,25587.75,49.5,-84.25,False
2025-12-04,2025-12-03,1h,L50,25536.875,2025-12-04 10:25:00-05:00,10,25526.75,25581.0,112.25,-21.5,True
2025-12-04,2025-12-03,1h,L75,25594.9375,2025-12-04 10:09:00-05:00,10,25575.5,25548.25,63.5,-70.25,True
2025-12-04,2025-12-03,1h,L100,25653.0,2025-12-04 11:59:00-05:00,11,25642.0,25617.5,12.25,-56.0,True
2025-12-04,2025-12-03,5m,L50,25483.25,2025-12-04 14:23:00-05:00,14,25501.5,25568.25,109.75,-14.5,True
2025-12-04,2025-12-03,5m,L75,25494.125,2025-12-04 14:21:00-05:00,14,25514.0,25574.0,97.25,-27.0,False
2025-12-04,2025-12-03,5m,L100,25505.0,2025-12-04 11:06:00-05:00,11,25528.25,25622.0,126.0,-23.0,False
2025-12-05,2025-12-03,1h,L100,25653.0,2025-12-05 11:32:00-05:00,11,25677.0,25688.75,84.5,-26.0,False
2025-12-05,2025-12-04,1h,L75,25684.375,2025-12-05 11:17:00-05:00,11,25707.5,25700.5,54.0,-56.5,True
2025-12-05,2025-12-04,1h,L100,25732.5,2025-12-05 10:56:00-05:00,10,25726.0,25746.75,41.0,-75.0,False
2025-12-08,2025-12-02,1h,L75,25577.5625,2025-12-08 13:58:00-05:00,13,25574.5,25587.5,48.0,-10.75,False
2025-12-08,2025-12-02,1h,L100,25613.0,2025-12-08 12:00:00-05:00,12,25620.25,25682.25,76.25,-26.5,False
2025-12-08,2025-12-02,5m,L0,25566.5,2025-12-08 13:58:00-05:00,13,25574.5,25587.5,48.0,-10.75,True
2025-12-08,2025-12-02,5m,L25,25575.9375,2025-12-08 13:58:00-05:00,13,25574.5,25587.5,48.0,-10.75,True
2025-12-08,2025-12-02,5m,L50,25585.375,2025-12-08 13:56:00-05:00,13,25593.0,25597.0,29.5,-29.25,False
2025-12-08,2025-12-02,5m,L75,25594.8125,2025-12-08 12:26:00-05:00,12,25604.0,25663.25,92.5,-10.25,False
2025-12-08,2025-12-02,5m,L100,25604.25,2025-12-08 12:02:00-05:00,12,25607.75,25672.0,88.75,-14.0,False
2025-12-08,2025-12-03,1h,L75,25594.9375,2025-12-08 12:26:00-05:00,12,25604.0,25663.25,92.5,-10.25,False
2025-12-08,2025-12-03,1h,L100,25653.0,2025-12-08 10:26:00-05:00,10,25668.5,25651.5,55.75,-46.25,True
2025-12-08,2025-12-04,1h,L25,25588.125,2025-12-08 13:56:00-05:00,13,25593.0,25597.0,29.5,-29.25,False
2025-12-08,2025-12-04,1h,L50,25636.25,2025-12-08 11:01:00-05:00,11,25633.75,25624.0,37.25,-17.75,True
2025-12-08,2025-12-04,1h,L75,25684.375,2025-12-08 10:25:00-05:00,10,25681.0,25653.75,43.25,-58.75,True
2025-12-08,2025-12-04,1h,L100,25732.5,2025-12-08 10:01:00-05:00,10,25753.25,25633.75,25.25,-120.25,True
2025-12-08,2025-12-04,5m,L0,25570.0,2025-12-08 13:58:00-05:00,13,25574.5,25587.5,48.0,-10.75,True
2025-12-08,2025-12-04,5m,L25,25579.75,2025-12-08 13:56:00-05:00,13,25593.0,25597.0,29.5,-29.25,False
2025-12-08,2025-12-04,5m,L50,25589.5,2025-12-08 12:26:00-05:00,12,25604.0,25663.25,92.5,-10.25,True
2025-12-08,2025-12-04,5m,L75,25599.25,2025-12-08 12:03:00-05:00,12,25620.5,25661.0,76.0,-26.75,False
2025-12-08,2025-12-04,5m,L100,25609.0,2025-12-08 12:02:00-05:00,12,25607.75,25672.0,88.75,-14.0,False
2025-12-08,2025-12-05,1h,L0,25611.25,2025-12-08 12:00:00-05:00,12,25620.25,25682.25,76.25,-26.5,True
2025-12-08,2025-12-05,1h,L25,25659.25,2025-12-08 10:26:00-05:00,10,25668.5,25651.5,55.75,-46.25,False
2025-12-08,2025-12-05,1h,L50,25707.25,2025-12-08 10:22:00-05:00,10,25718.75,25657.25,13.25,-96.5,True
2025-12-08,2025-12-05,1h,L75,25755.25,2025-12-08 10:00:00-05:00,10,25748.5,25659.75,30.0,-103.5,True
2025-12-08,2025-12-05,5m,L0,25707.0,2025-12-08 10:22:00-05:00,10,25718.75,25657.25,13.25,-96.5,False
2025-12-08,2025-12-05,5m,L25,25718.625,2025-12-08 10:15:00-05:00,10,25728.75,25634.75,20.0,-101.0,False
2025-12-08,2025-12-05,5m,L50,25730.25,2025-12-08 10:14:00-05:00,10,25741.5,25637.75,7.25,-113.75,True
2025-12-08,2025-12-05,5m,L75,25741.875,2025-12-08 10:00:00-05:00,10,25748.5,25659.75,30.0,-103.5,True
2025-12-08,2025-12-05,5m,L100,25753.5,2025-12-08 10:00:00-05:00,10,25748.5,25659.75,30.0,-103.5,True
2025-12-09,2025-12-02,1h,L100,25613.0,2025-12-09 10:00:00-05:00,10,25639.25,25689.0,52.25,-24.0,False
2025-12-09,2025-12-03,1h,L100,25653.0,2025-12-09 10:02:00-05:00,10,25667.0,25698.0,36.75,-51.75,False
2025-12-09,2025-12-04,1h,L50,25636.25,2025-12-09 10:00:00-05:00,10,25639.25,25689.0,52.25,-24.0,True
2025-12-09,2025-12-04,1h,L75,25684.375,2025-12-09 10:44:00-05:00,10,25679.75,25673.75,34.0,-44.25,True
2025-12-09,2025-12-04,1h,L100,25732.5,2025-12-09 12:03:00-05:00,12,25727.0,25724.0,6.0,-38.0,False
2025-12-09,2025-12-05,1h,L0,25611.25,2025-12-09 10:08:00-05:00,10,25621.0,25683.25,82.75,-5.75,True
2025-12-09,2025-12-05,1h,L25,25659.25,2025-12-09 10:02:00-05:00,10,25667.0,25698.0,36.75,-51.75,True
2025-12-09,2025-12-05,1h,L50,25707.25,2025-12-09 11:02:00-05:00,11,25698.0,25715.5,21.5,-31.0,True
2025-12-09,2025-12-05,5m,L0,25707.0,2025-12-09 11:02:00-05:00,11,25698.0,25715.5,21.5,-31.0,True
2025-12-09,2025-12-05,5m,L25,25718.625,2025-12-09 11:35:00-05:00,11,25708.75,25704.5,24.25,-41.75,False
2025-12-09,2025-12-05,5m,L50,25730.25,2025-12-09 12:03:00-05:00,12,25727.0,25724.0,6.0,-38.0,False
2025-12-09,2025-12-05,5m,L75,25741.875,2025-12-09 13:53:00-05:00,13,25732.5,25705.25,6.0,-49.75,True
2025-12-09,2025-12-08,1h,L0,25722.0,2025-12-09 12:02:00-05:00,12,25715.5,25720.25,17.5,-26.5,False
2025-12-09,2025-12-08,5m,L0,25722.0,2025-12-09 12:02:00-05:00,12,25715.5,25720.25,17.5,-26.5,False
2025-12-09,2025-12-08,5m,L25,25743.375,2025-12-09 13:53:00-05:00,13,25732.5,25705.25,6.0,-49.75,False
2025-12-10,2025-12-03,1h,L50,25536.875,2025-12-10 11:00:00-05:00,11,25554.0,25646.0,104.5,-25.75,True
2025-12-10,2025-12-03,1h,L75,25594.9375,2025-12-10 10:35:00-05:00,10,25602.5,25647.75,51.25,-74.25,False
2025-12-10,2025-12-03,1h,L100,25653.0,2025-12-10 10:06:00-05:00,10,25647.5,25552.25,9.25,-119.25,True
2025-12-10,2025-12-04,1h,L0,25540.0,2025-12-10 11:00:00-05:00,11,25554.0,25646.0,104.5,-25.75,True
2025-12-10,2025-12-04,1h,L25,25588.125,2025-12-10 10:36:00-05:00,10,25584.0,25641.25,69.75,-55.75,True
2025-12-10,2025-12-04,1h,L50,25636.25,2025-12-10 10:00:00-05:00,10,25611.75,25554.0,45.0,-78.0,True
2025-12-10,2025-12-04,1h,L75,25684.375,2025-12-10 12:55:00-05:00,12,25677.0,25603.25,5.0,-82.0,True
2025-12-10,2025-12-04,1h,L100,25732.5,2025-12-10 14:07:00-05:00,14,25708.75,25835.25,139.5,-98.75,False
2025-12-10,2025-12-04,5m,L0,25570.0,2025-12-10 10:37:00-05:00,10,25580.5,25643.75,73.25,-52.25,True
2025-12-10,2025-12-04,5m,L25,25579.75,2025-12-10 10:36:00-05:00,10,25584.0,25641.25,69.75,-55.75,True
2025-12-10,2025-12-04,5m,L50,25589.5,2025-12-10 10:35:00-05:00,10,25602.5,25647.75,51.25,-74.25,True
2025-12-10,2025-12-04,5m,L75,25599.25,2025-12-10 10:34:00-05:00,10,25609.25,25648.5,44.5,-81.0,False
2025-12-10,2025-12-04,5m,L100,25609.0,2025-12-10 10:00:00-05:00,10,25611.75,25554.0,45.0,-78.0,True
2025-12-10,2025-12-05,1h,L0,25611.25,2025-12-10 10:00:00-05:00,10,25611.75,25554.0,45.0,-78.0,False
2025-12-10,2025-12-05,1h,L25,25659.25,2025-12-10 10:22:00-05:00,10,25651.75,25641.0,5.0,-123.5,False
2025-12-10,2025-12-05,1h,L50,25707.25,2025-12-10 14:00:00-05:00,14,25694.25,25800.25,148.0,-115.25,True
2025-12-10,2025-12-05,1h,L75,25755.25,2025-12-10 14:34:00-05:00,14,25742.0,25851.25,127.75,-132.0,False
2025-12-10,2025-12-05,1h,L100,25803.25,2025-12-10 14:54:00-05:00,14,25785.0,25832.5,84.75,-8.25,False
2025-12-10,2025-12-05,5m,L0,25707.0,2025-12-10 14:00:00-05:00,14,25694.25,25800.25,148.0,-115.25,True
2025-12-10,2025-12-05,5m,L25,25718.625,2025-12-10 14:00:00-05:00,14,25694.25,25800.25,148.0,-115.25,True
2025-12-10,2025-12-05,5m,L50,25730.25,2025-12-10 14:07:00-05:00,14,25708.75,25835.25,139.5,-98.75,True
2025-12-10,2025-12-05,5m,L75,25741.875,2025-12-10 14:10:00-05:00,14,25729.75,25834.0,119.25,-119.75,False
2025-12-10,2025-12-05,5m,L100,25753.5,2025-12-10 14:34:00-05:00,14,25742.0,25851.25,127.75,-132.0,False
2025-12-10,2025-12-08,1h,L0,25722.0,2025-12-10 14:00:00-05:00,14,25694.25,25800.25,148.0,-115.25,True
2025-12-10,2025-12-08,1h,L25,25756.6875,2025-12-10 14:34:00-05:00,14,25742.0,25851.25,127.75,-132.0,True
2025-12-10,2025-12-08,1h,L50,25791.375,2025-12-10 14:54:00-05:00,14,25785.0,25832.5,84.75,-8.25,True
2025-12-10,2025-12-08,1h,L75,25826.0625,2025-12-10 14:58:00-05:00,14,25828.0,25813.5,41.75,-40.0,True
2025-12-10,2025-12-08,1h,L100,25860.75,2025-12-10 15:13:00-05:00,15,25855.75,25800.25,14.0,-64.75,True
2025-12-10,2025-12-08,5m,L0,25722.0,2025-12-10 14:00:00-05:00,14,25694.25,25800.25,148.0,-115.25,True
2025-12-10,2025-12-08,5m,L25,25743.375,2025-12-10 14:10:00-05:00,14,25729.75,25834.0,119.25,-119.75,True
2025-12-10,2025-12-08,5m,L50,25764.75,2025-12-10 14:35:00-05:00,14,25770.25,25848.25,99.5,-160.25,True
2025-12-10,2025-12-08,5m,L75,25786.125,2025-12-10 14:54:00-05:00,14,25785.0,25832.5,84.75,-8.25,False
2025-12-10,2025-12-08,5m,L100,25807.5,2025-12-10 14:54:00-05:00,14,25785.0,25832.5,84.75,-8.25,False
2025-12-10,2025-12-09,1h,L0,25560.0,2025-12-10 10:40:00-05:00,10,25579.0,25634.25,74.75,-50.75,True
2025-12-10,2025-12-09,1h,L25,25583.3125,2025-12-10 10:36:00-05:00,10,25584.0,25641.25,69.75,-55.75,True
2025-12-10,2025-12-09,1h,L50,25606.625,2025-12-10 10:00:00-05:00,10,25611.75,25554.0,45.0,-78.0,True
2025-12-10,2025-12-09,1h,L75,25629.9375,2025-12-10 10:00:00-05:00,10,25611.75,25554.0,45.0,-78.0,True
2025-12-10,2025-12-09,1h,L100,25653.25,2025-12-10 10:06:00-05:00,10,25647.5,25552.25,9.25,-119.25,True
2025-12-10,2025-12-09,5m,L0,25595.75,2025-12-10 10:35:00-05:00,10,25602.5,25647.75,51.25,-74.25,True
2025-12-10,2025-12-09,5m,L25,25605.5625,2025-12-10 10:00:00-05:00,10,25611.75,25554.0,45.0,-78.0,False
2025-12-10,2025-12-09,5m,L50,25615.375,2025-12-10 10:00:00-05:00,10,25611.75,25554.0,45.0,-78.0,True
2025-12-10,2025-12-09,5m,L75,25625.1875,2025-12-10 10:00:00-05:00,10,25611.75,25554.0,45.0,-78.0,True
2025-12-10,2025-12-09,5m,L100,25635.0,2025-12-10 10:00:00-05:00,10,25611.75,25554.0,45.0,-78.0,True
2025-12-11,2025-12-04,1h,L0,25540.0,2025-12-11 10:09:00-05:00,10,25537.75,25501.75,91.5,-82.0,False
2025-12-11,2025-12-04,1h,L25,25588.125,2025-12-11 10:20:00-05:00,10,25582.75,25487.75,46.5,-127.0,False
2025-12-11,2025-12-04,1h,L50,25636.25,2025-12-11 12:25:00-05:00,12,25623.5,25626.75,23.75,-45.25,False
2025-12-11,2025-12-04,1h,L75,25684.375,2025-12-11 13:43:00-05:00,13,25676.25,25709.5,39.0,-46.25,False
2025-12-11,2025-12-04,5m,L0,25570.0,2025-12-11 10:12:00-05:00,10,25560.75,25502.25,68.5,-105.0,False
2025-12-11,2025-12-04,5m,L25,25579.75,2025-12-11 10:18:00-05:00,10,25562.75,25489.5,66.5,-107.0,False
2025-12-11,2025-12-04,5m,L50,25589.5,2025-12-11 10:20:00-05:00,10,25582.75,25487.75,46.5,-127.0,True
2025-12-11,2025-12-04,5m,L75,25599.25,2025-12-11 10:21:00-05:00,10,25600.5,25502.75,28.75,-144.75,True
2025-12-11,2025-12-04,5m,L100,25609.0,2025-12-11 10:22:00-05:00,10,25604.75,25491.0,24.5,-149.0,True
2025-12-11,2025-12-05,1h,L0,25611.25,2025-12-11 10:22:00-05:00,10,25604.75,25491.0,24.5,-149.0,False
2025-12-11,2025-12-05,1h,L25,25659.25,2025-12-11 13:36:00-05:00,13,25654.25,25711.0,61.0,-24.25,True
2025-12-11,2025-12-05,1h,L50,25707.25,2025-12-11 14:30:00-05:00,14,25698.75,25677.25,24.25,-25.0,True
2025-12-11,2025-12-05,5m,L0,25707.0,2025-12-11 14:26:00-05:00,14,25698.75,25681.5,24.25,-18.5,False
2025-12-11,2025-12-05,5m,L25,25718.625,2025-12-11 14:36:00-05:00,14,25711.0,25664.5,12.0,-46.5,False
2025-12-11,2025-12-08,1h,L0,25722.0,2025-12-11 14:45:00-05:00,14,25708.5,25676.75,14.5,-48.5,False
2025-12-11,2025-12-08,5m,L0,25722.0,2025-12-11 14:45:00-05:00,14,25708.5,25676.75,14.5,-48.5,False
2025-12-11,2025-12-09,1h,L0,25560.0,2025-12-11 10:12:00-05:00,10,25560.75,25502.25,68.5,-105.0,False
2025-12-11,2025-12-09,1h,L25,25583.3125,2025-12-11 10:20:00-05:00,10,25582.75,25487.75,46.5,-127.0,False
2025-12-11,2025-12-09,1h,L50,25606.625,2025-12-11 10:21:00-05:00,10,25600.5,25502.75,28.75,-144.75,True
2025-12-11,2025-12-09,1h,L75,25629.9375,2025-12-11 10:24:00-05:00,10,25624.25,25521.5,5.0,-168.5,True
2025-12-11,2025-12-09,1h,L100,25653.25,2025-12-11 13:36:00-05:00,13,25654.25,25711.0,61.0,-24.25,False
2025-12-11,2025-12-09,5m,L0,25595.75,2025-12-11 10:21:00-05:00,10,25600.5,25502.75,28.75,-144.75,False
2025-12-11,2025-12-09,5m,L25,25605.5625,2025-12-11 10:21:00-05:00,10,25600.5,25502.75,28.75,-144.75,False
2025-12-11,2025-12-09,5m,L50,25615.375,2025-12-11 10:22:00-05:00,10,25604.75,25491.0,24.5,-149.0,True
2025-12-11,2025-12-09,5m,L75,25625.1875,2025-12-11 10:23:00-05:00,10,25619.5,25510.75,9.75,-163.75,True
2025-12-11,2025-12-09,5m,L100,25635.0,2025-12-11 12:25:00-05:00,12,25623.5,25626.75,23.75,-45.25,False
2025-12-11,2025-12-10,1h,L0,25567.0,2025-12-11 10:12:00-05:00,10,25560.75,25502.25,68.5,-105.0,False
2025-12-11,2025-12-10,1h,L25,25596.0,2025-12-11 10:21:00-05:00,10,25600.5,25502.75,28.75,-144.75,False
2025-12-11,2025-12-10,1h,L50,25625.0,2025-12-11 10:23:00-05:00,10,25619.5,25510.75,9.75,-163.75,True
2025-12-11,2025-12-10,1h,L75,25654.0,2025-12-11 13:36:00-05:00,13,25654.25,25711.0,61.0,-24.25,False
2025-12-11,2025-12-10,1h,L100,25683.0,2025-12-11 13:43:00-05:00,13,25676.25,25709.5,39.0,-46.25,False
2025-12-11,2025-12-10,5m,L0,25630.5,2025-12-11 10:24:00-05:00,10,25624.25,25521.5,5.0,-168.5,False
2025-12-11,2025-12-10,5m,L25,25641.125,2025-12-11 12:25:00-05:00,12,25623.5,25626.75,23.75,-45.25,False
2025-12-11,2025-12-10,5m,L50,25651.75,2025-12-11 12:42:00-05:00,12,25641.25,25674.0,35.25,-63.0,True
2025-12-11,2025-12-10,5m,L75,25662.375,2025-12-11 13:37:00-05:00,13,25654.25,25709.5,61.0,-24.25,False
2025-12-11,2025-12-10,5m,L100,25673.0,2025-12-11 13:40:00-05:00,13,25666.75,25705.25,48.5,-36.75,False
2025-12-12,2025-12-09,1h,L0,25560.0,2025-12-12 10:00:00-05:00,10,25520.5,25265.0,38.75,-307.0,False
2025-12-12,2025-12-11,1h,L0,25400.5,2025-12-12 10:21:00-05:00,10,25409.0,25138.75,27.5,-275.25,False
2025-12-12,2025-12-11,1h,L25,25470.5625,2025-12-12 10:05:00-05:00,10,25484.0,25198.25,14.25,-318.0,False
2025-12-12,2025-12-11,1h,L50,25540.625,2025-12-12 10:00:00-05:00,10,25520.5,25265.0,38.75,-307.0,True
2025-12-12,2025-12-11,5m,L0,25483.5,2025-12-12 10:04:00-05:00,10,25486.0,25174.5,27.0,-311.5,False
2025-12-12,2025-12-11,5m,L25,25510.4375,2025-12-12 10:01:00-05:00,10,25529.25,25246.75,7.5,-315.75,False
2025-12-12,2025-12-11,5m,L50,25537.375,2025-12-12 10:00:00-05:00,10,25520.5,25265.0,38.75,-307.0,True
2025-12-17,2025-12-16,1h,L0,24960.5,2025-12-17 10:38:00-05:00,10,24966.25,24803.75,31.5,-193.75,False
2025-12-17,2025-12-16,1h,L25,25009.125,2025-12-17 10:35:00-05:00,10,24996.0,24786.5,37.25,-223.5,False
2025-12-17,2025-12-16,1h,L50,25057.75,2025-12-17 10:00:00-05:00,10,25076.25,24836.75,35.75,-270.25,True
2025-12-17,2025-12-16,1h,L75,25106.375,2025-12-17 10:00:00-05:00,10,25076.25,24836.75,35.75,-270.25,True
2025-12-17,2025-12-16,5m,L0,24960.5,2025-12-17 10:38:00-05:00,10,24966.25,24803.75,31.5,-193.75,False
2025-12-17,2025-12-16,5m,L25,24995.1875,2025-12-17 10:35:00-05:00,10,24996.0,24786.5,37.25,-223.5,False
2025-12-17,2025-12-16,5m,L50,25029.875,2025-12-17 10:34:00-05:00,10,25025.5,24793.5,25.5,-245.25,True
2025-12-17,2025-12-16,5m,L75,25064.5625,2025-12-17 10:00:00-05:00,10,25076.25,24836.75,35.75,-270.25,True
2025-12-17,2025-12-16,5m,L100,25099.25,2025-12-17 10:00:00-05:00,10,25076.25,24836.75,35.75,-270.25,True
2025-12-18,2025-12-16,1h,L0,24960.5,2025-12-18 10:11:00-05:00,10,24976.75,25168.75,195.0,-34.0,True
2025-12-18,2025-12-16,1h,L25,25009.125,2025-12-18 10:08:00-05:00,10,25017.5,25154.0,154.25,-74.75,True
2025-12-18,2025-12-16,1h,L50,25057.75,2025-12-18 10:00:00-05:00,10,25060.75,25130.75,111.0,-118.0,True
2025-12-18,2025-12-16,1h,L75,25106.375,2025-12-18 10:28:00-05:00,10,25101.75,25120.25,76.5,-26.25,False
2025-12-18,2025-12-16,1h,L100,25155.0,2025-12-18 10:37:00-05:00,10,25153.75,25160.0,24.5,-44.75,False
2025-12-18,2025-12-16,5m,L0,24960.5,2025-12-18 10:11:00-05:00,10,24976.75,25168.75,195.0,-34.0,True
2025-12-18,2025-12-16,5m,L25,24995.1875,2025-12-18 10:09:00-05:00,10,25003.25,25159.75,168.5,-60.5,True
2025-12-18,2025-12-16,5m,L50,25029.875,2025-12-18 10:03:00-05:00,10,25050.25,25127.5,121.5,-107.5,True
2025-12-18,2025-12-16,5m,L75,25064.5625,2025-12-18 10:00:00-05:00,10,25060.75,25130.75,111.0,-118.0,False
2025-12-18,2025-12-16,5m,L100,25099.25,2025-12-18 10:27:00-05:00,10,25093.0,25132.0,85.25,-17.5,False
2025-12-18,2025-12-17,1h,L0,25010.5,2025-12-18 10:06:00-05:00,10,25039.5,25157.5,132.25,-96.75,True
2025-12-18,2025-12-17,1h,L25,25068.0,2025-12-18 10:00:00-05:00,10,25060.75,25130.75,111.0,-118.0,True
2025-12-18,2025-12-17,1h,L50,25125.5,2025-12-18 10:34:00-05:00,10,25129.0,25145.25,49.25,-22.5,True
2025-12-18,2025-12-17,1h,L75,25183.0,2025-12-18 11:12:00-05:00,11,25167.5,25021.0,10.75,-174.5,True
2025-12-18,2025-12-17,5m,L0,25010.5,2025-12-18 10:06:00-05:00,10,25039.5,25157.5,132.25,-96.75,True
2025-12-18,2025-12-17,5m,L25,25032.875,2025-12-18 10:03:00-05:00,10,25050.25,25127.5,121.5,-107.5,True
2025-12-18,2025-12-17,5m,L50,25055.25,2025-12-18 10:00:00-05:00,10,25060.75,25130.75,111.0,-118.0,True
2025-12-18,2025-12-17,5m,L75,25077.625,2025-12-18 10:26:00-05:00,10,25083.5,25151.25,94.75,-33.25,False
2025-12-18,2025-12-17,5m,L100,25100.0,2025-12-18 10:27:00-05:00,10,25093.0,25132.0,85.25,-17.5,False
2025-12-22,2025-12-12,1h,L100,25632.5,2025-12-22 10:36:00-05:00,10,25643.0,25700.75,80.0,-13.5,False
2025-12-23,2025-12-22,1h,L0,25671.0,2025-12-23 10:01:00-05:00,10,25664.0,25743.5,79.75,-36.75,True
2025-12-23,2025-12-22,1h,L25,25702.0,2025-12-23 10:36:00-05:00,10,25695.0,25736.0,62.75,-6.0,True
2025-12-23,2025-12-22,1h,L50,25733.0,2025-12-23 10:55:00-05:00,10,25720.75,25775.5,56.0,-2.75,True
2025-12-23,2025-12-22,1h,L75,25764.0,2025-12-23 11:45:00-05:00,11,25756.5,25762.5,22.0,-6.5,False
2025-12-23,2025-12-22,1h,L100,25795.0,2025-12-23 14:16:00-05:00,14,25788.25,25797.75,18.0,-6.25,False
2025-12-23,2025-12-22,5m,L0,25685.25,2025-12-23 10:00:00-05:00,10,25683.0,25734.25,57.75,-55.75,True
2025-12-23,2025-12-22,5m,L25,25697.1875,2025-12-23 10:00:00-05:00,10,25683.0,25734.25,57.75,-55.75,True
2025-12-23,2025-12-22,5m,L50,25709.125,2025-12-23 10:39:00-05:00,10,25704.5,25738.5,53.25,-6.5,True
2025-12-23,2025-12-22,5m,L75,25721.0625,2025-12-23 10:40:00-05:00,10,25715.0,25747.75,42.75,-12.5,False
2025-12-23,2025-12-22,5m,L100,25733.0,2025-12-23 10:55:00-05:00,10,25720.75,25775.5,56.0,-2.75,False
2025-12-29,2025-12-22,1h,L0,25671.0,2025-12-29 10:10:00-05:00,10,25690.0,25691.25,83.25,-28.5,False
2025-12-29,2025-12-22,1h,L25,25702.0,2025-12-29 10:00:00-05:00,10,25735.0,25704.0,38.25,-73.5,False
2025-12-29,2025-12-22,1h,L50,25733.0,2025-12-29 10:00:00-05:00,10,25735.0,25704.0,38.25,-73.5,True
2025-12-29,2025-12-22,1h,L75,25764.0,2025-12-29 10:35:00-05:00,10,25770.0,25701.5,3.25,-95.75,True
2025-12-29,2025-12-22,5m,L0,25685.25,2025-12-29 10:07:00-05:00,10,25698.25,25682.25,75.0,-36.75,False
2025-12-29,2025-12-22,5m,L25,25697.1875,2025-12-29 10:06:00-05:00,10,25703.0,25696.5,70.25,-41.5,False
2025-12-29,2025-12-22,5m,L50,25709.125,2025-12-29 10:00:00-05:00,10,25735.0,25704.0,38.25,-73.5,True
2025-12-29,2025-12-22,5m,L75,25721.0625,2025-12-29 10:00:00-05:00,10,25735.0,25704.0,38.25,-73.5,True
2025-12-29,2025-12-22,5m,L100,25733.0,2025-12-29 10:00:00-05:00,10,25735.0,25704.0,38.25,-73.5,True
2025-12-29,2025-12-23,1h,L25,25644.5625,2025-12-29 12:28:00-05:00,12,25652.75,25702.5,57.25,-5.0,True
2025-12-29,2025-12-23,1h,L50,25680.125,2025-12-29 10:09:00-05:00,10,25684.25,25690.25,89.0,-22.75,True
2025-12-29,2025-12-23,1h,L75,25715.6875,2025-12-29 10:00:00-05:00,10,25735.0,25704.0,38.25,-73.5,True
2025-12-29,2025-12-23,1h,L100,25751.25,2025-12-29 10:25:00-05:00,10,25746.75,25701.25,26.5,-72.5,True
2025-12-29,2025-12-23,5m,L0,25720.75,2025-12-29 10:00:00-05:00,10,25735.0,25704.0,38.25,-73.5,False
2025-12-29,2025-12-23,5m,L25,25728.375,2025-12-29 10:00:00-05:00,10,25735.0,25704.0,38.25,-73.5,False
2025-12-29,2025-12-23,5m,L50,25736.0,2025-12-29 10:00:00-05:00,10,25735.0,25704.0,38.25,-73.5,True
2025-12-29,2025-12-23,5m,L75,25743.625,2025-12-29 10:01:00-05:00,10,25734.25,25705.25,39.0,-72.75,True
2025-12-29,2025-12-23,5m,L100,25751.25,2025-12-29 10:25:00-05:00,10,25746.75,25701.25,26.5,-72.5,True
2025-12-30,2025-12-22,1h,L0,25671.0,2025-12-30 15:59:00-05:00,15,25678.0,25678.0,9.25,-9.75,False
2025-12-30,2025-12-22,1h,L25,25702.0,2025-12-30 10:11:00-05:00,10,25706.5,25756.0,59.25,-28.25,True
2025-12-30,2025-12-22,1h,L50,25733.0,2025-12-30 10:01:00-05:00,10,25744.25,25758.0,13.75,-66.0,True
2025-12-30,2025-12-22,1h,L75,25764.0,2025-12-30 10:00:00-05:00,10,25742.5,25750.25,19.0,-64.25,False
2025-12-30,2025-12-22,1h,L100,25795.0,2025-12-30 11:21:00-05:00,11,25793.0,25714.0,1.0,-93.5,True
2025-12-30,2025-12-22,5m,L0,25685.25,2025-12-30 10:13:00-05:00,10,25694.5,25761.25,71.25,-16.25,True
2025-12-30,2025-12-22,5m,L25,25697.1875,2025-12-30 10:12:00-05:00,10,25693.75,25753.25,72.0,-15.5,True
2025-12-30,2025-12-22,5m,L50,25709.125,2025-12-30 10:10:00-05:00,10,25717.25,25754.0,48.5,-39.0,True
2025-12-30,2025-12-22,5m,L75,25721.0625,2025-12-30 10:07:00-05:00,10,25732.25,25753.75,33.5,-54.0,False
2025-12-30,2025-12-22,5m,L100,25733.0,2025-12-30 10:01:00-05:00,10,25744.25,25758.0,13.75,-66.0,False
2025-12-30,2025-12-23,1h,L50,25680.125,2025-12-30 10:13:00-05:00,10,25694.5,25761.25,71.25,-16.25,True
2025-12-30,2025-12-23,1h,L75,25715.6875,2025-12-30 10:09:00-05:00,10,25720.5,25751.75,45.25,-42.25,False
2025-12-30,2025-12-23,1h,L100,25751.25,2025-12-30 10:00:00-05:00,10,25742.5,25750.25,19.0,-64.25,False
2025-12-30,2025-12-23,5m,L0,25720.75,2025-12-30 10:07:00-05:00,10,25732.25,25753.75,33.5,-54.0,True
2025-12-30,2025-12-23,5m,L25,25728.375,2025-12-30 10:05:00-05:00,10,25734.25,25757.0,31.5,-56.0,True
2025-12-30,2025-12-23,5m,L50,25736.0,2025-12-30 10:01:00-05:00,10,25744.25,25758.0,13.75,-66.0,True
2025-12-30,2025-12-23,5m,L75,25743.625,2025-12-30 10:00:00-05:00,10,25742.5,25750.25,19.0,-64.25,False
2025-12-30,2025-12-23,5m,L100,25751.25,2025-12-30 10:00:00-05:00,10,25742.5,25750.25,19.0,-64.25,False
2025-12-30,2025-12-24,1h,L0,25781.75,2025-12-30 11:20:00-05:00,11,25780.0,25719.0,14.0,-80.5,False
2025-12-30,2025-12-24,1h,L25,25793.1875,2025-12-30 11:21:00-05:00,11,25793.0,25714.0,1.0,-93.5,False
2025-12-30,2025-12-24,5m,L0,25785.0,2025-12-30 11:20:00-05:00,11,25780.0,25719.0,14.0,-80.5,False
2025-12-30,2025-12-24,5m,L25,25790.8125,2025-12-30 11:21:00-05:00,11,25793.0,25714.0,1.0,-93.5,False
2025-12-30,2025-12-24,5m,L50,25796.625,2025-12-30 11:21:00-05:00,11,25793.0,25714.0,1.0,-93.5,True
2025-12-30,2025-12-29,1h,L25,25696.6875,2025-12-30 10:12:00-05:00,10,25693.75,25753.25,72.0,-15.5,True
2025-12-30,2025-12-29,1h,L50,25737.375,2025-12-30 10:00:00-05:00,10,25742.5,25750.25,19.0,-64.25,True
2025-12-30,2025-12-29,1h,L75,25778.0625,2025-12-30 11:20:00-05:00,11,25780.0,25719.0,14.0,-80.5,True
2025-12-30,2025-12-29,5m,L0,25734.5,2025-12-30 10:01:00-05:00,10,25744.25,25758.0,13.75,-66.0,True
2025-12-30,2025-12-29,5m,L25,25749.25,2025-12-30 10:00:00-05:00,10,25742.5,25750.25,19.0,-64.25,True
2025-12-30,2025-12-29,5m,L50,25764.0,2025-12-30 10:00:00-05:00,10,25742.5,25750.25,19.0,-64.25,True
2025-12-30,2025-12-29,5m,L75,25778.75,2025-12-30 11:20:00-05:00,11,25780.0,25719.0,14.0,-80.5,True
2025-12-30,2025-12-29,5m,L100,25793.5,2025-12-30 11:21:00-05:00,11,25793.0,25714.0,1.0,-93.5,True
2025-12-31,2025-12-23,1h,L0,25609.0,2025-12-31 10:00:00-05:00,10,25605.25,25564.25,12.75,-62.75,False
2026-01-02,2025-12-24,1h,L0,25781.75,2026-01-02 10:01:00-05:00,10,25766.25,25349.75,13.75,-430.5,False
2026-01-02,2025-12-24,5m,L0,25785.0,2026-01-02 10:01:00-05:00,10,25766.25,25349.75,13.75,-430.5,False
2026-01-02,2025-12-29,1h,L0,25656.0,2026-01-02 10:11:00-05:00,10,25656.75,25321.0,32.75,-340.5,False
2026-01-02,2025-12-29,1h,L25,25696.6875,2026-01-02 10:08:00-05:00,10,25709.25,25351.5,4.5,-387.25,False
2026-01-02,2025-12-29,1h,L50,25737.375,2026-01-02 10:00:00-05:00,10,25766.5,25360.0,13.5,-416.25,True
2026-01-02,2025-12-29,1h,L75,25778.0625,2026-01-02 10:01:00-05:00,10,25766.25,25349.75,13.75,-430.5,True
2026-01-02,2025-12-29,5m,L0,25734.5,2026-01-02 10:00:00-05:00,10,25766.5,25360.0,13.5,-416.25,False
2026-01-02,2025-12-29,5m,L25,25749.25,2026-01-02 10:00:00-05:00,10,25766.5,25360.0,13.5,-416.25,False
2026-01-02,2025-12-29,5m,L50,25764.0,2026-01-02 10:00:00-05:00,10,25766.5,25360.0,13.5,-416.25,True
2026-01-02,2025-12-29,5m,L75,25778.75,2026-01-02 10:01:00-05:00,10,25766.25,25349.75,13.75,-430.5,True
2026-01-02,2025-12-30,1h,L0,25673.5,2026-01-02 10:11:00-05:00,10,25656.75,25321.0,32.75,-340.5,False
2026-01-02,2025-12-30,1h,L25,25698.8125,2026-01-02 10:08:00-05:00,10,25709.25,25351.5,4.5,-387.25,False
2026-01-02,2025-12-30,1h,L50,25724.125,2026-01-02 10:05:00-05:00,10,25733.75,25334.0,7.5,-411.75,True
2026-01-02,2025-12-30,1h,L75,25749.4375,2026-01-02 10:00:00-05:00,10,25766.5,25360.0,13.5,-416.25,True
2026-01-02,2025-12-30,1h,L100,25774.75,2026-01-02 10:01:00-05:00,10,25766.25,25349.75,13.75,-430.5,True
2026-01-02,2025-12-30,5m,L0,25673.5,2026-01-02 10:11:00-05:00,10,25656.75,25321.0,32.75,-340.5,False
2026-01-02,2025-12-30,5m,L25,25689.625,2026-01-02 10:10:00-05:00,10,25683.75,25366.5,23.0,-361.75,False
2026-01-02,2025-12-30,5m,L50,25705.75,2026-01-02 10:07:00-05:00,10,25708.0,25339.75,33.0,-386.0,True
2026-01-02,2025-12-30,5m,L75,25721.875,2026-01-02 10:05:00-05:00,10,25733.75,25334.0,7.5,-411.75,True
2026-01-02,2025-12-30,5m,L100,25738.0,2026-01-02 10:00:00-05:00,10,25766.5,25360.0,13.5,-416.25,True
2026-01-02,2025-12-31,1h,L0,25581.75,2026-01-02 10:15:00-05:00,10,25586.0,25395.5,20.25,-292.0,False
2026-01-02,2025-12-31,1h,L25,25615.875,2026-01-02 10:13:00-05:00,10,25624.5,25355.0,12.25,-330.5,False
2026-01-02,2025-12-31,1h,L50,25650.0,2026-01-02 10:11:00-05:00,10,25656.75,25321.0,32.75,-340.5,True
2026-01-02,2025-12-31,1h,L75,25684.125,2026-01-02 10:10:00-05:00,10,25683.75,25366.5,23.0,-361.75,True
2026-01-02,2025-12-31,1h,L100,25718.25,2026-01-02 10:06:00-05:00,10,25739.5,25338.75,1.5,-417.5,True
2026-01-02,2025-12-31,5m,L0,25581.75,2026-01-02 10:15:00-05:00,10,25586.0,25395.5,20.25,-292.0,False
2026-01-02,2025-12-31,5m,L25,25592.875,2026-01-02 10:14:00-05:00,10,25604.0,25379.0,23.5,-310.0,False
2026-01-02,2025-12-31,5m,L50,25604.0,2026-01-02 10:14:00-05:00,10,25604.0,25379.0,23.5,-310.0,True
2026-01-02,2025-12-31,5m,L75,25615.125,2026-01-02 10:13:00-05:00,10,25624.5,25355.0,12.25,-330.5,True
2026-01-02,2025-12-31,5m,L100,25626.25,2026-01-02 10:12:00-05:00,10,25627.0,25331.25,41.0,-333.0,True
2026-01-05,2025-12-29,1h,L0,25656.0,2026-01-05 10:09:00-05:00,10,25647.25,25687.25,46.75,-23.0,True
2026-01-05,2025-12-29,1h,L25,25696.6875,2026-01-05 11:09:00-05:00,11,25687.25,25655.25,20.75,-38.25,False
2026-01-05,2025-12-30,1h,L0,25673.5,2026-01-05 10:28:00-05:00,10,25676.25,25688.5,20.5,-39.5,True
2026-01-05,2025-12-30,1h,L25,25698.8125,2026-01-05 11:09:00-05:00,11,25687.25,25655.25,20.75,-38.25,False
2026-01-05,2025-12-30,5m,L0,25673.5,2026-01-05 10:28:00-05:00,10,25676.25,25688.5,20.5,-39.5,True
2026-01-05,2025-12-30,5m,L25,25689.625,2026-01-05 10:32:00-05:00,10,25683.25,25694.75,13.5,-46.5,True
2026-01-05,2025-12-30,5m,L50,25705.75,2026-01-05 11:48:00-05:00,11,25700.25,25634.0,7.75,-92.75,True
2026-01-05,2025-12-31,1h,L0,25581.75,2026-01-05 10:01:00-05:00,10,25613.5,25658.0,77.75,-48.0,True
2026-01-05,2025-12-31,1h,L25,25615.875,2026-01-05 10:00:00-05:00,10,25596.25,25653.75,95.0,-30.75,True
2026-01-05,2025-12-31,1h,L50,25650.0,2026-01-05 10:06:00-05:00,10,25620.75,25667.5,70.5,-4.0,True
2026-01-05,2025-12-31,1h,L75,25684.125,2026-01-05 10:28:00-05:00,10,25676.25,25688.5,20.5,-39.5,False
2026-01-05,2025-12-31,5m,L0,25581.75,2026-01-05 10:01:00-05:00,10,25613.5,25658.0,77.75,-48.0,True
2026-01-05,2025-12-31,5m,L25,25592.875,2026-01-05 10:00:00-05:00,10,25596.25,25653.75,95.0,-30.75,True
2026-01-05,2025-12-31,5m,L50,25604.0,2026-01-05 10:00:00-05:00,10,25596.25,25653.75,95.0,-30.75,True
2026-01-05,2025-12-31,5m,L75,25615.125,2026-01-05 10:00:00-05:00,10,25596.25,25653.75,95.0,-30.75,False
2026-01-05,2025-12-31,5m,L100,25626.25,2026-01-05 10:02:00-05:00,10,25614.5,25660.5,76.75,-18.25,False
2026-01-05,2026-01-02,1h,L0,25638.0,2026-01-05 10:04:00-05:00,10,25634.5,25670.0,56.75,-17.75,True
2026-01-05,2026-01-02,1h,L25,25679.375,2026-01-05 10:28:00-05:00,10,25676.25,25688.5,20.5,-39.5,True
2026-01-05,2026-01-02,5m,L0,25689.25,2026-01-05 10:32:00-05:00,10,25683.25,25694.75,13.5,-46.5,True
2026-01-05,2026-01-02,5m,L25,25710.75,2026-01-05 11:49:00-05:00,11,25701.5,25626.5,6.5,-94.0,False
2026-01-06,2025-12-29,1h,L0,25656.0,2026-01-06 11:04:00-05:00,11,25662.0,25685.25,46.5,-23.0,True
2026-01-06,2025-12-29,1h,L25,25696.6875,2026-01-06 10:53:00-05:00,10,25696.0,25698.0,17.0,-57.0,False
2026-01-06,2025-12-29,1h,L50,25737.375,2026-01-06 10:04:00-05:00,10,25749.25,25662.0,29.5,-90.5,True
2026-01-06,2025-12-29,1h,L75,25778.0625,2026-01-06 10:25:00-05:00,10,25773.25,25679.0,5.5,-134.25,True
2026-01-06,2025-12-29,1h,L100,25818.75,2026-01-06 14:22:00-05:00,14,25811.0,25813.0,19.0,-9.75,False
2026-01-06,2025-12-29,5m,L0,25734.5,2026-01-06 10:08:00-05:00,10,25740.75,25656.75,38.0,-101.75,False
2026-01-06,2025-12-29,5m,L25,25749.25,2026-01-06 10:00:00-05:00,10,25762.0,25680.5,16.75,-90.25,False
2026-01-06,2025-12-29,5m,L50,25764.0,2026-01-06 10:00:00-05:00,10,25762.0,25680.5,16.75,-90.25,True
2026-01-06,2025-12-29,5m,L75,25778.75,2026-01-06 10:25:00-05:00,10,25773.25,25679.0,5.5,-134.25,True
2026-01-06,2025-12-29,5m,L100,25793.5,2026-01-06 13:45:00-05:00,13,25788.75,25817.25,32.5,-7.0,False
2026-01-06,2025-12-30,1h,L0,25673.5,2026-01-06 10:55:00-05:00,10,25679.75,25670.5,28.75,-40.75,False
2026-01-06,2025-12-30,1h,L25,25698.8125,2026-01-06 10:53:00-05:00,10,25696.0,25698.0,17.0,-57.0,False
2026-01-06,2025-12-30,1h,L50,25724.125,2026-01-06 10:11:00-05:00,10,25734.25,25674.25,44.5,-95.25,True
2026-01-06,2025-12-30,1h,L75,25749.4375,2026-01-06 10:00:00-05:00,10,25762.0,25680.5,16.75,-90.25,True
2026-01-06,2025-12-30,1h,L100,25774.75,2026-01-06 10:01:00-05:00,10,25758.25,25676.25,20.5,-86.5,True
2026-01-06,2025-12-30,5m,L0,25673.5,2026-01-06 10:55:00-05:00,10,25679.75,25670.5,28.75,-40.75,False
2026-01-06,2025-12-30,5m,L25,25689.625,2026-01-06 10:53:00-05:00,10,25696.0,25698.0,17.0,-57.0,False
2026-01-06,2025-12-30,5m,L50,25705.75,2026-01-06 10:52:00-05:00,10,25713.25,25696.0,13.25,-74.25,True
2026-01-06,2025-12-30,5m,L75,25721.875,2026-01-06 10:11:00-05:00,10,25734.25,25674.25,44.5,-95.25,True
2026-01-06,2025-12-30,5m,L100,25738.0,2026-01-06 10:04:00-05:00,10,25749.25,25662.0,29.5,-90.5,True
2026-01-06,2025-12-31,1h,L50,25650.0,2026-01-06 11:06:00-05:00,11,25650.75,25706.5,61.5,-11.75,True
2026-01-06,2025-12-31,1h,L75,25684.125,2026-01-06 10:55:00-05:00,10,25679.75,25670.5,28.75,-40.75,True
2026-01-06,2025-12-31,1h,L100,25718.25,2026-01-06 10:44:00-05:00,10,25723.5,25665.5,13.25,-84.5,True
2026-01-06,2026-01-02,1h,L0,25638.0,2026-01-06 11:07:00-05:00,11,25648.0,25713.0,66.5,-9.0,True
2026-01-06,2026-01-02,1h,L25,25679.375,2026-01-06 10:55:00-05:00,10,25679.75,25670.5,28.75,-40.75,False
2026-01-06,2026-01-02,1h,L50,25720.75,2026-01-06 10:44:00-05:00,10,25723.5,25665.5,13.25,-84.5,True
2026-01-06,2026-01-02,1h,L75,25762.125,2026-01-06 10:00:00-05:00,10,25762.0,25680.5,16.75,-90.25,True
2026-01-06,2026-01-02,1h,L100,25803.5,2026-01-06 13:46:00-05:00,13,25796.0,25817.75,25.25,-8.25,False
2026-01-06,2026-01-02,5m,L0,25689.25,2026-01-06 10:53:00-05:00,10,25696.0,25698.0,17.0,-57.0,False
2026-01-06,2026-01-02,5m,L25,25710.75,2026-01-06 10:45:00-05:00,10,25717.5,25669.0,17.5,-78.5,False
2026-01-06,2026-01-02,5m,L50,25732.25,2026-01-06 10:08:00-05:00,10,25740.75,25656.75,38.0,-101.75,True
2026-01-06,2026-01-02,5m,L75,25753.75,2026-01-06 10:00:00-05:00,10,25762.0,25680.5,16.75,-90.25,True
2026-01-06,2026-01-02,5m,L100,25775.25,2026-01-06 10:01:00-05:00,10,25758.25,25676.25,20.5,-86.5,True
2026-01-06,2026-01-05,1h,L75,25639.5625,2026-01-06 11:07:00-05:00,11,25648.0,25713.0,66.5,-9.0,False
2026-01-06,2026-01-05,1h,L100,25673.25,2026-01-06 10:55:00-05:00,10,25679.75,25670.5,28.75,-40.75,True
2026-01-08,2025-12-31,1h,L0,25581.75,2026-01-08 10:00:00-05:00,10,25590.5,25679.5,123.0,-21.0,True
2026-01-08,2025-12-31,1h,L25,25615.875,2026-01-08 10:00:00-05:00,10,25590.5,25679.5,123.0,-21.0,True
2026-01-08,2025-12-31,1h,L50,25650.0,2026-01-08 10:05:00-05:00,10,25637.75,25657.75,75.75,-36.0,True
2026-01-08,2025-12-31,1h,L75,25684.125,2026-01-08 10:08:00-05:00,10,25671.75,25637.0,41.75,-61.75,True
2026-01-08,2025-12-31,1h,L100,25718.25,2026-01-08 10:28:00-05:00,10,25704.0,25632.75,9.5,-94.0,True
2026-01-08,2025-12-31,5m,L0,25581.75,2026-01-08 10:00:00-05:00,10,25590.5,25679.5,123.0,-21.0,True
2026-01-08,2025-12-31,5m,L25,25592.875,2026-01-08 10:00:00-05:00,10,25590.5,25679.5,123.0,-21.0,True
2026-01-08,2025-12-31,5m,L50,25604.0,2026-01-08 10:00:00-05:00,10,25590.5,25679.5,123.0,-21.0,True
2026-01-08,2025-12-31,5m,L75,25615.125,2026-01-08 10:00:00-05:00,10,25590.5,25679.5,123.0,-21.0,False
2026-01-08,2025-12-31,5m,L100,25626.25,2026-01-08 10:05:00-05:00,10,25637.75,25657.75,75.75,-36.0,False
2026-01-08,2026-01-02,1h,L0,25638.0,2026-01-08 10:05:00-05:00,10,25637.75,25657.75,75.75,-36.0,True
2026-01-08,2026-01-02,1h,L25,25679.375,2026-01-08 10:08:00-05:00,10,25671.75,25637.0,41.75,-61.75,False
2026-01-08,2026-01-02,5m,L0,25689.25,2026-01-08 10:16:00-05:00,10,25687.0,25625.0,26.5,-77.0,False
2026-01-08,2026-01-02,5m,L25,25710.75,2026-01-08 10:28:00-05:00,10,25704.0,25632.75,9.5,-94.0,False
2026-01-08,2026-01-05,1h,L25,25572.1875,2026-01-08 10:01:00-05:00,10,25587.75,25676.5,125.75,-18.25,True
2026-01-08,2026-01-05,1h,L50,25605.875,2026-01-08 10:00:00-05:00,10,25590.5,25679.5,123.0,-21.0,True
2026-01-08,2026-01-05,1h,L75,25639.5625,2026-01-08 10:05:00-05:00,10,25637.75,25657.75,75.75,-36.0,False
2026-01-08,2026-01-05,1h,L100,25673.25,2026-01-08 10:08:00-05:00,10,25671.75,25637.0,41.75,-61.75,True
2026-01-08,2026-01-05,5m,L25,25578.1875,2026-01-08 10:01:00-05:00,10,25587.75,25676.5,125.75,-18.25,True
2026-01-08,2026-01-05,5m,L50,25596.375,2026-01-08 10:00:00-05:00,10,25590.5,25679.5,123.0,-21.0,True
2026-01-08,2026-01-05,5m,L75,25614.5625,2026-01-08 10:00:00-05:00,10,25590.5,25679.5,123.0,-21.0,False
2026-01-08,2026-01-05,5m,L100,25632.75,2026-01-08 10:05:00-05:00,10,25637.75,25657.75,75.75,-36.0,False
2026-01-08,2026-01-06,1h,L0,25592.75,2026-01-08 10:00:00-05:00,10,25590.5,25679.5,123.0,-21.0,True
2026-01-08,2026-01-06,1h,L25,25634.9375,2026-01-08 10:05:00-05:00,10,25637.75,25657.75,75.75,-36.0,True
2026-01-08,2026-01-06,1h,L50,25677.125,2026-01-08 10:08:00-05:00,10,25671.75,25637.0,41.75,-61.75,True
2026-01-08,2026-01-06,5m,L0,25661.75,2026-01-08 10:08:00-05:00,10,25671.75,25637.0,41.75,-61.75,False
2026-01-08,2026-01-06,5m,L25,25676.0625,2026-01-08 10:08:00-05:00,10,25671.75,25637.0,41.75,-61.75,False
2026-01-08,2026-01-06,5m,L50,25690.375,2026-01-08 10:16:00-05:00,10,25687.0,25625.0,26.5,-77.0,True
2026-01-08,2026-01-06,5m,L75,25704.6875,2026-01-08 10:19:00-05:00,10,25686.75,25643.5,26.75,-76.75,True
2026-01-09,2026-01-02,1h,L0,25638.0,2026-01-09 10:08:00-05:00,10,25638.75,25870.5,240.25,-23.0,True
2026-01-09,2026-01-02,1h,L25,25679.375,2026-01-09 10:06:00-05:00,10,25672.0,25853.75,207.0,-56.25,True
2026-01-09,2026-01-02,1h,L50,25720.75,2026-01-09 10:00:00-05:00,10,25710.5,25822.75,168.5,-94.75,True
2026-01-09,2026-01-02,1h,L75,25762.125,2026-01-09 10:00:00-05:00,10,25710.5,25822.75,168.5,-94.75,False
2026-01-09,2026-01-02,1h,L100,25803.5,2026-01-09 10:22:00-05:00,10,25804.5,25876.75,97.0,-43.5,False
2026-01-09,2026-01-02,5m,L0,25689.25,2026-01-09 10:06:00-05:00,10,25672.0,25853.75,207.0,-56.25,True
2026-01-09,2026-01-02,5m,L25,25710.75,2026-01-09 10:00:00-05:00,10,25710.5,25822.75,168.5,-94.75,True
2026-01-09,2026-01-02,5m,L50,25732.25,2026-01-09 10:00:00-05:00,10,25710.5,25822.75,168.5,-94.75,True
2026-01-09,2026-01-02,5m,L75,25753.75,2026-01-09 10:00:00-05:00,10,25710.5,25822.75,168.5,-94.75,False
2026-01-09,2026-01-02,5m,L100,25775.25,2026-01-09 10:20:00-05:00,10,25766.75,25884.75,134.75,-14.75,False
2026-01-09,2026-01-05,1h,L75,25639.5625,2026-01-09 10:08:00-05:00,10,25638.75,25870.5,240.25,-23.0,False
2026-01-09,2026-01-05,1h,L100,25673.25,2026-01-09 10:06:00-05:00,10,25672.0,25853.75,207.0,-56.25,False
2026-01-09,2026-01-05,5m,L75,25614.5625,2026-01-09 10:08:00-05:00,10,25638.75,25870.5,240.25,-23.0,False
2026-01-09,2026-01-05,5m,L100,25632.75,2026-01-09 10:08:00-05:00,10,25638.75,25870.5,240.25,-23.0,False
2026-01-09,2026-01-06,1h,L25,25634.9375,2026-01-09 10:08:00-05:00,10,25638.75,25870.5,240.25,-23.0,True
2026-01-09,2026-01-06,1h,L50,25677.125,2026-01-09 10:06:00-05:00,10,25672.0,25853.75,207.0,-56.25,True
2026-01-09,2026-01-06,1h,L75,25719.3125,2026-01-09 10:00:00-05:00,10,25710.5,25822.75,168.5,-94.75,False
2026-01-09,2026-01-06,1h,L100,25761.5,2026-01-09 10:00:00-05:00,10,25710.5,25822.75,168.5,-94.75,False
2026-01-09,2026-01-06,5m,L0,25661.75,2026-01-09 10:07:00-05:00,10,25671.75,25856.75,207.25,-56.0,True
2026-01-09,2026-01-06,5m,L25,25676.0625,2026-01-09 10:06:00-05:00,10,25672.0,25853.75,207.0,-56.25,True
2026-01-09,2026-01-06,5m,L50,25690.375,2026-01-09 10:06:00-05:00,10,25672.0,25853.75,207.0,-56.25,True
2026-01-09,2026-01-06,5m,L75,25704.6875,2026-01-09 10:00:00-05:00,10,25710.5,25822.75,168.5,-94.75,False
2026-01-09,2026-01-06,5m,L100,25719.0,2026-01-09 10:00:00-05:00,10,25710.5,25822.75,168.5,-94.75,False
2026-01-09,2026-01-07,1h,L0,25761.5,2026-01-09 10:00:00-05:00,10,25710.5,25822.75,168.5,-94.75,True
2026-01-09,2026-01-07,1h,L25,25791.125,2026-01-09 10:22:00-05:00,10,25804.5,25876.75,97.0,-43.5,True
2026-01-09,2026-01-07,1h,L50,25820.75,2026-01-09 10:26:00-05:00,10,25823.0,25873.5,78.5,-62.0,True
2026-01-09,2026-01-07,1h,L75,25850.375,2026-01-09 10:27:00-05:00,10,25839.0,25871.0,62.5,-78.0,False
2026-01-09,2026-01-07,1h,L100,25880.0,2026-01-09 10:34:00-05:00,10,25864.75,25855.75,36.75,-103.75,True
2026-01-09,2026-01-07,5m,L0,25840.5,2026-01-09 10:27:00-05:00,10,25839.0,25871.0,62.5,-78.0,True
2026-01-09,2026-01-07,5m,L25,25848.6875,2026-01-09 10:27:00-05:00,10,25839.0,25871.0,62.5,-78.0,True
2026-01-09,2026-01-07,5m,L50,25856.875,2026-01-09 10:28:00-05:00,10,25852.5,25863.75,49.0,-91.5,True
2026-01-09,2026-01-07,5m,L75,25865.0625,2026-01-09 10:28:00-05:00,10,25852.5,25863.75,49.0,-91.5,False
2026-01-09,2026-01-07,5m,L100,25873.25,2026-01-09 10:32:00-05:00,10,25870.75,25864.5,30.75,-109.75,True
2026-01-09,2026-01-08,1h,L25,25650.875,2026-01-09 10:08:00-05:00,10,25638.75,25870.5,240.25,-23.0,True
2026-01-09,2026-01-08,1h,L50,25704.25,2026-01-09 10:00:00-05:00,10,25710.5,25822.75,168.5,-94.75,True
2026-01-09,2026-01-08,1h,L75,25757.625,2026-01-09 10:00:00-05:00,10,25710.5,25822.75,168.5,-94.75,False
2026-01-09,2026-01-08,1h,L100,25811.0,2026-01-09 10:22:00-05:00,10,25804.5,25876.75,97.0,-43.5,False
2026-01-09,2026-01-08,5m,L25,25617.1875,2026-01-09 10:08:00-05:00,10,25638.75,25870.5,240.25,-23.0,True
2026-01-09,2026-01-08,5m,L50,25636.875,2026-01-09 10:08:00-05:00,10,25638.75,25870.5,240.25,-23.0,True
2026-01-09,2026-01-08,5m,L75,25656.5625,2026-01-09 10:07:00-05:00,10,25671.75,25856.75,207.25,-56.0,False
2026-01-09,2026-01-08,5m,L100,25676.25,2026-01-09 10:06:00-05:00,10,25672.0,25853.75,207.0,-56.25,False
2026-01-12,2026-01-07,1h,L100,25880.0,2026-01-12 10:02:00-05:00,10,25896.25,25918.75,37.0,-32.75,False
2026-01-12,2026-01-07,5m,L75,25865.0625,2026-01-12 10:05:00-05:00,10,25880.5,25920.0,52.75,-17.0,False
2026-01-12,2026-01-07,5m,L100,25873.25,2026-01-12 10:03:00-05:00,10,25890.0,25916.0,43.25,-26.5,False
2026-01-13,2026-01-07,1h,L50,25820.75,2026-01-13 10:25:00-05:00,10,25834.0,25904.25,90.5,-28.0,True
2026-01-13,2026-01-07,1h,L75,25850.375,2026-01-13 10:21:00-05:00,10,25847.5,25917.0,77.0,-41.5,False
2026-01-13,2026-01-07,1h,L100,25880.0,2026-01-13 10:15:00-05:00,10,25898.75,25912.0,16.0,-92.75,False
2026-01-13,2026-01-07,5m,L0,25840.5,2026-01-13 10:21:00-05:00,10,25847.5,25917.0,77.0,-41.5,True
2026-01-13,2026-01-07,5m,L25,25848.6875,2026-01-13 10:21:00-05:00,10,25847.5,25917.0,77.0,-41.5,True
2026-01-13,2026-01-07,5m,L50,25856.875,2026-01-13 10:20:00-05:00,10,25861.75,25917.25,62.75,-55.75,True
2026-01-13,2026-01-07,5m,L75,25865.0625,2026-01-13 10:18:00-05:00,10,25866.25,25914.5,58.25,-60.25,False
2026-01-13,2026-01-07,5m,L100,25873.25,2026-01-13 10:18:00-05:00,10,25866.25,25914.5,58.25,-60.25,False
2026-01-13,2026-01-08,1h,L100,25811.0,2026-01-13 10:27:00-05:00,10,25816.0,25892.5,108.5,-10.0,False
2026-01-13,2026-01-09,1h,L100,25824.75,2026-01-13 10:24:00-05:00,10,25837.5,25909.75,87.0,-31.5,False
2026-01-13,2026-01-12,1h,L50,25822.25,2026-01-13 10:24:00-05:00,10,25837.5,25909.75,87.0,-31.5,True
2026-01-13,2026-01-12,1h,L75,25873.5,2026-01-13 10:18:00-05:00,10,25866.25,25914.5,58.25,-60.25,False
2026-01-13,2026-01-12,1h,L100,25924.75,2026-01-13 10:02:00-05:00,10,25906.0,25888.75,51.75,-100.0,True
2026-01-13,2026-01-12,5m,L0,25834.25,2026-01-13 10:21:00-05:00,10,25847.5,25917.0,77.0,-41.5,True
2026-01-13,2026-01-12,5m,L25,25844.4375,2026-01-13 10:21:00-05:00,10,25847.5,25917.0,77.0,-41.5,True
2026-01-13,2026-01-12,5m,L50,25854.625,2026-01-13 10:20:00-05:00,10,25861.75,25917.25,62.75,-55.75,True
2026-01-13,2026-01-12,5m,L75,25864.8125,2026-01-13 10:18:00-05:00,10,25866.25,25914.5,58.25,-60.25,False
2026-01-13,2026-01-12,5m,L100,25875.0,2026-01-13 10:18:00-05:00,10,25866.25,25914.5,58.25,-60.25,False
2026-01-14,2026-01-08,1h,L0,25597.5,2026-01-14 10:09:00-05:00,10,25588.25,25504.0,106.75,-118.75,False
2026-01-14,2026-01-08,1h,L25,25650.875,2026-01-14 10:12:00-05:00,10,25638.25,25512.25,56.75,-168.75,False
2026-01-14,2026-01-08,5m,L0,25597.5,2026-01-14 10:09:00-05:00,10,25588.25,25504.0,106.75,-118.75,False
2026-01-14,2026-01-08,5m,L25,25617.1875,2026-01-14 10:11:00-05:00,10,25613.0,25504.75,82.0,-143.5,False
2026-01-14,2026-01-08,5m,L50,25636.875,2026-01-14 10:11:00-05:00,10,25613.0,25504.75,82.0,-143.5,True
2026-01-14,2026-01-08,5m,L75,25656.5625,2026-01-14 10:12:00-05:00,10,25638.25,25512.25,56.75,-168.75,True
2026-01-14,2026-01-08,5m,L100,25676.25,2026-01-14 10:14:00-05:00,10,25674.0,25499.5,21.0,-204.5,True
2026-01-14,2026-01-09,1h,L0,25648.25,2026-01-14 10:12:00-05:00,10,25638.25,25512.25,56.75,-168.75,False
2026-01-14,2026-01-09,1h,L25,25692.375,2026-01-14 10:15:00-05:00,10,25674.0,25505.0,21.0,-204.5,False
2026-01-14,2026-01-09,5m,L0,25673.25,2026-01-14 10:14:00-05:00,10,25674.0,25499.5,21.0,-204.5,False
2026-01-14,2026-01-09,5m,L25,25697.375,2026-01-14 10:18:00-05:00,10,25688.75,25496.5,6.25,-219.25,False
2026-01-15,2026-01-08,1h,L50,25704.25,2026-01-15 15:19:00-05:00,15,25708.75,25719.0,21.25,-28.0,True
2026-01-15,2026-01-08,1h,L75,25757.625,2026-01-15 14:31:00-05:00,14,25761.25,25701.0,43.5,-71.0,True
2026-01-15,2026-01-08,1h,L100,25811.0,2026-01-15 10:50:00-05:00,10,25823.75,25924.75,108.0,-20.25,False
2026-01-15,2026-01-08,5m,L100,25676.25,2026-01-15 15:50:00-05:00,15,25700.25,25719.0,19.75,-19.5,False
2026-01-15,2026-01-09,1h,L25,25692.375,2026-01-15 15:21:00-05:00,15,25711.25,25719.0,16.5,-30.5,True
2026-01-15,2026-01-09,1h,L50,25736.5,2026-01-15 15:00:00-05:00,15,25742.0,25719.0,29.75,-61.25,True
2026-01-15,2026-01-09,1h,L75,25780.625,2026-01-15 14:30:00-05:00,14,25768.0,25709.75,36.75,-77.75,True
2026-01-15,2026-01-09,1h,L100,25824.75,2026-01-15 10:46:00-05:00,10,25826.75,25914.0,105.0,-23.25,False
2026-01-15,2026-01-09,5m,L25,25697.375,2026-01-15 15:20:00-05:00,15,25714.75,25719.0,13.0,-34.0,False
2026-01-15,2026-01-09,5m,L50,25721.5,2026-01-15 15:17:00-05:00,15,25731.25,25719.0,7.5,-50.5,True
2026-01-15,2026-01-09,5m,L75,25745.625,2026-01-15 14:56:00-05:00,14,25750.0,25701.0,21.75,-69.25,True
2026-01-15,2026-01-09,5m,L100,25769.75,2026-01-15 14:30:00-05:00,14,25768.0,25709.75,36.75,-77.75,True
2026-01-15,2026-01-12,1h,L0,25719.75,2026-01-15 15:17:00-05:00,15,25731.25,25719.0,7.5,-50.5,False
2026-01-15,2026-01-12,1h,L25,25771.0,2026-01-15 14:30:00-05:00,14,25768.0,25709.75,36.75,-77.75,False
2026-01-15,2026-01-12,1h,L50,25822.25,2026-01-15 10:46:00-05:00,10,25826.75,25914.0,105.0,-23.25,True
2026-01-15,2026-01-12,1h,L75,25873.5,2026-01-15 10:00:00-05:00,10,25873.5,25892.0,52.25,-70.0,False
2026-01-15,2026-01-12,1h,L100,25924.75,2026-01-15 10:35:00-05:00,10,25913.25,25893.75,18.5,-109.75,True
2026-01-15,2026-01-12,5m,L0,25834.25,2026-01-15 10:07:00-05:00,10,25847.75,25908.0,78.0,-44.25,True
2026-01-15,2026-01-12,5m,L25,25844.4375,2026-01-15 10:07:00-05:00,10,25847.75,25908.0,78.0,-44.25,True
2026-01-15,2026-01-12,5m,L50,25854.625,2026-01-15 10:00:00-05:00,10,25873.5,25892.0,52.25,-70.0,True
2026-01-15,2026-01-12,5m,L75,25864.8125,2026-01-15 10:00:00-05:00,10,25873.5,25892.0,52.25,-70.0,False
2026-01-15,2026-01-12,5m,L100,25875.0,2026-01-15 10:00:00-05:00,10,25873.5,25892.0,52.25,-70.0,False
2026-01-15,2026-01-13,1h,L0,25930.75,2026-01-15 10:37:00-05:00,10,25916.5,25909.25,15.25,-113.0,False
2026-01-15,2026-01-14,1h,L50,25684.75,2026-01-15 15:39:00-05:00,15,25706.5,25719.0,17.0,-25.75,True
2026-01-15,2026-01-14,1h,L75,25738.0,2026-01-15 15:00:00-05:00,15,25742.0,25719.0,29.75,-61.25,True
2026-01-15,2026-01-14,1h,L100,25791.25,2026-01-15 14:26:00-05:00,14,25800.75,25697.5,15.25,-110.5,True
2026-01-16,2026-01-09,1h,L0,25648.25,2026-01-16 10:33:00-05:00,10,25664.0,25730.75,74.25,-73.75,True
2026-01-16,2026-01-09,1h,L25,25692.375,2026-01-16 10:18:00-05:00,10,25697.25,25694.0,32.0,-107.0,False
2026-01-16,2026-01-09,1h,L50,25736.5,2026-01-16 10:00:00-05:00,10,25727.25,25683.5,38.25,-137.0,True
2026-01-16,2026-01-09,5m,L0,25673.25,2026-01-16 10:19:00-05:00,10,25676.25,25698.0,53.0,-86.0,True
2026-01-16,2026-01-09,5m,L25,25697.375,2026-01-16 10:18:00-05:00,10,25697.25,25694.0,32.0,-107.0,False
2026-01-16,2026-01-09,5m,L50,25721.5,2026-01-16 10:00:00-05:00,10,25727.25,25683.5,38.25,-137.0,True
2026-01-16,2026-01-09,5m,L75,25745.625,2026-01-16 10:03:00-05:00,10,25747.25,25667.5,18.25,-157.0,True
2026-01-16,2026-01-09,5m,L100,25769.75,2026-01-16 10:07:00-05:00,10,25747.75,25676.75,17.75,-157.5,True
2026-01-16,2026-01-12,1h,L0,25719.75,2026-01-16 10:00:00-05:00,10,25727.25,25683.5,38.25,-137.0,False
2026-01-16,2026-01-14,1h,L25,25631.5,2026-01-16 10:36:00-05:00,10,25632.25,25731.75,106.0,-42.0,True
2026-01-16,2026-01-14,1h,L50,25684.75,2026-01-16 10:19:00-05:00,10,25676.25,25698.0,53.0,-86.0,True
2026-01-16,2026-01-14,1h,L75,25738.0,2026-01-16 10:00:00-05:00,10,25727.25,25683.5,38.25,-137.0,True
2026-01-16,2026-01-14,5m,L0,25614.0,2026-01-16 10:40:00-05:00,10,25617.5,25732.25,120.75,-27.25,True
2026-01-16,2026-01-14,5m,L25,25629.0625,2026-01-16 10:36:00-05:00,10,25632.25,25731.75,106.0,-42.0,True
2026-01-16,2026-01-14,5m,L50,25644.125,2026-01-16 10:34:00-05:00,10,25657.5,25714.0,80.75,-67.25,True
2026-01-16,2026-01-14,5m,L75,25659.1875,2026-01-16 10:29:00-05:00,10,25669.0,25716.75,50.75,-78.75,False
2026-01-16,2026-01-14,5m,L100,25674.25,2026-01-16 10:19:00-05:00,10,25676.25,25698.0,53.0,-86.0,False
2026-01-20,2026-01-19,1h,L0,25236.25,2026-01-20 13:30:00-05:00,13,25243.0,25148.0,13.5,-96.75,False
2026-01-20,2026-01-19,1h,L25,25264.0625,2026-01-20 10:08:00-05:00,10,25270.0,25388.0,147.75,-16.0,True
2026-01-20,2026-01-19,1h,L50,25291.875,2026-01-20 10:01:00-05:00,10,25305.0,25403.25,112.75,-51.0,True
2026-01-20,2026-01-19,1h,L75,25319.6875,2026-01-20 10:00:00-05:00,10,25303.0,25375.75,114.75,-49.0,False
2026-01-20,2026-01-19,1h,L100,25347.5,2026-01-20 10:22:00-05:00,10,25347.5,25393.0,80.75,-34.25,False
2026-01-20,2026-01-19,5m,L0,25236.25,2026-01-20 13:30:00-05:00,13,25243.0,25148.0,13.5,-96.75,False
2026-01-20,2026-01-19,5m,L25,25243.6875,2026-01-20 13:27:00-05:00,13,25252.75,25157.25,6.25,-103.5,False
2026-01-20,2026-01-19,5m,L50,25251.125,2026-01-20 10:20:00-05:00,10,25267.5,25385.0,160.75,-13.5,True
2026-01-20,2026-01-19,5m,L75,25258.5625,2026-01-20 10:08:00-05:00,10,25270.0,25388.0,147.75,-16.0,False
2026-01-20,2026-01-19,5m,L100,25266.0,2026-01-20 10:02:00-05:00,10,25292.5,25388.5,125.25,-38.5,False
2026-01-21,2026-01-14,1h,L0,25578.25,2026-01-21 14:45:00-05:00,14,25588.5,25478.25,64.75,-141.25,False
2026-01-21,2026-01-14,1h,L25,25631.5,2026-01-21 14:50:00-05:00,14,25616.75,25465.5,36.5,-171.0,False
2026-01-21,2026-01-14,5m,L0,25614.0,2026-01-21 14:47:00-05:00,14,25611.25,25487.25,42.0,-164.0,False
2026-01-21,2026-01-14,5m,L25,25629.0625,2026-01-21 14:50:00-05:00,14,25616.75,25465.5,36.5,-171.0,False
2026-01-21,2026-01-14,5m,L50,25644.125,2026-01-21 14:50:00-05:00,14,25616.75,25465.5,36.5,-171.0,True
2026-01-21,2026-01-19,1h,L0,25236.25,2026-01-21 11:55:00-05:00,11,25242.0,25230.75,29.25,-99.25,False
2026-01-21,2026-01-19,1h,L25,25264.0625,2026-01-21 11:47:00-05:00,11,25278.25,25189.0,31.75,-135.5,False
2026-01-21,2026-01-19,1h,L50,25291.875,2026-01-21 10:10:00-05:00,10,25302.0,25468.0,186.0,-9.0,True
2026-01-21,2026-01-19,1h,L75,25319.6875,2026-01-21 10:00:00-05:00,10,25328.75,25469.25,159.25,-35.75,False
2026-01-21,2026-01-19,1h,L100,25347.5,2026-01-21 10:15:00-05:00,10,25335.25,25459.0,161.25,-17.0,False
2026-01-21,2026-01-19,5m,L0,25236.25,2026-01-21 11:55:00-05:00,11,25242.0,25230.75,29.25,-99.25,False
2026-01-21,2026-01-19,5m,L25,25243.6875,2026-01-21 11:55:00-05:00,11,25242.0,25230.75,29.25,-99.25,False
2026-01-21,2026-01-19,5m,L50,25251.125,2026-01-21 11:52:00-05:00,11,25260.25,25223.25,14.75,-117.5,True
2026-01-21,2026-01-19,5m,L75,25258.5625,2026-01-21 11:51:00-05:00,11,25258.5,25205.5,37.0,-115.75,True
2026-01-21,2026-01-19,5m,L100,25266.0,2026-01-21 11:47:00-05:00,11,25278.25,25189.0,31.75,-135.5,True
2026-01-21,2026-01-20,1h,L0,25201.25,2026-01-21 12:05:00-05:00,12,25205.0,25173.0,55.75,-62.25,False
2026-01-21,2026-01-20,1h,L25,25243.1875,2026-01-21 11:55:00-05:00,11,25242.0,25230.75,29.25,-99.25,False
2026-01-21,2026-01-20,1h,L50,25285.125,2026-01-21 11:45:00-05:00,11,25286.75,25176.0,23.25,-144.0,True
2026-01-21,2026-01-20,1h,L75,25327.0625,2026-01-21 10:00:00-05:00,10,25328.75,25469.25,159.25,-35.75,False
2026-01-21,2026-01-20,1h,L100,25369.0,2026-01-21 10:16:00-05:00,10,25366.75,25472.25,129.75,-48.5,False
2026-01-21,2026-01-20,5m,L0,25267.5,2026-01-21 11:46:00-05:00,11,25283.5,25194.0,26.5,-140.75,False
2026-01-21,2026-01-20,5m,L25,25284.3125,2026-01-21 11:45:00-05:00,11,25286.75,25176.0,23.25,-144.0,False
2026-01-21,2026-01-20,5m,L50,25301.125,2026-01-21 10:10:00-05:00,10,25302.0,25468.0,186.0,-9.0,True
2026-01-21,2026-01-20,5m,L75,25317.9375,2026-01-21 10:00:00-05:00,10,25328.75,25469.25,159.25,-35.75,False
2026-01-21,2026-01-20,5m,L100,25334.75,2026-01-21 10:00:00-05:00,10,25328.75,25469.25,159.25,-35.75,False
2026-01-22,2026-01-16,1h,L0,25726.25,2026-01-22 13:08:00-05:00,13,25715.75,25687.75,5.5,-49.25,False
2026-01-23,2026-01-16,1h,L0,25726.25,2026-01-23 10:20:00-05:00,10,25714.5,25815.0,131.0,-43.0,True
2026-01-23,2026-01-16,1h,L25,25767.5,2026-01-23 10:25:00-05:00,10,25755.75,25814.5,89.75,-21.25,True
2026-01-23,2026-01-16,1h,L50,25808.75,2026-01-23 10:49:00-05:00,10,25810.25,25821.5,35.25,-49.5,True
2026-01-23,2026-01-16,1h,L75,25850.0,2026-01-23 11:04:00-05:00,11,25842.0,25794.25,3.5,-81.25,True
2026-01-23,2026-01-16,5m,L0,25807.0,2026-01-23 10:48:00-05:00,10,25802.5,25816.25,43.0,-41.75,True
2026-01-23,2026-01-16,5m,L25,25818.5,2026-01-23 10:49:00-05:00,10,25810.25,25821.5,35.25,-49.5,True
2026-01-23,2026-01-16,5m,L50,25830.0,2026-01-23 10:56:00-05:00,10,25820.75,25805.0,24.75,-60.0,True
2026-01-23,2026-01-16,5m,L75,25841.5,2026-01-23 11:01:00-05:00,11,25834.75,25771.0,10.75,-74.0,True
2026-01-23,2026-01-22,1h,L75,25693.0,2026-01-23 10:02:00-05:00,10,25693.0,25833.5,147.25,-21.5,False
2026-01-23,2026-01-22,1h,L100,25739.25,2026-01-23 10:22:00-05:00,10,25750.25,25810.75,95.25,-27.75,False
2026-01-23,2026-01-22,5m,L100,25659.0,2026-01-23 10:00:00-05:00,10,25676.25,25833.75,159.5,-13.75,False
2026-01-29,2026-01-22,1h,L0,25554.25,2026-01-29 10:51:00-05:00,10,25559.75,25712.0,179.75,-23.75,True
2026-01-29,2026-01-22,1h,L25,25600.5,2026-01-29 10:49:00-05:00,10,25602.5,25718.0,137.0,-66.5,True
2026-01-29,2026-01-22,1h,L50,25646.75,2026-01-29 10:40:00-05:00,10,25635.0,25709.75,83.25,-99.0,True
2026-01-29,2026-01-22,1h,L75,25693.0,2026-01-29 10:32:00-05:00,10,25698.5,25686.0,22.5,-162.5,True
2026-01-29,2026-01-22,1h,L100,25739.25,2026-01-29 10:14:00-05:00,10,25721.0,25662.5,101.0,-185.0,True
2026-01-29,2026-01-22,5m,L0,25556.75,2026-01-29 10:51:00-05:00,10,25559.75,25712.0,179.75,-23.75,True
2026-01-29,2026-01-22,5m,L25,25582.3125,2026-01-29 10:50:00-05:00,10,25575.75,25721.5,163.75,-39.75,True
2026-01-29,2026-01-22,5m,L50,25607.875,2026-01-29 10:43:00-05:00,10,25616.75,25715.25,115.0,-80.75,True
2026-01-29,2026-01-22,5m,L75,25633.4375,2026-01-29 10:40:00-05:00,10,25635.0,25709.75,83.25,-99.0,False
2026-01-29,2026-01-22,5m,L100,25659.0,2026-01-29 10:36:00-05:00,10,25670.25,25676.0,44.0,-134.25,False
2026-01-29,2026-01-23,1h,L0,25556.75,2026-01-29 10:51:00-05:00,10,25559.75,25712.0,179.75,-23.75,True
2026-01-29,2026-01-23,1h,L25,25586.0625,2026-01-29 10:50:00-05:00,10,25575.75,25721.5,163.75,-39.75,True
2026-01-29,2026-01-23,1h,L50,25615.375,2026-01-29 10:42:00-05:00,10,25630.0,25717.5,89.75,-94.0,True
2026-01-29,2026-01-23,1h,L75,25644.6875,2026-01-29 10:40:00-05:00,10,25635.0,25709.75,83.25,-99.0,False
2026-01-29,2026-01-23,1h,L100,25674.0,2026-01-29 10:35:00-05:00,10,25698.0,25673.25,16.25,-162.0,True
2026-01-29,2026-01-23,5m,L0,25579.5,2026-01-29 10:50:00-05:00,10,25575.75,25721.5,163.75,-39.75,True
2026-01-29,2026-01-23,5m,L25,25593.6875,2026-01-29 10:49:00-05:00,10,25602.5,25718.0,137.0,-66.5,True
2026-01-29,2026-01-23,5m,L50,25607.875,2026-01-29 10:43:00-05:00,10,25616.75,25715.25,115.0,-80.75,True
2026-01-29,2026-01-23,5m,L75,25622.0625,2026-01-29 10:42:00-05:00,10,25630.0,25717.5,89.75,-94.0,False
2026-01-29,2026-01-23,5m,L100,25636.25,2026-01-29 10:40:00-05:00,10,25635.0,25709.75,83.25,-99.0,False
2026-01-29,2026-01-26,1h,L0,25704.25,2026-01-29 10:31:00-05:00,10,25713.75,25682.5,39.75,-177.75,False
2026-01-29,2026-01-26,1h,L25,25741.5625,2026-01-29 10:14:00-05:00,10,25721.0,25662.5,101.0,-185.0,False
2026-01-29,2026-01-26,1h,L50,25778.875,2026-01-29 10:02:00-05:00,10,25787.75,25568.0,38.25,-251.75,True
2026-01-29,2026-01-26,1h,L75,25816.1875,2026-01-29 10:00:00-05:00,10,25808.75,25593.75,59.75,-272.75,True
2026-01-29,2026-01-26,1h,L100,25853.5,2026-01-29 10:00:00-05:00,10,25808.75,25593.75,59.75,-272.75,True
2026-01-29,2026-01-26,5m,L0,25800.75,2026-01-29 10:00:00-05:00,10,25808.75,25593.75,59.75,-272.75,False
2026-01-29,2026-01-26,5m,L25,25809.3125,2026-01-29 10:00:00-05:00,10,25808.75,25593.75,59.75,-272.75,False
2026-01-29,2026-01-26,5m,L50,25817.875,2026-01-29 10:00:00-05:00,10,25808.75,25593.75,59.75,-272.75,True
2026-01-29,2026-01-26,5m,L75,25826.4375,2026-01-29 10:00:00-05:00,10,25808.75,25593.75,59.75,-272.75,True
2026-01-29,2026-01-26,5m,L100,25835.0,2026-01-29 10:00:00-05:00,10,25808.75,25593.75,59.75,-272.75,True
2026-01-29,2026-01-27,1h,L0,25917.25,2026-01-29 15:39:00-05:00,15,25910.25,25992.25,109.75,-8.5,True
2026-01-29,2026-01-27,1h,L25,25953.1875,2026-01-29 15:50:00-05:00,15,25957.25,25992.25,62.75,-31.75,True
2026-01-29,2026-01-27,1h,L50,25989.125,2026-01-29 15:54:00-05:00,15,25984.75,25992.25,35.25,-21.75,True
2026-01-29,2026-01-27,5m,L0,25958.75,2026-01-29 15:50:00-05:00,15,25957.25,25992.25,62.75,-31.75,True
2026-01-29,2026-01-27,5m,L25,25966.6875,2026-01-29 15:51:00-05:00,15,25958.0,25992.25,62.0,-5.75,True
2026-01-29,2026-01-27,5m,L50,25974.625,2026-01-29 15:53:00-05:00,15,25971.75,25992.25,48.25,-8.75,True
2026-01-29,2026-01-27,5m,L75,25982.5625,2026-01-29 15:54:00-05:00,15,25984.75,25992.25,35.25,-21.75,False
2026-01-29,2026-01-27,5m,L100,25990.5,2026-01-29 15:54:00-05:00,15,25984.75,25992.25,35.25,-21.75,False
2026-01-30,2026-01-23,1h,L25,25586.0625,2026-01-30 13:21:00-05:00,13,25593.75,25758.25,187.5,-25.0,True
2026-01-30,2026-01-23,1h,L50,25615.375,2026-01-30 13:19:00-05:00,13,25618.0,25733.25,163.25,-49.25,True
2026-01-30,2026-01-23,1h,L75,25644.6875,2026-01-30 13:15:00-05:00,13,25650.5,25741.75,130.75,-81.75,False
2026-01-30,2026-01-23,1h,L100,25674.0,2026-01-30 12:59:00-05:00,12,25679.75,25741.25,91.75,-111.0,False
2026-01-30,2026-01-23,5m,L0,25579.5,2026-01-30 13:21:00-05:00,13,25593.75,25758.25,187.5,-25.0,True
2026-01-30,2026-01-23,5m,L25,25593.6875,2026-01-30 13:20:00-05:00,13,25598.0,25748.25,183.25,-29.25,True
2026-01-30,2026-01-23,5m,L50,25607.875,2026-01-30 13:20:00-05:00,13,25598.0,25748.25,183.25,-29.25,True
2026-01-30,2026-01-23,5m,L75,25622.0625,2026-01-30 13:18:00-05:00,13,25626.0,25730.5,155.25,-57.25,False
2026-01-30,2026-01-23,5m,L100,25636.25,2026-01-30 13:16:00-05:00,13,25640.25,25737.75,141.0,-71.5,False
2026-01-30,2026-01-26,1h,L0,25704.25,2026-01-30 12:05:00-05:00,12,25718.75,25700.0,77.0,-53.25,False
2026-01-30,2026-01-26,1h,L25,25741.5625,2026-01-30 11:59:00-05:00,11,25757.5,25679.75,38.25,-79.0,False
2026-01-30,2026-01-26,1h,L50,25778.875,2026-01-30 10:30:00-05:00,10,25779.75,25810.0,154.5,-26.5,True
2026-01-30,2026-01-26,1h,L75,25816.1875,2026-01-30 10:01:00-05:00,10,25853.0,25836.0,81.25,-82.75,True
2026-01-30,2026-01-26,1h,L100,25853.5,2026-01-30 10:00:00-05:00,10,25829.75,25839.0,104.5,-59.5,False
2026-01-30,2026-01-26,5m,L0,25800.75,2026-01-30 10:29:00-05:00,10,25794.25,25798.75,140.0,-41.0,False
2026-01-30,2026-01-26,5m,L25,25809.3125,2026-01-30 10:03:00-05:00,10,25830.75,25845.5,103.5,-60.5,True
2026-01-30,2026-01-26,5m,L50,25817.875,2026-01-30 10:00:00-05:00,10,25829.75,25839.0,104.5,-59.5,True
2026-01-30,2026-01-26,5m,L75,25826.4375,2026-01-30 10:00:00-05:00,10,25829.75,25839.0,104.5,-59.5,False
2026-01-30,2026-01-26,5m,L100,25835.0,2026-01-30 10:00:00-05:00,10,25829.75,25839.0,104.5,-59.5,False
2026-01-30,2026-01-27,1h,L0,25917.25,2026-01-30 10:11:00-05:00,10,25913.25,25830.0,21.0,-143.0,False
2026-01-30,2026-01-29,1h,L0,25858.25,2026-01-30 10:01:00-05:00,10,25853.0,25836.0,81.25,-82.75,False
2026-01-30,2026-01-29,5m,L0,25910.5,2026-01-30 10:07:00-05:00,10,25898.25,25846.75,36.0,-128.0,False
2026-01-30,2026-01-29,5m,L25,25934.875,2026-01-30 10:47:00-05:00,10,25917.75,25811.25,16.5,-164.5,False
2026-02-02,2026-01-26,1h,L25,25741.5625,2026-02-02 10:00:00-05:00,10,25743.25,25825.0,169.0,-29.25,True
2026-02-02,2026-01-26,1h,L50,25778.875,2026-02-02 10:00:00-05:00,10,25743.25,25825.0,169.0,-29.25,True
2026-02-02,2026-01-26,1h,L75,25816.1875,2026-02-02 10:05:00-05:00,10,25814.5,25811.25,97.75,-24.75,False
2026-02-02,2026-01-26,1h,L100,25853.5,2026-02-02 10:12:00-05:00,10,25856.25,25849.75,56.0,-53.0,True
2026-02-02,2026-01-26,5m,L0,25800.75,2026-02-02 10:03:00-05:00,10,25786.0,25828.0,126.25,-15.0,True
2026-02-02,2026-01-26,5m,L25,25809.3125,2026-02-02 10:05:00-05:00,10,25814.5,25811.25,97.75,-24.75,False
2026-02-02,2026-01-26,5m,L50,25817.875,2026-02-02 10:05:00-05:00,10,25814.5,25811.25,97.75,-24.75,False
2026-02-02,2026-01-26,5m,L75,25826.4375,2026-02-02 10:06:00-05:00,10,25823.5,25824.75,88.75,-20.25,False
2026-02-02,2026-01-26,5m,L100,25835.0,2026-02-02 10:07:00-05:00,10,25830.0,25821.75,82.25,-26.75,True
2026-02-02,2026-01-27,1h,L0,25917.25,2026-02-02 10:20:00-05:00,10,25891.75,25873.75,20.5,-88.5,False
2026-02-02,2026-01-27,1h,L25,25953.1875,2026-02-02 13:58:00-05:00,13,25948.0,25907.25,1.0,-68.5,False
2026-02-02,2026-01-29,1h,L0,25858.25,2026-02-02 10:12:00-05:00,10,25856.25,25849.75,56.0,-53.0,False
2026-02-02,2026-01-29,1h,L25,25942.9375,2026-02-02 12:56:00-05:00,12,25933.25,25935.25,8.0,-36.0,False
2026-02-02,2026-01-29,5m,L0,25910.5,2026-02-02 10:20:00-05:00,10,25891.75,25873.75,20.5,-88.5,False
2026-02-02,2026-01-29,5m,L25,25934.875,2026-02-02 12:35:00-05:00,12,25920.5,25924.5,20.75,-23.25,False
2026-02-02,2026-01-30,1h,L0,25805.0,2026-02-02 10:05:00-05:00,10,25814.5,25811.25,97.75,-24.75,False
2026-02-02,2026-01-30,1h,L25,25838.5625,2026-02-02 10:09:00-05:00,10,25832.0,25847.75,80.25,-28.75,True
2026-02-02,2026-01-30,1h,L50,25872.125,2026-02-02 10:14:00-05:00,10,25874.75,25855.5,37.5,-71.5,True
2026-02-02,2026-01-30,1h,L75,25905.6875,2026-02-02 10:19:00-05:00,10,25903.5,25873.75,8.75,-100.25,True
2026-02-02,2026-01-30,1h,L100,25939.25,2026-02-02 12:55:00-05:00,12,25935.0,25930.75,6.25,-37.75,False
2026-02-02,2026-01-30,5m,L0,25838.25,2026-02-02 10:07:00-05:00,10,25830.0,25821.75,82.25,-26.75,False
2026-02-02,2026-01-30,5m,L25,25853.625,2026-02-02 10:12:00-05:00,10,25856.25,25849.75,56.0,-53.0,False
2026-02-02,2026-01-30,5m,L50,25869.0,2026-02-02 10:13:00-05:00,10,25865.75,25851.25,46.5,-62.5,True
2026-02-02,2026-01-30,5m,L75,25884.375,2026-02-02 10:17:00-05:00,10,25883.25,25855.0,29.0,-80.0,True
2026-02-02,2026-01-30,5m,L100,25899.75,2026-02-02 10:19:00-05:00,10,25903.5,25873.75,8.75,-100.25,True
2026-02-03,2026-02-02,1h,L0,25519.5,2026-02-03 10:23:00-05:00,10,25523.75,25507.0,108.0,-53.5,False
2026-02-03,2026-02-02,1h,L25,25589.4375,2026-02-03 10:00:00-05:00,10,25610.25,25603.75,37.0,-140.0,False
2026-02-06,2026-02-04,1h,L0,25186.0,2026-02-06 15:50:00-05:00,15,25189.5,25147.0,32.0,-46.25,False
2026-02-06,2026-02-05,1h,L50,24806.5,2026-02-06 10:01:00-05:00,10,24818.5,24916.5,143.75,-76.5,True
2026-02-06,2026-02-05,1h,L75,24883.875,2026-02-06 10:21:00-05:00,10,24880.5,25031.0,151.25,-74.25,False
2026-02-06,2026-02-05,1h,L100,24961.25,2026-02-06 10:46:00-05:00,10,24954.75,25029.5,97.0,-134.75,False
2026-02-06,2026-02-05,5m,L0,24872.5,2026-02-06 10:11:00-05:00,10,24846.25,24997.25,152.5,-104.25,True
2026-02-06,2026-02-05,5m,L25,24889.875,2026-02-06 10:21:00-05:00,10,24880.5,25031.0,151.25,-74.25,True
2026-02-06,2026-02-05,5m,L50,24907.25,2026-02-06 10:22:00-05:00,10,24895.25,25012.5,141.25,-89.0,True
2026-02-06,2026-02-05,5m,L75,24924.625,2026-02-06 10:33:00-05:00,10,24917.25,25026.75,119.25,-97.25,False
2026-02-06,2026-02-05,5m,L100,24942.0,2026-02-06 10:42:00-05:00,10,24934.75,25038.5,117.0,-114.75,False
2026-02-09,2026-02-04,1h,L0,25186.0,2026-02-09 10:06:00-05:00,10,25198.25,25318.0,130.75,-32.25,True
2026-02-09,2026-02-04,1h,L25,25236.8125,2026-02-09 10:15:00-05:00,10,25228.75,25331.75,109.25,-62.75,True
2026-02-09,2026-02-04,1h,L50,25287.625,2026-02-09 10:49:00-05:00,10,25290.0,25384.25,100.5,-30.25,True
2026-02-09,2026-02-04,1h,L75,25338.4375,2026-02-09 11:12:00-05:00,11,25327.5,25414.75,89.25,-13.75,False
2026-02-09,2026-02-04,1h,L100,25389.25,2026-02-09 11:46:00-05:00,11,25384.75,25379.75,32.0,-11.75,False
2026-02-09,2026-02-04,5m,L0,25291.0,2026-02-09 10:49:00-05:00,10,25290.0,25384.25,100.5,-30.25,True
2026-02-09,2026-02-04,5m,L25,25311.1875,2026-02-09 10:56:00-05:00,10,25319.25,25398.5,83.5,-25.75,True
2026-02-09,2026-02-04,5m,L50,25331.375,2026-02-09 10:57:00-05:00,10,25327.25,25401.75,75.5,-21.75,True
2026-02-09,2026-02-04,5m,L75,25351.5625,2026-02-09 11:26:00-05:00,11,25344.5,25385.5,72.25,-13.5,False
2026-02-09,2026-02-04,5m,L100,25371.75,2026-02-09 11:43:00-05:00,11,25362.25,25381.25,54.5,-4.75,False
2026-02-10,2026-02-04,1h,L25,25236.8125,2026-02-10 15:34:00-05:00,15,25245.25,25219.0,20.25,-47.75,False
2026-02-10,2026-02-04,1h,L50,25287.625,2026-02-10 13:29:00-05:00,13,25292.0,25300.0,31.0,-21.0,True
2026-02-10,2026-02-04,1h,L75,25338.4375,2026-02-10 11:22:00-05:00,11,25337.25,25363.5,48.5,-32.25,False
2026-02-10,2026-02-04,1h,L100,25389.25,2026-02-10 10:00:00-05:00,10,25384.75,25386.0,62.25,-37.0,False
2026-02-10,2026-02-04,5m,L0,25291.0,2026-02-10 13:27:00-05:00,13,25299.25,25293.0,23.75,-28.25,False
2026-02-10,2026-02-04,5m,L25,25311.1875,2026-02-10 12:01:00-05:00,12,25313.5,25368.0,84.25,-8.5,True
2026-02-10,2026-02-04,5m,L50,25331.375,2026-02-10 11:22:00-05:00,11,25337.25,25363.5,48.5,-32.25,True
2026-02-10,2026-02-04,5m,L75,25351.5625,2026-02-10 10:14:00-05:00,10,25391.0,25376.75,47.75,-43.25,True
2026-02-10,2026-02-04,5m,L100,25371.75,2026-02-10 10:13:00-05:00,10,25366.25,25378.75,72.5,-18.5,False
2026-02-11,2026-02-04,1h,L0,25186.0,2026-02-11 10:12:00-05:00,10,25177.75,25240.5,93.25,-119.75,True
2026-02-11,2026-02-04,1h,L25,25236.8125,2026-02-11 10:09:00-05:00,10,25236.0,25185.75,35.0,-178.0,False
2026-02-11,2026-02-04,1h,L50,25287.625,2026-02-11 10:02:00-05:00,10,25280.0,25218.0,48.25,-222.0,True
2026-02-11,2026-02-04,1h,L75,25338.4375,2026-02-11 10:01:00-05:00,10,25323.25,25247.5,19.5,-265.25,True
2026-02-11,2026-02-04,5m,L0,25291.0,2026-02-11 10:00:00-05:00,10,25307.75,25237.5,35.0,-249.75,False
2026-02-11,2026-02-04,5m,L25,25311.1875,2026-02-11 10:00:00-05:00,10,25307.75,25237.5,35.0,-249.75,False
2026-02-11,2026-02-04,5m,L50,25331.375,2026-02-11 10:01:00-05:00,10,25323.25,25247.5,19.5,-265.25,True
2026-02-11,2026-02-04,5m,L75,25351.5625,2026-02-11 14:24:00-05:00,14,25345.25,25298.25,15.5,-63.75,True
2026-02-11,2026-02-09,1h,L50,25072.0,2026-02-11 10:24:00-05:00,10,25076.0,25265.75,199.25,-18.0,True
2026-02-11,2026-02-09,1h,L75,25130.25,2026-02-11 10:18:00-05:00,10,25163.5,25229.5,107.5,-105.5,False
2026-02-11,2026-02-09,1h,L100,25188.5,2026-02-11 10:12:00-05:00,10,25177.75,25240.5,93.25,-119.75,False
2026-02-11,2026-02-09,5m,L0,25122.0,2026-02-11 10:19:00-05:00,10,25133.5,25249.25,137.5,-75.5,True
2026-02-11,2026-02-09,5m,L25,25138.625,2026-02-11 10:13:00-05:00,10,25153.0,25254.75,118.0,-95.0,True
2026-02-11,2026-02-09,5m,L50,25155.25,2026-02-11 10:13:00-05:00,10,25153.0,25254.75,118.0,-95.0,True
2026-02-11,2026-02-09,5m,L75,25171.875,2026-02-11 10:12:00-05:00,10,25177.75,25240.5,93.25,-119.75,False
2026-02-11,2026-02-09,5m,L100,25188.5,2026-02-11 10:12:00-05:00,10,25177.75,25240.5,93.25,-119.75,False
2026-02-11,2026-02-10,1h,L0,25251.25,2026-02-11 10:08:00-05:00,10,25256.5,25192.75,23.25,-198.5,False
2026-02-11,2026-02-10,1h,L25,25291.0,2026-02-11 10:00:00-05:00,10,25307.75,25237.5,35.0,-249.75,False
2026-02-11,2026-02-10,1h,L50,25330.75,2026-02-11 10:01:00-05:00,10,25323.25,25247.5,19.5,-265.25,True
2026-02-11,2026-02-10,5m,L0,25251.25,2026-02-11 10:08:00-05:00,10,25256.5,25192.75,23.25,-198.5,False
2026-02-11,2026-02-10,5m,L25,25267.1875,2026-02-11 10:05:00-05:00,10,25293.5,25205.75,7.0,-235.5,False
2026-02-11,2026-02-10,5m,L50,25283.125,2026-02-11 10:02:00-05:00,10,25280.0,25218.0,48.25,-222.0,True
2026-02-11,2026-02-10,5m,L75,25299.0625,2026-02-11 10:00:00-05:00,10,25307.75,25237.5,35.0,-249.75,True
2026-02-11,2026-02-10,5m,L100,25315.0,2026-02-11 10:00:00-05:00,10,25307.75,25237.5,35.0,-249.75,True
2026-02-12,2026-02-05,1h,L25,24729.125,2026-02-12 15:51:00-05:00,15,24726.0,24764.0,60.75,-4.5,True
2026-02-12,2026-02-05,1h,L50,24806.5,2026-02-12 11:29:00-05:00,11,24818.75,24871.25,104.75,-13.25,True
2026-02-12,2026-02-05,1h,L75,24883.875,2026-02-12 11:19:00-05:00,11,24908.75,24834.75,11.25,-103.25,True
2026-02-12,2026-02-05,1h,L100,24961.25,2026-02-12 11:06:00-05:00,11,24961.5,24895.5,24.0,-156.0,True
2026-02-12,2026-02-05,5m,L0,24872.5,2026-02-12 11:20:00-05:00,11,24875.5,24868.75,44.5,-70.0,False
2026-02-12,2026-02-05,5m,L25,24889.875,2026-02-12 11:18:00-05:00,11,24890.25,24843.25,38.75,-84.75,False
2026-02-12,2026-02-05,5m,L50,24907.25,2026-02-12 11:15:00-05:00,11,24912.75,24846.5,38.0,-107.25,True
2026-02-12,2026-02-05,5m,L75,24924.625,2026-02-12 11:13:00-05:00,11,24936.0,24860.75,15.5,-130.5,True
2026-02-12,2026-02-05,5m,L100,24942.0,2026-02-12 11:07:00-05:00,11,24964.5,24892.25,21.0,-159.0,True
2026-02-12,2026-02-06,1h,L25,24771.375,2026-02-12 15:48:00-05:00,15,24772.0,24764.0,14.75,-50.5,False
2026-02-12,2026-02-06,1h,L50,24842.25,2026-02-12 11:25:00-05:00,11,24846.75,24894.5,73.25,-41.25,True
2026-02-12,2026-02-06,1h,L75,24913.125,2026-02-12 11:15:00-05:00,11,24912.75,24846.5,38.0,-107.25,True
2026-02-12,2026-02-06,1h,L100,24984.0,2026-02-12 11:04:00-05:00,11,24999.5,24881.5,19.0,-194.0,True
2026-02-12,2026-02-06,5m,L0,24897.5,2026-02-12 11:16:00-05:00,11,24913.5,24868.5,27.0,-108.0,False
2026-02-12,2026-02-06,5m,L25,24910.625,2026-02-12 11:15:00-05:00,11,24912.75,24846.5,38.0,-107.25,False
2026-02-12,2026-02-06,5m,L50,24923.75,2026-02-12 11:13:00-05:00,11,24936.0,24860.75,15.5,-130.5,True
2026-02-12,2026-02-06,5m,L75,24936.875,2026-02-12 11:10:00-05:00,11,24942.5,24863.75,27.25,-137.0,True
2026-02-12,2026-02-06,5m,L100,24950.0,2026-02-12 11:07:00-05:00,11,24964.5,24892.25,21.0,-159.0,True
2026-02-12,2026-02-09,1h,L0,24955.5,2026-02-12 11:06:00-05:00,11,24961.5,24895.5,24.0,-156.0,False
2026-02-12,2026-02-09,1h,L25,25013.75,2026-02-12 10:58:00-05:00,10,25020.25,24872.25,21.25,-214.75,False
2026-02-12,2026-02-09,1h,L50,25072.0,2026-02-12 10:53:00-05:00,10,25081.0,24860.0,13.25,-275.5,True
2026-02-12,2026-02-09,1h,L75,25130.25,2026-02-12 10:38:00-05:00,10,25135.0,24884.25,13.0,-329.5,True
2026-02-12,2026-02-09,1h,L100,25188.5,2026-02-12 10:00:00-05:00,10,25187.75,25014.5,72.5,-186.75,True
2026-02-12,2026-02-09,5m,L0,25122.0,2026-02-12 10:38:00-05:00,10,25135.0,24884.25,13.0,-329.5,False
2026-02-12,2026-02-09,5m,L25,25138.625,2026-02-12 10:38:00-05:00,10,25135.0,24884.25,13.0,-329.5,False
2026-02-12,2026-02-09,5m,L50,25155.25,2026-02-12 10:36:00-05:00,10,25159.0,24911.0,17.0,-353.5,True
2026-02-12,2026-02-09,5m,L75,25171.875,2026-02-12 10:08:00-05:00,10,25177.0,24974.5,83.25,-234.0,True
2026-02-12,2026-02-09,5m,L100,25188.5,2026-02-12 10:00:00-05:00,10,25187.75,25014.5,72.5,-186.75,True
2026-02-12,2026-02-10,1h,L0,25251.25,2026-02-12 10:02:00-05:00,10,25238.75,25002.0,21.5,-246.75,False
2026-02-12,2026-02-10,5m,L0,25251.25,2026-02-12 10:02:00-05:00,10,25238.75,25002.0,21.5,-246.75,False
2026-02-13,2026-02-06,1h,L0,24700.5,2026-02-13 10:00:00-05:00,10,24753.0,24823.25,176.25,-61.25,True
2026-02-13,2026-02-06,1h,L25,24771.375,2026-02-13 10:01:00-05:00,10,24753.25,24833.75,176.0,-49.25,True
2026-02-13,2026-02-06,1h,L50,24842.25,2026-02-13 10:27:00-05:00,10,24841.0,24855.5,88.25,-120.75,True
2026-02-13,2026-02-06,1h,L75,24913.125,2026-02-13 10:33:00-05:00,10,24924.5,24868.0,4.75,-204.25,True
2026-02-13,2026-02-06,1h,L100,24984.0,2026-02-13 12:31:00-05:00,12,24984.25,24972.0,9.75,-83.75,True
2026-02-13,2026-02-06,5m,L0,24897.5,2026-02-13 10:30:00-05:00,10,24894.5,24854.5,34.75,-174.25,False
2026-02-13,2026-02-06,5m,L25,24910.625,2026-02-13 10:33:00-05:00,10,24924.5,24868.0,4.75,-204.25,False
2026-02-13,2026-02-06,5m,L50,24923.75,2026-02-13 10:33:00-05:00,10,24924.5,24868.0,4.75,-204.25,True
2026-02-13,2026-02-06,5m,L75,24936.875,2026-02-13 11:56:00-05:00,11,24925.5,24958.25,68.5,-42.25,False
2026-02-13,2026-02-06,5m,L100,24950.0,2026-02-13 12:14:00-05:00,12,24952.25,24943.5,41.75,-51.75,True
2026-02-13,2026-02-09,1h,L0,24955.5,2026-02-13 12:14:00-05:00,12,24952.25,24943.5,41.75,-51.75,False
2026-02-16,2026-02-13,1h,L50,24714.25,2026-02-16 10:25:00-05:00,10,24723.0,24707.25,31.0,-45.25,True
2026-02-16,2026-02-13,1h,L75,24782.0,2026-02-16 10:00:00-05:00,10,24788.25,24693.0,9.25,-110.5,True
2026-02-16,2026-02-13,5m,L0,24708.0,2026-02-16 10:29:00-05:00,10,24709.75,24727.5,44.25,-32.0,True
2026-02-16,2026-02-13,5m,L25,24743.4375,2026-02-16 10:18:00-05:00,10,24748.25,24713.5,13.25,-70.5,False
2026-02-16,2026-02-13,5m,L50,24778.875,2026-02-16 10:00:00-05:00,10,24788.25,24693.0,9.25,-110.5,True
2026-02-17,2026-02-13,1h,L0,24578.75,2026-02-17 10:18:00-05:00,10,24617.0,24772.0,170.0,-167.75,True
2026-02-17,2026-02-13,1h,L25,24646.5,2026-02-17 11:01:00-05:00,11,24652.25,24728.0,144.25,-47.5,True
2026-02-17,2026-02-13,1h,L50,24714.25,2026-02-17 11:08:00-05:00,11,24720.5,24751.75,76.0,-32.5,True
2026-02-17,2026-02-13,1h,L75,24782.0,2026-02-17 11:13:00-05:00,11,24785.25,24706.25,11.25,-99.75,True
2026-02-17,2026-02-13,1h,L100,24849.75,2026-02-17 13:40:00-05:00,13,24849.75,24881.25,37.25,-37.0,False
2026-02-17,2026-02-13,5m,L0,24708.0,2026-02-17 11:07:00-05:00,11,24702.25,24755.5,94.25,-14.25,True
2026-02-17,2026-02-13,5m,L25,24743.4375,2026-02-17 11:10:00-05:00,11,24737.0,24718.0,59.5,-44.0,False
2026-02-17,2026-02-13,5m,L50,24778.875,2026-02-17 11:13:00-05:00,11,24785.25,24706.25,11.25,-99.75,True
2026-02-17,2026-02-13,5m,L75,24814.3125,2026-02-17 13:38:00-05:00,13,24805.5,24861.25,81.5,-15.25,False
2026-02-17,2026-02-13,5m,L100,24849.75,2026-02-17 13:40:00-05:00,13,24849.75,24881.25,37.25,-37.0,False
2026-02-17,2026-02-16,1h,L0,24692.25,2026-02-17 11:05:00-05:00,11,24695.0,24740.5,101.5,-47.75,True
2026-02-17,2026-02-16,1h,L25,24730.5,2026-02-17 11:09:00-05:00,11,24728.0,24728.75,68.5,-35.0,False
2026-02-17,2026-02-16,1h,L50,24768.75,2026-02-17 11:12:00-05:00,11,24752.25,24697.25,44.25,-66.75,True
2026-02-17,2026-02-16,1h,L75,24807.0,2026-02-17 13:34:00-05:00,13,24789.75,24869.75,83.0,-24.75,False
2026-02-17,2026-02-16,1h,L100,24845.25,2026-02-17 13:40:00-05:00,13,24849.75,24881.25,37.25,-37.0,False
2026-02-17,2026-02-16,5m,L0,24692.25,2026-02-17 11:05:00-05:00,11,24695.0,24740.5,101.5,-47.75,True
2026-02-17,2026-02-16,5m,L25,24702.0625,2026-02-17 11:05:00-05:00,11,24695.0,24740.5,101.5,-47.75,True
2026-02-17,2026-02-16,5m,L50,24711.875,2026-02-17 11:07:00-05:00,11,24702.25,24755.5,94.25,-14.25,True
2026-02-17,2026-02-16,5m,L75,24721.6875,2026-02-17 11:08:00-05:00,11,24720.5,24751.75,76.0,-32.5,False
2026-02-17,2026-02-16,5m,L100,24731.5,2026-02-17 11:09:00-05:00,11,24728.0,24728.75,68.5,-35.0,False
2026-02-19,2026-02-13,1h,L75,24782.0,2026-02-19 12:48:00-05:00,12,24793.25,24814.5,46.0,-45.25,False
2026-02-19,2026-02-13,1h,L100,24849.75,2026-02-19 10:00:00-05:00,10,24868.25,24925.25,82.25,-26.0,False
2026-02-19,2026-02-13,5m,L25,24743.4375,2026-02-19 13:20:00-05:00,13,24767.5,24838.5,81.5,-19.5,True
2026-02-19,2026-02-13,5m,L50,24778.875,2026-02-19 12:48:00-05:00,12,24793.25,24814.5,46.0,-45.25,True
2026-02-19,2026-02-13,5m,L75,24814.3125,2026-02-19 11:49:00-05:00,11,24830.5,24797.25,74.5,-47.75,True
2026-02-19,2026-02-13,5m,L100,24849.75,2026-02-19 10:00:00-05:00,10,24868.25,24925.25,82.25,-26.0,False
2026-02-19,2026-02-16,1h,L50,24768.75,2026-02-19 12:53:00-05:00,12,24783.25,24817.5,56.0,-35.25,True
2026-02-19,2026-02-16,1h,L75,24807.0,2026-02-19 11:50:00-05:00,11,24823.75,24804.0,81.25,-41.0,True
2026-02-19,2026-02-16,1h,L100,24845.25,2026-02-19 10:00:00-05:00,10,24868.25,24925.25,82.25,-26.0,False
2026-02-19,2026-02-17,1h,L100,24815.5,2026-02-19 11:49:00-05:00,11,24830.5,24797.25,74.5,-47.75,True
2026-02-19,2026-02-18,1h,L0,24752.0,2026-02-19 13:20:00-05:00,13,24767.5,24838.5,81.5,-19.5,True
2026-02-19,2026-02-18,1h,L25,24803.6875,2026-02-19 11:51:00-05:00,11,24805.75,24803.75,99.25,-23.0,False
2026-02-19,2026-02-18,1h,L50,24855.375,2026-02-19 10:00:00-05:00,10,24868.25,24925.25,82.25,-26.0,True
2026-02-19,2026-02-18,1h,L75,24907.0625,2026-02-19 10:02:00-05:00,10,24910.0,24907.5,40.5,-60.5,False
2026-02-19,2026-02-18,1h,L100,24958.75,2026-02-19 11:20:00-05:00,11,24953.0,24882.75,8.75,-151.25,True
2026-02-19,2026-02-18,5m,L0,24792.5,2026-02-19 12:48:00-05:00,12,24793.25,24814.5,46.0,-45.25,True
2026-02-19,2026-02-18,5m,L25,24814.3125,2026-02-19 11:49:00-05:00,11,24830.5,24797.25,74.5,-47.75,False
2026-02-19,2026-02-18,5m,L50,24836.125,2026-02-19 11:44:00-05:00,11,24843.25,24841.0,61.75,-41.5,False
2026-02-19,2026-02-18,5m,L75,24857.9375,2026-02-19 10:00:00-05:00,10,24868.25,24925.25,82.25,-26.0,False
2026-02-19,2026-02-18,5m,L100,24879.75,2026-02-19 10:00:00-05:00,10,24868.25,24925.25,82.25,-26.0,False
2026-02-20,2026-02-18,1h,L50,24855.375,2026-02-20 10:06:00-05:00,10,24870.5,25123.5,269.25,-12.25,True
2026-02-20,2026-02-18,1h,L75,24907.0625,2026-02-20 10:00:00-05:00,10,24928.0,25103.25,199.75,-69.75,False
2026-02-20,2026-02-18,1h,L100,24958.75,2026-02-20 10:01:00-05:00,10,25063.0,25117.25,64.75,-204.75,False
2026-02-20,2026-02-18,5m,L75,24857.9375,2026-02-20 10:06:00-05:00,10,24870.5,25123.5,269.25,-12.25,False
2026-02-20,2026-02-18,5m,L100,24879.75,2026-02-20 10:00:00-05:00,10,24928.0,25103.25,199.75,-69.75,False
2026-02-20,2026-02-19,1h,L75,24880.625,2026-02-20 10:00:00-05:00,10,24928.0,25103.25,199.75,-69.75,False
2026-02-20,2026-02-19,1h,L100,24920.0,2026-02-20 10:00:00-05:00,10,24928.0,25103.25,199.75,-69.75,False
2026-02-23,2026-02-16,1h,L0,24692.25,2026-02-23 11:04:00-05:00,11,24709.25,24743.75,80.25,-41.5,True
2026-02-23,2026-02-16,1h,L25,24730.5,2026-02-23 11:01:00-05:00,11,24733.5,24753.5,56.0,-65.75,True
2026-02-23,2026-02-16,1h,L50,24768.75,2026-02-23 10:52:00-05:00,10,24779.0,24758.75,44.75,-111.25,True
2026-02-23,2026-02-16,1h,L75,24807.0,2026-02-23 10:52:00-05:00,10,24779.0,24758.75,44.75,-111.25,True
2026-02-23,2026-02-16,1h,L100,24845.25,2026-02-23 10:05:00-05:00,10,24850.5,24696.0,79.25,-162.5,True
2026-02-23,2026-02-16,5m,L0,24692.25,2026-02-23 11:04:00-05:00,11,24709.25,24743.75,80.25,-41.5,True
2026-02-23,2026-02-16,5m,L25,24702.0625,2026-02-23 11:04:00-05:00,11,24709.25,24743.75,80.25,-41.5,True
2026-02-23,2026-02-16,5m,L50,24711.875,2026-02-23 11:03:00-05:00,11,24709.25,24734.25,80.25,-41.5,True
2026-02-23,2026-02-16,5m,L75,24721.6875,2026-02-23 11:02:00-05:00,11,24724.5,24744.5,65.0,-56.75,False
2026-02-23,2026-02-16,5m,L100,24731.5,2026-02-23 11:01:00-05:00,11,24733.5,24753.5,56.0,-65.75,False
2026-02-23,2026-02-17,1h,L75,24730.5625,2026-02-23 11:01:00-05:00,11,24733.5,24753.5,56.0,-65.75,False
2026-02-23,2026-02-17,1h,L100,24815.5,2026-02-23 10:44:00-05:00,10,24829.0,24764.75,23.25,-161.25,True
2026-02-23,2026-02-17,5m,L50,24666.25,2026-02-23 11:13:00-05:00,11,24689.75,24736.0,99.75,-22.0,True
2026-02-23,2026-02-17,5m,L75,24688.875,2026-02-23 11:04:00-05:00,11,24709.25,24743.75,80.25,-41.5,False
2026-02-23,2026-02-17,5m,L100,24711.5,2026-02-23 11:03:00-05:00,11,24709.25,24734.25,80.25,-41.5,False
2026-02-23,2026-02-18,1h,L0,24752.0,2026-02-23 10:58:00-05:00,10,24751.5,24730.5,38.0,-83.75,False
2026-02-23,2026-02-18,1h,L25,24803.6875,2026-02-23 10:52:00-05:00,10,24779.0,24758.75,44.75,-111.25,False
2026-02-23,2026-02-18,1h,L50,24855.375,2026-02-23 10:05:00-05:00,10,24850.5,24696.0,79.25,-162.5,True
2026-02-23,2026-02-18,1h,L75,24907.0625,2026-02-23 10:00:00-05:00,10,24906.5,24751.5,46.25,-168.5,True
2026-02-23,2026-02-18,5m,L0,24792.5,2026-02-23 10:52:00-05:00,10,24779.0,24758.75,44.75,-111.25,False
2026-02-23,2026-02-18,5m,L25,24814.3125,2026-02-23 10:44:00-05:00,10,24829.0,24764.75,23.25,-161.25,False
2026-02-23,2026-02-18,5m,L50,24836.125,2026-02-23 10:09:00-05:00,10,24856.75,24684.0,73.0,-185.25,True
2026-02-23,2026-02-18,5m,L75,24857.9375,2026-02-23 10:05:00-05:00,10,24850.5,24696.0,79.25,-162.5,True
2026-02-23,2026-02-18,5m,L100,24879.75,2026-02-23 10:04:00-05:00,10,24866.5,24709.25,63.25,-178.5,True
2026-02-23,2026-02-19,1h,L0,24762.5,2026-02-23 10:55:00-05:00,10,24768.0,24750.75,21.5,-100.25,False
2026-02-23,2026-02-19,1h,L25,24801.875,2026-02-23 10:52:00-05:00,10,24779.0,24758.75,44.75,-111.25,False
2026-02-23,2026-02-19,1h,L50,24841.25,2026-02-23 10:05:00-05:00,10,24850.5,24696.0,79.25,-162.5,True
2026-02-23,2026-02-19,1h,L75,24880.625,2026-02-23 10:04:00-05:00,10,24866.5,24709.25,63.25,-178.5,True
2026-02-23,2026-02-19,1h,L100,24920.0,2026-02-23 10:00:00-05:00,10,24906.5,24751.5,46.25,-168.5,True
2026-02-23,2026-02-19,5m,L0,24777.0,2026-02-23 10:52:00-05:00,10,24779.0,24758.75,44.75,-111.25,False
2026-02-23,2026-02-19,5m,L25,24795.625,2026-02-23 10:52:00-05:00,10,24779.0,24758.75,44.75,-111.25,False
2026-02-23,2026-02-19,5m,L50,24814.25,2026-02-23 10:44:00-05:00,10,24829.0,24764.75,23.25,-161.25,True
2026-02-23,2026-02-19,5m,L75,24832.875,2026-02-23 10:36:00-05:00,10,24847.25,24760.0,24.5,-179.5,True
2026-02-23,2026-02-19,5m,L100,24851.5,2026-02-23 10:05:00-05:00,10,24850.5,24696.0,79.25,-162.5,True
2026-02-23,2026-02-20,1h,L0,24677.0,2026-02-23 11:06:00-05:00,11,24696.5,24757.25,93.0,-28.75,True
2026-02-23,2026-02-20,1h,L25,24747.25,2026-02-23 10:58:00-05:00,10,24751.5,24730.5,38.0,-83.75,False
2026-02-23,2026-02-20,1h,L50,24817.5,2026-02-23 10:42:00-05:00,10,24828.25,24765.75,24.0,-160.5,True
2026-02-23,2026-02-20,1h,L75,24887.75,2026-02-23 10:00:00-05:00,10,24906.5,24751.5,46.25,-168.5,True
2026-02-23,2026-02-20,5m,L0,24891.75,2026-02-23 10:00:00-05:00,10,24906.5,24751.5,46.25,-168.5,False
2026-02-23,2026-02-20,5m,L25,24908.3125,2026-02-23 10:00:00-05:00,10,24906.5,24751.5,46.25,-168.5,False
2026-02-23,2026-02-20,5m,L50,24924.875,2026-02-23 10:01:00-05:00,10,24924.0,24733.5,28.75,-193.25,True
2026-02-23,2026-02-20,5m,L75,24941.4375,2026-02-23 10:01:00-05:00,10,24924.0,24733.5,28.75,-193.25,True
2026-02-24,2026-02-17,1h,L100,24815.5,2026-02-24 10:00:00-05:00,10,24831.75,24985.0,199.5,-12.25,False
2026-02-24,2026-02-18,1h,L50,24855.375,2026-02-24 10:00:00-05:00,10,24831.75,24985.0,199.5,-12.25,True
2026-02-24,2026-02-18,1h,L75,24907.0625,2026-02-24 10:09:00-05:00,10,24899.75,25014.0,134.75,-46.5,False
2026-02-24,2026-02-18,1h,L100,24958.75,2026-02-24 10:25:00-05:00,10,24952.0,25016.75,95.0,-17.5,False
2026-02-24,2026-02-18,5m,L50,24836.125,2026-02-24 10:00:00-05:00,10,24831.75,24985.0,199.5,-12.25,True
2026-02-24,2026-02-18,5m,L75,24857.9375,2026-02-24 10:00:00-05:00,10,24831.75,24985.0,199.5,-12.25,False
2026-02-24,2026-02-18,5m,L100,24879.75,2026-02-24 10:00:00-05:00,10,24831.75,24985.0,199.5,-12.25,False
2026-02-24,2026-02-19,1h,L50,24841.25,2026-02-24 10:00:00-05:00,10,24831.75,24985.0,199.5,-12.25,True
2026-02-24,2026-02-19,1h,L75,24880.625,2026-02-24 10:00:00-05:00,10,24831.75,24985.0,199.5,-12.25,False
2026-02-24,2026-02-19,1h,L100,24920.0,2026-02-24 10:10:00-05:00,10,24897.0,25015.25,137.5,-43.75,False
2026-02-24,2026-02-19,5m,L75,24832.875,2026-02-24 10:00:00-05:00,10,24831.75,24985.0,199.5,-12.25,False
2026-02-24,2026-02-19,5m,L100,24851.5,2026-02-24 10:00:00-05:00,10,24831.75,24985.0,199.5,-12.25,False
2026-02-24,2026-02-20,1h,L50,24817.5,2026-02-24 10:00:00-05:00,10,24831.75,24985.0,199.5,-12.25,True
2026-02-24,2026-02-20,1h,L75,24887.75,2026-02-24 10:06:00-05:00,10,24878.0,25012.25,156.5,-39.75,False
2026-02-24,2026-02-20,1h,L100,24958.0,2026-02-24 10:24:00-05:00,10,24948.75,25010.25,98.25,-14.25,False
2026-02-24,2026-02-20,5m,L0,24891.75,2026-02-24 10:06:00-05:00,10,24878.0,25012.25,156.5,-39.75,True
2026-02-24,2026-02-20,5m,L25,24908.3125,2026-02-24 10:09:00-05:00,10,24899.75,25014.0,134.75,-46.5,True
2026-02-24,2026-02-20,5m,L50,24924.875,2026-02-24 10:11:00-05:00,10,24915.0,25019.0,119.5,-61.75,True
2026-02-24,2026-02-20,5m,L75,24941.4375,2026-02-24 10:22:00-05:00,10,24935.75,25011.25,111.25,-18.5,False
2026-02-24,2026-02-20,5m,L100,24958.0,2026-02-24 10:24:00-05:00,10,24948.75,25010.25,98.25,-14.25,False
2026-02-24,2026-02-23,1h,L0,24857.5,2026-02-24 10:00:00-05:00,10,24831.75,24985.0,199.5,-12.25,True
2026-02-24,2026-02-23,1h,L25,24903.125,2026-02-24 10:09:00-05:00,10,24899.75,25014.0,134.75,-46.5,True
2026-02-24,2026-02-23,1h,L50,24948.75,2026-02-24 10:22:00-05:00,10,24935.75,25011.25,111.25,-18.5,True
2026-02-24,2026-02-23,1h,L75,24994.375,2026-02-24 10:27:00-05:00,10,24989.0,25019.25,58.0,-22.0,False
2026-02-24,2026-02-23,1h,L100,25040.0,2026-02-24 11:12:00-05:00,11,25033.0,25070.5,43.0,-63.75,False
2026-02-24,2026-02-23,5m,L0,24857.5,2026-02-24 10:00:00-05:00,10,24831.75,24985.0,199.5,-12.25,True
2026-02-24,2026-02-23,5m,L25,24874.0625,2026-02-24 10:00:00-05:00,10,24831.75,24985.0,199.5,-12.25,True
2026-02-24,2026-02-23,5m,L50,24890.625,2026-02-24 10:06:00-05:00,10,24878.0,25012.25,156.5,-39.75,True
2026-02-24,2026-02-23,5m,L75,24907.1875,2026-02-24 10:09:00-05:00,10,24899.75,25014.0,134.75,-46.5,False
2026-02-24,2026-02-23,5m,L100,24923.75,2026-02-24 10:10:00-05:00,10,24897.0,25015.25,137.5,-43.75,False
2026-02-26,2026-02-19,1h,L75,24880.625,2026-02-26 10:28:00-05:00,10,24906.25,25065.5,179.25,-44.25,False
2026-02-26,2026-02-19,1h,L100,24920.0,2026-02-26 10:21:00-05:00,10,24922.0,25038.25,147.25,-60.0,False
2026-02-26,2026-02-20,1h,L75,24887.75,2026-02-26 10:28:00-05:00,10,24906.25,25065.5,179.25,-44.25,False
2026-02-26,2026-02-20,1h,L100,24958.0,2026-02-26 10:19:00-05:00,10,24954.0,25035.25,115.25,-92.0,False
2026-02-26,2026-02-20,5m,L0,24891.75,2026-02-26 10:28:00-05:00,10,24906.25,25065.5,179.25,-44.25,True
2026-02-26,2026-02-20,5m,L25,24908.3125,2026-02-26 10:22:00-05:00,10,24927.0,25051.0,142.25,-65.0,True
2026-02-26,2026-02-20,5m,L50,24924.875,2026-02-26 10:21:00-05:00,10,24922.0,25038.25,147.25,-60.0,True
2026-02-26,2026-02-20,5m,L75,24941.4375,2026-02-26 10:20:00-05:00,10,24937.0,25034.5,132.25,-75.0,False
2026-02-26,2026-02-20,5m,L100,24958.0,2026-02-26 10:19:00-05:00,10,24954.0,25035.25,115.25,-92.0,False
2026-02-26,2026-02-23,1h,L0,24857.5,2026-02-26 10:34:00-05:00,10,24871.75,25065.0,213.75,-9.75,True
2026-02-26,2026-02-23,1h,L25,24903.125,2026-02-26 10:22:00-05:00,10,24927.0,25051.0,142.25,-65.0,True
2026-02-26,2026-02-23,1h,L50,24948.75,2026-02-26 10:19:00-05:00,10,24954.0,25035.25,115.25,-92.0,True
2026-02-26,2026-02-23,1h,L75,24994.375,2026-02-26 10:16:00-05:00,10,24994.25,25068.25,75.0,-132.25,False
2026-02-26,2026-02-23,1h,L100,25040.0,2026-02-26 10:15:00-05:00,10,25034.0,25060.75,33.5,-172.0,False
2026-02-26,2026-02-23,5m,L0,24857.5,2026-02-26 10:34:00-05:00,10,24871.75,25065.0,213.75,-9.75,True
2026-02-26,2026-02-23,5m,L25,24874.0625,2026-02-26 10:34:00-05:00,10,24871.75,25065.0,213.75,-9.75,True
2026-02-26,2026-02-23,5m,L50,24890.625,2026-02-26 10:28:00-05:00,10,24906.25,25065.5,179.25,-44.25,True
2026-02-26,2026-02-23,5m,L75,24907.1875,2026-02-26 10:22:00-05:00,10,24927.0,25051.0,142.25,-65.0,False
2026-02-26,2026-02-23,5m,L100,24923.75,2026-02-26 10:21:00-05:00,10,24922.0,25038.25,147.25,-60.0,False
2026-02-26,2026-02-24,1h,L75,24896.6875,2026-02-26 10:24:00-05:00,10,24917.25,25049.0,152.0,-55.25,False
2026-02-26,2026-02-24,1h,L100,24964.25,2026-02-26 10:18:00-05:00,10,24970.25,25047.0,99.0,-108.25,False
2026-02-26,2026-02-24,5m,L0,24904.5,2026-02-26 10:22:00-05:00,10,24927.0,25051.0,142.25,-65.0,True
2026-02-26,2026-02-24,5m,L25,24919.4375,2026-02-26 10:21:00-05:00,10,24922.0,25038.25,147.25,-60.0,True
2026-02-26,2026-02-24,5m,L50,24934.375,2026-02-26 10:20:00-05:00,10,24937.0,25034.5,132.25,-75.0,True
2026-02-26,2026-02-24,5m,L75,24949.3125,2026-02-26 10:19:00-05:00,10,24954.0,25035.25,115.25,-92.0,False
2026-02-26,2026-02-24,5m,L100,24964.25,2026-02-26 10:18:00-05:00,10,24970.25,25047.0,99.0,-108.25,False
2026-02-26,2026-02-25,1h,L0,25130.0,2026-02-26 10:01:00-05:00,10,25144.25,25002.0,45.75,-282.25,False
2026-02-26,2026-02-25,1h,L25,25185.5,2026-02-26 10:00:00-05:00,10,25176.5,25018.75,34.5,-314.5,False
2026-02-27,2026-02-20,1h,L75,24887.75,2026-02-27 10:00:00-05:00,10,24889.5,24982.25,128.0,-23.25,False
2026-02-27,2026-02-20,1h,L100,24958.0,2026-02-27 10:02:00-05:00,10,24927.0,25003.75,90.5,-36.0,False
2026-02-27,2026-02-20,5m,L0,24891.75,2026-02-27 10:00:00-05:00,10,24889.5,24982.25,128.0,-23.25,True
2026-02-27,2026-02-20,5m,L25,24908.3125,2026-02-27 10:00:00-05:00,10,24889.5,24982.25,128.0,-23.25,True
2026-02-27,2026-02-20,5m,L50,24924.875,2026-02-27 10:01:00-05:00,10,24914.5,24988.0,103.0,-25.25,True
2026-02-27,2026-02-20,5m,L75,24941.4375,2026-02-27 10:02:00-05:00,10,24927.0,25003.75,90.5,-36.0,False
2026-02-27,2026-02-20,5m,L100,24958.0,2026-02-27 10:02:00-05:00,10,24927.0,25003.75,90.5,-36.0,False
2026-02-27,2026-02-23,1h,L25,24903.125,2026-02-27 10:00:00-05:00,10,24889.5,24982.25,128.0,-23.25,True
2026-02-27,2026-02-23,1h,L50,24948.75,2026-02-27 10:02:00-05:00,10,24927.0,25003.75,90.5,-36.0,True
2026-02-27,2026-02-23,1h,L75,24994.375,2026-02-27 10:11:00-05:00,10,24992.25,24966.25,29.25,-71.25,True
2026-02-27,2026-02-23,1h,L100,25040.0,2026-02-27 12:08:00-05:00,12,25031.25,24928.25,5.5,-131.0,True
2026-02-27,2026-02-23,5m,L25,24874.0625,2026-02-27 10:00:00-05:00,10,24889.5,24982.25,128.0,-23.25,True
2026-02-27,2026-02-23,5m,L50,24890.625,2026-02-27 10:00:00-05:00,10,24889.5,24982.25,128.0,-23.25,True
2026-02-27,2026-02-23,5m,L75,24907.1875,2026-02-27 10:00:00-05:00,10,24889.5,24982.25,128.0,-23.25,False
2026-02-27,2026-02-23,5m,L100,24923.75,2026-02-27 10:01:00-05:00,10,24914.5,24988.0,103.0,-25.25,False
2026-02-27,2026-02-24,1h,L75,24896.6875,2026-02-27 10:00:00-05:00,10,24889.5,24982.25,128.0,-23.25,False
2026-02-27,2026-02-24,1h,L100,24964.25,2026-02-27 10:06:00-05:00,10,24941.0,24986.75,80.5,-20.0,False
2026-02-27,2026-02-24,5m,L0,24904.5,2026-02-27 10:00:00-05:00,10,24889.5,24982.25,128.0,-23.25,True
2026-02-27,2026-02-24,5m,L25,24919.4375,2026-02-27 10:01:00-05:00,10,24914.5,24988.0,103.0,-25.25,True
2026-02-27,2026-02-24,5m,L50,24934.375,2026-02-27 10:01:00-05:00,10,24914.5,24988.0,103.0,-25.25,True
2026-02-27,2026-02-24,5m,L75,24949.3125,2026-02-27 10:02:00-05:00,10,24927.0,25003.75,90.5,-36.0,False
2026-02-27,2026-02-24,5m,L100,24964.25,2026-02-27 10:06:00-05:00,10,24941.0,24986.75,80.5,-20.0,False
2026-03-02,2026-02-23,1h,L0,24857.5,2026-03-02 10:00:00-05:00,10,24805.25,24905.75,152.5,-2.25,True
2026-03-02,2026-02-23,1h,L25,24903.125,2026-03-02 10:03:00-05:00,10,24896.75,24905.0,61.0,-54.75,True
2026-03-02,2026-02-23,1h,L50,24948.75,2026-03-02 10:13:00-05:00,10,24939.0,24974.75,49.0,-97.0,True
2026-03-02,2026-02-23,1h,L75,24994.375,2026-03-02 11:41:00-05:00,11,25002.75,25048.25,73.75,-25.25,False
2026-03-02,2026-02-23,1h,L100,25040.0,2026-03-02 11:47:00-05:00,11,25033.5,25050.25,43.0,-38.75,False
2026-03-02,2026-02-23,5m,L0,24857.5,2026-03-02 10:00:00-05:00,10,24805.25,24905.75,152.5,-2.25,True
2026-03-02,2026-02-23,5m,L25,24874.0625,2026-03-02 10:01:00-05:00,10,24878.0,24907.75,79.75,-73.0,True
2026-03-02,2026-02-23,5m,L50,24890.625,2026-03-02 10:02:00-05:00,10,24875.0,24904.0,82.75,-33.0,True
2026-03-02,2026-02-23,5m,L75,24907.1875,2026-03-02 10:04:00-05:00,10,24888.25,24931.75,69.5,-46.25,False
2026-03-02,2026-02-23,5m,L100,24923.75,2026-03-02 10:08:00-05:00,10,24915.75,24967.5,53.75,-73.75,False
2026-03-02,2026-02-24,1h,L50,24829.125,2026-03-02 10:00:00-05:00,10,24805.25,24905.75,152.5,-2.25,True
2026-03-02,2026-02-24,1h,L75,24896.6875,2026-03-02 10:02:00-05:00,10,24875.0,24904.0,82.75,-33.0,False
2026-03-02,2026-02-24,1h,L100,24964.25,2026-03-02 11:08:00-05:00,11,24967.5,25020.25,77.0,-115.25,False
2026-03-02,2026-02-24,5m,L0,24904.5,2026-03-02 10:03:00-05:00,10,24896.75,24905.0,61.0,-54.75,True
2026-03-02,2026-02-24,5m,L25,24919.4375,2026-03-02 10:07:00-05:00,10,24914.75,24951.5,43.0,-72.75,True
2026-03-02,2026-02-24,5m,L50,24934.375,2026-03-02 10:11:00-05:00,10,24932.0,24978.75,56.0,-90.0,True
2026-03-02,2026-02-24,5m,L75,24949.3125,2026-03-02 10:13:00-05:00,10,24939.0,24974.75,49.0,-97.0,False
2026-03-02,2026-02-24,5m,L100,24964.25,2026-03-02 11:08:00-05:00,11,24967.5,25020.25,77.0,-115.25,False
2026-03-02,2026-02-27,1h,L25,24819.6875,2026-03-02 10:00:00-05:00,10,24805.25,24905.75,152.5,-2.25,True
2026-03-02,2026-02-27,1h,L50,24859.375,2026-03-02 10:00:00-05:00,10,24805.25,24905.75,152.5,-2.25,True
2026-03-02,2026-02-27,1h,L75,24899.0625,2026-03-02 10:02:00-05:00,10,24875.0,24904.0,82.75,-33.0,False
2026-03-02,2026-02-27,1h,L100,24938.75,2026-03-02 10:11:00-05:00,10,24932.0,24978.75,56.0,-90.0,False
2026-03-02,2026-02-27,5m,L0,24817.75,2026-03-02 10:00:00-05:00,10,24805.25,24905.75,152.5,-2.25,True
2026-03-02,2026-02-27,5m,L25,24848.0,2026-03-02 10:00:00-05:00,10,24805.25,24905.75,152.5,-2.25,True
2026-03-02,2026-02-27,5m,L50,24878.25,2026-03-02 10:01:00-05:00,10,24878.0,24907.75,79.75,-73.0,True
2026-03-02,2026-02-27,5m,L75,24908.5,2026-03-02 10:04:00-05:00,10,24888.25,24931.75,69.5,-46.25,False
2026-03-02,2026-02-27,5m,L100,24938.75,2026-03-02 10:11:00-05:00,10,24932.0,24978.75,56.0,-90.0,False
2026-03-03,2026-02-24,1h,L0,24694.0,2026-03-03 11:46:00-05:00,11,24718.0,24666.5,7.0,-116.25,False
2026-03-03,2026-02-24,1h,L25,24761.5625,2026-03-03 13:22:00-05:00,13,24752.0,24801.25,83.0,-21.75,True
2026-03-03,2026-02-24,1h,L50,24829.125,2026-03-03 13:41:00-05:00,13,24818.25,24805.5,16.75,-109.0,True
2026-03-03,2026-02-27,1h,L0,24780.0,2026-03-03 13:33:00-05:00,13,24784.5,24727.25,50.5,-58.0,False
2026-03-03,2026-02-27,1h,L25,24819.6875,2026-03-03 13:40:00-05:00,13,24815.75,24786.75,19.25,-106.5,False
2026-03-03,2026-02-27,5m,L0,24817.75,2026-03-03 13:40:00-05:00,13,24815.75,24786.75,19.25,-106.5,False
2026-03-03,2026-02-27,5m,L25,24848.0,2026-03-03 14:45:00-05:00,14,24830.25,24769.75,20.0,-89.0,False
2026-03-03,2026-03-02,1h,L0,24605.25,2026-03-03 11:17:00-05:00,11,24602.25,24657.5,122.75,-39.25,True
2026-03-03,2026-03-02,1h,L25,24678.6875,2026-03-03 11:45:00-05:00,11,24675.75,24682.25,49.25,-74.0,True
2026-03-03,2026-03-02,1h,L50,24752.125,2026-03-03 13:22:00-05:00,13,24752.0,24801.25,83.0,-21.75,True
2026-03-03,2026-03-02,1h,L75,24825.5625,2026-03-03 13:41:00-05:00,13,24818.25,24805.5,16.75,-109.0,True
2026-03-03,2026-03-02,5m,L0,24815.25,2026-03-03 13:40:00-05:00,13,24815.75,24786.75,19.25,-106.5,False
2026-03-03,2026-03-02,5m,L25,24835.75,2026-03-03 13:41:00-05:00,13,24818.25,24805.5,16.75,-109.0,False
2026-03-04,2026-02-25,1h,L0,25130.0,2026-03-04 10:27:00-05:00,10,25122.75,25118.5,35.5,-85.75,False
2026-03-04,2026-02-25,1h,L25,25185.5,2026-03-04 12:54:00-05:00,12,25174.25,25201.75,40.75,-33.75,True
2026-03-04,2026-02-26,1h,L0,25182.5,2026-03-04 12:53:00-05:00,12,25177.25,25209.25,37.75,-36.75,True
2026-03-04,2026-02-26,5m,L0,25209.0,2026-03-04 13:37:00-05:00,13,25202.75,25191.75,14.25,-24.25,False
2026-03-04,2026-02-27,1h,L75,24899.0625,2026-03-04 10:03:00-05:00,10,24901.0,25152.25,257.25,-10.75,False
2026-03-04,2026-02-27,1h,L100,24938.75,2026-03-04 10:00:00-05:00,10,24967.75,25139.5,180.0,-77.5,False
2026-03-04,2026-02-27,5m,L75,24908.5,2026-03-04 10:03:00-05:00,10,24901.0,25152.25,257.25,-10.75,False
2026-03-04,2026-02-27,5m,L100,24938.75,2026-03-04 10:00:00-05:00,10,24967.75,25139.5,180.0,-77.5,False
2026-03-04,2026-03-02,1h,L100,24899.0,2026-03-04 10:03:00-05:00,10,24901.0,25152.25,257.25,-10.75,False
2026-03-04,2026-03-02,5m,L100,24897.25,2026-03-04 10:03:00-05:00,10,24901.0,25152.25,257.25,-10.75,False
2026-03-05,2026-02-26,1h,L0,25182.5,2026-03-05 10:00:00-05:00,10,25204.75,25076.75,3.5,-274.25,False
2026-03-05,2026-02-26,5m,L0,25209.0,2026-03-05 10:00:00-05:00,10,25204.75,25076.75,3.5,-274.25,False
2026-03-05,2026-02-27,1h,L0,24780.0,2026-03-05 13:27:00-05:00,13,24799.25,24823.25,82.0,-25.25,True
2026-03-05,2026-02-27,1h,L25,24819.6875,2026-03-05 12:48:00-05:00,12,24828.5,24829.25,60.5,-54.5,False
2026-03-05,2026-02-27,1h,L50,24859.375,2026-03-05 12:36:00-05:00,12,24861.5,24794.5,61.0,-87.5,True
2026-03-05,2026-02-27,1h,L75,24899.0625,2026-03-05 12:31:00-05:00,12,24886.25,24804.5,41.0,-104.75,True
2026-03-05,2026-02-27,1h,L100,24938.75,2026-03-05 10:31:00-05:00,10,24939.5,25016.5,157.5,-9.0,False
2026-03-05,2026-02-27,5m,L0,24817.75,2026-03-05 12:48:00-05:00,12,24828.5,24829.25,60.5,-54.5,False
2026-03-05,2026-02-27,5m,L25,24848.0,2026-03-05 12:37:00-05:00,12,24918.25,24810.75,4.25,-144.25,False
2026-03-05,2026-02-27,5m,L50,24878.25,2026-03-05 12:32:00-05:00,12,24879.25,24786.75,43.25,-102.25,True
2026-03-05,2026-02-27,5m,L75,24908.5,2026-03-05 12:31:00-05:00,12,24886.25,24804.5,41.0,-104.75,True
2026-03-05,2026-02-27,5m,L100,24938.75,2026-03-05 10:31:00-05:00,10,24939.5,25016.5,157.5,-9.0,False
2026-03-05,2026-03-02,1h,L75,24825.5625,2026-03-05 12:45:00-05:00,12,24834.75,24826.25,54.25,-60.75,True
2026-03-05,2026-03-02,1h,L100,24899.0,2026-03-05 12:31:00-05:00,12,24886.25,24804.5,41.0,-104.75,True
2026-03-05,2026-03-02,5m,L0,24815.25,2026-03-05 12:48:00-05:00,12,24828.5,24829.25,60.5,-54.5,False
2026-03-05,2026-03-02,5m,L25,24835.75,2026-03-05 12:44:00-05:00,12,24850.0,24859.75,39.0,-76.0,True
2026-03-05,2026-03-02,5m,L50,24856.25,2026-03-05 12:36:00-05:00,12,24861.5,24794.5,61.0,-87.5,True
2026-03-05,2026-03-02,5m,L75,24876.75,2026-03-05 12:32:00-05:00,12,24879.25,24786.75,43.25,-102.25,True
2026-03-05,2026-03-02,5m,L100,24897.25,2026-03-05 12:31:00-05:00,12,24886.25,24804.5,41.0,-104.75,True
2026-03-05,2026-03-04,1h,L0,24813.5,2026-03-05 12:48:00-05:00,12,24828.5,24829.25,60.5,-54.5,False
2026-03-05,2026-03-04,1h,L25,24852.75,2026-03-05 12:36:00-05:00,12,24861.5,24794.5,61.0,-87.5,False
2026-03-05,2026-03-04,1h,L50,24892.0,2026-03-05 12:31:00-05:00,12,24886.25,24804.5,41.0,-104.75,True
2026-03-05,2026-03-04,1h,L75,24931.25,2026-03-05 10:31:00-05:00,10,24939.5,25016.5,157.5,-9.0,False
2026-03-05,2026-03-04,1h,L100,24970.5,2026-03-05 10:30:00-05:00,10,24953.25,24984.75,143.75,-22.75,False
2026-03-05,2026-03-04,5m,L0,24813.5,2026-03-05 12:48:00-05:00,12,24828.5,24829.25,60.5,-54.5,False
2026-03-05,2026-03-04,5m,L25,24845.0,2026-03-05 12:42:00-05:00,12,24850.0,24856.25,39.0,-76.0,True
2026-03-05,2026-03-04,5m,L50,24876.5,2026-03-05 12:32:00-05:00,12,24879.25,24786.75,43.25,-102.25,True
2026-03-05,2026-03-04,5m,L75,24908.0,2026-03-05 12:31:00-05:00,12,24886.25,24804.5,41.0,-104.75,True
2026-03-05,2026-03-04,5m,L100,24939.5,2026-03-05 10:31:00-05:00,10,24939.5,25016.5,157.5,-9.0,False
2026-03-06,2026-02-27,1h,L0,24780.0,2026-03-06 10:02:00-05:00,10,24768.5,24869.0,124.25,-104.25,True
2026-03-06,2026-02-27,1h,L25,24819.6875,2026-03-06 10:23:00-05:00,10,24802.75,24800.25,96.5,-50.75,False
2026-03-06,2026-02-27,1h,L50,24859.375,2026-03-06 10:31:00-05:00,10,24852.0,24827.5,47.25,-100.0,True
2026-03-06,2026-02-27,1h,L75,24899.0625,2026-03-06 11:04:00-05:00,11,24892.75,24896.5,28.25,-101.75,False
2026-03-06,2026-02-27,5m,L0,24817.75,2026-03-06 10:23:00-05:00,10,24802.75,24800.25,96.5,-50.75,False
2026-03-06,2026-02-27,5m,L25,24848.0,2026-03-06 10:30:00-05:00,10,24829.25,24816.0,70.0,-77.25,False
2026-03-06,2026-02-27,5m,L50,24878.25,2026-03-06 10:36:00-05:00,10,24874.25,24840.5,25.0,-122.25,True
2026-03-06,2026-02-27,5m,L75,24908.5,2026-03-06 11:51:00-05:00,11,24896.75,24804.0,24.25,-152.75,True
2026-03-06,2026-03-02,1h,L0,24605.25,2026-03-06 15:37:00-05:00,15,24631.25,24667.25,76.25,-26.25,True
2026-03-06,2026-03-02,1h,L25,24678.6875,2026-03-06 10:09:00-05:00,10,24676.0,24849.5,223.25,-11.75,True
2026-03-06,2026-03-02,1h,L50,24752.125,2026-03-06 10:00:00-05:00,10,24738.25,24874.5,154.5,-74.0,True
2026-03-06,2026-03-02,1h,L75,24825.5625,2026-03-06 10:23:00-05:00,10,24802.75,24800.25,96.5,-50.75,False
2026-03-06,2026-03-02,1h,L100,24899.0,2026-03-06 11:04:00-05:00,11,24892.75,24896.5,28.25,-101.75,False
2026-03-06,2026-03-02,5m,L0,24815.25,2026-03-06 10:23:00-05:00,10,24802.75,24800.25,96.5,-50.75,False
2026-03-06,2026-03-02,5m,L25,24835.75,2026-03-06 10:30:00-05:00,10,24829.25,24816.0,70.0,-77.25,False
2026-03-06,2026-03-02,5m,L50,24856.25,2026-03-06 10:31:00-05:00,10,24852.0,24827.5,47.25,-100.0,True
2026-03-06,2026-03-02,5m,L75,24876.75,2026-03-06 10:36:00-05:00,10,24874.25,24840.5,25.0,-122.25,True
2026-03-06,2026-03-02,5m,L100,24897.25,2026-03-06 10:38:00-05:00,10,24890.0,24852.75,9.25,-138.0,True
2026-03-06,2026-03-03,1h,L75,24609.6875,2026-03-06 15:36:00-05:00,15,24614.5,24667.25,93.0,-9.5,False
2026-03-06,2026-03-03,1h,L100,24661.0,2026-03-06 10:10:00-05:00,10,24671.5,24843.0,227.75,-7.25,False
2026-03-06,2026-03-03,5m,L100,24613.25,2026-03-06 15:36:00-05:00,15,24614.5,24667.25,93.0,-9.5,False
2026-03-06,2026-03-04,1h,L0,24813.5,2026-03-06 10:23:00-05:00,10,24802.75,24800.25,96.5,-50.75,False
2026-03-06,2026-03-04,1h,L25,24852.75,2026-03-06 10:31:00-05:00,10,24852.0,24827.5,47.25,-100.0,False
2026-03-06,2026-03-04,1h,L50,24892.0,2026-03-06 10:38:00-05:00,10,24890.0,24852.75,9.25,-138.0,True
2026-03-06,2026-03-04,5m,L0,24813.5,2026-03-06 10:23:00-05:00,10,24802.75,24800.25,96.5,-50.75,False
2026-03-06,2026-03-04,5m,L25,24845.0,2026-03-06 10:30:00-05:00,10,24829.25,24816.0,70.0,-77.25,False
2026-03-06,2026-03-04,5m,L50,24876.5,2026-03-06 10:36:00-05:00,10,24874.25,24840.5,25.0,-122.25,True
2026-03-06,2026-03-04,5m,L75,24908.0,2026-03-06 11:48:00-05:00,11,24896.0,24794.25,25.0,-152.0,True
2026-03-09,2026-03-02,1h,L0,24605.25,2026-03-09 11:12:00-04:00,11,24590.0,24669.75,89.75,-12.75,True
2026-03-09,2026-03-02,1h,L25,24678.6875,2026-03-09 12:03:00-04:00,12,24667.25,24682.5,82.75,-33.25,True
2026-03-09,2026-03-02,1h,L50,24752.125,2026-03-09 12:43:00-04:00,12,24742.75,24577.75,7.25,-167.25,True
2026-03-09,2026-03-02,1h,L75,24825.5625,2026-03-09 15:20:00-04:00,15,24827.0,24992.0,228.0,-52.75,False
2026-03-09,2026-03-02,1h,L100,24899.0,2026-03-09 15:26:00-04:00,15,24898.25,24992.0,156.75,-42.0,False
2026-03-09,2026-03-02,5m,L0,24815.25,2026-03-09 15:20:00-04:00,15,24827.0,24992.0,228.0,-52.75,True
2026-03-09,2026-03-02,5m,L25,24835.75,2026-03-09 15:20:00-04:00,15,24827.0,24992.0,228.0,-52.75,True
2026-03-09,2026-03-02,5m,L50,24856.25,2026-03-09 15:21:00-04:00,15,24856.0,24992.0,199.0,-34.25,True
2026-03-09,2026-03-02,5m,L75,24876.75,2026-03-09 15:21:00-04:00,15,24856.0,24992.0,199.0,-34.25,False
2026-03-09,2026-03-02,5m,L100,24897.25,2026-03-09 15:26:00-04:00,15,24898.25,24992.0,156.75,-42.0,False
2026-03-09,2026-03-03,1h,L0,24455.75,2026-03-09 10:04:00-04:00,10,24467.75,24577.75,122.25,-144.25,True
2026-03-09,2026-03-03,1h,L25,24507.0625,2026-03-09 10:38:00-04:00,10,24502.25,24606.25,147.5,-38.0,True
2026-03-09,2026-03-03,1h,L50,24558.375,2026-03-09 10:45:00-04:00,10,24556.5,24637.25,93.25,-26.75,True
2026-03-09,2026-03-03,1h,L75,24609.6875,2026-03-09 11:13:00-04:00,11,24604.0,24663.25,75.75,-22.25,False
2026-03-09,2026-03-03,1h,L100,24661.0,2026-03-09 11:54:00-04:00,11,24648.75,24718.25,101.25,-18.75,False
2026-03-09,2026-03-03,5m,L0,24491.5,2026-03-09 10:36:00-04:00,10,24478.75,24605.0,171.0,-47.75,True
2026-03-09,2026-03-03,5m,L25,24521.9375,2026-03-09 10:44:00-04:00,10,24535.0,24607.75,114.75,-41.0,True
2026-03-09,2026-03-03,5m,L50,24552.375,2026-03-09 10:45:00-04:00,10,24556.5,24637.25,93.25,-26.75,True
2026-03-09,2026-03-03,5m,L75,24582.8125,2026-03-09 10:52:00-04:00,10,24583.0,24636.25,66.75,-53.0,False
2026-03-09,2026-03-03,5m,L100,24613.25,2026-03-09 11:13:00-04:00,11,24604.0,24663.25,75.75,-22.25,False
2026-03-09,2026-03-04,1h,L0,24813.5,2026-03-09 15:20:00-04:00,15,24827.0,24992.0,228.0,-52.75,True
2026-03-09,2026-03-04,1h,L25,24852.75,2026-03-09 15:21:00-04:00,15,24856.0,24992.0,199.0,-34.25,True
2026-03-09,2026-03-04,1h,L50,24892.0,2026-03-09 15:23:00-04:00,15,24876.5,24992.0,178.5,-34.75,True
2026-03-09,2026-03-04,1h,L75,24931.25,2026-03-09 15:27:00-04:00,15,24910.75,24992.0,144.25,-26.5,False
2026-03-09,2026-03-04,1h,L100,24970.5,2026-03-09 15:30:00-04:00,15,24904.5,24992.0,150.5,-10.25,False
2026-03-09,2026-03-04,5m,L0,24813.5,2026-03-09 15:20:00-04:00,15,24827.0,24992.0,228.0,-52.75,True
2026-03-09,2026-03-04,5m,L25,24845.0,2026-03-09 15:20:00-04:00,15,24827.0,24992.0,228.0,-52.75,True
2026-03-09,2026-03-04,5m,L50,24876.5,2026-03-09 15:21:00-04:00,15,24856.0,24992.0,199.0,-34.25,True
2026-03-09,2026-03-04,5m,L75,24908.0,2026-03-09 15:27:00-04:00,15,24910.75,24992.0,144.25,-26.5,False
2026-03-09,2026-03-04,5m,L100,24939.5,2026-03-09 15:28:00-04:00,15,24920.0,24992.0,135.0,-35.75,False
2026-03-09,2026-03-05,1h,L0,24962.25,2026-03-09 15:29:00-04:00,15,24953.0,24992.0,102.0,-58.75,True
2026-03-09,2026-03-05,1h,L25,25018.6875,2026-03-09 15:37:00-04:00,15,25020.0,24992.0,35.0,-89.0,False
2026-03-09,2026-03-05,5m,L0,25035.25,2026-03-09 15:38:00-04:00,15,25019.75,24992.0,35.25,-88.75,False
2026-03-09,2026-03-05,5m,L25,25059.375,2026-03-09 15:38:00-04:00,15,25019.75,24992.0,35.25,-88.75,False
2026-03-09,2026-03-06,1h,L0,24611.75,2026-03-09 11:13:00-04:00,11,24604.0,24663.25,75.75,-22.25,True
2026-03-09,2026-03-06,1h,L25,24644.4375,2026-03-09 11:26:00-04:00,11,24643.25,24725.5,85.0,-50.75,True
2026-03-09,2026-03-06,1h,L50,24677.125,2026-03-09 12:03:00-04:00,12,24667.25,24682.5,82.75,-33.25,True
2026-03-09,2026-03-06,1h,L75,24709.8125,2026-03-09 12:26:00-04:00,12,24725.5,24616.75,24.5,-117.5,True
2026-03-09,2026-03-06,1h,L100,24742.5,2026-03-09 12:43:00-04:00,12,24742.75,24577.75,7.25,-167.25,True
2026-03-09,2026-03-06,5m,L0,24635.5,2026-03-09 11:25:00-04:00,11,24635.0,24673.75,49.25,-42.5,True
2026-03-09,2026-03-06,5m,L25,24655.8125,2026-03-09 11:53:00-04:00,11,24648.75,24721.5,101.25,-18.75,True
2026-03-09,2026-03-06,5m,L50,24676.125,2026-03-09 12:03:00-04:00,12,24667.25,24682.5,82.75,-33.25,True
2026-03-09,2026-03-06,5m,L75,24696.4375,2026-03-09 12:26:00-04:00,12,24725.5,24616.75,24.5,-117.5,True
2026-03-09,2026-03-06,5m,L100,24716.75,2026-03-09 12:26:00-04:00,12,24725.5,24616.75,24.5,-117.5,True
2026-03-10,2026-03-04,1h,L50,24892.0,2026-03-10 10:09:00-04:00,10,24902.0,25131.25,280.0,-9.5,True
2026-03-10,2026-03-04,1h,L75,24931.25,2026-03-10 10:00:00-04:00,10,24930.25,25165.0,235.5,-37.75,False
2026-03-10,2026-03-04,1h,L100,24970.5,2026-03-10 10:00:00-04:00,10,24930.25,25165.0,235.5,-37.75,False
2026-03-10,2026-03-04,5m,L75,24908.0,2026-03-10 10:08:00-04:00,10,24922.0,25132.75,260.0,-29.5,False
2026-03-10,2026-03-04,5m,L100,24939.5,2026-03-10 10:00:00-04:00,10,24930.25,25165.0,235.5,-37.75,False
2026-03-10,2026-03-05,1h,L0,24962.25,2026-03-10 10:00:00-04:00,10,24930.25,25165.0,235.5,-37.75,True
2026-03-10,2026-03-05,1h,L25,25018.6875,2026-03-10 10:26:00-04:00,10,25023.5,25151.75,158.5,-33.5,True
2026-03-10,2026-03-05,1h,L50,25075.125,2026-03-10 10:37:00-04:00,10,25064.5,25135.5,117.5,-9.0,True
2026-03-10,2026-03-05,1h,L75,25131.5625,2026-03-10 10:53:00-04:00,10,25128.75,25144.5,53.25,-19.75,False
2026-03-10,2026-03-05,1h,L100,25188.0,2026-03-10 13:16:00-04:00,13,25181.0,25043.25,36.75,-155.25,True
2026-03-10,2026-03-05,5m,L0,25035.25,2026-03-10 10:30:00-04:00,10,25036.0,25137.0,146.0,-34.25,True
2026-03-10,2026-03-05,5m,L25,25059.375,2026-03-10 10:34:00-04:00,10,25054.0,25115.75,128.0,-19.75,True
2026-03-10,2026-03-05,5m,L50,25083.5,2026-03-10 10:38:00-04:00,10,25078.5,25134.0,103.5,-18.25,True
2026-03-10,2026-03-05,5m,L75,25107.625,2026-03-10 10:42:00-04:00,10,25104.75,25163.75,77.25,-19.25,False
2026-03-10,2026-03-05,5m,L100,25131.75,2026-03-10 10:53:00-04:00,10,25128.75,25144.5,53.25,-19.75,False
2026-03-11,2026-03-04,1h,L50,24892.0,2026-03-11 11:48:00-04:00,11,24895.5,24979.0,111.5,-3.5,True
2026-03-11,2026-03-04,1h,L75,24931.25,2026-03-11 11:29:00-04:00,11,24935.25,24952.0,42.25,-43.25,False
2026-03-11,2026-03-04,1h,L100,24970.5,2026-03-11 10:33:00-04:00,10,24972.75,24941.0,117.25,-61.5,True
2026-03-11,2026-03-04,5m,L50,24876.5,2026-03-11 13:38:00-04:00,13,24884.25,24958.5,100.5,-10.5,True
2026-03-11,2026-03-04,5m,L75,24908.0,2026-03-11 11:31:00-04:00,11,24920.25,24987.75,68.25,-28.25,False
2026-03-11,2026-03-04,5m,L100,24939.5,2026-03-11 11:29:00-04:00,11,24935.25,24952.0,42.25,-43.25,False
2026-03-11,2026-03-05,1h,L0,24962.25,2026-03-11 10:34:00-04:00,10,24969.5,24951.5,120.5,-58.25,False
2026-03-11,2026-03-05,1h,L25,25018.6875,2026-03-11 10:23:00-04:00,10,25024.5,24988.5,65.5,-77.5,False
2026-03-11,2026-03-05,1h,L50,25075.125,2026-03-11 10:08:00-04:00,10,25091.25,25047.75,21.25,-132.75,True
2026-03-11,2026-03-05,1h,L75,25131.5625,2026-03-11 10:00:00-04:00,10,25172.5,25085.0,7.5,-214.0,True
2026-03-11,2026-03-05,5m,L0,25035.25,2026-03-11 10:23:00-04:00,10,25024.5,24988.5,65.5,-77.5,False
2026-03-11,2026-03-05,5m,L25,25059.375,2026-03-11 10:12:00-04:00,10,25080.0,24964.75,32.5,-122.0,False
2026-03-11,2026-03-05,5m,L50,25083.5,2026-03-11 10:03:00-04:00,10,25115.25,25041.25,34.0,-156.75,True
2026-03-11,2026-03-05,5m,L75,25107.625,2026-03-11 10:00:00-04:00,10,25172.5,25085.0,7.5,-214.0,True
2026-03-11,2026-03-05,5m,L100,25131.75,2026-03-11 10:00:00-04:00,10,25172.5,25085.0,7.5,-214.0,True
2026-03-11,2026-03-10,1h,L0,24945.5,2026-03-11 11:18:00-04:00,11,24971.0,24932.0,47.25,-79.0,False
2026-03-11,2026-03-10,1h,L25,24979.375,2026-03-11 10:27:00-04:00,10,24985.0,24984.25,105.0,-38.0,False
2026-03-11,2026-03-10,1h,L50,25013.25,2026-03-11 10:24:00-04:00,10,25019.25,25001.75,70.75,-72.25,True
2026-03-11,2026-03-10,1h,L75,25047.125,2026-03-11 10:23:00-04:00,10,25024.5,24988.5,65.5,-77.5,True
2026-03-11,2026-03-10,1h,L100,25081.0,2026-03-11 10:08:00-04:00,10,25091.25,25047.75,21.25,-132.75,True
2026-03-11,2026-03-10,5m,L0,24995.0,2026-03-11 10:25:00-04:00,10,25013.25,24998.75,76.75,-66.25,False
2026-03-11,2026-03-10,5m,L25,25010.4375,2026-03-11 10:25:00-04:00,10,25013.25,24998.75,76.75,-66.25,False
2026-03-11,2026-03-10,5m,L50,25025.875,2026-03-11 10:23:00-04:00,10,25024.5,24988.5,65.5,-77.5,True
2026-03-11,2026-03-10,5m,L75,25041.3125,2026-03-11 10:23:00-04:00,10,25024.5,24988.5,65.5,-77.5,True
2026-03-11,2026-03-10,5m,L100,25056.75,2026-03-11 10:12:00-04:00,10,25080.0,24964.75,32.5,-122.0,True
2026-03-12,2026-03-06,1h,L0,24611.75,2026-03-12 10:29:00-04:00,10,24617.25,24619.5,108.5,-56.25,False
2026-03-12,2026-03-06,1h,L25,24644.4375,2026-03-12 10:28:00-04:00,10,24645.0,24636.5,80.75,-84.0,False
2026-03-12,2026-03-06,1h,L50,24677.125,2026-03-12 10:00:00-04:00,10,24699.0,24607.0,51.0,-126.5,True
2026-03-12,2026-03-06,1h,L75,24709.8125,2026-03-12 10:01:00-04:00,10,24717.75,24601.0,32.25,-145.25,True
2026-03-12,2026-03-06,1h,L100,24742.5,2026-03-12 10:04:00-04:00,10,24719.25,24608.25,30.75,-146.75,True
2026-03-12,2026-03-06,5m,L0,24635.5,2026-03-12 10:29:00-04:00,10,24617.25,24619.5,108.5,-56.25,False
2026-03-12,2026-03-06,5m,L25,24655.8125,2026-03-12 10:00:00-04:00,10,24699.0,24607.0,51.0,-126.5,False
2026-03-12,2026-03-06,5m,L50,24676.125,2026-03-12 10:00:00-04:00,10,24699.0,24607.0,51.0,-126.5,True
2026-03-12,2026-03-06,5m,L75,24696.4375,2026-03-12 10:00:00-04:00,10,24699.0,24607.0,51.0,-126.5,True
2026-03-12,2026-03-06,5m,L100,24716.75,2026-03-12 10:01:00-04:00,10,24717.75,24601.0,32.25,-145.25,True
2026-03-13,2026-03-06,1h,L0,24611.75,2026-03-13 10:41:00-04:00,10,24616.75,24431.5,15.0,-192.5,False
2026-03-13,2026-03-06,1h,L25,24644.4375,2026-03-13 10:17:00-04:00,10,24640.5,24538.0,87.75,-179.0,False
2026-03-13,2026-03-06,1h,L50,24677.125,2026-03-13 10:08:00-04:00,10,24686.75,24514.75,41.5,-225.25,True
2026-03-13,2026-03-06,1h,L75,24709.8125,2026-03-13 10:02:00-04:00,10,24698.0,24468.5,46.75,-235.25,True
2026-03-13,2026-03-06,1h,L100,24742.5,2026-03-13 10:00:00-04:00,10,24752.0,24476.5,13.5,-281.25,True
2026-03-13,2026-03-06,5m,L0,24635.5,2026-03-13 10:17:00-04:00,10,24640.5,24538.0,87.75,-179.0,False
2026-03-13,2026-03-06,5m,L25,24655.8125,2026-03-13 10:11:00-04:00,10,24671.0,24533.5,57.25,-209.5,False
2026-03-13,2026-03-06,5m,L50,24676.125,2026-03-13 10:08:00-04:00,10,24686.75,24514.75,41.5,-225.25,True
2026-03-13,2026-03-06,5m,L75,24696.4375,2026-03-13 10:02:00-04:00,10,24698.0,24468.5,46.75,-235.25,True
2026-03-13,2026-03-06,5m,L100,24716.75,2026-03-13 10:02:00-04:00,10,24698.0,24468.5,46.75,-235.25,True
2026-03-13,2026-03-09,1h,L25,24366.4375,2026-03-13 13:49:00-04:00,13,24368.25,24461.0,99.75,-15.25,True
2026-03-13,2026-03-09,1h,L50,24419.625,2026-03-13 11:41:00-04:00,11,24431.5,24456.0,56.75,-39.75,True
2026-03-13,2026-03-09,1h,L75,24472.8125,2026-03-13 11:00:00-04:00,11,24476.5,24418.5,93.0,-84.75,True
2026-03-13,2026-03-09,1h,L100,24526.0,2026-03-13 10:55:00-04:00,10,24526.5,24414.25,43.0,-130.25,True
2026-03-13,2026-03-09,5m,L25,24362.625,2026-03-13 13:49:00-04:00,13,24368.25,24461.0,99.75,-15.25,True
2026-03-13,2026-03-09,5m,L50,24381.75,2026-03-13 12:59:00-04:00,12,24396.75,24374.25,77.5,-43.75,True
2026-03-13,2026-03-09,5m,L75,24400.875,2026-03-13 11:44:00-04:00,11,24414.25,24428.25,74.0,-22.5,False
2026-03-13,2026-03-09,5m,L100,24420.0,2026-03-13 11:41:00-04:00,11,24431.5,24456.0,56.75,-39.75,False
2026-03-13,2026-03-12,1h,L0,24630.5,2026-03-13 10:17:00-04:00,10,24640.5,24538.0,87.75,-179.0,False
2026-03-13,2026-03-12,1h,L25,24686.0625,2026-03-13 10:08:00-04:00,10,24686.75,24514.75,41.5,-225.25,False
2026-03-13,2026-03-12,1h,L50,24741.625,2026-03-13 10:00:00-04:00,10,24752.0,24476.5,13.5,-281.25,True
2026-03-13,2026-03-12,5m,L0,24676.5,2026-03-13 10:08:00-04:00,10,24686.75,24514.75,41.5,-225.25,False
2026-03-13,2026-03-12,5m,L25,24698.625,2026-03-13 10:02:00-04:00,10,24698.0,24468.5,46.75,-235.25,False
2026-03-13,2026-03-12,5m,L50,24720.75,2026-03-13 10:00:00-04:00,10,24752.0,24476.5,13.5,-281.25,True
2026-03-13,2026-03-12,5m,L75,24742.875,2026-03-13 10:00:00-04:00,10,24752.0,24476.5,13.5,-281.25,True
2026-03-13,2026-03-12,5m,L100,24765.0,2026-03-13 10:00:00-04:00,10,24752.0,24476.5,13.5,-281.25,True
2026-03-16,2026-03-12,1h,L0,24630.5,2026-03-16 10:41:00-04:00,10,24650.0,24716.5,89.75,-47.75,True
2026-03-16,2026-03-12,1h,L25,24686.0625,2026-03-16 10:30:00-04:00,10,24690.5,24729.5,46.0,-88.25,True
2026-03-16,2026-03-12,1h,L50,24741.625,2026-03-16 10:00:00-04:00,10,24709.75,24697.5,56.0,-107.5,True
2026-03-16,2026-03-12,1h,L75,24797.1875,2026-03-16 15:10:00-04:00,15,24770.25,24669.5,46.0,-133.75,True
2026-03-16,2026-03-12,5m,L0,24676.5,2026-03-16 10:33:00-04:00,10,24677.0,24731.0,59.5,-74.75,True
2026-03-16,2026-03-12,5m,L25,24698.625,2026-03-16 10:00:00-04:00,10,24709.75,24697.5,56.0,-107.5,False
2026-03-16,2026-03-12,5m,L50,24720.75,2026-03-16 10:00:00-04:00,10,24709.75,24697.5,56.0,-107.5,True
2026-03-16,2026-03-12,5m,L75,24742.875,2026-03-16 10:00:00-04:00,10,24709.75,24697.5,56.0,-107.5,True
2026-03-16,2026-03-12,5m,L100,24765.0,2026-03-16 10:10:00-04:00,10,24757.25,24662.25,8.5,-155.0,True
2026-03-16,2026-03-13,1h,L0,24611.0,2026-03-16 10:50:00-04:00,10,24628.5,24705.75,111.25,-26.25,True
2026-03-16,2026-03-13,1h,L25,24659.5,2026-03-16 10:38:00-04:00,10,24640.5,24724.75,99.25,-38.25,True
2026-03-16,2026-03-13,1h,L50,24708.0,2026-03-16 10:00:00-04:00,10,24709.75,24697.5,56.0,-107.5,True
2026-03-16,2026-03-13,1h,L75,24756.5,2026-03-16 10:10:00-04:00,10,24757.25,24662.25,8.5,-155.0,True
2026-03-16,2026-03-13,1h,L100,24805.0,2026-03-16 15:10:00-04:00,15,24770.25,24669.5,46.0,-133.75,True
2026-03-16,2026-03-13,5m,L0,24755.0,2026-03-16 10:10:00-04:00,10,24757.25,24662.25,8.5,-155.0,False
2026-03-16,2026-03-13,5m,L25,24767.5,2026-03-16 10:21:00-04:00,10,24754.0,24713.75,11.75,-151.75,False
2026-03-16,2026-03-13,5m,L50,24780.0,2026-03-16 15:09:00-04:00,15,24785.75,24669.5,30.5,-149.25,True
2026-03-16,2026-03-13,5m,L75,24792.5,2026-03-16 15:09:00-04:00,15,24785.75,24669.5,30.5,-149.25,True
2026-03-16,2026-03-13,5m,L100,24805.0,2026-03-16 15:10:00-04:00,15,24770.25,24669.5,46.0,-133.75,True
2026-03-17,2026-03-12,1h,L50,24741.625,2026-03-17 11:36:00-04:00,11,24738.0,24783.25,70.75,-11.0,True
2026-03-17,2026-03-12,1h,L75,24797.1875,2026-03-17 10:15:00-04:00,10,24801.5,24820.75,71.25,-23.0,False
2026-03-17,2026-03-12,1h,L100,24852.75,2026-03-17 10:02:00-04:00,10,24843.75,24856.0,30.5,-65.25,False
2026-03-17,2026-03-12,5m,L75,24742.875,2026-03-17 11:36:00-04:00,11,24738.0,24783.25,70.75,-11.0,False
2026-03-17,2026-03-12,5m,L100,24765.0,2026-03-17 11:35:00-04:00,11,24762.5,24794.0,46.25,-35.5,False
2026-03-17,2026-03-13,1h,L75,24756.5,2026-03-17 11:35:00-04:00,11,24762.5,24794.0,46.25,-35.5,False
2026-03-17,2026-03-13,1h,L100,24805.0,2026-03-17 10:14:00-04:00,10,24807.0,24807.5,65.75,-28.5,False
2026-03-17,2026-03-13,5m,L0,24755.0,2026-03-17 11:36:00-04:00,11,24738.0,24783.25,70.75,-11.0,True
2026-03-17,2026-03-13,5m,L25,24767.5,2026-03-17 11:34:00-04:00,11,24779.25,24794.25,29.5,-52.25,True
2026-03-17,2026-03-13,5m,L50,24780.0,2026-03-17 10:17:00-04:00,10,24781.5,24831.5,91.25,-3.0,True
2026-03-17,2026-03-13,5m,L75,24792.5,2026-03-17 10:15:00-04:00,10,24801.5,24820.75,71.25,-23.0,False
2026-03-17,2026-03-13,5m,L100,24805.0,2026-03-17 10:14:00-04:00,10,24807.0,24807.5,65.75,-28.5,False
2026-03-17,2026-03-16,1h,L100,24744.25,2026-03-17 11:36:00-04:00,11,24738.0,24783.25,70.75,-11.0,False
2026-03-17,2026-03-16,5m,L100,24735.0,2026-03-17 11:36:00-04:00,11,24738.0,24783.25,70.75,-11.0,False
2026-03-18,2026-03-12,1h,L0,24630.5,2026-03-18 10:26:00-04:00,10,24604.25,24675.0,110.5,-9.5,True
2026-03-18,2026-03-12,1h,L25,24686.0625,2026-03-18 10:13:00-04:00,10,24679.5,24699.75,40.25,-84.75,True
2026-03-18,2026-03-12,1h,L50,24741.625,2026-03-18 10:00:00-04:00,10,24722.25,24688.5,42.75,-127.5,True
2026-03-18,2026-03-12,5m,L0,24676.5,2026-03-18 10:13:00-04:00,10,24679.5,24699.75,40.25,-84.75,True
2026-03-18,2026-03-12,5m,L25,24698.625,2026-03-18 10:03:00-04:00,10,24721.75,24668.5,43.25,-127.0,False
2026-03-18,2026-03-12,5m,L50,24720.75,2026-03-18 10:00:00-04:00,10,24722.25,24688.5,42.75,-127.5,True
2026-03-18,2026-03-12,5m,L75,24742.875,2026-03-18 10:00:00-04:00,10,24722.25,24688.5,42.75,-127.5,True
2026-03-18,2026-03-12,5m,L100,24765.0,2026-03-18 10:08:00-04:00,10,24763.0,24703.75,2.0,-168.25,True
2026-03-18,2026-03-13,1h,L0,24611.0,2026-03-18 10:26:00-04:00,10,24604.25,24675.0,110.5,-9.5,True
2026-03-18,2026-03-13,1h,L25,24659.5,2026-03-18 10:25:00-04:00,10,24645.25,24673.75,69.5,-50.5,True
2026-03-18,2026-03-13,1h,L50,24708.0,2026-03-18 10:02:00-04:00,10,24706.0,24658.5,59.0,-111.25,True
2026-03-18,2026-03-13,1h,L75,24756.5,2026-03-18 10:00:00-04:00,10,24722.25,24688.5,42.75,-127.5,True
2026-03-18,2026-03-13,5m,L0,24755.0,2026-03-18 10:00:00-04:00,10,24722.25,24688.5,42.75,-127.5,False
2026-03-18,2026-03-13,5m,L25,24767.5,2026-03-18 10:08:00-04:00,10,24763.0,24703.75,2.0,-168.25,False
2026-03-18,2026-03-16,1h,L0,24623.0,2026-03-18 10:26:00-04:00,10,24604.25,24675.0,110.5,-9.5,True
2026-03-18,2026-03-16,1h,L25,24653.3125,2026-03-18 10:25:00-04:00,10,24645.25,24673.75,69.5,-50.5,True
2026-03-18,2026-03-16,1h,L50,24683.625,2026-03-18 10:13:00-04:00,10,24679.5,24699.75,40.25,-84.75,True
2026-03-18,2026-03-16,1h,L75,24713.9375,2026-03-18 10:02:00-04:00,10,24706.0,24658.5,59.0,-111.25,True
2026-03-18,2026-03-16,1h,L100,24744.25,2026-03-18 10:00:00-04:00,10,24722.25,24688.5,42.75,-127.5,True
2026-03-18,2026-03-16,5m,L0,24669.0,2026-03-18 10:15:00-04:00,10,24686.75,24686.75,28.0,-92.0,False
2026-03-18,2026-03-16,5m,L25,24685.5,2026-03-18 10:13:00-04:00,10,24679.5,24699.75,40.25,-84.75,True
2026-03-18,2026-03-16,5m,L50,24702.0,2026-03-18 10:02:00-04:00,10,24706.0,24658.5,59.0,-111.25,True
2026-03-18,2026-03-16,5m,L75,24718.5,2026-03-18 10:00:00-04:00,10,24722.25,24688.5,42.75,-127.5,True
2026-03-18,2026-03-16,5m,L100,24735.0,2026-03-18 10:00:00-04:00,10,24722.25,24688.5,42.75,-127.5,True
2026-03-18,2026-03-17,1h,L0,24713.25,2026-03-18 10:02:00-04:00,10,24706.0,24658.5,59.0,-111.25,False
2026-03-18,2026-03-17,1h,L25,24759.125,2026-03-18 10:00:00-04:00,10,24722.25,24688.5,42.75,-127.5,False
2026-03-23,2026-03-13,1h,L0,24611.0,2026-03-23 10:00:00-04:00,10,24590.5,24622.5,99.5,-63.5,True
2026-03-23,2026-03-13,1h,L25,24659.5,2026-03-23 10:21:00-04:00,10,24654.5,24628.75,35.5,-75.75,False
2026-03-23,2026-03-16,1h,L0,24623.0,2026-03-23 10:13:00-04:00,10,24620.5,24664.5,69.5,-41.75,True
2026-03-23,2026-03-16,1h,L25,24653.3125,2026-03-23 10:21:00-04:00,10,24654.5,24628.75,35.5,-75.75,False
2026-03-23,2026-03-16,1h,L50,24683.625,2026-03-23 10:23:00-04:00,10,24684.5,24654.0,5.5,-105.75,True
2026-03-23,2026-03-16,5m,L0,24669.0,2026-03-23 10:22:00-04:00,10,24668.0,24650.0,22.0,-89.25,False
2026-03-23,2026-03-16,5m,L25,24685.5,2026-03-23 10:23:00-04:00,10,24684.5,24654.0,5.5,-105.75,False
2026-03-23,2026-03-18,1h,L0,24645.5,2026-03-23 10:18:00-04:00,10,24637.0,24644.0,53.0,-58.25,True
2026-03-23,2026-03-18,1h,L25,24679.0,2026-03-23 10:23:00-04:00,10,24684.5,24654.0,5.5,-105.75,False
2026-03-23,2026-03-19,1h,L100,24308.5,2026-03-23 12:29:00-04:00,12,24318.0,24355.0,107.75,-13.0,False
2026-03-24,2026-03-19,1h,L25,24162.4375,2026-03-24 13:16:00-04:00,13,24174.25,24228.5,100.75,-14.0,True
2026-03-24,2026-03-19,1h,L50,24211.125,2026-03-24 10:00:00-04:00,10,24242.25,24292.25,101.25,-66.5,True
2026-03-24,2026-03-19,1h,L75,24259.8125,2026-03-24 10:00:00-04:00,10,24242.25,24292.25,101.25,-66.5,False
2026-03-24,2026-03-19,1h,L100,24308.5,2026-03-24 10:52:00-04:00,10,24295.75,24369.25,89.0,-111.75,False
2026-03-24,2026-03-19,5m,L0,24178.25,2026-03-24 10:13:00-04:00,10,24194.5,24299.0,149.0,-18.75,True
2026-03-24,2026-03-19,5m,L25,24195.375,2026-03-24 10:02:00-04:00,10,24231.0,24298.75,112.5,-55.25,True
2026-03-24,2026-03-19,5m,L50,24212.5,2026-03-24 10:00:00-04:00,10,24242.25,24292.25,101.25,-66.5,True
2026-03-24,2026-03-19,5m,L75,24229.625,2026-03-24 10:00:00-04:00,10,24242.25,24292.25,101.25,-66.5,False
2026-03-24,2026-03-19,5m,L100,24246.75,2026-03-24 10:00:00-04:00,10,24242.25,24292.25,101.25,-66.5,False
2026-03-25,2026-03-19,1h,L100,24308.5,2026-03-25 11:16:00-04:00,11,24309.25,24354.25,135.75,-22.0,False
2026-03-25,2026-03-23,1h,L0,24432.5,2026-03-25 10:06:00-04:00,10,24414.0,24460.0,105.25,-26.0,True
2026-03-25,2026-03-23,1h,L25,24485.125,2026-03-25 10:20:00-04:00,10,24478.75,24337.5,40.5,-191.5,False
2026-03-25,2026-03-23,5m,L0,24487.0,2026-03-25 10:21:00-04:00,10,24484.0,24344.25,35.25,-196.75,False
2026-03-25,2026-03-23,5m,L25,24509.9375,2026-03-25 10:25:00-04:00,10,24484.75,24400.25,34.5,-197.5,False
2026-03-25,2026-03-24,1h,L100,24317.0,2026-03-25 11:16:00-04:00,11,24309.25,24354.25,135.75,-22.0,False
2026-03-26,2026-03-19,1h,L0,24113.75,2026-03-26 10:44:00-04:00,10,24124.0,24080.75,22.75,-91.25,False
2026-03-26,2026-03-19,1h,L25,24162.4375,2026-03-26 10:37:00-04:00,10,24165.75,24074.0,60.25,-133.0,False
2026-03-26,2026-03-19,1h,L50,24211.125,2026-03-26 10:00:00-04:00,10,24212.0,24115.5,29.25,-179.25,True
2026-03-26,2026-03-19,5m,L0,24178.25,2026-03-26 10:05:00-04:00,10,24205.75,24113.25,35.5,-173.0,False
2026-03-26,2026-03-19,5m,L25,24195.375,2026-03-26 10:01:00-04:00,10,24219.75,24117.75,21.5,-187.0,False
2026-03-26,2026-03-19,5m,L50,24212.5,2026-03-26 10:00:00-04:00,10,24212.0,24115.5,29.25,-179.25,True
2026-03-26,2026-03-19,5m,L75,24229.625,2026-03-26 10:00:00-04:00,10,24212.0,24115.5,29.25,-179.25,True
2026-03-26,2026-03-24,1h,L0,24134.75,2026-03-26 10:43:00-04:00,10,24138.75,24078.0,22.0,-106.0,False
2026-03-26,2026-03-24,1h,L25,24180.3125,2026-03-26 10:05:00-04:00,10,24205.75,24113.25,35.5,-173.0,False
2026-03-26,2026-03-24,1h,L50,24225.875,2026-03-26 10:00:00-04:00,10,24212.0,24115.5,29.25,-179.25,True
2026-03-26,2026-03-24,5m,L0,24152.75,2026-03-26 10:37:00-04:00,10,24165.75,24074.0,60.25,-133.0,False
2026-03-26,2026-03-24,5m,L25,24171.8125,2026-03-26 10:08:00-04:00,10,24179.75,24090.0,51.75,-147.0,False
2026-03-26,2026-03-24,5m,L50,24190.875,2026-03-26 10:04:00-04:00,10,24199.5,24094.0,41.75,-166.75,True
2026-03-26,2026-03-24,5m,L75,24209.9375,2026-03-26 10:00:00-04:00,10,24212.0,24115.5,29.25,-179.25,True
2026-03-26,2026-03-24,5m,L100,24229.0,2026-03-26 10:00:00-04:00,10,24212.0,24115.5,29.25,-179.25,True
2026-03-31,2026-03-27,1h,L0,23472.0,2026-03-31 10:44:00-04:00,10,23491.25,23483.5,68.25,-113.75,False
2026-03-31,2026-03-27,1h,L25,23520.0625,2026-03-31 10:06:00-04:00,10,23529.0,23505.75,59.5,-151.5,False
2026-03-31,2026-03-27,1h,L50,23568.125,2026-03-31 10:00:00-04:00,10,23570.25,23427.75,18.25,-192.75,True
2026-03-31,2026-03-27,1h,L75,23616.1875,2026-03-31 12:38:00-04:00,12,23614.75,23775.0,262.5,-50.0,False
2026-03-31,2026-03-27,1h,L100,23664.25,2026-03-31 12:39:00-04:00,12,23668.0,23793.0,209.25,-58.75,False
2026-03-31,2026-03-27,5m,L0,23588.25,2026-03-31 10:33:00-04:00,10,23579.75,23466.25,8.75,-202.25,False
2026-03-31,2026-03-27,5m,L25,23602.875,2026-03-31 12:38:00-04:00,12,23614.75,23775.0,262.5,-50.0,True
2026-03-31,2026-03-27,5m,L50,23617.5,2026-03-31 12:38:00-04:00,12,23614.75,23775.0,262.5,-50.0,True
2026-03-31,2026-03-27,5m,L75,23632.125,2026-03-31 12:39:00-04:00,12,23668.0,23793.0,209.25,-58.75,False
2026-03-31,2026-03-27,5m,L100,23646.75,2026-03-31 12:39:00-04:00,12,23668.0,23793.0,209.25,-58.75,False
2026-03-31,2026-03-30,1h,L50,23415.5,2026-03-31 10:52:00-04:00,10,23420.75,23505.25,138.75,-43.25,True
2026-03-31,2026-03-30,1h,L75,23476.75,2026-03-31 10:44:00-04:00,10,23491.25,23483.5,68.25,-113.75,True
2026-03-31,2026-03-30,1h,L100,23538.0,2026-03-31 10:03:00-04:00,10,23545.5,23456.25,43.0,-168.0,True
2026-03-31,2026-03-30,5m,L50,23379.25,2026-03-31 10:55:00-04:00,10,23387.0,23479.75,172.5,-9.5,True
2026-03-31,2026-03-30,5m,L75,23392.5,2026-03-31 10:55:00-04:00,10,23387.0,23479.75,172.5,-9.5,False
2026-03-31,2026-03-30,5m,L100,23405.75,2026-03-31 10:53:00-04:00,10,23409.25,23497.25,150.25,-31.75,False
2026-04-01,2026-03-26,1h,L25,24107.8125,2026-04-01 10:00:00-04:00,10,24122.75,24266.25,147.0,-14.75,True
2026-04-01,2026-03-26,1h,L50,24149.625,2026-04-01 10:01:00-04:00,10,24148.0,24269.0,126.0,-27.5,True
2026-04-01,2026-03-26,1h,L75,24191.4375,2026-04-01 10:15:00-04:00,10,24182.0,24262.75,106.0,-50.5,False
2026-04-01,2026-03-26,1h,L100,24233.25,2026-04-01 10:39:00-04:00,10,24213.5,24282.75,77.5,-45.5,False
2026-04-01,2026-03-26,5m,L0,24143.25,2026-04-01 10:00:00-04:00,10,24122.75,24266.25,147.0,-14.75,True
2026-04-01,2026-03-26,5m,L25,24156.1875,2026-04-01 10:01:00-04:00,10,24148.0,24269.0,126.0,-27.5,True
2026-04-01,2026-03-26,5m,L50,24169.125,2026-04-01 10:03:00-04:00,10,24146.25,24267.5,135.75,-25.75,True
2026-04-01,2026-03-26,5m,L75,24182.0625,2026-04-01 10:08:00-04:00,10,24166.75,24280.25,119.75,-35.75,False
2026-04-01,2026-03-26,5m,L100,24195.0,2026-04-01 10:21:00-04:00,10,24185.25,24267.5,102.75,-53.75,False
2026-04-02,2026-03-26,1h,L0,24066.0,2026-04-02 10:35:00-04:00,10,24076.5,24177.25,191.25,-61.5,True
2026-04-02,2026-03-26,1h,L25,24107.8125,2026-04-02 10:36:00-04:00,10,24187.5,24195.75,80.25,-125.25,True
2026-04-02,2026-03-26,1h,L50,24149.625,2026-04-02 10:36:00-04:00,10,24187.5,24195.75,80.25,-125.25,True
2026-04-02,2026-03-26,1h,L75,24191.4375,2026-04-02 10:36:00-04:00,10,24187.5,24195.75,80.25,-125.25,False
2026-04-02,2026-03-26,1h,L100,24233.25,2026-04-02 10:37:00-04:00,10,24229.0,24199.25,38.75,-145.0,True
2026-04-02,2026-03-26,5m,L0,24143.25,2026-04-02 10:36:00-04:00,10,24187.5,24195.75,80.25,-125.25,True
2026-04-02,2026-03-26,5m,L25,24156.1875,2026-04-02 10:36:00-04:00,10,24187.5,24195.75,80.25,-125.25,True
2026-04-02,2026-03-26,5m,L50,24169.125,2026-04-02 10:36:00-04:00,10,24187.5,24195.75,80.25,-125.25,True
2026-04-02,2026-03-26,5m,L75,24182.0625,2026-04-02 10:36:00-04:00,10,24187.5,24195.75,80.25,-125.25,False
2026-04-02,2026-03-26,5m,L100,24195.0,2026-04-02 10:36:00-04:00,10,24187.5,24195.75,80.25,-125.25,False
2026-04-02,2026-04-01,1h,L0,24036.25,2026-04-02 10:33:00-04:00,10,24024.0,24146.0,243.75,-48.75,True
2026-04-02,2026-04-01,1h,L25,24075.8125,2026-04-02 10:35:00-04:00,10,24076.5,24177.25,191.25,-61.5,True
2026-04-02,2026-04-01,1h,L50,24115.375,2026-04-02 10:36:00-04:00,10,24187.5,24195.75,80.25,-125.25,True
2026-04-02,2026-04-01,1h,L75,24154.9375,2026-04-02 10:36:00-04:00,10,24187.5,24195.75,80.25,-125.25,False
2026-04-02,2026-04-01,1h,L100,24194.5,2026-04-02 10:36:00-04:00,10,24187.5,24195.75,80.25,-125.25,False
2026-04-02,2026-04-01,5m,L0,24060.0,2026-04-02 10:35:00-04:00,10,24076.5,24177.25,191.25,-61.5,True
2026-04-02,2026-04-01,5m,L25,24075.75,2026-04-02 10:35:00-04:00,10,24076.5,24177.25,191.25,-61.5,True
2026-04-02,2026-04-01,5m,L50,24091.5,2026-04-02 10:35:00-04:00,10,24076.5,24177.25,191.25,-61.5,True
2026-04-02,2026-04-01,5m,L75,24107.25,2026-04-02 10:36:00-04:00,10,24187.5,24195.75,80.25,-125.25,False
2026-04-02,2026-04-01,5m,L100,24123.0,2026-04-02 10:36:00-04:00,10,24187.5,24195.75,80.25,-125.25,False
2026-04-07,2026-04-01,1h,L0,24036.25,2026-04-07 10:06:00-04:00,10,24013.5,23956.0,132.5,-72.0,False
2026-04-07,2026-04-01,1h,L25,24075.8125,2026-04-07 10:02:00-04:00,10,24095.75,23984.75,50.25,-122.25,False
2026-04-07,2026-04-01,1h,L50,24115.375,2026-04-07 10:00:00-04:00,10,24104.25,23998.0,41.75,-122.25,True
2026-04-07,2026-04-01,1h,L75,24154.9375,2026-04-07 12:02:00-04:00,12,24189.75,24220.5,51.75,-70.25,False
2026-04-07,2026-04-01,1h,L100,24194.5,2026-04-07 12:02:00-04:00,12,24189.75,24220.5,51.75,-70.25,False
2026-04-07,2026-04-01,5m,L0,24060.0,2026-04-07 10:05:00-04:00,10,24062.75,23948.5,83.25,-119.5,False
2026-04-07,2026-04-01,5m,L25,24075.75,2026-04-07 10:02:00-04:00,10,24095.75,23984.75,50.25,-122.25,False
2026-04-07,2026-04-01,5m,L50,24091.5,2026-04-07 10:00:00-04:00,10,24104.25,23998.0,41.75,-122.25,True
2026-04-07,2026-04-01,5m,L75,24107.25,2026-04-07 10:00:00-04:00,10,24104.25,23998.0,41.75,-122.25,True
2026-04-07,2026-04-01,5m,L100,24123.0,2026-04-07 10:00:00-04:00,10,24104.25,23998.0,41.75,-122.25,True
2026-04-07,2026-04-06,1h,L0,24245.25,2026-04-07 12:48:00-04:00,12,24227.5,24224.75,71.75,-57.5,False
2026-04-07,2026-04-06,1h,L25,24288.4375,2026-04-07 13:36:00-04:00,13,24279.25,24198.0,20.0,-96.25,False
2026-04-07,2026-04-06,1h,L50,24331.625,2026-04-07 15:45:00-04:00,15,24328.0,24369.25,52.75,-104.0,True
2026-04-07,2026-04-06,1h,L75,24374.8125,2026-04-07 15:59:00-04:00,15,24369.25,24369.25,11.5,-31.5,False
2026-04-07,2026-04-06,5m,L0,24326.5,2026-04-07 15:45:00-04:00,15,24328.0,24369.25,52.75,-104.0,True
2026-04-07,2026-04-06,5m,L25,24340.875,2026-04-07 15:45:00-04:00,15,24328.0,24369.25,52.75,-104.0,True
2026-04-07,2026-04-06,5m,L50,24355.25,2026-04-07 15:56:00-04:00,15,24352.5,24369.25,28.25,-20.0,True
2026-04-07,2026-04-06,5m,L75,24369.625,2026-04-07 15:59:00-04:00,15,24369.25,24369.25,11.5,-31.5,False
2026-04-07,2026-04-06,5m,L100,24384.0,2026-04-07 15:59:00-04:00,15,24369.25,24369.25,11.5,-31.5,False
2026-04-09,2026-04-08,1h,L0,25065.0,2026-04-09 11:12:00-04:00,11,25056.0,25229.0,208.5,-24.0,True
2026-04-09,2026-04-08,1h,L25,25111.6875,2026-04-09 11:20:00-04:00,11,25091.5,25230.0,173.0,-43.0,True
2026-04-09,2026-04-08,1h,L50,25158.375,2026-04-09 11:33:00-04:00,11,25135.75,25202.0,128.75,-46.25,True
2026-04-09,2026-04-08,1h,L75,25205.0625,2026-04-09 12:01:00-04:00,12,25218.5,25197.5,46.0,-57.25,True
2026-04-09,2026-04-08,1h,L100,25251.75,2026-04-09 12:03:00-04:00,12,25255.5,25206.0,9.0,-94.25,True
2026-04-09,2026-04-08,5m,L0,25097.25,2026-04-09 11:15:00-04:00,11,25092.25,25214.5,172.25,-43.75,True
2026-04-09,2026-04-08,5m,L25,25113.25,2026-04-09 11:32:00-04:00,11,25126.25,25203.5,138.25,-61.25,True
2026-04-09,2026-04-08,5m,L50,25129.25,2026-04-09 11:32:00-04:00,11,25126.25,25203.5,138.25,-61.25,True
2026-04-09,2026-04-08,5m,L75,25145.25,2026-04-09 11:32:00-04:00,11,25126.25,25203.5,138.25,-61.25,False
2026-04-09,2026-04-08,5m,L100,25161.25,2026-04-09 11:47:00-04:00,11,25156.75,25172.5,107.75,-20.25,False
2026-04-10,2026-04-08,1h,L100,25251.75,2026-04-10 11:57:00-04:00,11,25253.0,25261.0,48.75,-31.0,False
2026-04-13,2026-04-08,1h,L100,25251.75,2026-04-13 10:17:00-04:00,10,25254.5,25327.25,104.25,-9.5,False
2026-04-13,2026-04-10,1h,L0,25290.0,2026-04-13 10:02:00-04:00,10,25303.5,25317.25,55.25,-58.5,True
2026-04-13,2026-04-10,1h,L25,25310.5,2026-04-13 10:00:00-04:00,10,25322.75,25318.75,36.0,-77.75,False
2026-04-13,2026-04-10,1h,L50,25331.0,2026-04-13 10:01:00-04:00,10,25304.0,25328.5,54.75,-59.0,True
2026-04-13,2026-04-10,1h,L75,25351.5,2026-04-13 10:58:00-04:00,10,25357.5,25312.0,1.25,-62.75,True
2026-04-13,2026-04-10,1h,L100,25372.0,2026-04-13 12:28:00-04:00,12,25371.25,25428.0,70.0,-26.25,False
2026-04-13,2026-04-10,5m,L0,25320.5,2026-04-13 10:00:00-04:00,10,25322.75,25318.75,36.0,-77.75,False
2026-04-13,2026-04-10,5m,L25,25329.1875,2026-04-13 10:00:00-04:00,10,25322.75,25318.75,36.0,-77.75,False
2026-04-13,2026-04-10,5m,L50,25337.875,2026-04-13 10:07:00-04:00,10,25318.0,25325.25,40.75,-73.0,True
2026-04-13,2026-04-10,5m,L75,25346.5625,2026-04-13 10:57:00-04:00,10,25343.5,25304.75,15.25,-48.75,True
2026-04-13,2026-04-10,5m,L100,25355.25,2026-04-13 10:58:00-04:00,10,25357.5,25312.0,1.25,-62.75,True
2026-04-20,2026-04-17,1h,L0,26629.5,2026-04-20 10:51:00-04:00,10,26660.25,26642.75,50.25,-91.25,False
2026-04-20,2026-04-17,1h,L25,26675.25,2026-04-20 10:51:00-04:00,10,26660.25,26642.75,50.25,-91.25,False
2026-04-20,2026-04-17,1h,L50,26721.0,2026-04-20 10:17:00-04:00,10,26728.25,26622.75,46.25,-159.25,True
2026-04-20,2026-04-17,1h,L75,26766.75,2026-04-20 10:01:00-04:00,10,26775.75,26630.25,13.0,-163.5,True
2026-04-20,2026-04-17,5m,L0,26632.25,2026-04-20 10:51:00-04:00,10,26660.25,26642.75,50.25,-91.25,False
2026-04-20,2026-04-17,5m,L25,26653.9375,2026-04-20 10:51:00-04:00,10,26660.25,26642.75,50.25,-91.25,False
2026-04-20,2026-04-17,5m,L50,26675.625,2026-04-20 10:51:00-04:00,10,26660.25,26642.75,50.25,-91.25,True
2026-04-20,2026-04-17,5m,L75,26697.3125,2026-04-20 10:41:00-04:00,10,26700.5,26679.5,21.0,-131.5,True
2026-04-20,2026-04-17,5m,L100,26719.0,2026-04-20 10:18:00-04:00,10,26721.75,26639.25,52.75,-152.75,True
2026-04-21,2026-04-17,1h,L0,26629.5,2026-04-21 13:10:00-04:00,13,26654.5,26706.25,111.25,-54.5,True
2026-04-21,2026-04-17,1h,L25,26675.25,2026-04-21 11:03:00-04:00,11,26674.5,26749.0,111.75,-12.25,True
2026-04-21,2026-04-17,1h,L50,26721.0,2026-04-21 11:00:00-04:00,11,26718.0,26757.25,68.25,-55.75,True
2026-04-21,2026-04-17,1h,L75,26766.75,2026-04-21 10:57:00-04:00,10,26769.75,26741.5,16.5,-107.5,True
2026-04-21,2026-04-17,1h,L100,26812.5,2026-04-21 10:23:00-04:00,10,26822.75,26757.5,35.25,-160.5,True
2026-04-21,2026-04-17,5m,L0,26632.25,2026-04-21 13:06:00-04:00,13,26648.25,26719.5,117.5,-48.25,True
2026-04-21,2026-04-17,5m,L25,26653.9375,2026-04-21 13:05:00-04:00,13,26664.75,26718.75,101.0,-64.75,True
2026-04-21,2026-04-17,5m,L50,26675.625,2026-04-21 11:03:00-04:00,11,26674.5,26749.0,111.75,-12.25,True
2026-04-21,2026-04-17,5m,L75,26697.3125,2026-04-21 11:01:00-04:00,11,26702.5,26756.25,83.75,-40.25,False
2026-04-21,2026-04-17,5m,L100,26719.0,2026-04-21 11:00:00-04:00,11,26718.0,26757.25,68.25,-55.75,False
2026-04-21,2026-04-20,1h,L0,26716.0,2026-04-21 11:00:00-04:00,11,26718.0,26757.25,68.25,-55.75,True
2026-04-21,2026-04-20,1h,L25,26743.5,2026-04-21 10:58:00-04:00,10,26754.25,26732.75,32.0,-92.0,False
2026-04-21,2026-04-20,1h,L50,26771.0,2026-04-21 10:51:00-04:00,10,26789.25,26724.25,19.25,-127.0,True
2026-04-21,2026-04-20,1h,L75,26798.5,2026-04-21 10:46:00-04:00,10,26805.75,26729.0,7.75,-143.5,True
2026-04-21,2026-04-20,1h,L100,26826.0,2026-04-21 10:00:00-04:00,10,26844.75,26718.0,40.25,-138.75,True
2026-04-21,2026-04-20,5m,L0,26716.0,2026-04-21 11:00:00-04:00,11,26718.0,26757.25,68.25,-55.75,True
2026-04-21,2026-04-20,5m,L25,26729.5,2026-04-21 10:59:00-04:00,10,26737.25,26731.5,49.0,-75.0,False
2026-04-21,2026-04-20,5m,L50,26743.0,2026-04-21 10:58:00-04:00,10,26754.25,26732.75,32.0,-92.0,True
2026-04-21,2026-04-20,5m,L75,26756.5,2026-04-21 10:58:00-04:00,10,26754.25,26732.75,32.0,-92.0,True
2026-04-21,2026-04-20,5m,L100,26770.0,2026-04-21 10:57:00-04:00,10,26769.75,26741.5,16.5,-107.5,True
2026-04-23,2026-04-17,1h,L25,26675.25,2026-04-23 13:46:00-04:00,13,26692.5,26934.25,290.0,-12.5,True
2026-04-23,2026-04-17,1h,L50,26721.0,2026-04-23 13:45:00-04:00,13,26734.0,26942.75,248.5,-54.0,True
2026-04-23,2026-04-17,1h,L75,26766.75,2026-04-23 13:42:00-04:00,13,26780.5,26936.0,202.0,-100.5,False
2026-04-23,2026-04-17,1h,L100,26812.5,2026-04-23 13:41:00-04:00,13,26787.25,26949.75,195.25,-107.25,False
2026-04-23,2026-04-17,5m,L50,26675.625,2026-04-23 13:46:00-04:00,13,26692.5,26934.25,290.0,-12.5,True
2026-04-23,2026-04-17,5m,L75,26697.3125,2026-04-23 13:46:00-04:00,13,26692.5,26934.25,290.0,-12.5,False
2026-04-23,2026-04-17,5m,L100,26719.0,2026-04-23 13:45:00-04:00,13,26734.0,26942.75,248.5,-54.0,False
2026-04-23,2026-04-20,1h,L0,26716.0,2026-04-23 13:45:00-04:00,13,26734.0,26942.75,248.5,-54.0,True
2026-04-23,2026-04-20,1h,L25,26743.5,2026-04-23 13:44:00-04:00,13,26761.75,26947.25,220.75,-81.75,True
2026-04-23,2026-04-20,1h,L50,26771.0,2026-04-23 13:42:00-04:00,13,26780.5,26936.0,202.0,-100.5,True
2026-04-23,2026-04-20,1h,L75,26798.5,2026-04-23 13:41:00-04:00,13,26787.25,26949.75,195.25,-107.25,False
2026-04-23,2026-04-20,1h,L100,26826.0,2026-04-23 13:40:00-04:00,13,26825.0,26953.75,157.5,-145.0,False
2026-04-23,2026-04-20,5m,L0,26716.0,2026-04-23 13:45:00-04:00,13,26734.0,26942.75,248.5,-54.0,True
2026-04-23,2026-04-20,5m,L25,26729.5,2026-04-23 13:45:00-04:00,13,26734.0,26942.75,248.5,-54.0,True
2026-04-23,2026-04-20,5m,L50,26743.0,2026-04-23 13:44:00-04:00,13,26761.75,26947.25,220.75,-81.75,True
2026-04-23,2026-04-20,5m,L75,26756.5,2026-04-23 13:42:00-04:00,13,26780.5,26936.0,202.0,-100.5,False
2026-04-23,2026-04-20,5m,L100,26770.0,2026-04-23 13:42:00-04:00,13,26780.5,26936.0,202.0,-100.5,False
2026-04-23,2026-04-21,1h,L0,26726.25,2026-04-23 13:45:00-04:00,13,26734.0,26942.75,248.5,-54.0,True
2026-04-23,2026-04-21,1h,L25,26755.125,2026-04-23 13:42:00-04:00,13,26780.5,26936.0,202.0,-100.5,True
2026-04-23,2026-04-21,1h,L50,26784.0,2026-04-23 13:41:00-04:00,13,26787.25,26949.75,195.25,-107.25,True
2026-04-23,2026-04-21,1h,L75,26812.875,2026-04-23 13:41:00-04:00,13,26787.25,26949.75,195.25,-107.25,False
2026-04-23,2026-04-21,1h,L100,26841.75,2026-04-23 13:40:00-04:00,13,26825.0,26953.75,157.5,-145.0,False
2026-04-23,2026-04-21,5m,L0,26743.25,2026-04-23 13:44:00-04:00,13,26761.75,26947.25,220.75,-81.75,True
2026-04-23,2026-04-21,5m,L25,26754.9375,2026-04-23 13:42:00-04:00,13,26780.5,26936.0,202.0,-100.5,True
2026-04-23,2026-04-21,5m,L50,26766.625,2026-04-23 13:42:00-04:00,13,26780.5,26936.0,202.0,-100.5,True
2026-04-23,2026-04-21,5m,L75,26778.3125,2026-04-23 13:42:00-04:00,13,26780.5,26936.0,202.0,-100.5,False
2026-04-23,2026-04-21,5m,L100,26790.0,2026-04-23 13:41:00-04:00,13,26787.25,26949.75,195.25,-107.25,False
2026-04-23,2026-04-22,1h,L0,26807.75,2026-04-23 13:41:00-04:00,13,26787.25,26949.75,195.25,-107.25,True
2026-04-23,2026-04-22,1h,L25,26828.9375,2026-04-23 13:40:00-04:00,13,26825.0,26953.75,157.5,-145.0,True
2026-04-23,2026-04-22,1h,L50,26850.125,2026-04-23 13:31:00-04:00,13,26874.5,26955.75,93.75,-194.5,True
2026-04-23,2026-04-22,1h,L75,26871.3125,2026-04-23 13:19:00-04:00,13,26884.75,26922.75,65.25,-204.75,False
2026-04-23,2026-04-22,1h,L100,26892.5,2026-04-23 13:16:00-04:00,13,26901.75,26922.0,48.25,-221.75,False
2026-04-23,2026-04-22,5m,L0,26823.75,2026-04-23 13:40:00-04:00,13,26825.0,26953.75,157.5,-145.0,True
2026-04-23,2026-04-22,5m,L25,26837.8125,2026-04-23 13:40:00-04:00,13,26825.0,26953.75,157.5,-145.0,True
2026-04-23,2026-04-22,5m,L50,26851.875,2026-04-23 13:31:00-04:00,13,26874.5,26955.75,93.75,-194.5,True
2026-04-23,2026-04-22,5m,L75,26865.9375,2026-04-23 13:19:00-04:00,13,26884.75,26922.75,65.25,-204.75,False
2026-04-23,2026-04-22,5m,L100,26880.0,2026-04-23 13:16:00-04:00,13,26901.75,26922.0,48.25,-221.75,False
2026-04-28,2026-04-23,1h,L50,27033.25,2026-04-28 10:50:00-04:00,10,27026.75,27032.0,93.25,-20.5,True
2026-04-28,2026-04-23,1h,L75,27067.875,2026-04-28 10:38:00-04:00,10,27057.75,27034.0,62.25,-47.25,True
2026-04-28,2026-04-23,1h,L100,27102.5,2026-04-28 10:35:00-04:00,10,27112.25,27024.0,34.25,-101.75,True
2026-04-28,2026-04-23,5m,L0,27025.0,2026-04-28 10:50:00-04:00,10,27026.75,27032.0,93.25,-20.5,True
2026-04-28,2026-04-23,5m,L25,27044.375,2026-04-28 10:39:00-04:00,10,27072.75,27039.5,47.25,-62.25,False
2026-04-28,2026-04-23,5m,L50,27063.75,2026-04-28 10:38:00-04:00,10,27057.75,27034.0,62.25,-47.25,True
2026-04-28,2026-04-23,5m,L75,27083.125,2026-04-28 10:37:00-04:00,10,27078.0,27046.75,42.0,-67.5,True
2026-04-28,2026-04-23,5m,L100,27102.5,2026-04-28 10:35:00-04:00,10,27112.25,27024.0,34.25,-101.75,True
2026-04-28,2026-04-24,1h,L0,27130.0,2026-04-28 10:34:00-04:00,10,27144.5,27023.0,8.75,-134.0,False
2026-04-28,2026-04-24,1h,L25,27164.5,2026-04-28 10:02:00-04:00,10,27188.0,27095.25,46.5,-177.5,False
2026-04-28,2026-04-24,1h,L50,27199.0,2026-04-28 10:00:00-04:00,10,27199.0,27106.0,35.5,-188.5,True
2026-04-28,2026-04-24,1h,L75,27233.5,2026-04-28 10:06:00-04:00,10,27222.0,27054.25,12.5,-211.5,True
2026-04-28,2026-04-24,5m,L0,27203.75,2026-04-28 10:00:00-04:00,10,27199.0,27106.0,35.5,-188.5,False
2026-04-28,2026-04-24,5m,L25,27214.4375,2026-04-28 10:01:00-04:00,10,27186.75,27090.0,47.75,-176.25,False
2026-04-28,2026-04-24,5m,L50,27225.125,2026-04-28 10:06:00-04:00,10,27222.0,27054.25,12.5,-211.5,True
2026-04-28,2026-04-24,5m,L75,27235.8125,2026-04-28 10:07:00-04:00,10,27224.0,27043.5,10.5,-213.5,True
2026-04-29,2026-04-24,1h,L25,27164.5,2026-04-29 12:31:00-04:00,12,27171.25,27220.0,60.25,-18.25,True
2026-04-29,2026-04-24,1h,L50,27199.0,2026-04-29 10:00:00-04:00,10,27200.5,27306.25,115.25,-22.5,True
2026-04-29,2026-04-24,1h,L75,27233.5,2026-04-29 10:18:00-04:00,10,27220.25,27249.0,95.5,-12.5,False
2026-04-29,2026-04-24,1h,L100,27268.0,2026-04-29 10:28:00-04:00,10,27270.25,27268.5,45.5,-50.25,False
2026-04-29,2026-04-24,5m,L0,27203.75,2026-04-29 10:00:00-04:00,10,27200.5,27306.25,115.25,-22.5,True
2026-04-29,2026-04-24,5m,L25,27214.4375,2026-04-29 10:00:00-04:00,10,27200.5,27306.25,115.25,-22.5,True
2026-04-29,2026-04-24,5m,L50,27225.125,2026-04-29 10:00:00-04:00,10,27200.5,27306.25,115.25,-22.5,True
2026-04-29,2026-04-24,5m,L75,27235.8125,2026-04-29 10:23:00-04:00,10,27234.25,27266.75,81.5,-14.25,False
2026-04-29,2026-04-24,5m,L100,27246.5,2026-04-29 10:24:00-04:00,10,27243.75,27266.5,72.0,-23.75,False
2026-04-29,2026-04-27,1h,L0,27298.0,2026-04-29 10:35:00-04:00,10,27295.5,27291.5,20.25,-75.5,False
2026-04-29,2026-04-27,1h,L25,27331.875,2026-04-29 15:15:00-04:00,15,27331.0,27334.75,7.25,-69.0,False
2026-04-29,2026-04-27,5m,L0,27324.5,2026-04-29 15:14:00-04:00,15,27319.25,27334.75,19.0,-57.25,True
2026-04-29,2026-04-27,5m,L25,27340.5,2026-04-29 15:15:00-04:00,15,27331.0,27334.75,7.25,-69.0,False
2026-04-29,2026-04-28,1h,L50,27160.0,2026-04-29 12:31:00-04:00,12,27171.25,27220.0,60.25,-18.25,True
2026-04-29,2026-04-28,1h,L75,27205.375,2026-04-29 10:00:00-04:00,10,27200.5,27306.25,115.25,-22.5,False
2026-04-29,2026-04-28,1h,L100,27250.75,2026-04-29 10:25:00-04:00,10,27246.75,27276.0,69.0,-26.75,False
2026-04-29,2026-04-28,5m,L0,27205.0,2026-04-29 10:00:00-04:00,10,27200.5,27306.25,115.25,-22.5,True
2026-04-29,2026-04-28,5m,L25,27216.4375,2026-04-29 10:00:00-04:00,10,27200.5,27306.25,115.25,-22.5,True
2026-04-29,2026-04-28,5m,L50,27227.875,2026-04-29 10:00:00-04:00,10,27200.5,27306.25,115.25,-22.5,True
2026-04-29,2026-04-28,5m,L75,27239.3125,2026-04-29 10:23:00-04:00,10,27234.25,27266.75,81.5,-14.25,False
2026-04-29,2026-04-28,5m,L100,27250.75,2026-04-29 10:25:00-04:00,10,27246.75,27276.0,69.0,-26.75,False
2026-04-30,2026-04-24,1h,L25,27164.5,2026-04-30 10:16:00-04:00,10,27167.5,27394.75,247.5,-4.5,True
2026-04-30,2026-04-24,1h,L50,27199.0,2026-04-30 10:09:00-04:00,10,27227.5,27404.25,179.25,-64.5,True
2026-04-30,2026-04-24,1h,L75,27233.5,2026-04-30 10:00:00-04:00,10,27258.5,27382.0,131.25,-95.5,False
2026-04-30,2026-04-24,1h,L100,27268.0,2026-04-30 10:00:00-04:00,10,27258.5,27382.0,131.25,-95.5,False
2026-04-30,2026-04-24,5m,L0,27203.75,2026-04-30 10:08:00-04:00,10,27207.0,27391.5,197.0,-44.0,True
2026-04-30,2026-04-24,5m,L25,27214.4375,2026-04-30 10:08:00-04:00,10,27207.0,27391.5,197.0,-44.0,True
2026-04-30,2026-04-24,5m,L50,27225.125,2026-04-30 10:08:00-04:00,10,27207.0,27391.5,197.0,-44.0,True
2026-04-30,2026-04-24,5m,L75,27235.8125,2026-04-30 10:00:00-04:00,10,27258.5,27382.0,131.25,-95.5,False
2026-04-30,2026-04-24,5m,L100,27246.5,2026-04-30 10:00:00-04:00,10,27258.5,27382.0,131.25,-95.5,False
2026-04-30,2026-04-27,1h,L0,27298.0,2026-04-30 10:02:00-04:00,10,27293.75,27379.25,110.25,-130.75,True
2026-04-30,2026-04-27,1h,L25,27331.875,2026-04-30 10:52:00-04:00,10,27334.25,27393.5,101.25,-20.0,True
2026-04-30,2026-04-27,1h,L50,27365.75,2026-04-30 10:55:00-04:00,10,27358.75,27417.0,76.75,-27.75,True
2026-04-30,2026-04-27,1h,L75,27399.625,2026-04-30 11:01:00-04:00,11,27398.75,27374.25,36.75,-67.75,True
2026-04-30,2026-04-27,1h,L100,27433.5,2026-04-30 11:31:00-04:00,11,27426.5,27413.75,9.0,-95.5,True
2026-04-30,2026-04-27,5m,L0,27324.5,2026-04-30 10:51:00-04:00,10,27319.5,27391.5,116.0,-38.25,True
2026-04-30,2026-04-27,5m,L25,27340.5,2026-04-30 10:52:00-04:00,10,27334.25,27393.5,101.25,-20.0,True
2026-04-30,2026-04-27,5m,L50,27356.5,2026-04-30 10:55:00-04:00,10,27358.75,27417.0,76.75,-27.75,True
2026-04-30,2026-04-27,5m,L75,27372.5,2026-04-30 10:57:00-04:00,10,27368.25,27404.0,67.25,-37.25,False
2026-04-30,2026-04-27,5m,L100,27388.5,2026-04-30 11:00:00-04:00,11,27382.0,27387.5,53.5,-51.0,False
2026-04-30,2026-04-28,1h,L50,27160.0,2026-04-30 10:17:00-04:00,10,27177.25,27397.25,237.75,-14.25,True
2026-04-30,2026-04-28,1h,L75,27205.375,2026-04-30 10:08:00-04:00,10,27207.0,27391.5,197.0,-44.0,False
2026-04-30,2026-04-28,1h,L100,27250.75,2026-04-30 10:00:00-04:00,10,27258.5,27382.0,131.25,-95.5,False
2026-04-30,2026-04-28,5m,L0,27205.0,2026-04-30 10:08:00-04:00,10,27207.0,27391.5,197.0,-44.0,True
2026-04-30,2026-04-28,5m,L25,27216.4375,2026-04-30 10:08:00-04:00,10,27207.0,27391.5,197.0,-44.0,True
2026-04-30,2026-04-28,5m,L50,27227.875,2026-04-30 10:08:00-04:00,10,27207.0,27391.5,197.0,-44.0,True
2026-04-30,2026-04-28,5m,L75,27239.3125,2026-04-30 10:00:00-04:00,10,27258.5,27382.0,131.25,-95.5,False
2026-04-30,2026-04-28,5m,L100,27250.75,2026-04-30 10:00:00-04:00,10,27258.5,27382.0,131.25,-95.5,False
2026-04-30,2026-04-29,1h,L50,27187.125,2026-04-30 10:16:00-04:00,10,27167.5,27394.75,247.5,-4.5,True
2026-04-30,2026-04-29,1h,L75,27218.5625,2026-04-30 10:08:00-04:00,10,27207.0,27391.5,197.0,-44.0,False
2026-04-30,2026-04-29,1h,L100,27250.0,2026-04-30 10:00:00-04:00,10,27258.5,27382.0,131.25,-95.5,False
2026-04-30,2026-04-29,5m,L25,27166.0625,2026-04-30 10:16:00-04:00,10,27167.5,27394.75,247.5,-4.5,True
2026-04-30,2026-04-29,5m,L50,27176.625,2026-04-30 10:16:00-04:00,10,27167.5,27394.75,247.5,-4.5,True
2026-04-30,2026-04-29,5m,L75,27187.1875,2026-04-30 10:16:00-04:00,10,27167.5,27394.75,247.5,-4.5,False
2026-04-30,2026-04-29,5m,L100,27197.75,2026-04-30 10:09:00-04:00,10,27227.5,27404.25,179.25,-64.5,False
