fvg_date,level,level_price,touch_ordinal,touch_ts,touch_date,touch_hour,days_since,approach,candle_dir,is_manip,reversed,mfe,mae
2025-05-02,h,20115.5,1,2025-05-04 18:44:00-04:00,2025-05-04,18,2,from_above,-1,False,True,15.5,-47.0
2025-05-02,h,20115.5,2,2025-05-04 18:52:00-04:00,2025-05-04,18,2,from_above,-1,False,False,3.0,-67.5
2025-05-02,h,20115.5,3,2025-05-04 19:04:00-04:00,2025-05-04,19,2,from_below,-1,False,True,62.25,-7.5
2025-05-02,h,20115.5,4,2025-05-04 19:14:00-04:00,2025-05-04,19,2,from_below,-1,False,True,66.25,-3.5
2025-05-02,h,20115.5,5,2025-05-04 19:21:00-04:00,2025-05-04,19,2,from_below,-1,False,True,62.5,-3.5
2025-05-02,h,20115.5,6,2025-05-05 10:57:00-04:00,2025-05-05,10,3,from_below,-1,False,True,44.75,-14.0
2025-05-02,l,20046.25,1,2025-05-04 21:39:00-04:00,2025-05-04,21,2,from_above,-1,False,True,12.5,-60.75
2025-05-02,l,20046.25,2,2025-05-04 22:22:00-04:00,2025-05-04,22,2,from_below,-1,False,True,22.75,-7.25
2025-05-02,l,20046.25,3,2025-05-04 22:47:00-04:00,2025-05-04,22,2,from_below,-1,False,True,28.75,-24.0
2025-05-02,l,20046.25,4,2025-05-04 23:10:00-04:00,2025-05-04,23,2,from_below,-1,False,True,23.5,-28.25
2025-05-02,l,20046.25,5,2025-05-04 23:20:00-04:00,2025-05-04,23,2,from_below,-1,False,True,27.25,-29.25
2025-05-02,l,20046.25,6,2025-05-04 23:38:00-04:00,2025-05-04,23,2,from_below,-1,False,True,36.75,-19.75
2025-05-02,ce,20080.875,1,2025-05-04 19:41:00-04:00,2025-05-04,19,2,from_above,-1,False,True,23.5,-29.0
2025-05-02,ce,20080.875,2,2025-05-04 19:50:00-04:00,2025-05-04,19,2,from_below,-1,False,True,10.0,-31.75
2025-05-02,ce,20080.875,3,2025-05-04 19:52:00-04:00,2025-05-04,19,2,from_below,-1,False,True,17.25,-24.5
2025-05-02,ce,20080.875,4,2025-05-04 20:03:00-04:00,2025-05-04,20,2,from_above,-1,False,True,36.5,-7.5
2025-05-02,ce,20080.875,5,2025-05-04 20:11:00-04:00,2025-05-04,20,2,from_above,-1,False,True,24.75,-20.75
2025-05-02,ce,20080.875,6,2025-05-04 20:14:00-04:00,2025-05-04,20,2,from_above,-1,False,True,29.75,-15.75
2025-05-05,h,20061.5,1,2025-05-06 18:01:00-04:00,2025-05-06,18,1,from_below,1,False,True,124.25,-72.75
2025-05-05,h,20061.5,2,2025-05-06 18:05:00-04:00,2025-05-06,18,1,from_below,1,False,True,90.5,-44.25
2025-05-05,h,20061.5,3,2025-05-06 18:10:00-04:00,2025-05-06,18,1,from_above,1,False,True,38.75,-57.75
2025-05-05,h,20061.5,4,2025-05-06 18:17:00-04:00,2025-05-06,18,1,from_below,1,False,True,72.5,-24.0
2025-05-05,h,20061.5,5,2025-05-06 18:23:00-04:00,2025-05-06,18,1,from_above,1,False,True,43.5,-53.0
2025-05-05,h,20061.5,6,2025-05-06 18:32:00-04:00,2025-05-06,18,1,from_above,1,False,True,19.25,-66.75
2025-05-05,l,20022.75,1,2025-05-06 12:14:00-04:00,2025-05-06,12,1,from_below,1,False,True,145.75,-21.0
2025-05-05,l,20022.75,2,2025-05-06 18:01:00-04:00,2025-05-06,18,1,from_below,1,False,True,124.25,-72.75
2025-05-05,l,20022.75,3,2025-05-06 18:15:00-04:00,2025-05-06,18,1,from_above,1,False,True,70.75,-25.75
2025-05-05,l,20022.75,4,2025-05-06 18:36:00-04:00,2025-05-06,18,1,from_above,1,False,True,67.5,-18.5
2025-05-05,l,20022.75,5,2025-05-06 18:39:00-04:00,2025-05-06,18,1,from_below,1,False,True,10.25,-62.0
2025-05-05,l,20022.75,6,2025-05-06 18:45:00-04:00,2025-05-06,18,1,from_above,1,False,True,43.0,-21.25
2025-05-05,ce,20042.125,1,2025-05-06 18:01:00-04:00,2025-05-06,18,1,from_below,1,False,True,124.25,-72.75
2025-05-05,ce,20042.125,2,2025-05-06 18:11:00-04:00,2025-05-06,18,1,from_above,1,False,True,45.0,-51.5
2025-05-05,ce,20042.125,3,2025-05-06 18:36:00-04:00,2025-05-06,18,1,from_above,1,False,True,67.5,-18.5
2025-05-05,ce,20042.125,4,2025-05-06 18:41:00-04:00,2025-05-06,18,1,from_below,1,False,True,11.0,-53.25
2025-05-05,ce,20042.125,5,2025-05-06 19:06:00-04:00,2025-05-06,19,1,from_above,1,False,True,27.5,-17.25
2025-05-05,ce,20042.125,6,2025-05-06 19:10:00-04:00,2025-05-06,19,1,from_below,1,False,True,21.75,-29.0
2025-05-06,h,19861.5,1,2025-05-07 09:49:00-04:00,2025-05-07,9,1,from_above,-1,False,True,103.75,-16.0
2025-05-06,h,19861.5,2,2025-05-07 10:54:00-04:00,2025-05-07,10,1,from_above,-1,False,True,24.5,-64.5
2025-05-06,h,19861.5,3,2025-05-07 10:58:00-04:00,2025-05-07,10,1,from_below,-1,False,True,63.5,-12.5
2025-05-06,h,19861.5,4,2025-05-07 12:20:00-04:00,2025-05-07,12,1,from_below,-1,False,True,41.5,-78.0
2025-05-06,h,19861.5,5,2025-05-07 12:41:00-04:00,2025-05-07,12,1,from_below,-1,False,False,7.0,-66.5
2025-05-06,h,19861.5,6,2025-05-07 12:46:00-04:00,2025-05-07,12,1,from_above,-1,False,True,61.5,-10.0
2025-05-06,l,19797.0,1,2025-05-07 11:13:00-04:00,2025-05-07,11,1,from_above,-1,False,True,59.75,-12.25
2025-05-06,l,19797.0,2,2025-05-07 11:28:00-04:00,2025-05-07,11,1,from_above,-1,False,True,54.5,-20.25
2025-05-06,l,19797.0,3,2025-05-07 11:30:00-04:00,2025-05-07,11,1,from_above,-1,False,True,48.25,-26.5
2025-05-06,l,19797.0,4,2025-05-07 11:34:00-04:00,2025-05-07,11,1,from_above,-1,False,True,60.5,-14.25
2025-05-06,l,19797.0,5,2025-05-07 11:48:00-04:00,2025-05-07,11,1,from_above,-1,False,True,81.5,-14.75
2025-05-06,l,19797.0,6,2025-05-07 14:00:00-04:00,2025-05-07,14,1,from_above,-1,False,True,67.5,-157.75
2025-05-06,ce,19829.25,1,2025-05-07 10:56:00-04:00,2025-05-07,10,1,from_above,-1,False,True,20.25,-55.75
2025-05-06,ce,19829.25,2,2025-05-07 11:00:00-04:00,2025-05-07,11,1,from_above,-1,False,True,27.25,-44.75
2025-05-06,ce,19829.25,3,2025-05-07 11:04:00-04:00,2025-05-07,11,1,from_below,-1,False,True,42.0,-30.0
2025-05-06,ce,19829.25,4,2025-05-07 11:08:00-04:00,2025-05-07,11,1,from_below,-1,False,True,48.25,-23.75
2025-05-06,ce,19829.25,5,2025-05-07 11:16:00-04:00,2025-05-07,11,1,from_below,-1,False,True,27.5,-44.5
2025-05-06,ce,19829.25,6,2025-05-07 11:20:00-04:00,2025-05-07,11,1,from_below,-1,False,True,30.25,-44.5
2025-05-08,h,20125.75,1,2025-05-09 10:27:00-04:00,2025-05-09,10,1,from_above,-1,False,True,37.75,-80.75
2025-05-08,h,20125.75,2,2025-05-09 10:34:00-04:00,2025-05-09,10,1,from_above,-1,False,True,49.75,-68.75
2025-05-08,h,20125.75,3,2025-05-09 10:49:00-04:00,2025-05-09,10,1,from_below,-1,False,True,28.0,-50.0
2025-05-08,h,20125.75,4,2025-05-09 10:56:00-04:00,2025-05-09,10,1,from_below,-1,False,True,32.75,-41.5
2025-05-08,h,20125.75,5,2025-05-09 11:00:00-04:00,2025-05-09,11,1,from_above,-1,False,True,30.5,-43.75
2025-05-08,h,20125.75,6,2025-05-09 11:21:00-04:00,2025-05-09,11,1,from_above,-1,False,True,38.25,-60.25
2025-05-08,l,20061.0,1,2025-05-09 10:38:00-04:00,2025-05-09,10,1,from_above,-1,False,True,111.75,-6.75
2025-05-08,l,20061.0,2,2025-05-09 13:22:00-04:00,2025-05-09,13,1,from_above,-1,False,True,53.5,-47.5
2025-05-08,ce,20093.375,1,2025-05-09 10:35:00-04:00,2025-05-09,10,1,from_above,-1,False,True,72.25,-46.25
2025-05-08,ce,20093.375,2,2025-05-09 10:40:00-04:00,2025-05-09,10,1,from_below,-1,False,True,21.5,-93.75
2025-05-08,ce,20093.375,3,2025-05-09 10:42:00-04:00,2025-05-09,10,1,from_below,-1,False,True,32.25,-74.25
2025-05-08,ce,20093.375,4,2025-05-09 10:47:00-04:00,2025-05-09,10,1,from_above,-1,False,True,77.5,-5.0
2025-05-08,ce,20093.375,5,2025-05-09 12:10:00-04:00,2025-05-09,12,1,from_above,-1,False,True,41.75,-19.0
2025-05-08,ce,20093.375,6,2025-05-09 12:16:00-04:00,2025-05-09,12,1,from_above,-1,False,True,37.5,-23.25
2025-05-12,h,20800.75,1,2025-05-23 08:00:00-04:00,2025-05-23,8,11,from_above,1,True,True,39.5,-73.0
2025-05-12,h,20800.75,2,2025-05-23 08:08:00-04:00,2025-05-23,8,11,from_below,1,True,True,82.5,-28.5
2025-05-12,h,20800.75,3,2025-05-23 08:17:00-04:00,2025-05-23,8,11,from_below,1,True,True,79.0,-32.0
2025-05-12,h,20800.75,4,2025-05-23 08:28:00-04:00,2025-05-23,8,11,from_below,1,True,True,42.75,-49.75
2025-05-12,h,20800.75,5,2025-05-23 08:37:00-04:00,2025-05-23,8,11,from_above,1,True,True,124.75,-73.25
2025-05-12,h,20800.75,6,2025-05-23 08:40:00-04:00,2025-05-23,8,11,from_above,1,True,True,145.75,-52.25
2025-05-12,l,20754.25,1,2025-05-23 08:13:00-04:00,2025-05-23,8,11,from_above,1,True,True,84.0,-27.0
2025-05-12,l,20754.25,2,2025-05-23 08:21:00-04:00,2025-05-23,8,11,from_above,1,True,True,77.0,-34.0
2025-05-12,l,20754.25,3,2025-05-23 09:19:00-04:00,2025-05-23,9,11,from_above,1,True,True,198.75,-39.5
2025-05-12,ce,20777.5,1,2025-05-23 08:06:00-04:00,2025-05-23,8,11,from_above,1,True,True,60.75,-50.25
2025-05-12,ce,20777.5,2,2025-05-23 08:11:00-04:00,2025-05-23,8,11,from_above,1,True,True,59.25,-51.75
2025-05-12,ce,20777.5,3,2025-05-23 08:16:00-04:00,2025-05-23,8,11,from_above,1,True,True,58.75,-52.25
2025-05-12,ce,20777.5,4,2025-05-23 08:19:00-04:00,2025-05-23,8,11,from_above,1,True,True,57.0,-54.0
2025-05-12,ce,20777.5,5,2025-05-23 08:26:00-04:00,2025-05-23,8,11,from_below,1,True,True,27.25,-55.75
2025-05-12,ce,20777.5,6,2025-05-23 08:56:00-04:00,2025-05-23,8,11,from_above,1,True,True,172.25,-25.75
2025-05-13,h,21071.5,1,2025-05-21 15:26:00-04:00,2025-05-21,15,8,from_above,-1,False,True,146.5,-3.0
2025-05-13,h,21071.5,2,2025-05-22 08:01:00-04:00,2025-05-22,8,9,from_above,-1,False,True,118.75,-58.25
2025-05-13,h,21071.5,3,2025-05-22 08:13:00-04:00,2025-05-22,8,9,from_above,-1,False,True,158.75,-29.0
2025-05-13,h,21071.5,4,2025-05-22 08:21:00-04:00,2025-05-22,8,9,from_below,-1,False,True,28.5,-158.5
2025-05-13,h,21071.5,5,2025-05-22 08:32:00-04:00,2025-05-22,8,9,from_below,-1,False,True,19.25,-157.75
2025-05-13,h,21071.5,6,2025-05-23 07:20:00-04:00,2025-05-23,7,10,from_above,-1,False,True,32.75,-335.0
2025-05-13,l,21045.5,1,2025-05-22 08:17:00-04:00,2025-05-22,8,9,from_above,-1,False,True,177.75,-10.0
2025-05-13,l,21045.5,2,2025-05-22 08:24:00-04:00,2025-05-22,8,9,from_above,-1,False,True,183.75,-3.25
2025-05-13,l,21045.5,3,2025-05-22 08:28:00-04:00,2025-05-22,8,9,from_above,-1,False,True,174.75,-10.75
2025-05-13,l,21045.5,4,2025-05-23 07:43:00-04:00,2025-05-23,7,10,from_above,-1,False,True,81.0,-291.0
2025-05-13,l,21045.5,5,2025-05-23 13:17:00-04:00,2025-05-23,13,10,from_below,-1,False,True,32.5,-33.0
2025-05-13,l,21045.5,6,2025-05-23 13:20:00-04:00,2025-05-23,13,10,from_above,-1,False,True,35.5,-32.25
2025-05-13,ce,21058.5,1,2025-05-22 08:16:00-04:00,2025-05-22,8,9,from_above,-1,False,True,176.75,-11.0
2025-05-13,ce,21058.5,2,2025-05-22 08:18:00-04:00,2025-05-22,8,9,from_below,-1,False,True,15.5,-171.5
2025-05-13,ce,21058.5,3,2025-05-22 08:22:00-04:00,2025-05-22,8,9,from_above,-1,False,True,171.25,-15.75
2025-05-13,ce,21058.5,4,2025-05-22 08:25:00-04:00,2025-05-22,8,9,from_below,-1,False,True,12.5,-173.0
2025-05-13,ce,21058.5,5,2025-05-23 07:22:00-04:00,2025-05-23,7,10,from_above,-1,False,True,49.5,-318.25
2025-05-13,ce,21058.5,6,2025-05-23 07:43:00-04:00,2025-05-23,7,10,from_above,-1,False,True,81.0,-291.0
2025-05-14,h,21345.5,1,2025-05-15 01:27:00-04:00,2025-05-15,1,1,from_above,-1,False,True,15.0,-29.0
2025-05-14,h,21345.5,2,2025-05-15 01:34:00-04:00,2025-05-15,1,1,from_above,-1,False,True,30.75,-21.0
2025-05-14,h,21345.5,3,2025-05-15 02:11:00-04:00,2025-05-15,2,1,from_below,-1,False,True,10.5,-28.0
2025-05-14,h,21345.5,4,2025-05-15 02:17:00-04:00,2025-05-15,2,1,from_above,-1,False,True,19.5,-52.0
2025-05-14,h,21345.5,5,2025-05-15 02:37:00-04:00,2025-05-15,2,1,from_above,-1,False,False,5.5,-55.25
2025-05-14,h,21345.5,6,2025-05-15 02:40:00-04:00,2025-05-15,2,1,from_above,-1,False,True,12.5,-56.0
2025-05-14,l,21277.0,1,2025-05-15 03:44:00-04:00,2025-05-15,3,1,from_above,-1,False,False,6.5,-64.75
2025-05-14,l,21277.0,2,2025-05-15 03:52:00-04:00,2025-05-15,3,1,from_above,-1,False,False,8.25,-67.5
2025-05-14,l,21277.0,3,2025-05-15 03:57:00-04:00,2025-05-15,3,1,from_below,-1,False,True,75.0,-17.5
2025-05-14,l,21277.0,4,2025-05-15 04:01:00-04:00,2025-05-15,4,1,from_below,-1,False,True,83.25,-9.25
2025-05-14,l,21277.0,5,2025-05-15 04:03:00-04:00,2025-05-15,4,1,from_above,-1,False,False,6.0,-80.0
2025-05-14,l,21277.0,6,2025-05-15 04:10:00-04:00,2025-05-15,4,1,from_below,-1,False,True,75.75,-8.0
2025-05-14,ce,21311.25,1,2025-05-15 03:14:00-04:00,2025-05-15,3,1,from_above,-1,False,True,23.5,-54.5
2025-05-14,ce,21311.25,2,2025-05-15 03:19:00-04:00,2025-05-15,3,1,from_below,-1,False,True,60.0,-18.0
2025-05-14,ce,21311.25,3,2025-05-15 03:27:00-04:00,2025-05-15,3,1,from_above,-1,False,True,10.75,-61.75
2025-05-14,ce,21311.25,4,2025-05-15 03:34:00-04:00,2025-05-15,3,1,from_above,-1,False,False,5.25,-64.75
2025-05-14,ce,21311.25,5,2025-05-15 08:32:00-04:00,2025-05-15,8,1,from_below,-1,False,True,42.5,-26.0
2025-05-14,ce,21311.25,6,2025-05-15 08:42:00-04:00,2025-05-15,8,1,from_below,-1,False,True,48.0,-25.0
2025-05-15,h,21321.25,1,2025-05-16 10:44:00-04:00,2025-05-16,10,1,from_above,-1,False,True,116.75,-6.5
2025-05-15,h,21321.25,2,2025-05-18 18:00:00-04:00,2025-05-18,18,3,from_above,-1,False,True,35.75,-52.25
2025-05-15,h,21321.25,3,2025-05-18 18:05:00-04:00,2025-05-18,18,3,from_above,-1,False,True,49.25,-14.5
2025-05-15,h,21321.25,4,2025-05-18 18:13:00-04:00,2025-05-18,18,3,from_above,-1,False,True,56.0,-7.75
2025-05-15,h,21321.25,5,2025-05-18 18:30:00-04:00,2025-05-18,18,3,from_above,-1,False,True,56.75,-9.25
2025-05-15,h,21321.25,6,2025-05-18 20:22:00-04:00,2025-05-18,20,3,from_above,-1,False,True,14.0,-57.75
2025-05-15,l,21248.25,1,2025-05-18 23:10:00-04:00,2025-05-18,23,3,from_above,-1,False,False,8.75,-53.0
2025-05-15,l,21248.25,2,2025-05-18 23:20:00-04:00,2025-05-18,23,3,from_below,-1,False,True,50.0,-4.5
2025-05-15,l,21248.25,3,2025-05-18 23:25:00-04:00,2025-05-18,23,3,from_below,-1,False,True,48.75,-5.75
2025-05-15,l,21248.25,4,2025-05-19 01:51:00-04:00,2025-05-19,1,4,from_below,-1,False,True,56.0,-44.5
2025-05-15,l,21248.25,5,2025-05-19 02:25:00-04:00,2025-05-19,2,4,from_above,-1,False,False,5.5,-87.25
2025-05-15,l,21248.25,6,2025-05-19 09:30:00-04:00,2025-05-19,9,4,from_below,-1,False,True,49.75,-211.5
2025-05-15,ce,21284.75,1,2025-05-18 18:00:00-04:00,2025-05-18,18,3,from_above,-1,False,True,35.75,-52.25
2025-05-15,ce,21284.75,2,2025-05-18 20:31:00-04:00,2025-05-18,20,3,from_above,-1,False,True,16.5,-27.0
2025-05-15,ce,21284.75,3,2025-05-18 20:38:00-04:00,2025-05-18,20,3,from_below,-1,False,True,19.75,-25.5
2025-05-15,ce,21284.75,4,2025-05-18 20:42:00-04:00,2025-05-18,20,3,from_below,-1,False,True,19.0,-26.25
2025-05-15,ce,21284.75,5,2025-05-18 20:48:00-04:00,2025-05-18,20,3,from_below,-1,False,True,17.25,-18.75
2025-05-15,ce,21284.75,6,2025-05-18 21:10:00-04:00,2025-05-18,21,3,from_above,-1,False,True,28.0,-23.25
2025-05-16,h,21440.25,1,2025-05-19 10:07:00-04:00,2025-05-19,10,3,from_below,1,False,True,56.5,-30.0
2025-05-16,h,21440.25,2,2025-05-19 10:09:00-04:00,2025-05-19,10,3,from_below,1,False,True,66.75,-19.75
2025-05-16,h,21440.25,3,2025-05-19 10:16:00-04:00,2025-05-19,10,3,from_below,1,False,True,75.25,-11.25
2025-05-16,h,21440.25,4,2025-05-19 10:19:00-04:00,2025-05-19,10,3,from_above,1,False,False,8.0,-69.25
2025-05-16,h,21440.25,5,2025-05-19 11:38:00-04:00,2025-05-19,11,3,from_below,1,False,True,36.75,-29.5
2025-05-16,h,21440.25,6,2025-05-19 11:47:00-04:00,2025-05-19,11,3,from_above,1,False,True,43.25,-23.0
2025-05-16,l,21409.0,1,2025-05-18 19:44:00-04:00,2025-05-18,19,2,from_below,1,False,True,149.0,-2.0
2025-05-16,l,21409.0,2,2025-05-19 10:26:00-04:00,2025-05-19,10,3,from_above,1,False,True,30.0,-28.75
2025-05-16,l,21409.0,3,2025-05-19 10:29:00-04:00,2025-05-19,10,3,from_below,1,False,True,27.5,-30.5
2025-05-16,l,21409.0,4,2025-05-19 10:34:00-04:00,2025-05-19,10,3,from_below,1,False,True,31.5,-26.5
2025-05-16,l,21409.0,5,2025-05-19 10:39:00-04:00,2025-05-19,10,3,from_above,1,False,True,43.0,-34.0
2025-05-16,l,21409.0,6,2025-05-19 10:43:00-04:00,2025-05-19,10,3,from_above,1,False,True,66.0,-33.5
2025-05-16,ce,21424.625,1,2025-05-19 10:07:00-04:00,2025-05-19,10,3,from_below,1,False,True,56.5,-30.0
2025-05-16,ce,21424.625,2,2025-05-19 10:11:00-04:00,2025-05-19,10,3,from_above,1,False,True,27.5,-59.0
2025-05-16,ce,21424.625,3,2025-05-19 10:22:00-04:00,2025-05-19,10,3,from_above,1,False,True,18.0,-54.25
2025-05-16,ce,21424.625,4,2025-05-19 10:25:00-04:00,2025-05-19,10,3,from_above,1,False,True,15.5,-43.75
2025-05-16,ce,21424.625,5,2025-05-19 10:38:00-04:00,2025-05-19,10,3,from_below,1,False,True,46.0,-28.25
2025-05-16,ce,21424.625,6,2025-05-19 11:11:00-04:00,2025-05-19,11,3,from_below,1,False,True,25.0,-54.5
2025-05-19,h,21375.0,1,2025-05-20 09:47:00-04:00,2025-05-20,9,1,from_above,1,False,True,85.75,-11.25
2025-05-19,h,21375.0,2,2025-05-20 10:01:00-04:00,2025-05-20,10,1,from_above,1,False,True,63.0,-25.75
2025-05-19,h,21375.0,3,2025-05-20 10:07:00-04:00,2025-05-20,10,1,from_above,1,False,True,63.75,-25.0
2025-05-19,h,21375.0,4,2025-05-20 10:14:00-04:00,2025-05-20,10,1,from_above,1,False,True,65.25,-10.75
2025-05-19,h,21375.0,5,2025-05-20 14:21:00-04:00,2025-05-20,14,1,from_above,1,False,True,28.5,-83.25
2025-05-19,h,21375.0,6,2025-05-20 14:26:00-04:00,2025-05-20,14,1,from_above,1,False,True,18.0,-82.75
2025-05-19,l,21316.5,1,2025-05-20 15:03:00-04:00,2025-05-20,15,1,from_above,1,False,True,134.5,-19.5
2025-05-19,l,21316.5,2,2025-05-21 02:11:00-04:00,2025-05-21,2,2,from_above,1,False,True,10.75,-38.5
2025-05-19,l,21316.5,3,2025-05-21 02:18:00-04:00,2025-05-21,2,2,from_below,1,False,True,32.5,-16.75
2025-05-19,l,21316.5,4,2025-05-21 02:24:00-04:00,2025-05-21,2,2,from_above,1,False,True,11.75,-34.25
2025-05-19,l,21316.5,5,2025-05-21 02:31:00-04:00,2025-05-21,2,2,from_above,1,False,True,10.75,-31.75
2025-05-19,l,21316.5,6,2025-05-21 02:53:00-04:00,2025-05-21,2,2,from_below,1,False,True,13.5,-41.25
2025-05-19,ce,21345.75,1,2025-05-20 14:28:00-04:00,2025-05-20,14,1,from_above,1,False,True,39.5,-50.5
2025-05-19,ce,21345.75,2,2025-05-20 14:41:00-04:00,2025-05-20,14,1,from_above,1,False,True,68.0,-51.25
2025-05-19,ce,21345.75,3,2025-05-20 14:46:00-04:00,2025-05-20,14,1,from_above,1,False,True,69.5,-49.75
2025-05-19,ce,21345.75,4,2025-05-20 14:52:00-04:00,2025-05-20,14,1,from_above,1,False,True,76.75,-53.0
2025-05-19,ce,21345.75,5,2025-05-20 15:00:00-04:00,2025-05-20,15,1,from_above,1,False,True,116.25,-37.75
2025-05-19,ce,21345.75,6,2025-05-20 15:12:00-04:00,2025-05-20,15,1,from_below,1,False,True,14.5,-101.5
2025-05-20,h,21417.5,1,2025-05-21 10:01:00-04:00,2025-05-21,10,1,from_below,-1,False,True,25.0,-76.5
2025-05-20,h,21417.5,2,2025-05-21 10:06:00-04:00,2025-05-21,10,1,from_below,-1,False,True,23.75,-82.75
2025-05-20,h,21417.5,3,2025-05-21 10:40:00-04:00,2025-05-21,10,1,from_below,-1,False,True,35.0,-125.5
2025-05-20,h,21417.5,4,2025-05-21 10:50:00-04:00,2025-05-21,10,1,from_below,-1,False,False,6.5,-128.25
2025-05-20,h,21417.5,5,2025-05-21 13:16:00-04:00,2025-05-21,13,1,from_above,-1,False,True,19.0,-259.0
2025-05-20,h,21417.5,6,2025-05-27 12:08:00-04:00,2025-05-27,12,7,from_below,-1,False,False,7.75,-45.5
2025-05-20,l,21358.0,1,2025-05-21 00:23:00-04:00,2025-05-21,0,1,from_above,-1,False,True,24.25,-10.75
2025-05-20,l,21358.0,2,2025-05-21 00:37:00-04:00,2025-05-21,0,1,from_above,-1,False,True,24.75,-10.25
2025-05-20,l,21358.0,3,2025-05-21 00:46:00-04:00,2025-05-21,0,1,from_below,-1,False,True,14.25,-26.0
2025-05-20,l,21358.0,4,2025-05-21 00:55:00-04:00,2025-05-21,0,1,from_below,-1,False,True,20.0,-30.5
2025-05-20,l,21358.0,5,2025-05-21 00:57:00-04:00,2025-05-21,0,1,from_below,-1,False,True,21.25,-29.25
2025-05-20,l,21358.0,6,2025-05-21 01:39:00-04:00,2025-05-21,1,1,from_above,-1,False,False,2.75,-70.25
2025-05-20,ce,21387.75,1,2025-05-21 09:51:00-04:00,2025-05-21,9,1,from_below,-1,False,True,35.75,-42.5
2025-05-20,ce,21387.75,2,2025-05-21 10:00:00-04:00,2025-05-21,10,1,from_below,-1,False,False,2.0,-99.5
2025-05-20,ce,21387.75,3,2025-05-21 10:07:00-04:00,2025-05-21,10,1,from_above,-1,False,True,86.25,-30.25
2025-05-20,ce,21387.75,4,2025-05-21 10:10:00-04:00,2025-05-21,10,1,from_above,-1,False,True,126.75,-20.25
2025-05-20,ce,21387.75,5,2025-05-21 10:24:00-04:00,2025-05-21,10,1,from_above,-1,False,True,141.25,-22.25
2025-05-20,ce,21387.75,6,2025-05-21 10:28:00-04:00,2025-05-21,10,1,from_above,-1,False,True,152.5,-11.0
2025-05-21,h,21383.5,1,2025-05-27 10:26:00-04:00,2025-05-27,10,6,from_below,1,False,True,25.0,-20.5
2025-05-21,h,21383.5,2,2025-05-27 10:28:00-04:00,2025-05-27,10,6,from_below,1,False,True,30.75,-21.0
2025-05-21,h,21383.5,3,2025-05-27 10:31:00-04:00,2025-05-27,10,6,from_below,1,False,True,32.75,-19.75
2025-05-21,h,21383.5,4,2025-05-27 10:40:00-04:00,2025-05-27,10,6,from_below,1,False,True,35.25,-17.25
2025-05-21,h,21383.5,5,2025-05-27 10:48:00-04:00,2025-05-27,10,6,from_below,1,False,True,40.0,-12.5
2025-05-21,h,21383.5,6,2025-05-27 10:52:00-04:00,2025-05-27,10,6,from_below,1,False,True,34.0,-21.0
2025-05-21,l,21355.75,1,2025-05-27 03:49:00-04:00,2025-05-27,3,6,from_below,1,False,True,44.25,-10.5
2025-05-21,l,21355.75,2,2025-05-27 10:10:00-04:00,2025-05-27,10,6,from_below,1,False,False,6.25,-43.5
2025-05-21,l,21355.75,3,2025-05-27 10:37:00-04:00,2025-05-27,10,6,from_above,1,False,True,32.25,-20.25
2025-05-21,l,21355.75,4,2025-05-27 10:58:00-04:00,2025-05-27,10,6,from_above,1,False,True,50.25,-7.75
2025-05-21,l,21355.75,5,2025-05-27 11:05:00-04:00,2025-05-27,11,6,from_above,1,False,True,50.5,-6.5
2025-05-21,l,21355.75,6,2025-05-28 15:54:00-04:00,2025-05-28,15,7,from_above,1,False,True,138.25,-52.0
2025-05-21,ce,21369.625,1,2025-05-27 10:13:00-04:00,2025-05-27,10,6,from_below,1,False,True,16.0,-31.25
2025-05-21,ce,21369.625,2,2025-05-27 10:17:00-04:00,2025-05-27,10,6,from_below,1,False,True,19.0,-26.5
2025-05-21,ce,21369.625,3,2025-05-27 10:29:00-04:00,2025-05-27,10,6,from_above,1,False,True,31.25,-21.25
2025-05-21,ce,21369.625,4,2025-05-27 10:34:00-04:00,2025-05-27,10,6,from_above,1,False,True,23.0,-29.5
2025-05-21,ce,21369.625,5,2025-05-27 10:36:00-04:00,2025-05-27,10,6,from_above,1,False,True,39.25,-13.25
2025-05-21,ce,21369.625,6,2025-05-27 10:50:00-04:00,2025-05-27,10,6,from_above,1,False,True,23.25,-29.25
2025-05-22,h,21194.5,1,2025-05-23 03:20:00-04:00,2025-05-23,3,1,from_below,1,False,True,10.0,-39.75
2025-05-22,h,21194.5,2,2025-05-23 04:16:00-04:00,2025-05-23,4,1,from_above,1,False,True,27.0,-27.75
2025-05-22,h,21194.5,3,2025-05-23 04:19:00-04:00,2025-05-23,4,1,from_above,1,False,True,23.5,-31.25
2025-05-22,h,21194.5,4,2025-05-23 04:42:00-04:00,2025-05-23,4,1,from_above,1,False,False,7.5,-78.0
2025-05-22,h,21194.5,5,2025-05-23 04:48:00-04:00,2025-05-23,4,1,from_below,1,False,True,75.75,-4.0
2025-05-22,h,21194.5,6,2025-05-23 04:54:00-04:00,2025-05-23,4,1,from_below,1,False,True,75.25,-3.25
2025-05-22,l,21148.5,1,2025-05-23 00:47:00-04:00,2025-05-23,0,1,from_above,1,False,True,30.5,-7.75
2025-05-22,l,21148.5,2,2025-05-23 00:52:00-04:00,2025-05-23,0,1,from_above,1,False,True,29.25,-10.5
2025-05-22,l,21148.5,3,2025-05-23 00:55:00-04:00,2025-05-23,0,1,from_above,1,False,True,31.25,-12.75
2025-05-22,l,21148.5,4,2025-05-23 01:48:00-04:00,2025-05-23,1,1,from_above,1,False,False,4.75,-57.75
2025-05-22,l,21148.5,5,2025-05-23 01:52:00-04:00,2025-05-23,1,1,from_below,1,False,True,51.25,-11.0
2025-05-22,l,21148.5,6,2025-05-23 01:58:00-04:00,2025-05-23,1,1,from_below,1,False,True,61.5,-0.75
2025-05-22,ce,21171.5,1,2025-05-23 00:11:00-04:00,2025-05-23,0,1,from_above,1,False,False,2.75,-33.25
2025-05-22,ce,21171.5,2,2025-05-23 00:19:00-04:00,2025-05-23,0,1,from_above,1,False,False,6.5,-29.5
2025-05-22,ce,21171.5,3,2025-05-23 00:25:00-04:00,2025-05-23,0,1,from_above,1,False,True,14.0,-23.75
2025-05-22,ce,21171.5,4,2025-05-23 00:27:00-04:00,2025-05-23,0,1,from_below,1,False,True,26.75,-11.5
2025-05-22,ce,21171.5,5,2025-05-23 00:34:00-04:00,2025-05-23,0,1,from_below,1,False,True,24.0,-14.25
2025-05-22,ce,21171.5,6,2025-05-23 01:09:00-04:00,2025-05-23,1,1,from_below,1,False,True,53.0,-10.75
2025-05-26,h,21305.0,1,2025-05-27 03:31:00-04:00,2025-05-27,3,1,from_below,-1,False,True,12.25,-49.0
2025-05-26,h,21305.0,2,2025-05-27 04:49:00-04:00,2025-05-27,4,1,from_above,-1,False,True,45.25,-9.0
2025-05-26,h,21305.0,3,2025-05-27 06:50:00-04:00,2025-05-27,6,1,from_above,-1,False,False,6.0,-36.25
2025-05-26,h,21305.0,4,2025-05-27 06:55:00-04:00,2025-05-27,6,1,from_above,-1,False,False,4.75,-34.75
2025-05-26,h,21305.0,5,2025-05-27 07:32:00-04:00,2025-05-27,7,1,from_below,-1,False,True,40.5,-6.5
2025-05-26,h,21305.0,6,2025-05-27 07:41:00-04:00,2025-05-27,7,1,from_below,-1,False,True,39.0,-7.5
2025-05-26,l,21292.5,1,2025-05-27 03:24:00-04:00,2025-05-27,3,1,from_below,-1,False,False,4.0,-72.0
2025-05-26,l,21292.5,2,2025-05-27 07:00:00-04:00,2025-05-27,7,1,from_above,-1,False,True,16.75,-21.75
2025-05-26,l,21292.5,3,2025-05-27 07:09:00-04:00,2025-05-27,7,1,from_below,-1,False,True,12.75,-21.5
2025-05-26,l,21292.5,4,2025-05-27 07:15:00-04:00,2025-05-27,7,1,from_above,-1,False,True,16.25,-18.0
2025-05-26,l,21292.5,5,2025-05-27 07:21:00-04:00,2025-05-27,7,1,from_below,-1,False,True,20.75,-26.25
2025-05-26,l,21292.5,6,2025-05-27 07:25:00-04:00,2025-05-27,7,1,from_below,-1,False,True,27.5,-19.5
2025-05-26,ce,21298.75,1,2025-05-27 03:27:00-04:00,2025-05-27,3,1,from_below,-1,False,True,10.5,-65.5
2025-05-26,ce,21298.75,2,2025-05-27 04:50:00-04:00,2025-05-27,4,1,from_above,-1,False,True,52.5,-1.75
2025-05-26,ce,21298.75,3,2025-05-27 07:00:00-04:00,2025-05-27,7,1,from_above,-1,False,True,16.75,-21.75
2025-05-26,ce,21298.75,4,2025-05-27 07:13:00-04:00,2025-05-27,7,1,from_below,-1,False,True,20.75,-13.5
2025-05-26,ce,21298.75,5,2025-05-27 07:28:00-04:00,2025-05-27,7,1,from_below,-1,False,True,33.0,-14.0
2025-05-26,ce,21298.75,6,2025-05-27 07:31:00-04:00,2025-05-27,7,1,from_below,-1,False,True,36.75,-10.25
2025-05-27,h,21279.5,1,2025-05-29 21:05:00-04:00,2025-05-29,21,2,from_above,1,False,True,47.5,-37.5
2025-05-27,h,21279.5,2,2025-05-29 21:20:00-04:00,2025-05-29,21,2,from_above,1,False,True,68.25,-4.5
2025-05-27,h,21279.5,3,2025-05-30 08:11:00-04:00,2025-05-30,8,3,from_above,1,False,True,112.5,-32.5
2025-05-27,h,21279.5,4,2025-05-30 08:26:00-04:00,2025-05-30,8,3,from_above,1,False,True,99.75,-8.75
2025-05-27,h,21279.5,5,2025-05-30 09:50:00-04:00,2025-05-30,9,3,from_above,1,False,True,132.5,-32.25
2025-05-27,h,21279.5,6,2025-05-30 09:54:00-04:00,2025-05-30,9,3,from_below,1,False,True,21.5,-127.75
2025-05-27,l,21237.5,1,2025-05-30 08:11:00-04:00,2025-05-30,8,3,from_above,1,False,True,112.5,-32.5
2025-05-27,l,21237.5,2,2025-05-30 09:52:00-04:00,2025-05-30,9,3,from_above,1,False,True,151.25,-13.5
2025-05-27,l,21237.5,3,2025-05-30 12:27:00-04:00,2025-05-30,12,3,from_above,1,False,True,27.75,-153.0
2025-05-27,l,21237.5,4,2025-05-30 14:10:00-04:00,2025-05-30,14,3,from_below,1,False,True,11.75,-118.25
2025-05-27,l,21237.5,5,2025-06-01 23:06:00-04:00,2025-06-01,23,5,from_above,1,False,True,17.5,-14.25
2025-05-27,l,21237.5,6,2025-06-01 23:25:00-04:00,2025-06-01,23,5,from_above,1,False,True,10.25,-15.0
2025-05-27,ce,21258.5,1,2025-05-30 08:11:00-04:00,2025-05-30,8,3,from_above,1,False,True,112.5,-32.5
2025-05-27,ce,21258.5,2,2025-05-30 09:50:00-04:00,2025-05-30,9,3,from_above,1,False,True,132.5,-32.25
2025-05-27,ce,21258.5,3,2025-05-30 09:53:00-04:00,2025-05-30,9,3,from_below,1,False,True,23.25,-135.5
2025-05-27,ce,21258.5,4,2025-05-30 09:55:00-04:00,2025-05-30,9,3,from_above,1,False,True,139.0,-10.25
2025-05-27,ce,21258.5,5,2025-05-30 09:59:00-04:00,2025-05-30,9,3,from_above,1,False,True,139.5,-6.0
2025-05-27,ce,21258.5,6,2025-05-30 12:22:00-04:00,2025-05-30,12,3,from_above,1,False,True,17.5,-182.5
2025-05-28,h,21545.0,1,2025-05-29 09:41:00-04:00,2025-05-29,9,1,from_above,-1,False,True,33.0,-167.0
2025-05-28,h,21545.0,2,2025-05-29 09:53:00-04:00,2025-05-29,9,1,from_below,-1,False,True,162.25,-15.25
2025-05-28,h,21545.0,3,2025-06-02 15:24:00-04:00,2025-06-02,15,5,from_below,-1,False,True,42.25,-38.75
2025-05-28,h,21545.0,4,2025-06-02 16:00:00-04:00,2025-06-02,16,5,from_below,-1,False,False,9.75,-39.5
2025-05-28,h,21545.0,5,2025-06-02 18:00:00-04:00,2025-06-02,18,5,from_above,-1,False,True,12.5,-29.5
2025-05-28,h,21545.0,6,2025-06-02 19:29:00-04:00,2025-06-02,19,5,from_below,-1,False,True,69.0,-1.75
2025-05-28,l,21478.75,1,2025-05-29 10:05:00-04:00,2025-05-29,10,1,from_above,-1,False,True,67.25,-74.5
2025-05-28,l,21478.75,2,2025-05-29 10:48:00-04:00,2025-05-29,10,1,from_below,-1,False,True,54.25,-43.5
2025-05-28,l,21478.75,3,2025-05-29 11:04:00-04:00,2025-05-29,11,1,from_above,-1,False,True,16.5,-192.75
2025-05-28,l,21478.75,4,2025-05-29 11:07:00-04:00,2025-05-29,11,1,from_above,-1,False,True,25.75,-183.5
2025-05-28,l,21478.75,5,2025-05-29 11:13:00-04:00,2025-05-29,11,1,from_above,-1,False,True,33.25,-176.0
2025-05-28,l,21478.75,6,2025-05-29 11:19:00-04:00,2025-05-29,11,1,from_below,-1,False,True,158.5,-50.75
2025-05-28,ce,21511.875,1,2025-05-29 09:47:00-04:00,2025-05-29,9,1,from_above,-1,False,True,35.75,-141.75
2025-05-28,ce,21511.875,2,2025-05-29 09:57:00-04:00,2025-05-29,9,1,from_above,-1,False,True,15.5,-138.25
2025-05-28,ce,21511.875,3,2025-05-29 10:56:00-04:00,2025-05-29,10,1,from_below,-1,False,True,90.0,-11.5
2025-05-28,ce,21511.875,4,2025-05-29 11:29:00-04:00,2025-05-29,11,1,from_below,-1,False,True,199.5,-9.75
2025-05-28,ce,21511.875,5,2025-06-02 14:22:00-04:00,2025-06-02,14,5,from_below,-1,False,True,15.25,-24.75
2025-05-28,ce,21511.875,6,2025-06-02 14:29:00-04:00,2025-06-02,14,5,from_below,-1,False,True,18.25,-35.5
2025-05-29,h,21537.5,1,2025-06-02 15:24:00-04:00,2025-06-02,15,4,from_below,-1,False,True,42.25,-38.75
2025-05-29,h,21537.5,2,2025-06-02 15:50:00-04:00,2025-06-02,15,4,from_below,-1,False,True,29.0,-52.0
2025-05-29,h,21537.5,3,2025-06-02 15:59:00-04:00,2025-06-02,15,4,from_below,-1,False,False,9.75,-43.5
2025-05-29,h,21537.5,4,2025-06-02 16:05:00-04:00,2025-06-02,16,4,from_above,-1,False,True,33.75,-6.25
2025-05-29,h,21537.5,5,2025-06-02 18:01:00-04:00,2025-06-02,18,4,from_above,-1,False,False,0.0,-32.75
2025-05-29,h,21537.5,6,2025-06-02 18:17:00-04:00,2025-06-02,18,4,from_below,-1,False,True,27.5,-6.25
2025-05-29,l,21486.75,1,2025-06-02 14:16:00-04:00,2025-06-02,14,4,from_below,-1,False,False,5.75,-50.75
2025-05-29,l,21486.75,2,2025-06-02 14:18:00-04:00,2025-06-02,14,4,from_below,-1,False,False,8.5,-46.5
2025-05-29,l,21486.75,3,2025-06-02 19:25:00-04:00,2025-06-02,19,4,from_above,-1,False,True,65.5,-13.25
2025-05-29,l,21486.75,4,2025-06-02 20:00:00-04:00,2025-06-02,20,4,from_above,-1,False,True,12.0,-16.75
2025-05-29,l,21486.75,5,2025-06-02 20:10:00-04:00,2025-06-02,20,4,from_above,-1,False,True,10.75,-12.5
2025-05-29,l,21486.75,6,2025-06-02 20:20:00-04:00,2025-06-02,20,4,from_above,-1,False,True,10.75,-16.5
2025-05-29,ce,21512.125,1,2025-06-02 14:22:00-04:00,2025-06-02,14,4,from_below,-1,False,True,15.25,-24.75
2025-05-29,ce,21512.125,2,2025-06-02 14:29:00-04:00,2025-06-02,14,4,from_below,-1,False,True,18.25,-35.5
2025-05-29,ce,21512.125,3,2025-06-02 14:51:00-04:00,2025-06-02,14,4,from_below,-1,False,True,10.75,-29.75
2025-05-29,ce,21512.125,4,2025-06-02 14:59:00-04:00,2025-06-02,14,4,from_above,-1,False,True,26.75,-21.25
2025-05-29,ce,21512.125,5,2025-06-02 15:08:00-04:00,2025-06-02,15,4,from_above,-1,False,True,40.0,-18.75
2025-05-29,ce,21512.125,6,2025-06-02 15:13:00-04:00,2025-06-02,15,4,from_above,-1,False,True,39.25,-23.25
2025-05-30,h,21330.0,1,2025-06-01 18:04:00-04:00,2025-06-01,18,2,from_below,-1,True,True,20.25,-28.25
2025-05-30,h,21330.0,2,2025-06-01 18:10:00-04:00,2025-06-01,18,2,from_below,-1,True,True,26.5,-23.0
2025-05-30,h,21330.0,3,2025-06-01 18:19:00-04:00,2025-06-01,18,2,from_above,-1,True,False,8.25,-39.75
2025-05-30,h,21330.0,4,2025-06-01 18:36:00-04:00,2025-06-01,18,2,from_below,-1,True,True,46.0,-5.75
2025-05-30,h,21330.0,5,2025-06-02 09:30:00-04:00,2025-06-02,9,3,from_below,-1,True,True,94.0,-129.5
2025-05-30,h,21330.0,6,2025-06-02 09:52:00-04:00,2025-06-02,9,3,from_above,-1,True,True,93.75,-90.5
2025-05-30,l,21286.25,1,2025-06-01 19:30:00-04:00,2025-06-01,19,2,from_above,-1,True,True,45.25,-4.0
2025-05-30,l,21286.25,2,2025-06-01 20:30:00-04:00,2025-06-01,20,2,from_above,-1,True,True,22.25,-6.5
2025-05-30,l,21286.25,3,2025-06-01 20:35:00-04:00,2025-06-01,20,2,from_above,-1,True,True,23.0,-5.75
2025-05-30,l,21286.25,4,2025-06-01 20:39:00-04:00,2025-06-01,20,2,from_above,-1,True,True,21.5,-13.75
2025-05-30,l,21286.25,5,2025-06-01 20:49:00-04:00,2025-06-01,20,2,from_above,-1,True,True,25.5,-20.75
2025-05-30,l,21286.25,6,2025-06-01 20:52:00-04:00,2025-06-01,20,2,from_above,-1,True,True,24.5,-21.75
2025-05-30,ce,21308.125,1,2025-06-01 18:00:00-04:00,2025-06-01,18,2,unknown,-1,True,False,,
2025-05-30,ce,21308.125,2,2025-06-01 18:06:00-04:00,2025-06-01,18,2,from_above,-1,True,True,33.75,-14.75
2025-05-30,ce,21308.125,3,2025-06-01 18:25:00-04:00,2025-06-01,18,2,from_above,-1,True,True,17.0,-19.5
2025-05-30,ce,21308.125,4,2025-06-01 18:50:00-04:00,2025-06-01,18,2,from_above,-1,True,False,2.75,-38.0
2025-05-30,ce,21308.125,5,2025-06-01 18:54:00-04:00,2025-06-01,18,2,from_above,-1,True,False,7.75,-32.5
2025-05-30,ce,21308.125,6,2025-06-01 19:00:00-04:00,2025-06-01,19,2,from_above,-1,True,False,7.75,-32.5
2025-06-02,h,21435.5,1,2025-06-03 03:21:00-04:00,2025-06-03,3,1,from_above,-1,False,True,35.25,-19.75
2025-06-02,h,21435.5,2,2025-06-03 03:31:00-04:00,2025-06-03,3,1,from_below,-1,False,True,41.25,-13.75
2025-06-02,h,21435.5,3,2025-06-03 03:35:00-04:00,2025-06-03,3,1,from_above,-1,False,False,7.0,-47.5
2025-06-02,h,21435.5,4,2025-06-03 03:40:00-04:00,2025-06-03,3,1,from_above,-1,False,True,10.75,-43.75
2025-06-02,h,21435.5,5,2025-06-03 03:43:00-04:00,2025-06-03,3,1,from_above,-1,False,True,16.0,-38.5
2025-06-02,h,21435.5,6,2025-06-03 03:48:00-04:00,2025-06-03,3,1,from_below,-1,False,True,37.75,-9.0
2025-06-02,ce,21403.625,1,2025-06-03 03:25:00-04:00,2025-06-03,3,1,from_above,-1,False,True,46.75,-8.25
2025-06-02,ce,21403.625,2,2025-06-03 04:19:00-04:00,2025-06-03,4,1,from_above,-1,False,True,49.5,-7.75
2025-06-03,h,21599.25,1,2025-06-05 15:15:00-04:00,2025-06-05,15,2,from_above,1,False,True,73.75,-98.0
2025-06-03,h,21599.25,2,2025-06-05 15:30:00-04:00,2025-06-05,15,2,from_below,1,False,True,75.5,-78.75
2025-06-03,h,21599.25,3,2025-06-05 15:53:00-04:00,2025-06-05,15,2,from_above,1,False,True,26.0,-76.5
2025-06-03,h,21599.25,4,2025-06-05 16:00:00-04:00,2025-06-05,16,2,from_below,1,False,True,106.25,-2.75
2025-06-03,h,21599.25,5,2025-06-05 16:04:00-04:00,2025-06-05,16,2,from_above,1,False,False,8.5,-99.75
2025-06-03,h,21599.25,6,2025-06-05 16:11:00-04:00,2025-06-05,16,2,from_above,1,False,False,6.25,-87.25
2025-06-03,l,21558.25,1,2025-06-05 15:17:00-04:00,2025-06-05,15,2,from_above,1,False,True,124.75,-47.0
2025-06-03,l,21558.25,2,2025-06-05 15:20:00-04:00,2025-06-05,15,2,from_below,1,False,True,41.75,-126.75
2025-06-03,l,21558.25,3,2025-06-05 15:26:00-04:00,2025-06-05,15,2,from_below,1,False,True,59.0,-95.25
2025-06-03,l,21558.25,4,2025-06-05 15:28:00-04:00,2025-06-05,15,2,from_above,1,False,True,112.0,-42.25
2025-06-03,l,21558.25,5,2025-06-05 16:15:00-04:00,2025-06-05,16,2,from_above,1,False,True,57.5,-25.75
2025-06-03,l,21558.25,6,2025-06-05 16:20:00-04:00,2025-06-05,16,2,from_below,1,False,True,41.5,-41.75
2025-06-03,ce,21578.75,1,2025-06-05 15:16:00-04:00,2025-06-05,15,2,from_above,1,False,True,109.75,-62.0
2025-06-03,ce,21578.75,2,2025-06-05 15:26:00-04:00,2025-06-05,15,2,from_below,1,False,True,59.0,-95.25
2025-06-03,ce,21578.75,3,2025-06-05 15:55:00-04:00,2025-06-05,15,2,from_above,1,False,True,19.0,-79.25
2025-06-03,ce,21578.75,4,2025-06-05 16:15:00-04:00,2025-06-05,16,2,from_above,1,False,True,57.5,-25.75
2025-06-03,ce,21578.75,5,2025-06-05 16:28:00-04:00,2025-06-05,16,2,from_below,1,False,True,77.25,-6.0
2025-06-03,ce,21578.75,6,2025-06-05 16:32:00-04:00,2025-06-05,16,2,from_below,1,False,True,60.5,-8.5
2025-06-04,h,21786.5,1,2025-06-05 03:24:00-04:00,2025-06-05,3,1,from_below,1,False,False,4.5,-53.75
2025-06-04,h,21786.5,2,2025-06-05 04:55:00-04:00,2025-06-05,4,1,from_above,1,False,True,20.0,-14.25
2025-06-04,h,21786.5,3,2025-06-05 05:14:00-04:00,2025-06-05,5,1,from_below,1,False,False,7.75,-29.5
2025-06-04,h,21786.5,4,2025-06-05 05:38:00-04:00,2025-06-05,5,1,from_below,1,False,True,17.25,-20.0
2025-06-04,h,21786.5,5,2025-06-05 06:00:00-04:00,2025-06-05,6,1,from_below,1,False,True,31.0,-19.75
2025-06-04,h,21786.5,6,2025-06-05 06:04:00-04:00,2025-06-05,6,1,from_below,1,False,True,35.25,-15.5
2025-06-04,l,21752.25,1,2025-06-05 00:00:00-04:00,2025-06-05,0,1,unknown,1,False,False,,
2025-06-04,l,21752.25,2,2025-06-05 00:11:00-04:00,2025-06-05,0,1,from_below,1,False,True,26.75,-7.5
2025-06-04,l,21752.25,3,2025-06-05 00:19:00-04:00,2025-06-05,0,1,from_above,1,False,False,5.0,-28.5
2025-06-04,l,21752.25,4,2025-06-05 00:35:00-04:00,2025-06-05,0,1,from_below,1,False,True,28.0,-1.75
2025-06-04,l,21752.25,5,2025-06-05 00:39:00-04:00,2025-06-05,0,1,from_below,1,False,True,26.0,-3.0
2025-06-04,l,21752.25,6,2025-06-05 03:02:00-04:00,2025-06-05,3,1,from_below,1,False,False,5.75,-84.75
2025-06-04,ce,21769.375,1,2025-06-05 03:15:00-04:00,2025-06-05,3,1,from_below,1,False,True,12.0,-68.0
2025-06-04,ce,21769.375,2,2025-06-05 03:19:00-04:00,2025-06-05,3,1,from_below,1,False,False,6.5,-73.0
2025-06-04,ce,21769.375,3,2025-06-05 05:14:00-04:00,2025-06-05,5,1,from_above,1,False,True,29.5,-7.75
2025-06-04,ce,21769.375,4,2025-06-05 05:22:00-04:00,2025-06-05,5,1,from_above,1,False,True,31.25,-3.0
2025-06-04,ce,21769.375,5,2025-06-05 05:51:00-04:00,2025-06-05,5,1,from_above,1,False,True,35.75,-15.0
2025-06-04,ce,21769.375,6,2025-06-05 05:57:00-04:00,2025-06-05,5,1,from_above,1,False,True,35.0,-15.75
2025-06-05,h,21781.25,1,2025-06-06 08:42:00-04:00,2025-06-06,8,1,from_below,-1,False,True,14.0,-86.0
2025-06-05,h,21781.25,2,2025-06-06 08:45:00-04:00,2025-06-06,8,1,from_below,-1,False,True,33.0,-77.0
2025-06-05,h,21781.25,3,2025-06-06 09:01:00-04:00,2025-06-06,9,1,from_below,-1,False,True,30.25,-87.0
2025-06-05,h,21781.25,4,2025-06-06 09:13:00-04:00,2025-06-06,9,1,from_below,-1,False,False,9.5,-86.0
2025-06-05,h,21781.25,5,2025-06-06 09:15:00-04:00,2025-06-06,9,1,from_below,-1,False,True,17.25,-78.25
2025-06-05,h,21781.25,6,2025-06-06 09:25:00-04:00,2025-06-06,9,1,from_above,-1,False,True,81.0,-14.5
2025-06-05,l,21691.75,1,2025-06-06 05:53:00-04:00,2025-06-06,5,1,from_below,-1,False,True,25.5,-8.25
2025-06-05,l,21691.75,2,2025-06-06 06:19:00-04:00,2025-06-06,6,1,from_below,-1,False,True,49.5,-3.25
2025-06-05,l,21691.75,3,2025-06-06 06:32:00-04:00,2025-06-06,6,1,from_below,-1,False,True,47.5,-1.75
2025-06-05,l,21691.75,4,2025-06-06 08:30:00-04:00,2025-06-06,8,1,from_below,-1,False,True,76.25,-77.5
2025-06-05,l,21691.75,5,2025-06-12 20:03:00-04:00,2025-06-12,20,7,from_above,-1,False,True,10.75,-189.25
2025-06-05,l,21691.75,6,2025-06-12 20:06:00-04:00,2025-06-12,20,7,from_below,-1,False,True,171.25,-21.0
2025-06-05,ce,21736.5,1,2025-06-06 08:30:00-04:00,2025-06-06,8,1,from_below,-1,False,True,76.25,-77.5
2025-06-05,ce,21736.5,2,2025-06-06 08:38:00-04:00,2025-06-06,8,1,from_above,-1,False,True,66.0,-25.0
2025-06-05,ce,21736.5,3,2025-06-06 11:20:00-04:00,2025-06-06,11,1,from_above,-1,False,True,76.25,-21.75
2025-06-05,ce,21736.5,4,2025-06-06 12:55:00-04:00,2025-06-06,12,1,from_above,-1,False,True,94.25,-7.0
2025-06-05,ce,21736.5,5,2025-06-06 13:07:00-04:00,2025-06-06,13,1,from_above,-1,False,True,111.25,-4.25
2025-06-05,ce,21736.5,6,2025-06-06 13:11:00-04:00,2025-06-06,13,1,from_above,-1,False,True,110.0,-6.75
2025-06-06,h,21863.5,1,2025-06-09 10:20:00-04:00,2025-06-09,10,3,from_below,1,False,True,38.0,-32.75
2025-06-06,h,21863.5,2,2025-06-09 10:26:00-04:00,2025-06-09,10,3,from_below,1,False,True,40.5,-34.75
2025-06-06,h,21863.5,3,2025-06-09 10:30:00-04:00,2025-06-09,10,3,from_below,1,False,True,46.5,-32.75
2025-06-06,h,21863.5,4,2025-06-09 10:39:00-04:00,2025-06-09,10,3,from_above,1,False,False,3.5,-63.25
2025-06-06,h,21863.5,5,2025-06-09 10:43:00-04:00,2025-06-09,10,3,from_above,1,False,True,13.75,-51.0
2025-06-06,h,21863.5,6,2025-06-09 10:48:00-04:00,2025-06-09,10,3,from_below,1,False,True,45.25,-10.5
2025-06-06,l,21837.75,1,2025-06-09 10:12:00-04:00,2025-06-09,10,3,from_below,1,False,True,15.5,-46.75
2025-06-06,l,21837.75,2,2025-06-09 10:15:00-04:00,2025-06-09,10,3,from_above,1,False,True,50.0,-12.25
2025-06-06,l,21837.75,3,2025-06-09 10:54:00-04:00,2025-06-09,10,3,from_above,1,False,True,29.0,-26.75
2025-06-06,l,21837.75,4,2025-06-09 11:18:00-04:00,2025-06-09,11,3,from_above,1,False,True,12.75,-23.5
2025-06-06,l,21837.75,5,2025-06-09 11:30:00-04:00,2025-06-09,11,3,from_below,1,False,True,19.5,-14.5
2025-06-06,l,21837.75,6,2025-06-09 11:34:00-04:00,2025-06-09,11,3,from_below,1,False,True,17.0,-17.0
2025-06-06,ce,21850.625,1,2025-06-09 10:14:00-04:00,2025-06-09,10,3,from_below,1,False,True,19.5,-42.75
2025-06-06,ce,21850.625,2,2025-06-09 10:17:00-04:00,2025-06-09,10,3,from_below,1,False,True,24.0,-38.25
2025-06-06,ce,21850.625,3,2025-06-09 10:25:00-04:00,2025-06-09,10,3,from_above,1,False,True,40.25,-35.0
2025-06-06,ce,21850.625,4,2025-06-09 10:28:00-04:00,2025-06-09,10,3,from_above,1,False,True,38.5,-40.75
2025-06-06,ce,21850.625,5,2025-06-09 10:44:00-04:00,2025-06-09,10,3,from_above,1,False,True,11.75,-44.25
2025-06-06,ce,21850.625,6,2025-06-09 11:00:00-04:00,2025-06-09,11,3,from_below,1,False,True,28.75,-27.0
2025-06-09,h,21804.0,1,2025-06-10 01:26:00-04:00,2025-06-10,1,1,from_above,1,True,True,47.25,-38.75
2025-06-09,h,21804.0,2,2025-06-10 01:36:00-04:00,2025-06-10,1,1,from_below,1,True,True,16.75,-43.75
2025-06-09,h,21804.0,3,2025-06-10 01:52:00-04:00,2025-06-10,1,1,from_above,1,True,True,25.75,-8.75
2025-06-09,h,21804.0,4,2025-06-10 02:53:00-04:00,2025-06-10,2,1,from_above,1,True,True,19.0,-76.25
2025-06-09,h,21804.0,5,2025-06-10 02:59:00-04:00,2025-06-10,2,1,from_above,1,True,True,18.75,-76.5
2025-06-09,h,21804.0,6,2025-06-10 03:05:00-04:00,2025-06-10,3,1,from_above,1,True,True,25.0,-70.25
2025-06-09,l,21776.75,1,2025-06-10 01:29:00-04:00,2025-06-10,1,1,from_above,1,True,True,57.0,-29.0
2025-06-09,l,21776.75,2,2025-06-10 01:34:00-04:00,2025-06-10,1,1,from_below,1,True,True,17.25,-67.0
2025-06-09,l,21776.75,3,2025-06-10 03:37:00-04:00,2025-06-10,3,1,from_above,1,True,True,39.0,-45.25
2025-06-09,l,21776.75,4,2025-06-10 03:53:00-04:00,2025-06-10,3,1,from_below,1,True,True,17.5,-44.5
2025-06-09,l,21776.75,5,2025-06-10 04:13:00-04:00,2025-06-10,4,1,from_above,1,True,True,63.5,-12.0
2025-06-09,l,21776.75,6,2025-06-10 04:15:00-04:00,2025-06-10,4,1,from_below,1,True,True,17.25,-58.75
2025-06-09,ce,21790.375,1,2025-06-10 01:26:00-04:00,2025-06-10,1,1,from_above,1,True,True,47.25,-38.75
2025-06-09,ce,21790.375,2,2025-06-10 01:30:00-04:00,2025-06-10,1,1,from_below,1,True,True,26.75,-59.25
2025-06-09,ce,21790.375,3,2025-06-10 01:36:00-04:00,2025-06-10,1,1,from_below,1,True,True,16.75,-43.75
2025-06-09,ce,21790.375,4,2025-06-10 03:10:00-04:00,2025-06-10,3,1,from_above,1,True,True,33.25,-62.0
2025-06-09,ce,21790.375,5,2025-06-10 03:30:00-04:00,2025-06-10,3,1,from_above,1,True,True,18.75,-64.0
2025-06-09,ce,21790.375,6,2025-06-10 03:33:00-04:00,2025-06-10,3,1,from_above,1,True,True,20.5,-62.25
2025-06-10,h,21875.5,1,2025-06-11 00:57:00-04:00,2025-06-11,0,1,from_above,1,False,True,25.75,-8.5
2025-06-10,h,21875.5,2,2025-06-11 02:05:00-04:00,2025-06-11,2,1,from_above,1,False,True,39.5,-1.5
2025-06-10,h,21875.5,3,2025-06-11 14:02:00-04:00,2025-06-11,14,1,from_above,1,False,True,27.5,-97.0
2025-06-10,h,21875.5,4,2025-06-11 14:06:00-04:00,2025-06-11,14,1,from_below,1,False,True,92.25,-32.25
2025-06-10,h,21875.5,5,2025-06-11 14:10:00-04:00,2025-06-11,14,1,from_above,1,False,True,31.25,-93.25
2025-06-10,h,21875.5,6,2025-06-11 14:26:00-04:00,2025-06-11,14,1,from_below,1,False,True,41.5,-60.25
2025-06-10,l,21841.25,1,2025-06-11 14:04:00-04:00,2025-06-11,14,1,from_above,1,False,True,56.5,-68.0
2025-06-10,l,21841.25,2,2025-06-11 14:14:00-04:00,2025-06-11,14,1,from_above,1,False,True,80.25,-44.25
2025-06-10,l,21841.25,3,2025-06-11 14:18:00-04:00,2025-06-11,14,1,from_below,1,False,False,6.25,-97.5
2025-06-10,l,21841.25,4,2025-06-11 14:20:00-04:00,2025-06-11,14,1,from_below,1,False,True,31.5,-70.25
2025-06-10,l,21841.25,5,2025-06-11 14:27:00-04:00,2025-06-11,14,1,from_above,1,False,True,61.75,-40.0
2025-06-10,l,21841.25,6,2025-06-11 14:30:00-04:00,2025-06-11,14,1,from_above,1,False,True,91.5,-10.25
2025-06-10,ce,21858.375,1,2025-06-11 14:03:00-04:00,2025-06-11,14,1,from_above,1,False,True,54.5,-70.0
2025-06-10,ce,21858.375,2,2025-06-11 14:12:00-04:00,2025-06-11,14,1,from_above,1,False,True,55.0,-69.5
2025-06-10,ce,21858.375,3,2025-06-11 14:24:00-04:00,2025-06-11,14,1,from_below,1,False,True,46.0,-55.75
2025-06-10,ce,21858.375,4,2025-06-11 14:31:00-04:00,2025-06-11,14,1,from_below,1,False,True,55.0,-46.75
2025-06-10,ce,21858.375,5,2025-06-11 14:55:00-04:00,2025-06-11,14,1,from_above,1,False,True,21.0,-46.0
2025-06-10,ce,21858.375,6,2025-06-11 14:59:00-04:00,2025-06-11,14,1,from_above,1,False,True,31.25,-38.0
2025-06-11,h,21976.0,1,2025-06-12 11:02:00-04:00,2025-06-12,11,1,from_below,-1,False,True,90.5,-5.25
2025-06-11,h,21976.0,2,2025-06-16 10:28:00-04:00,2025-06-16,10,5,from_below,-1,False,True,26.0,-23.5
2025-06-11,h,21976.0,3,2025-06-16 10:40:00-04:00,2025-06-16,10,5,from_below,-1,False,True,11.25,-38.25
2025-06-11,h,21976.0,4,2025-06-16 10:44:00-04:00,2025-06-16,10,5,from_below,-1,False,True,26.75,-22.75
2025-06-11,h,21976.0,5,2025-06-16 11:02:00-04:00,2025-06-16,11,5,from_below,-1,False,True,41.25,-25.25
2025-06-11,h,21976.0,6,2025-06-16 11:10:00-04:00,2025-06-16,11,5,from_below,-1,False,True,46.25,-20.25
2025-06-11,l,21915.0,1,2025-06-12 10:14:00-04:00,2025-06-12,10,1,from_below,-1,False,True,12.5,-62.75
2025-06-11,l,21915.0,2,2025-06-12 10:24:00-04:00,2025-06-12,10,1,from_above,-1,False,True,59.0,-36.75
2025-06-11,l,21915.0,3,2025-06-12 10:29:00-04:00,2025-06-12,10,1,from_above,-1,False,True,57.0,-38.75
2025-06-11,l,21915.0,4,2025-06-12 10:32:00-04:00,2025-06-12,10,1,from_above,-1,False,True,64.5,-31.25
2025-06-11,l,21915.0,5,2025-06-12 10:35:00-04:00,2025-06-12,10,1,from_above,-1,False,True,61.5,-34.25
2025-06-11,l,21915.0,6,2025-06-12 11:18:00-04:00,2025-06-12,11,1,from_above,-1,False,True,31.5,-38.25
2025-06-11,ce,21945.5,1,2025-06-12 10:38:00-04:00,2025-06-12,10,1,from_below,-1,False,True,55.5,-40.25
2025-06-11,ce,21945.5,2,2025-06-12 10:40:00-04:00,2025-06-12,10,1,from_below,-1,False,True,62.5,-33.25
2025-06-11,ce,21945.5,3,2025-06-12 10:43:00-04:00,2025-06-12,10,1,from_below,-1,False,True,61.0,-34.75
2025-06-11,ce,21945.5,4,2025-06-12 10:45:00-04:00,2025-06-12,10,1,from_below,-1,False,True,59.25,-36.5
2025-06-11,ce,21945.5,5,2025-06-12 10:55:00-04:00,2025-06-12,10,1,from_below,-1,False,True,61.75,-34.0
2025-06-11,ce,21945.5,6,2025-06-12 11:00:00-04:00,2025-06-12,11,1,from_below,-1,False,True,61.5,-34.25
2025-06-12,h,21889.75,1,2025-06-16 09:49:00-04:00,2025-06-16,9,4,from_below,1,True,True,32.75,-100.25
2025-06-12,h,21889.75,2,2025-06-16 18:36:00-04:00,2025-06-16,18,4,from_above,1,True,True,14.0,-66.75
2025-06-12,h,21889.75,3,2025-06-16 19:08:00-04:00,2025-06-16,19,4,from_below,1,True,True,107.75,-7.75
2025-06-12,h,21889.75,4,2025-06-16 19:16:00-04:00,2025-06-16,19,4,from_below,1,True,True,113.0,-2.5
2025-06-12,h,21889.75,5,2025-06-16 22:59:00-04:00,2025-06-16,22,4,from_below,1,True,True,53.25,-4.0
2025-06-12,h,21889.75,6,2025-06-17 02:17:00-04:00,2025-06-17,2,5,from_below,1,True,True,79.75,-2.75
2025-06-12,l,21863.75,1,2025-06-16 09:32:00-04:00,2025-06-16,9,4,from_below,1,True,True,16.5,-136.5
2025-06-12,l,21863.75,2,2025-06-16 09:39:00-04:00,2025-06-16,9,4,from_below,1,True,True,26.25,-115.75
2025-06-12,l,21863.75,3,2025-06-16 09:49:00-04:00,2025-06-16,9,4,from_below,1,True,True,32.75,-100.25
2025-06-12,l,21863.75,4,2025-06-16 18:47:00-04:00,2025-06-16,18,4,from_above,1,True,True,41.0,-28.5
2025-06-12,l,21863.75,5,2025-06-16 18:52:00-04:00,2025-06-16,18,4,from_below,1,True,True,71.75,-25.75
2025-06-12,l,21863.75,6,2025-06-16 18:55:00-04:00,2025-06-16,18,4,from_above,1,True,True,25.75,-71.75
2025-06-12,ce,21876.75,1,2025-06-16 09:32:00-04:00,2025-06-16,9,4,from_below,1,True,True,16.5,-136.5
2025-06-12,ce,21876.75,2,2025-06-16 09:45:00-04:00,2025-06-16,9,4,from_below,1,True,True,38.5,-103.5
2025-06-12,ce,21876.75,3,2025-06-16 09:49:00-04:00,2025-06-16,9,4,from_below,1,True,True,32.75,-100.25
2025-06-12,ce,21876.75,4,2025-06-16 18:40:00-04:00,2025-06-16,18,4,from_above,1,True,True,16.25,-53.25
2025-06-12,ce,21876.75,5,2025-06-16 18:54:00-04:00,2025-06-16,18,4,from_below,1,True,True,77.25,-20.25
2025-06-12,ce,21876.75,6,2025-06-16 19:04:00-04:00,2025-06-16,19,4,from_below,1,True,True,95.25,-20.25
2025-06-13,h,21769.0,1,2025-06-16 03:03:00-04:00,2025-06-16,3,3,from_below,-1,False,True,12.0,-28.75
2025-06-13,h,21769.0,2,2025-06-16 03:08:00-04:00,2025-06-16,3,3,from_below,-1,False,True,14.0,-26.75
2025-06-13,h,21769.0,3,2025-06-16 03:11:00-04:00,2025-06-16,3,3,from_below,-1,False,True,17.75,-23.0
2025-06-13,h,21769.0,4,2025-06-16 03:17:00-04:00,2025-06-16,3,3,from_above,-1,False,True,21.75,-19.0
2025-06-13,h,21769.0,5,2025-06-16 03:30:00-04:00,2025-06-16,3,3,from_below,-1,False,True,20.75,-17.0
2025-06-13,h,21769.0,6,2025-06-16 03:34:00-04:00,2025-06-16,3,3,from_above,-1,False,True,13.25,-24.5
2025-06-13,l,21737.5,1,2025-06-16 01:35:00-04:00,2025-06-16,1,3,from_below,-1,False,True,29.25,-12.25
2025-06-13,l,21737.5,2,2025-06-16 02:09:00-04:00,2025-06-16,2,3,from_below,-1,False,False,4.5,-37.0
2025-06-13,l,21737.5,3,2025-06-16 02:14:00-04:00,2025-06-16,2,3,from_below,-1,False,False,8.0,-39.25
2025-06-13,l,21737.5,4,2025-06-16 02:18:00-04:00,2025-06-16,2,3,from_below,-1,False,False,3.5,-48.75
2025-06-13,l,21737.5,5,2025-06-16 02:35:00-04:00,2025-06-16,2,3,from_below,-1,False,False,8.75,-39.5
2025-06-13,l,21737.5,6,2025-06-16 02:38:00-04:00,2025-06-16,2,3,from_above,-1,False,True,40.0,-8.25
2025-06-13,ce,21753.25,1,2025-06-16 02:41:00-04:00,2025-06-16,2,3,from_below,-1,False,True,17.0,-32.75
2025-06-13,ce,21753.25,2,2025-06-16 02:54:00-04:00,2025-06-16,2,3,from_below,-1,False,True,10.0,-38.0
2025-06-13,ce,21753.25,3,2025-06-16 03:01:00-04:00,2025-06-16,3,3,from_below,-1,False,True,13.75,-30.75
2025-06-13,ce,21753.25,4,2025-06-16 03:05:00-04:00,2025-06-16,3,3,from_above,-1,False,True,30.75,-10.0
2025-06-13,ce,21753.25,5,2025-06-16 03:10:00-04:00,2025-06-16,3,3,from_above,-1,False,True,30.0,-10.75
2025-06-13,ce,21753.25,6,2025-06-16 03:22:00-04:00,2025-06-16,3,3,from_above,-1,False,True,34.0,-6.75
2025-06-16,h,21893.0,1,2025-06-17 02:17:00-04:00,2025-06-17,2,1,from_below,1,True,True,79.75,-2.75
2025-06-16,h,21893.0,2,2025-06-17 02:30:00-04:00,2025-06-17,2,1,from_below,1,True,True,109.25,-2.75
2025-06-16,h,21893.0,3,2025-06-17 02:41:00-04:00,2025-06-17,2,1,from_below,1,True,True,108.5,-3.0
2025-06-16,h,21893.0,4,2025-06-17 10:12:00-04:00,2025-06-17,10,1,from_below,1,True,True,51.5,-12.75
2025-06-16,h,21893.0,5,2025-06-17 10:17:00-04:00,2025-06-17,10,1,from_above,1,True,True,12.0,-52.0
2025-06-16,h,21893.0,6,2025-06-17 10:20:00-04:00,2025-06-17,10,1,from_below,1,True,True,48.0,-16.0
2025-06-16,l,21839.5,1,2025-06-17 00:30:00-04:00,2025-06-17,0,1,from_above,1,True,True,15.0,-18.0
2025-06-16,l,21839.5,2,2025-06-17 00:32:00-04:00,2025-06-17,0,1,from_above,1,True,True,28.0,-14.0
2025-06-16,l,21839.5,3,2025-06-17 00:41:00-04:00,2025-06-17,0,1,from_below,1,True,False,8.25,-29.25
2025-06-16,l,21839.5,4,2025-06-17 00:48:00-04:00,2025-06-17,0,1,from_above,1,True,True,28.25,-10.25
2025-06-16,l,21839.5,5,2025-06-17 00:59:00-04:00,2025-06-17,0,1,from_above,1,True,True,26.0,-12.5
2025-06-16,l,21839.5,6,2025-06-17 01:04:00-04:00,2025-06-17,1,1,from_above,1,True,True,29.75,-10.5
2025-06-16,ce,21866.25,1,2025-06-17 00:04:00-04:00,2025-06-17,0,1,from_below,1,True,True,34.75,-7.25
2025-06-16,ce,21866.25,2,2025-06-17 00:09:00-04:00,2025-06-17,0,1,from_below,1,True,True,34.0,-5.0
2025-06-16,ce,21866.25,3,2025-06-17 00:20:00-04:00,2025-06-17,0,1,from_below,1,True,True,37.5,-1.5
2025-06-16,ce,21866.25,4,2025-06-17 01:31:00-04:00,2025-06-17,1,1,from_below,1,True,True,28.0,-32.25
2025-06-16,ce,21866.25,5,2025-06-17 01:39:00-04:00,2025-06-17,1,1,from_below,1,True,True,24.25,-36.0
2025-06-16,ce,21866.25,6,2025-06-17 01:41:00-04:00,2025-06-17,1,1,from_below,1,True,True,25.25,-35.0
2025-06-17,h,21846.5,1,2025-06-18 10:20:00-04:00,2025-06-18,10,1,from_below,1,False,True,24.25,-23.0
2025-06-17,h,21846.5,2,2025-06-18 10:24:00-04:00,2025-06-18,10,1,from_below,1,False,True,19.5,-30.75
2025-06-17,h,21846.5,3,2025-06-18 10:28:00-04:00,2025-06-18,10,1,from_above,1,False,True,24.0,-28.5
2025-06-17,h,21846.5,4,2025-06-18 10:40:00-04:00,2025-06-18,10,1,from_above,1,False,True,26.0,-28.25
2025-06-17,h,21846.5,5,2025-06-18 10:48:00-04:00,2025-06-18,10,1,from_above,1,False,True,15.0,-33.25
2025-06-17,h,21846.5,6,2025-06-18 10:51:00-04:00,2025-06-18,10,1,from_above,1,False,True,12.25,-34.25
2025-06-17,l,21802.5,1,2025-06-18 02:32:00-04:00,2025-06-18,2,1,from_below,1,False,True,32.0,-3.75
2025-06-17,l,21802.5,2,2025-06-18 03:17:00-04:00,2025-06-18,3,1,from_below,1,False,True,23.0,-15.5
2025-06-17,l,21802.5,3,2025-06-18 03:31:00-04:00,2025-06-18,3,1,from_below,1,False,True,28.5,-10.0
2025-06-17,l,21802.5,4,2025-06-18 03:35:00-04:00,2025-06-18,3,1,from_below,1,False,True,23.0,-15.5
2025-06-17,l,21802.5,5,2025-06-18 03:48:00-04:00,2025-06-18,3,1,from_below,1,False,True,28.5,-10.0
2025-06-17,l,21802.5,6,2025-06-18 04:02:00-04:00,2025-06-18,4,1,from_below,1,False,True,14.75,-26.0
2025-06-17,ce,21824.5,1,2025-06-18 05:02:00-04:00,2025-06-18,5,1,from_below,1,False,True,19.0,-19.75
2025-06-17,ce,21824.5,2,2025-06-18 05:09:00-04:00,2025-06-18,5,1,from_above,1,False,True,12.5,-27.0
2025-06-17,ce,21824.5,3,2025-06-18 05:11:00-04:00,2025-06-18,5,1,from_below,1,False,True,36.25,-6.75
2025-06-17,ce,21824.5,4,2025-06-18 05:14:00-04:00,2025-06-18,5,1,from_below,1,False,True,37.25,-8.5
2025-06-17,ce,21824.5,5,2025-06-18 05:21:00-04:00,2025-06-18,5,1,from_above,1,False,False,2.25,-39.5
2025-06-17,ce,21824.5,6,2025-06-18 10:13:00-04:00,2025-06-18,10,1,from_below,1,False,False,7.25,-51.0
2025-06-18,h,21782.75,1,2025-06-20 07:45:00-04:00,2025-06-20,7,2,from_below,1,False,False,4.25,-50.5
2025-06-18,h,21782.75,2,2025-06-20 07:48:00-04:00,2025-06-20,7,2,from_below,1,False,True,26.0,-34.0
2025-06-18,h,21782.75,3,2025-06-20 08:30:00-04:00,2025-06-20,8,2,from_below,1,False,False,2.5,-134.5
2025-06-18,h,21782.75,4,2025-06-20 08:33:00-04:00,2025-06-20,8,2,from_below,1,False,False,7.25,-129.75
2025-06-18,h,21782.75,5,2025-06-20 08:44:00-04:00,2025-06-20,8,2,from_above,1,False,True,113.0,-2.0
2025-06-18,h,21782.75,6,2025-06-22 18:39:00-04:00,2025-06-22,18,4,from_below,1,False,True,57.25,-2.75
2025-06-18,l,21747.5,1,2025-06-20 07:44:00-04:00,2025-06-20,7,2,from_below,1,False,True,37.75,-42.5
2025-06-18,l,21747.5,2,2025-06-20 07:56:00-04:00,2025-06-20,7,2,from_above,1,False,True,67.25,-8.25
2025-06-18,l,21747.5,3,2025-06-22 18:12:00-04:00,2025-06-22,18,4,from_below,1,False,True,22.5,-62.5
2025-06-18,l,21747.5,4,2025-06-22 18:28:00-04:00,2025-06-22,18,4,from_below,1,False,True,13.25,-46.75
2025-06-18,l,21747.5,5,2025-06-22 18:30:00-04:00,2025-06-22,18,4,from_below,1,False,True,24.25,-35.75
2025-06-18,l,21747.5,6,2025-06-22 18:48:00-04:00,2025-06-22,18,4,from_above,1,False,True,24.0,-25.0
2025-06-18,ce,21765.125,1,2025-06-20 07:45:00-04:00,2025-06-20,7,2,from_below,1,False,False,4.25,-50.5
2025-06-18,ce,21765.125,2,2025-06-20 08:01:00-04:00,2025-06-20,8,2,from_below,1,False,True,12.75,-51.25
2025-06-18,ce,21765.125,3,2025-06-20 08:04:00-04:00,2025-06-20,8,2,from_below,1,False,True,11.5,-55.5
2025-06-18,ce,21765.125,4,2025-06-20 08:11:00-04:00,2025-06-20,8,2,from_below,1,False,False,8.0,-58.75
2025-06-18,ce,21765.125,5,2025-06-20 08:22:00-04:00,2025-06-20,8,2,from_above,1,False,True,72.5,-14.75
2025-06-18,ce,21765.125,6,2025-06-20 08:27:00-04:00,2025-06-20,8,2,from_below,1,False,False,7.75,-81.0
2025-06-25,h,22546.5,1,2025-06-26 03:17:00-04:00,2025-06-26,3,1,from_below,-1,False,True,25.0,-14.5
2025-06-25,h,22546.5,2,2025-06-26 04:06:00-04:00,2025-06-26,4,1,from_below,-1,False,False,5.25,-34.25
2025-06-25,h,22546.5,3,2025-06-26 04:10:00-04:00,2025-06-26,4,1,from_below,-1,False,False,6.25,-29.5
2025-06-25,h,22546.5,4,2025-06-26 04:14:00-04:00,2025-06-26,4,1,from_above,-1,False,True,25.25,-3.5
2025-06-25,h,22546.5,5,2025-06-26 05:31:00-04:00,2025-06-26,5,1,from_above,-1,False,True,35.5,-5.0
2025-06-25,h,22546.5,6,2025-06-26 05:40:00-04:00,2025-06-26,5,1,from_above,-1,False,True,32.5,-8.0
2025-06-25,l,22514.0,1,2025-06-26 01:58:00-04:00,2025-06-26,1,1,from_below,-1,False,False,2.5,-34.5
2025-06-25,l,22514.0,2,2025-06-26 02:01:00-04:00,2025-06-26,2,1,from_below,-1,False,False,5.5,-29.75
2025-06-25,l,22514.0,3,2025-06-26 02:10:00-04:00,2025-06-26,2,1,from_above,-1,False,True,27.25,-4.75
2025-06-25,l,22514.0,4,2025-06-26 02:30:00-04:00,2025-06-26,2,1,from_above,-1,False,True,39.5,-4.0
2025-06-25,l,22514.0,5,2025-06-26 02:39:00-04:00,2025-06-26,2,1,from_above,-1,False,True,41.25,-0.25
2025-06-25,l,22514.0,6,2025-06-26 09:36:00-04:00,2025-06-26,9,1,from_above,-1,False,True,81.0,-42.0
2025-06-25,ce,22530.25,1,2025-06-26 02:45:00-04:00,2025-06-26,2,1,from_below,-1,False,False,7.0,-28.5
2025-06-25,ce,22530.25,2,2025-06-26 02:52:00-04:00,2025-06-26,2,1,from_above,-1,False,True,23.5,-10.25
2025-06-25,ce,22530.25,3,2025-06-26 02:57:00-04:00,2025-06-26,2,1,from_above,-1,False,True,21.5,-12.25
2025-06-25,ce,22530.25,4,2025-06-26 03:00:00-04:00,2025-06-26,3,1,from_above,-1,False,True,23.5,-10.25
2025-06-25,ce,22530.25,5,2025-06-26 03:03:00-04:00,2025-06-26,3,1,from_above,-1,False,True,27.0,-6.75
2025-06-25,ce,22530.25,6,2025-06-26 03:14:00-04:00,2025-06-26,3,1,from_above,-1,False,True,24.75,-9.0
2025-06-27,h,22745.0,1,2025-07-01 10:33:00-04:00,2025-07-01,10,4,from_above,1,False,True,28.25,-154.25
2025-06-27,h,22745.0,2,2025-07-01 13:12:00-04:00,2025-07-01,13,4,from_below,1,False,True,31.0,-21.0
2025-06-27,h,22745.0,3,2025-07-01 13:23:00-04:00,2025-07-01,13,4,from_below,1,False,True,28.0,-24.0
2025-06-27,h,22745.0,4,2025-07-01 13:50:00-04:00,2025-07-01,13,4,from_below,1,False,True,25.5,-16.0
2025-06-27,h,22745.0,5,2025-07-01 13:54:00-04:00,2025-07-01,13,4,from_above,1,False,True,11.5,-28.0
2025-06-27,h,22745.0,6,2025-07-01 13:59:00-04:00,2025-07-01,13,4,from_below,1,False,True,41.75,-11.0
2025-06-27,l,22731.25,1,2025-07-01 10:37:00-04:00,2025-07-01,10,4,from_above,1,False,True,13.75,-134.5
2025-06-27,l,22731.25,2,2025-07-01 12:53:00-04:00,2025-07-01,12,4,from_below,1,False,True,34.5,-29.75
2025-06-27,l,22731.25,3,2025-07-01 13:05:00-04:00,2025-07-01,13,4,from_below,1,False,True,19.75,-32.25
2025-06-27,l,22731.25,4,2025-07-01 13:13:00-04:00,2025-07-01,13,4,from_above,1,False,True,31.25,-20.75
2025-06-27,l,22731.25,5,2025-07-01 13:24:00-04:00,2025-07-01,13,4,from_above,1,False,True,27.75,-24.25
2025-06-27,l,22731.25,6,2025-07-01 13:43:00-04:00,2025-07-01,13,4,from_below,1,False,False,5.0,-37.0
2025-06-27,ce,22738.125,1,2025-07-01 10:34:00-04:00,2025-07-01,10,4,from_above,1,False,True,18.25,-144.0
2025-06-27,ce,22738.125,2,2025-07-01 12:53:00-04:00,2025-07-01,12,4,from_below,1,False,True,34.5,-29.75
2025-06-27,ce,22738.125,3,2025-07-01 13:07:00-04:00,2025-07-01,13,4,from_below,1,False,True,25.5,-26.5
2025-06-27,ce,22738.125,4,2025-07-01 13:11:00-04:00,2025-07-01,13,4,from_below,1,False,True,27.5,-24.5
2025-06-27,ce,22738.125,5,2025-07-01 13:16:00-04:00,2025-07-01,13,4,from_below,1,False,True,22.25,-29.75
2025-06-27,ce,22738.125,6,2025-07-01 13:23:00-04:00,2025-07-01,13,4,from_below,1,False,True,28.0,-24.0
2025-06-30,h,22829.25,1,2025-07-01 02:06:00-04:00,2025-07-01,2,1,from_above,-1,True,True,37.75,-1.0
2025-06-30,h,22829.25,2,2025-07-01 02:30:00-04:00,2025-07-01,2,1,from_above,-1,True,True,30.5,-6.25
2025-06-30,h,22829.25,3,2025-07-01 02:49:00-04:00,2025-07-01,2,1,from_above,-1,True,True,34.0,-2.75
2025-06-30,h,22829.25,4,2025-07-01 03:49:00-04:00,2025-07-01,3,1,from_above,-1,True,True,26.5,-13.0
2025-06-30,h,22829.25,5,2025-07-01 03:53:00-04:00,2025-07-01,3,1,from_below,-1,True,True,14.25,-25.25
2025-06-30,h,22829.25,6,2025-07-01 04:02:00-04:00,2025-07-01,4,1,from_above,-1,True,True,36.5,-3.0
2025-06-30,l,22795.25,1,2025-07-01 08:10:00-04:00,2025-07-01,8,1,from_above,-1,True,True,16.75,-45.75
2025-06-30,l,22795.25,2,2025-07-01 08:14:00-04:00,2025-07-01,8,1,from_above,-1,True,True,19.25,-43.25
2025-06-30,l,22795.25,3,2025-07-01 08:31:00-04:00,2025-07-01,8,1,from_below,-1,True,True,22.5,-27.25
2025-06-30,l,22795.25,4,2025-07-01 08:47:00-04:00,2025-07-01,8,1,from_below,-1,True,True,17.25,-24.25
2025-06-30,l,22795.25,5,2025-07-01 09:19:00-04:00,2025-07-01,9,1,from_above,-1,True,True,46.75,-18.5
2025-06-30,l,22795.25,6,2025-07-01 09:27:00-04:00,2025-07-01,9,1,from_above,-1,True,True,50.25,-37.0
2025-06-30,ce,22812.25,1,2025-07-01 05:46:00-04:00,2025-07-01,5,1,from_above,-1,True,True,22.75,-4.25
2025-06-30,ce,22812.25,2,2025-07-01 05:50:00-04:00,2025-07-01,5,1,from_above,-1,True,True,26.0,-1.0
2025-06-30,ce,22812.25,3,2025-07-01 07:57:00-04:00,2025-07-01,7,1,from_above,-1,True,True,18.5,-59.5
2025-06-30,ce,22812.25,4,2025-07-01 08:07:00-04:00,2025-07-01,8,1,from_above,-1,True,True,10.5,-56.25
2025-06-30,ce,22812.25,5,2025-07-01 09:09:00-04:00,2025-07-01,9,1,from_below,-1,True,True,36.5,-18.75
2025-06-30,ce,22812.25,6,2025-07-01 09:30:00-04:00,2025-07-01,9,1,from_below,-1,True,True,56.75,-39.75
2025-07-01,h,22826.5,1,2025-07-02 10:50:00-04:00,2025-07-02,10,1,from_below,1,False,True,30.75,-18.0
2025-07-01,h,22826.5,2,2025-07-02 11:01:00-04:00,2025-07-02,11,1,from_below,1,False,True,31.25,-17.5
2025-07-01,h,22826.5,3,2025-07-02 11:10:00-04:00,2025-07-02,11,1,from_above,1,False,False,4.75,-33.0
2025-07-01,h,22826.5,4,2025-07-02 11:15:00-04:00,2025-07-02,11,1,from_below,1,False,True,30.25,-7.5
2025-07-01,h,22826.5,5,2025-07-02 11:35:00-04:00,2025-07-02,11,1,from_below,1,False,True,19.25,-20.75
2025-07-01,h,22826.5,6,2025-07-02 11:46:00-04:00,2025-07-02,11,1,from_below,1,False,True,15.75,-20.0
2025-07-01,l,22788.75,1,2025-07-02 10:25:00-04:00,2025-07-02,10,1,from_below,1,False,True,17.5,-67.0
2025-07-01,l,22788.75,2,2025-07-02 10:27:00-04:00,2025-07-02,10,1,from_below,1,False,True,13.25,-62.25
2025-07-01,l,22788.75,3,2025-07-02 10:33:00-04:00,2025-07-02,10,1,from_above,1,False,True,53.25,-22.25
2025-07-01,l,22788.75,4,2025-07-02 10:44:00-04:00,2025-07-02,10,1,from_above,1,False,True,71.25,-4.25
2025-07-01,l,22788.75,5,2025-07-07 14:22:00-04:00,2025-07-07,14,6,from_above,1,False,True,83.5,-26.75
2025-07-01,l,22788.75,6,2025-07-07 14:29:00-04:00,2025-07-07,14,6,from_above,1,False,True,104.25,-6.0
2025-07-01,ce,22807.625,1,2025-07-02 10:36:00-04:00,2025-07-02,10,1,from_below,1,False,True,34.25,-41.25
2025-07-01,ce,22807.625,2,2025-07-02 10:47:00-04:00,2025-07-02,10,1,from_below,1,False,True,19.75,-29.0
2025-07-01,ce,22807.625,3,2025-07-02 10:55:00-04:00,2025-07-02,10,1,from_above,1,False,True,37.25,-11.5
2025-07-01,ce,22807.625,4,2025-07-02 11:27:00-04:00,2025-07-02,11,1,from_above,1,False,True,34.0,-10.5
2025-07-01,ce,22807.625,5,2025-07-02 11:39:00-04:00,2025-07-02,11,1,from_above,1,False,True,35.25,-6.0
2025-07-01,ce,22807.625,6,2025-07-02 12:03:00-04:00,2025-07-02,12,1,from_above,1,False,True,38.25,-2.5
2025-07-03,h,22975.75,1,2025-07-04 03:05:00-04:00,2025-07-04,3,1,from_above,1,False,True,15.75,-35.25
2025-07-03,h,22975.75,2,2025-07-04 03:10:00-04:00,2025-07-04,3,1,from_above,1,False,False,9.5,-38.25
2025-07-03,h,22975.75,3,2025-07-04 03:26:00-04:00,2025-07-04,3,1,from_below,1,False,True,45.5,-6.25
2025-07-03,h,22975.75,4,2025-07-04 03:34:00-04:00,2025-07-04,3,1,from_below,1,False,True,47.0,-4.75
2025-07-03,h,22975.75,5,2025-07-06 18:00:00-04:00,2025-07-06,18,3,from_below,1,False,True,53.5,-30.75
2025-07-03,h,22975.75,6,2025-07-06 18:03:00-04:00,2025-07-06,18,3,from_above,1,False,True,27.25,-33.0
2025-07-03,l,22948.0,1,2025-07-04 03:20:00-04:00,2025-07-04,3,1,from_above,1,False,True,24.5,-27.25
2025-07-03,l,22948.0,2,2025-07-04 03:58:00-04:00,2025-07-04,3,1,from_above,1,False,True,24.5,-24.25
2025-07-03,l,22948.0,3,2025-07-04 04:21:00-04:00,2025-07-04,4,1,from_below,1,False,True,36.25,-26.25
2025-07-03,l,22948.0,4,2025-07-04 04:33:00-04:00,2025-07-04,4,1,from_above,1,False,True,13.25,-43.5
2025-07-03,l,22948.0,5,2025-07-04 04:35:00-04:00,2025-07-04,4,1,from_above,1,False,True,13.5,-43.25
2025-07-03,l,22948.0,6,2025-07-04 04:46:00-04:00,2025-07-04,4,1,from_above,1,False,False,9.0,-40.0
2025-07-03,ce,22961.875,1,2025-07-04 03:18:00-04:00,2025-07-04,3,1,from_above,1,False,True,17.75,-34.0
2025-07-03,ce,22961.875,2,2025-07-04 03:21:00-04:00,2025-07-04,3,1,from_below,1,False,True,35.5,-16.25
2025-07-03,ce,22961.875,3,2025-07-04 03:29:00-04:00,2025-07-04,3,1,from_above,1,False,True,13.25,-38.5
2025-07-03,ce,22961.875,4,2025-07-04 03:46:00-04:00,2025-07-04,3,1,from_above,1,False,True,10.5,-36.25
2025-07-03,ce,22961.875,5,2025-07-04 03:49:00-04:00,2025-07-04,3,1,from_below,1,False,True,33.5,-13.25
2025-07-03,ce,22961.875,6,2025-07-04 04:28:00-04:00,2025-07-04,4,1,from_below,1,False,True,56.75,-5.75
2025-07-04,h,22933.25,1,2025-07-06 21:05:00-04:00,2025-07-06,21,2,from_above,-1,True,True,17.75,-28.0
2025-07-04,h,22933.25,2,2025-07-06 21:10:00-04:00,2025-07-06,21,2,from_below,-1,True,True,11.5,-34.25
2025-07-04,h,22933.25,3,2025-07-06 21:16:00-04:00,2025-07-06,21,2,from_below,-1,True,False,6.25,-33.75
2025-07-04,h,22933.25,4,2025-07-06 21:39:00-04:00,2025-07-06,21,2,from_above,-1,True,True,32.5,-3.25
2025-07-04,h,22933.25,5,2025-07-06 21:42:00-04:00,2025-07-06,21,2,from_above,-1,True,True,32.5,-2.25
2025-07-04,h,22933.25,6,2025-07-06 21:48:00-04:00,2025-07-06,21,2,from_above,-1,True,True,33.5,-1.0
2025-07-04,l,22916.5,1,2025-07-06 21:12:00-04:00,2025-07-06,21,2,from_above,-1,True,True,40.75,-5.0
2025-07-04,l,22916.5,2,2025-07-07 02:20:00-04:00,2025-07-07,2,3,from_above,-1,True,True,29.25,-0.5
2025-07-04,l,22916.5,3,2025-07-07 04:10:00-04:00,2025-07-07,4,3,from_above,-1,True,True,20.25,-7.25
2025-07-04,l,22916.5,4,2025-07-07 04:15:00-04:00,2025-07-07,4,3,from_above,-1,True,True,11.25,-15.75
2025-07-04,l,22916.5,5,2025-07-07 04:19:00-04:00,2025-07-07,4,3,from_above,-1,True,True,13.75,-13.25
2025-07-04,l,22916.5,6,2025-07-07 04:32:00-04:00,2025-07-07,4,3,from_above,-1,True,False,7.75,-12.75
2025-07-04,ce,22924.875,1,2025-07-06 21:07:00-04:00,2025-07-06,21,2,from_above,-1,True,True,31.75,-14.0
2025-07-04,ce,22924.875,2,2025-07-06 21:13:00-04:00,2025-07-06,21,2,from_below,-1,True,False,3.75,-40.25
2025-07-04,ce,22924.875,3,2025-07-07 02:17:00-04:00,2025-07-07,2,3,from_above,-1,True,True,21.25,-8.5
2025-07-04,ce,22924.875,4,2025-07-07 03:30:00-04:00,2025-07-07,3,3,from_above,-1,True,True,21.0,-20.25
2025-07-04,ce,22924.875,5,2025-07-07 04:09:00-04:00,2025-07-07,4,3,from_above,-1,True,True,13.5,-14.0
2025-07-04,ce,22924.875,6,2025-07-07 04:13:00-04:00,2025-07-07,4,3,from_below,-1,True,True,16.0,-11.0
2025-07-07,h,22955.0,1,2025-07-08 03:42:00-04:00,2025-07-08,3,1,from_below,1,True,True,10.5,-24.25
2025-07-07,h,22955.0,2,2025-07-08 03:47:00-04:00,2025-07-08,3,1,from_below,1,True,True,21.0,-17.5
2025-07-07,h,22955.0,3,2025-07-08 04:00:00-04:00,2025-07-08,4,1,from_above,1,True,True,11.0,-19.5
2025-07-07,h,22955.0,4,2025-07-08 04:12:00-04:00,2025-07-08,4,1,from_below,1,True,True,21.75,-5.25
2025-07-07,h,22955.0,5,2025-07-08 04:25:00-04:00,2025-07-08,4,1,from_below,1,True,True,23.75,-1.5
2025-07-07,h,22955.0,6,2025-07-08 04:32:00-04:00,2025-07-08,4,1,from_below,1,True,True,24.25,-1.0
2025-07-07,l,22921.25,1,2025-07-08 00:06:00-04:00,2025-07-08,0,1,from_below,1,True,True,17.5,-5.75
2025-07-07,l,22921.25,2,2025-07-08 00:24:00-04:00,2025-07-08,0,1,from_below,1,True,True,14.75,-8.5
2025-07-07,l,22921.25,3,2025-07-08 00:26:00-04:00,2025-07-08,0,1,from_below,1,True,True,17.5,-5.75
2025-07-07,l,22921.25,4,2025-07-08 00:37:00-04:00,2025-07-08,0,1,from_above,1,True,False,6.0,-17.25
2025-07-07,l,22921.25,5,2025-07-08 01:08:00-04:00,2025-07-08,1,1,from_below,1,True,False,9.75,-15.75
2025-07-07,l,22921.25,6,2025-07-08 01:14:00-04:00,2025-07-08,1,1,from_below,1,True,False,8.75,-23.0
2025-07-07,ce,22938.125,1,2025-07-08 02:09:00-04:00,2025-07-08,2,1,from_below,1,True,True,12.0,-16.75
2025-07-07,ce,22938.125,2,2025-07-08 02:24:00-04:00,2025-07-08,2,1,from_above,1,True,True,14.5,-19.75
2025-07-07,ce,22938.125,3,2025-07-08 02:30:00-04:00,2025-07-08,2,1,from_below,1,True,True,22.75,-11.5
2025-07-07,ce,22938.125,4,2025-07-08 02:39:00-04:00,2025-07-08,2,1,from_below,1,True,True,20.5,-13.75
2025-07-07,ce,22938.125,5,2025-07-08 03:00:00-04:00,2025-07-08,3,1,from_above,1,True,True,31.0,-23.5
2025-07-07,ce,22938.125,6,2025-07-08 03:27:00-04:00,2025-07-08,3,1,from_below,1,True,False,4.75,-38.25
2025-07-08,h,22917.75,1,2025-07-09 05:16:00-04:00,2025-07-09,5,1,from_below,1,False,False,6.75,-26.75
2025-07-08,h,22917.75,2,2025-07-09 06:00:00-04:00,2025-07-09,6,1,from_above,1,False,True,13.75,-10.75
2025-07-08,h,22917.75,3,2025-07-09 06:14:00-04:00,2025-07-09,6,1,from_below,1,False,True,12.25,-10.5
2025-07-08,h,22917.75,4,2025-07-09 06:19:00-04:00,2025-07-09,6,1,from_above,1,False,True,17.5,-3.0
2025-07-08,h,22917.75,5,2025-07-09 06:25:00-04:00,2025-07-09,6,1,from_above,1,False,True,22.5,-2.5
2025-07-08,h,22917.75,6,2025-07-09 06:43:00-04:00,2025-07-09,6,1,from_above,1,False,True,29.0,-6.25
2025-07-08,l,22902.25,1,2025-07-09 03:00:00-04:00,2025-07-09,3,1,from_below,1,False,True,24.25,-4.25
2025-07-08,l,22902.25,2,2025-07-09 03:49:00-04:00,2025-07-09,3,1,from_below,1,False,True,21.75,-3.25
2025-07-08,l,22902.25,3,2025-07-09 04:04:00-04:00,2025-07-09,4,1,from_below,1,False,True,21.0,-1.75
2025-07-08,l,22902.25,4,2025-07-09 04:39:00-04:00,2025-07-09,4,1,from_below,1,False,True,11.25,-39.5
2025-07-08,l,22902.25,5,2025-07-09 05:13:00-04:00,2025-07-09,5,1,from_below,1,False,False,6.25,-38.5
2025-07-08,l,22902.25,6,2025-07-10 10:06:00-04:00,2025-07-10,10,2,from_above,1,False,True,72.25,-13.5
2025-07-08,ce,22910.0,1,2025-07-09 05:14:00-04:00,2025-07-09,5,1,from_below,1,False,False,6.25,-33.25
2025-07-08,ce,22910.0,2,2025-07-09 06:07:00-04:00,2025-07-09,6,1,from_above,1,False,True,20.5,-4.0
2025-07-08,ce,22910.0,3,2025-07-09 06:13:00-04:00,2025-07-09,6,1,from_above,1,False,True,21.5,-3.0
2025-07-08,ce,22910.0,4,2025-07-10 10:05:00-04:00,2025-07-10,10,2,from_above,1,False,True,71.25,-14.5
2025-07-08,ce,22910.0,5,2025-07-10 10:26:00-04:00,2025-07-10,10,2,from_above,1,False,True,68.75,-15.25
2025-07-08,ce,22910.0,6,2025-07-10 20:24:00-04:00,2025-07-10,20,2,from_above,1,False,True,31.0,-73.75
2025-07-09,h,23088.75,1,2025-07-10 09:30:00-04:00,2025-07-10,9,1,from_below,1,False,True,178.5,-10.25
2025-07-09,h,23088.75,2,2025-07-14 21:46:00-04:00,2025-07-14,21,5,from_below,1,False,True,42.75,-81.0
2025-07-09,h,23088.75,3,2025-07-14 22:17:00-04:00,2025-07-14,22,5,from_above,1,False,True,21.75,-46.5
2025-07-09,h,23088.75,4,2025-07-14 23:29:00-04:00,2025-07-14,23,5,from_below,1,False,False,3.0,-19.25
2025-07-09,h,23088.75,5,2025-07-14 23:55:00-04:00,2025-07-14,23,5,from_above,1,False,True,27.0,-5.0
2025-07-09,h,23088.75,6,2025-07-15 00:09:00-04:00,2025-07-15,0,6,from_above,1,False,True,44.75,-2.75
2025-07-09,l,23055.0,1,2025-07-10 07:05:00-04:00,2025-07-10,7,1,from_below,1,False,False,9.0,-21.5
2025-07-09,l,23055.0,2,2025-07-10 07:12:00-04:00,2025-07-10,7,1,from_below,1,False,False,5.25,-23.0
2025-07-09,l,23055.0,3,2025-07-10 07:20:00-04:00,2025-07-10,7,1,from_below,1,False,False,5.5,-22.75
2025-07-09,l,23055.0,4,2025-07-10 07:28:00-04:00,2025-07-10,7,1,from_above,1,False,True,20.0,-11.0
2025-07-09,l,23055.0,5,2025-07-10 07:36:00-04:00,2025-07-10,7,1,from_above,1,False,True,13.5,-18.5
2025-07-09,l,23055.0,6,2025-07-10 08:03:00-04:00,2025-07-10,8,1,from_above,1,False,False,8.5,-23.75
2025-07-09,ce,23071.875,1,2025-07-10 07:42:00-04:00,2025-07-10,7,1,from_below,1,False,True,31.75,-7.75
2025-07-09,ce,23071.875,2,2025-07-10 09:22:00-04:00,2025-07-10,9,1,from_below,1,False,True,165.5,-23.25
2025-07-09,ce,23071.875,3,2025-07-10 09:26:00-04:00,2025-07-10,9,1,from_below,1,False,True,167.5,-21.25
2025-07-09,ce,23071.875,4,2025-07-14 21:44:00-04:00,2025-07-14,21,5,from_below,1,False,True,33.0,-96.5
2025-07-09,ce,23071.875,5,2025-07-14 22:23:00-04:00,2025-07-14,22,5,from_above,1,False,False,1.25,-43.75
2025-07-09,ce,23071.875,6,2025-07-14 22:25:00-04:00,2025-07-14,22,5,from_above,1,False,False,9.0,-35.25
2025-07-10,h,23033.75,1,2025-07-14 12:49:00-04:00,2025-07-14,12,4,from_below,-1,False,False,5.0,-39.25
2025-07-10,h,23033.75,2,2025-07-14 12:52:00-04:00,2025-07-14,12,4,from_below,-1,False,False,0.75,-38.0
2025-07-10,h,23033.75,3,2025-07-14 12:58:00-04:00,2025-07-14,12,4,from_above,-1,False,True,33.0,-2.25
2025-07-10,h,23033.75,4,2025-07-14 14:03:00-04:00,2025-07-14,14,4,from_above,-1,False,True,20.25,-4.25
2025-07-10,h,23033.75,5,2025-07-14 15:24:00-04:00,2025-07-14,15,4,from_above,-1,False,True,14.25,-24.5
2025-07-10,h,23033.75,6,2025-07-14 15:30:00-04:00,2025-07-14,15,4,from_above,-1,False,False,8.75,-18.0
2025-07-10,l,22988.75,1,2025-07-11 10:16:00-04:00,2025-07-11,10,1,from_below,-1,False,True,75.25,-23.5
2025-07-10,l,22988.75,2,2025-07-11 10:21:00-04:00,2025-07-11,10,1,from_below,-1,False,True,75.25,-23.5
2025-07-10,l,22988.75,3,2025-07-11 10:25:00-04:00,2025-07-11,10,1,from_above,-1,False,True,11.75,-87.0
2025-07-10,l,22988.75,4,2025-07-11 10:29:00-04:00,2025-07-11,10,1,from_above,-1,False,True,16.75,-82.0
2025-07-10,l,22988.75,5,2025-07-11 10:38:00-04:00,2025-07-11,10,1,from_above,-1,False,False,6.75,-83.0
2025-07-10,l,22988.75,6,2025-07-11 10:43:00-04:00,2025-07-11,10,1,from_below,-1,False,True,75.5,-25.75
2025-07-10,ce,23011.25,1,2025-07-11 11:43:00-04:00,2025-07-11,11,1,from_below,-1,False,True,44.5,-7.0
2025-07-10,ce,23011.25,2,2025-07-11 13:03:00-04:00,2025-07-11,13,1,from_below,-1,False,True,48.0,-12.75
2025-07-10,ce,23011.25,3,2025-07-11 13:09:00-04:00,2025-07-11,13,1,from_above,-1,False,False,4.5,-52.25
2025-07-10,ce,23011.25,4,2025-07-11 14:07:00-04:00,2025-07-11,14,1,from_below,-1,False,True,82.5,-11.75
2025-07-10,ce,23011.25,5,2025-07-11 14:13:00-04:00,2025-07-11,14,1,from_below,-1,False,True,81.75,-12.5
2025-07-10,ce,23011.25,6,2025-07-11 14:33:00-04:00,2025-07-11,14,1,from_below,-1,False,True,84.75,-9.5
2025-07-11,h,22939.75,1,2025-07-14 09:29:00-04:00,2025-07-14,9,3,from_below,1,False,True,100.25,-45.25
2025-07-11,h,22939.75,2,2025-07-14 09:34:00-04:00,2025-07-14,9,3,from_above,1,False,True,52.5,-93.0
2025-07-11,h,22939.75,3,2025-07-14 09:38:00-04:00,2025-07-14,9,3,from_above,1,False,True,52.75,-92.75
2025-07-11,h,22939.75,4,2025-07-14 10:07:00-04:00,2025-07-14,10,3,from_below,1,False,True,26.0,-86.75
2025-07-11,h,22939.75,5,2025-07-14 10:10:00-04:00,2025-07-14,10,3,from_below,1,False,True,20.0,-92.75
2025-07-11,h,22939.75,6,2025-07-14 10:13:00-04:00,2025-07-14,10,3,from_below,1,False,True,31.5,-81.25
2025-07-11,l,22863.0,1,2025-07-13 18:00:00-04:00,2025-07-13,18,2,unknown,1,False,False,,
2025-07-11,l,22863.0,2,2025-07-13 18:34:00-04:00,2025-07-13,18,2,from_below,1,False,True,26.0,-26.25
2025-07-11,l,22863.0,3,2025-07-13 18:37:00-04:00,2025-07-13,18,2,from_above,1,False,True,24.5,-27.75
2025-07-11,l,22863.0,4,2025-07-13 19:03:00-04:00,2025-07-13,19,2,from_above,1,False,False,5.75,-33.75
2025-07-11,l,22863.0,5,2025-07-13 19:08:00-04:00,2025-07-13,19,2,from_above,1,False,True,11.25,-27.25
2025-07-11,l,22863.0,6,2025-07-13 19:37:00-04:00,2025-07-13,19,2,from_below,1,False,False,9.5,-20.25
2025-07-11,ce,22901.375,1,2025-07-14 05:41:00-04:00,2025-07-14,5,3,from_below,1,False,True,27.75,-5.5
2025-07-11,ce,22901.375,2,2025-07-14 05:59:00-04:00,2025-07-14,5,3,from_below,1,False,True,29.25,-1.0
2025-07-11,ce,22901.375,3,2025-07-14 07:45:00-04:00,2025-07-14,7,3,from_below,1,False,True,15.25,-15.0
2025-07-11,ce,22901.375,4,2025-07-14 08:20:00-04:00,2025-07-14,8,3,from_below,1,False,True,12.25,-9.25
2025-07-11,ce,22901.375,5,2025-07-14 08:27:00-04:00,2025-07-14,8,3,from_above,1,False,True,28.75,-16.5
2025-07-11,ce,22901.375,6,2025-07-14 08:31:00-04:00,2025-07-14,8,3,from_above,1,False,True,79.25,-12.0
2025-07-14,h,22924.5,1,2025-07-16 11:20:00-04:00,2025-07-16,11,2,from_above,1,False,True,89.0,-100.25
2025-07-14,h,22924.5,2,2025-07-16 11:23:00-04:00,2025-07-16,11,2,from_below,1,False,True,114.75,-74.5
2025-07-14,h,22924.5,3,2025-07-16 11:31:00-04:00,2025-07-16,11,2,from_above,1,False,True,74.0,-115.25
2025-07-14,h,22924.5,4,2025-07-16 11:42:00-04:00,2025-07-16,11,2,from_below,1,False,True,19.5,-104.25
2025-07-14,h,22924.5,5,2025-07-16 11:46:00-04:00,2025-07-16,11,2,from_above,1,False,True,100.25,-11.25
2025-07-14,h,22924.5,6,2025-07-16 11:52:00-04:00,2025-07-16,11,2,from_above,1,False,True,113.75,-4.75
2025-07-14,l,22842.5,1,2025-07-16 11:37:00-04:00,2025-07-16,11,2,from_above,1,False,True,164.25,-25.0
2025-07-14,l,22842.5,2,2025-08-01 10:00:00-04:00,2025-08-01,10,18,from_above,1,False,True,195.5,-27.75
2025-07-14,l,22842.5,3,2025-08-01 10:03:00-04:00,2025-08-01,10,18,from_below,1,False,True,41.75,-181.5
2025-07-14,l,22842.5,4,2025-08-01 13:27:00-04:00,2025-08-01,13,18,from_above,1,False,True,54.5,-53.5
2025-07-14,l,22842.5,5,2025-08-01 13:36:00-04:00,2025-08-01,13,18,from_above,1,False,True,76.75,-53.5
2025-07-14,l,22842.5,6,2025-08-01 13:47:00-04:00,2025-08-01,13,18,from_above,1,False,True,104.75,-49.5
2025-07-14,ce,22883.5,1,2025-07-16 11:35:00-04:00,2025-07-16,11,2,from_above,1,False,True,149.75,-39.5
2025-07-14,ce,22883.5,2,2025-07-16 11:40:00-04:00,2025-07-16,11,2,from_below,1,False,True,26.5,-140.75
2025-07-14,ce,22883.5,3,2025-08-01 09:48:00-04:00,2025-08-01,9,18,from_above,1,False,True,143.25,-80.0
2025-07-14,ce,22883.5,4,2025-08-01 09:54:00-04:00,2025-08-01,9,18,from_below,1,False,True,81.5,-141.75
2025-07-14,ce,22883.5,5,2025-08-01 09:57:00-04:00,2025-08-01,9,18,from_above,1,False,True,140.5,-82.75
2025-07-14,ce,22883.5,6,2025-08-01 10:07:00-04:00,2025-08-01,10,18,from_below,1,False,False,6.75,-174.5
2025-07-15,h,23184.5,1,2025-07-17 10:47:00-04:00,2025-07-17,10,2,from_below,-1,True,False,7.25,-65.0
2025-07-15,h,23184.5,2,2025-07-17 10:52:00-04:00,2025-07-17,10,2,from_above,-1,True,True,60.25,-8.5
2025-07-15,h,23184.5,3,2025-07-18 11:04:00-04:00,2025-07-18,11,3,from_above,-1,True,True,62.5,-10.0
2025-07-15,h,23184.5,4,2025-07-18 12:26:00-04:00,2025-07-18,12,3,from_above,-1,True,True,29.25,-16.75
2025-07-15,h,23184.5,5,2025-07-18 12:33:00-04:00,2025-07-18,12,3,from_above,-1,True,True,37.75,-14.5
2025-07-15,h,23184.5,6,2025-07-18 12:57:00-04:00,2025-07-18,12,3,from_above,-1,True,True,32.75,-19.75
2025-07-15,l,23142.25,1,2025-07-17 02:29:00-04:00,2025-07-17,2,2,from_below,-1,True,True,41.5,-10.0
2025-07-15,l,23142.25,2,2025-07-17 02:34:00-04:00,2025-07-17,2,2,from_below,-1,True,True,37.25,-14.25
2025-07-15,l,23142.25,3,2025-07-17 02:36:00-04:00,2025-07-17,2,2,from_below,-1,True,True,40.75,-10.75
2025-07-15,l,23142.25,4,2025-07-17 02:48:00-04:00,2025-07-17,2,2,from_above,-1,True,False,4.0,-44.0
2025-07-15,l,23142.25,5,2025-07-17 02:51:00-04:00,2025-07-17,2,2,from_above,-1,True,False,1.5,-45.5
2025-07-15,l,23142.25,6,2025-07-17 03:00:00-04:00,2025-07-17,3,2,from_below,-1,True,True,23.5,-17.75
2025-07-15,ce,23163.375,1,2025-07-17 10:00:00-04:00,2025-07-17,10,2,from_below,-1,True,True,46.5,-43.5
2025-07-15,ce,23163.375,2,2025-07-17 10:04:00-04:00,2025-07-17,10,2,from_above,-1,True,True,44.5,-57.75
2025-07-15,ce,23163.375,3,2025-07-17 10:06:00-04:00,2025-07-17,10,2,from_above,-1,True,True,80.25,-49.5
2025-07-15,ce,23163.375,4,2025-07-17 10:32:00-04:00,2025-07-17,10,2,from_below,-1,True,True,11.75,-79.5
2025-07-15,ce,23163.375,5,2025-07-17 10:38:00-04:00,2025-07-17,10,2,from_above,-1,True,True,80.25,-4.5
2025-07-15,ce,23163.375,6,2025-07-22 09:52:00-04:00,2025-07-22,9,7,from_above,-1,True,True,65.25,-58.0
2025-07-16,h,23032.25,1,2025-07-17 00:25:00-04:00,2025-07-17,0,1,from_above,-1,True,True,20.25,-7.75
2025-07-16,h,23032.25,2,2025-07-17 00:41:00-04:00,2025-07-17,0,1,from_below,-1,True,False,3.0,-46.0
2025-07-16,h,23032.25,3,2025-08-01 06:54:00-04:00,2025-08-01,6,16,from_above,-1,True,True,94.25,-3.0
2025-07-16,h,23032.25,4,2025-08-01 09:32:00-04:00,2025-08-01,9,16,from_above,-1,True,True,49.25,-235.0
2025-07-16,h,23032.25,5,2025-08-01 09:37:00-04:00,2025-08-01,9,16,from_below,-1,True,True,227.75,-5.75
2025-07-16,h,23032.25,6,2025-08-01 12:02:00-04:00,2025-08-01,12,16,from_below,-1,True,True,164.75,-17.5
2025-07-16,l,22996.25,1,2025-08-01 09:36:00-04:00,2025-08-01,9,16,from_above,-1,True,True,47.75,-185.75
2025-07-16,l,22996.25,2,2025-08-01 09:39:00-04:00,2025-08-01,9,16,from_above,-1,True,True,32.0,-192.75
2025-07-16,l,22996.25,3,2025-08-01 10:30:00-04:00,2025-08-01,10,16,from_below,-1,True,True,93.25,-33.0
2025-07-16,l,22996.25,4,2025-08-01 10:35:00-04:00,2025-08-01,10,16,from_above,-1,True,True,28.0,-96.0
2025-07-16,l,22996.25,5,2025-08-01 10:38:00-04:00,2025-08-01,10,16,from_above,-1,True,True,28.0,-93.5
2025-07-16,l,22996.25,6,2025-08-01 10:41:00-04:00,2025-08-01,10,16,from_below,-1,True,True,93.75,-22.25
2025-07-16,ce,23014.25,1,2025-08-01 09:33:00-04:00,2025-08-01,9,16,from_above,-1,True,False,8.5,-231.5
2025-07-16,ce,23014.25,2,2025-08-01 09:37:00-04:00,2025-08-01,9,16,from_below,-1,True,True,227.75,-5.75
2025-07-16,ce,23014.25,3,2025-08-01 10:33:00-04:00,2025-08-01,10,16,from_below,-1,True,True,115.75,-10.5
2025-07-16,ce,23014.25,4,2025-08-01 10:46:00-04:00,2025-08-01,10,16,from_below,-1,True,True,94.5,-26.5
2025-07-16,ce,23014.25,5,2025-08-01 11:46:00-04:00,2025-08-01,11,16,from_below,-1,True,True,51.0,-38.25
2025-07-16,ce,23014.25,6,2025-08-01 12:00:00-04:00,2025-08-01,12,16,from_below,-1,True,True,143.0,-30.0
2025-07-17,h,23138.0,1,2025-07-22 09:53:00-04:00,2025-07-22,9,5,from_above,1,False,True,86.0,-37.25
2025-07-17,h,23138.0,2,2025-07-22 10:02:00-04:00,2025-07-22,10,5,from_below,1,False,True,19.75,-99.75
2025-07-17,h,23138.0,3,2025-07-22 10:05:00-04:00,2025-07-22,10,5,from_below,1,False,True,10.5,-87.25
2025-07-17,h,23138.0,4,2025-08-01 03:49:00-04:00,2025-08-01,3,15,from_above,1,False,True,33.5,-81.0
2025-07-17,h,23138.0,5,2025-08-01 04:10:00-04:00,2025-08-01,4,15,from_above,1,False,True,26.5,-75.75
2025-07-17,h,23138.0,6,2025-08-01 04:21:00-04:00,2025-08-01,4,15,from_above,1,False,True,13.75,-71.75
2025-07-17,l,23117.5,1,2025-07-22 09:54:00-04:00,2025-07-22,9,5,from_above,1,False,True,97.25,-26.0
2025-07-17,l,23117.5,2,2025-07-22 10:00:00-04:00,2025-07-22,10,5,from_above,1,False,True,105.0,-20.0
2025-07-17,l,23117.5,3,2025-08-01 04:25:00-04:00,2025-08-01,4,15,from_above,1,False,True,25.0,-53.5
2025-07-17,l,23117.5,4,2025-08-01 04:47:00-04:00,2025-08-01,4,15,from_below,1,False,True,26.75,-29.0
2025-07-17,l,23117.5,5,2025-08-01 04:50:00-04:00,2025-08-01,4,15,from_below,1,False,True,34.5,-21.25
2025-07-17,l,23117.5,6,2025-08-01 04:54:00-04:00,2025-08-01,4,15,from_below,1,False,True,31.75,-24.0
2025-07-17,ce,23127.75,1,2025-07-22 09:54:00-04:00,2025-07-22,9,5,from_above,1,False,True,97.25,-26.0
2025-07-17,ce,23127.75,2,2025-07-22 09:58:00-04:00,2025-07-22,9,5,from_above,1,False,True,99.5,-25.25
2025-07-17,ce,23127.75,3,2025-08-01 03:51:00-04:00,2025-08-01,3,15,from_above,1,False,True,31.0,-83.5
2025-07-17,ce,23127.75,4,2025-08-01 04:12:00-04:00,2025-08-01,4,15,from_above,1,False,True,14.0,-88.25
2025-07-17,ce,23127.75,5,2025-08-01 04:22:00-04:00,2025-08-01,4,15,from_above,1,False,False,6.5,-72.0
2025-07-17,ce,23127.75,6,2025-08-01 04:56:00-04:00,2025-08-01,4,15,from_below,1,False,True,41.75,-14.0
2025-07-18,h,23297.75,1,2025-07-21 02:30:00-04:00,2025-07-21,2,3,from_below,1,False,True,19.0,-4.0
2025-07-18,h,23297.75,2,2025-07-21 03:16:00-04:00,2025-07-21,3,3,from_below,1,False,True,11.0,-13.5
2025-07-18,h,23297.75,3,2025-07-21 03:55:00-04:00,2025-07-21,3,3,from_below,1,False,True,13.0,-14.0
2025-07-18,h,23297.75,4,2025-07-21 04:02:00-04:00,2025-07-21,4,3,from_above,1,False,True,17.0,-10.0
2025-07-18,h,23297.75,5,2025-07-21 04:13:00-04:00,2025-07-21,4,3,from_above,1,False,False,7.25,-14.5
2025-07-18,h,23297.75,6,2025-07-21 04:25:00-04:00,2025-07-21,4,3,from_below,1,False,True,11.75,-5.25
2025-07-18,l,23267.5,1,2025-07-20 21:07:00-04:00,2025-07-20,21,2,from_below,1,False,False,3.5,-14.75
2025-07-18,l,23267.5,2,2025-07-20 21:10:00-04:00,2025-07-20,21,2,from_above,1,False,True,11.0,-5.75
2025-07-18,l,23267.5,3,2025-07-20 21:27:00-04:00,2025-07-20,21,2,from_above,1,False,False,4.25,-6.5
2025-07-18,l,23267.5,4,2025-07-20 22:04:00-04:00,2025-07-20,22,2,from_below,1,False,True,11.0,-5.75
2025-07-18,l,23267.5,5,2025-07-20 22:10:00-04:00,2025-07-20,22,2,from_below,1,False,False,9.75,-7.0
2025-07-18,l,23267.5,6,2025-07-21 00:31:00-04:00,2025-07-21,0,3,from_below,1,False,False,2.75,-10.5
2025-07-18,ce,23282.625,1,2025-07-21 02:10:00-04:00,2025-07-21,2,3,from_below,1,False,False,9.25,-13.75
2025-07-18,ce,23282.625,2,2025-07-21 02:21:00-04:00,2025-07-21,2,3,from_above,1,False,False,9.5,-13.5
2025-07-18,ce,23282.625,3,2025-07-21 02:45:00-04:00,2025-07-21,2,3,from_above,1,False,True,13.0,-10.0
2025-07-18,ce,23282.625,4,2025-07-21 03:00:00-04:00,2025-07-21,3,3,from_below,1,False,False,6.0,-20.25
2025-07-18,ce,23282.625,5,2025-07-21 03:28:00-04:00,2025-07-21,3,3,from_above,1,False,True,24.0,-1.25
2025-07-18,ce,23282.625,6,2025-07-21 04:17:00-04:00,2025-07-21,4,3,from_above,1,False,False,9.0,-8.0
2025-07-21,h,23386.5,1,2025-07-23 16:03:00-04:00,2025-07-23,16,2,from_below,1,False,True,13.75,-75.0
2025-07-21,h,23386.5,2,2025-07-23 16:13:00-04:00,2025-07-23,16,2,from_below,1,False,True,30.0,-24.25
2025-07-21,h,23386.5,3,2025-07-23 16:15:00-04:00,2025-07-23,16,2,from_above,1,False,True,27.75,-26.5
2025-07-21,h,23386.5,4,2025-07-23 16:34:00-04:00,2025-07-23,16,2,from_below,1,False,False,9.0,-32.75
2025-07-21,h,23386.5,5,2025-07-23 18:00:00-04:00,2025-07-23,18,2,from_above,1,False,True,13.25,-12.0
2025-07-21,h,23386.5,6,2025-07-23 18:08:00-04:00,2025-07-23,18,2,from_above,1,False,True,16.25,-4.25
2025-07-21,l,23337.75,1,2025-07-22 03:05:00-04:00,2025-07-22,3,1,from_below,1,False,True,60.25,-10.5
2025-07-21,l,23337.75,2,2025-07-22 03:10:00-04:00,2025-07-22,3,1,from_below,1,False,True,67.5,-3.25
2025-07-21,l,23337.75,3,2025-07-22 03:40:00-04:00,2025-07-22,3,1,from_above,1,False,True,10.0,-60.25
2025-07-21,l,23337.75,4,2025-07-22 08:04:00-04:00,2025-07-22,8,1,from_below,1,False,True,16.25,-5.25
2025-07-21,l,23337.75,5,2025-07-22 08:28:00-04:00,2025-07-22,8,1,from_below,1,False,True,13.5,-7.0
2025-07-21,l,23337.75,6,2025-07-22 08:34:00-04:00,2025-07-22,8,1,from_below,1,False,True,56.5,-14.25
2025-07-21,ce,23362.125,1,2025-07-23 16:02:00-04:00,2025-07-23,16,2,from_below,1,False,True,68.25,-40.0
2025-07-21,ce,23362.125,2,2025-07-23 16:11:00-04:00,2025-07-23,16,2,from_below,1,False,True,41.0,-45.5
2025-07-21,ce,23362.125,3,2025-07-23 16:26:00-04:00,2025-07-23,16,2,from_above,1,False,True,52.0,-2.25
2025-07-21,ce,23362.125,4,2025-07-23 16:28:00-04:00,2025-07-23,16,2,from_above,1,False,True,52.5,-1.75
2025-07-21,ce,23362.125,5,2025-07-24 02:38:00-04:00,2025-07-24,2,3,from_above,1,False,False,2.5,-11.5
2025-07-21,ce,23362.125,6,2025-07-24 02:47:00-04:00,2025-07-24,2,3,from_below,1,False,True,10.0,-4.0
2025-07-22,h,23279.25,1,2025-07-23 03:20:00-04:00,2025-07-23,3,1,from_below,-1,False,True,32.5,-0.5
2025-07-22,h,23279.25,2,2025-07-23 04:22:00-04:00,2025-07-23,4,1,from_below,-1,False,False,6.0,-15.0
2025-07-22,h,23279.25,3,2025-07-23 04:25:00-04:00,2025-07-23,4,1,from_below,-1,False,True,13.25,-7.5
2025-07-22,h,23279.25,4,2025-07-23 04:27:00-04:00,2025-07-23,4,1,from_below,-1,False,True,15.0,-5.75
2025-07-22,h,23279.25,5,2025-07-23 04:47:00-04:00,2025-07-23,4,1,from_below,-1,False,True,19.5,-5.0
2025-07-22,h,23279.25,6,2025-07-23 04:56:00-04:00,2025-07-23,4,1,from_below,-1,False,True,19.5,-5.0
2025-07-22,l,23209.0,1,2025-07-23 09:31:00-04:00,2025-07-23,9,1,from_above,-1,False,True,40.5,-54.5
2025-07-22,l,23209.0,2,2025-07-23 09:41:00-04:00,2025-07-23,9,1,from_above,-1,False,True,13.0,-66.75
2025-07-22,l,23209.0,3,2025-07-23 09:48:00-04:00,2025-07-23,9,1,from_below,-1,False,True,64.5,-3.75
2025-07-22,l,23209.0,4,2025-07-23 09:52:00-04:00,2025-07-23,9,1,from_below,-1,False,True,60.0,-7.5
2025-07-22,l,23209.0,5,2025-07-23 11:00:00-04:00,2025-07-23,11,1,from_below,-1,False,True,35.25,-81.75
2025-07-22,l,23209.0,6,2025-07-23 11:21:00-04:00,2025-07-23,11,1,from_below,-1,False,True,10.75,-87.5
2025-07-22,ce,23244.125,1,2025-07-23 00:34:00-04:00,2025-07-23,0,1,from_below,-1,False,False,4.5,-16.0
2025-07-22,ce,23244.125,2,2025-07-23 00:44:00-04:00,2025-07-23,0,1,from_above,-1,False,True,11.5,-6.75
2025-07-22,ce,23244.125,3,2025-07-23 01:03:00-04:00,2025-07-23,1,1,from_above,-1,False,True,12.75,-2.25
2025-07-22,ce,23244.125,4,2025-07-23 01:05:00-04:00,2025-07-23,1,1,from_above,-1,False,True,13.25,-1.75
2025-07-22,ce,23244.125,5,2025-07-23 01:12:00-04:00,2025-07-23,1,1,from_above,-1,False,True,12.25,-2.0
2025-07-22,ce,23244.125,6,2025-07-23 01:43:00-04:00,2025-07-23,1,1,from_above,-1,False,True,17.25,-4.5
2025-07-23,h,23210.75,1,2025-08-01 03:19:00-04:00,2025-08-01,3,9,from_above,-1,False,True,11.0,-78.5
2025-07-23,h,23210.75,2,2025-08-01 03:25:00-04:00,2025-08-01,3,9,from_below,-1,False,True,100.75,-1.0
2025-07-23,h,23210.75,3,2025-08-04 09:45:00-04:00,2025-08-04,9,12,from_below,-1,False,True,24.25,-50.0
2025-07-23,h,23210.75,4,2025-08-04 09:49:00-04:00,2025-08-04,9,12,from_above,-1,False,True,47.0,-18.25
2025-07-23,h,23210.75,5,2025-08-04 09:56:00-04:00,2025-08-04,9,12,from_above,-1,False,True,46.0,-23.75
2025-07-23,h,23210.75,6,2025-08-04 10:45:00-04:00,2025-08-04,10,12,from_above,-1,False,True,38.25,-27.75
2025-07-23,l,23162.25,1,2025-08-01 03:36:00-04:00,2025-08-01,3,9,from_above,-1,False,True,14.75,-95.75
2025-07-23,l,23162.25,2,2025-08-01 03:39:00-04:00,2025-08-01,3,9,from_above,-1,False,True,15.25,-96.75
2025-07-23,l,23162.25,3,2025-08-01 03:55:00-04:00,2025-08-01,3,9,from_below,-1,False,True,101.5,-13.0
2025-07-23,l,23162.25,4,2025-08-01 03:59:00-04:00,2025-08-01,3,9,from_above,-1,False,False,2.75,-107.5
2025-07-23,l,23162.25,5,2025-08-01 04:07:00-04:00,2025-08-01,4,9,from_below,-1,False,True,95.5,-6.75
2025-07-23,l,23162.25,6,2025-08-01 04:17:00-04:00,2025-08-01,4,9,from_below,-1,False,True,91.75,-10.5
2025-07-23,ce,23186.5,1,2025-08-01 03:28:00-04:00,2025-08-01,3,9,from_above,-1,False,True,14.5,-105.75
2025-07-23,ce,23186.5,2,2025-08-04 09:43:00-04:00,2025-08-04,9,12,from_below,-1,False,False,8.25,-76.5
2025-07-23,ce,23186.5,3,2025-08-04 11:01:00-04:00,2025-08-04,11,12,from_above,-1,False,True,60.5,-19.5
2025-07-23,ce,23186.5,4,2025-08-05 10:44:00-04:00,2025-08-05,10,13,from_above,-1,False,True,32.5,-74.0
2025-07-23,ce,23186.5,5,2025-08-05 10:57:00-04:00,2025-08-05,10,13,from_below,-1,False,True,63.25,-43.25
2025-07-23,ce,23186.5,6,2025-08-05 11:02:00-04:00,2025-08-05,11,13,from_below,-1,False,True,86.75,-19.75
2025-07-24,h,23400.75,1,2025-07-25 00:43:00-04:00,2025-07-25,0,1,from_above,1,False,True,10.0,-7.25
2025-07-24,h,23400.75,2,2025-07-25 01:02:00-04:00,2025-07-25,1,1,from_below,1,False,False,2.5,-14.5
2025-07-24,h,23400.75,3,2025-07-25 01:05:00-04:00,2025-07-25,1,1,from_above,1,False,True,10.25,-1.0
2025-07-24,h,23400.75,4,2025-07-25 01:08:00-04:00,2025-07-25,1,1,from_above,1,False,True,10.5,-0.75
2025-07-24,h,23400.75,5,2025-07-25 01:31:00-04:00,2025-07-25,1,1,from_above,1,False,False,8.0,-3.25
2025-07-24,h,23400.75,6,2025-07-25 02:39:00-04:00,2025-07-25,2,1,from_above,1,False,False,1.5,-41.0
2025-07-24,l,23355.5,1,2025-07-25 03:44:00-04:00,2025-07-25,3,1,from_above,1,False,True,15.5,-15.5
2025-07-24,l,23355.5,2,2025-07-25 03:49:00-04:00,2025-07-25,3,1,from_above,1,False,True,19.75,-12.75
2025-07-24,l,23355.5,3,2025-07-25 03:51:00-04:00,2025-07-25,3,1,from_above,1,False,True,23.0,-9.5
2025-07-24,l,23355.5,4,2025-07-25 04:21:00-04:00,2025-07-25,4,1,from_above,1,False,True,23.0,-9.5
2025-07-24,l,23355.5,5,2025-07-25 05:20:00-04:00,2025-07-25,5,1,from_above,1,False,True,20.25,-0.75
2025-07-24,l,23355.5,6,2025-07-25 09:05:00-04:00,2025-07-25,9,1,from_above,1,False,True,55.25,-24.75
2025-07-24,ce,23378.125,1,2025-07-25 03:03:00-04:00,2025-07-25,3,1,from_above,1,False,False,8.0,-31.5
2025-07-24,ce,23378.125,2,2025-07-25 03:12:00-04:00,2025-07-25,3,1,from_above,1,False,False,4.25,-25.75
2025-07-24,ce,23378.125,3,2025-07-25 03:14:00-04:00,2025-07-25,3,1,from_above,1,False,False,6.25,-23.5
2025-07-24,ce,23378.125,4,2025-07-25 03:26:00-04:00,2025-07-25,3,1,from_below,1,False,True,26.0,-3.25
2025-07-24,ce,23378.125,5,2025-07-25 03:36:00-04:00,2025-07-25,3,1,from_below,1,False,True,26.75,-4.25
2025-07-24,ce,23378.125,6,2025-07-25 04:33:00-04:00,2025-07-25,4,1,from_below,1,False,True,21.0,-4.0
2025-07-25,h,23385.0,1,2025-07-30 15:00:00-04:00,2025-07-30,15,5,from_above,1,False,True,106.5,-34.75
2025-07-25,h,23385.0,2,2025-07-30 15:04:00-04:00,2025-07-30,15,5,from_above,1,False,True,225.25,-26.75
2025-07-25,h,23385.0,3,2025-07-30 15:23:00-04:00,2025-07-30,15,5,from_above,1,False,True,299.5,-12.0
2025-07-25,h,23385.0,4,2025-07-30 15:40:00-04:00,2025-07-30,15,5,from_above,1,False,True,290.25,-15.0
2025-07-25,h,23385.0,5,2025-07-30 15:43:00-04:00,2025-07-30,15,5,from_above,1,False,True,290.0,-11.0
2025-07-25,h,23385.0,6,2025-07-31 13:55:00-04:00,2025-07-31,13,6,from_above,1,False,True,76.0,-83.5
2025-07-25,l,23361.25,1,2025-07-30 15:00:00-04:00,2025-07-30,15,5,from_above,1,False,True,106.5,-34.75
2025-07-25,l,23361.25,2,2025-07-30 15:06:00-04:00,2025-07-30,15,5,from_above,1,False,True,246.75,-36.25
2025-07-25,l,23361.25,3,2025-07-31 14:07:00-04:00,2025-07-31,14,6,from_above,1,False,True,105.25,-54.25
2025-07-25,l,23361.25,4,2025-07-31 14:10:00-04:00,2025-07-31,14,6,from_above,1,False,True,108.0,-51.5
2025-07-25,l,23361.25,5,2025-07-31 14:14:00-04:00,2025-07-31,14,6,from_above,1,False,True,112.25,-47.25
2025-07-25,l,23361.25,6,2025-07-31 14:20:00-04:00,2025-07-31,14,6,from_below,1,False,True,22.25,-94.25
2025-07-25,ce,23373.125,1,2025-07-30 15:00:00-04:00,2025-07-30,15,5,from_above,1,False,True,106.5,-34.75
2025-07-25,ce,23373.125,2,2025-07-30 15:05:00-04:00,2025-07-30,15,5,from_above,1,False,True,242.75,-13.25
2025-07-25,ce,23373.125,3,2025-07-30 15:08:00-04:00,2025-07-30,15,5,from_above,1,False,True,261.75,-28.5
2025-07-25,ce,23373.125,4,2025-07-31 13:58:00-04:00,2025-07-31,13,6,from_above,1,False,True,98.25,-61.25
2025-07-25,ce,23373.125,5,2025-07-31 14:06:00-04:00,2025-07-31,14,6,from_above,1,False,True,98.5,-61.0
2025-07-25,ce,23373.125,6,2025-07-31 14:08:00-04:00,2025-07-31,14,6,from_below,1,False,True,77.75,-81.75
2025-07-28,h,23519.0,1,2025-07-29 10:53:00-04:00,2025-07-29,10,1,from_above,1,True,True,20.0,-84.5
2025-07-28,h,23519.0,2,2025-07-29 10:55:00-04:00,2025-07-29,10,1,from_above,1,True,True,12.25,-92.25
2025-07-28,h,23519.0,3,2025-07-29 11:03:00-04:00,2025-07-29,11,1,from_above,1,True,False,4.75,-89.0
2025-07-28,h,23519.0,4,2025-07-29 11:10:00-04:00,2025-07-29,11,1,from_below,1,True,True,86.0,-7.75
2025-07-28,h,23519.0,5,2025-07-29 11:55:00-04:00,2025-07-29,11,1,from_below,1,True,True,66.5,-4.5
2025-07-28,h,23519.0,6,2025-07-29 13:02:00-04:00,2025-07-29,13,1,from_below,1,True,True,49.25,-13.0
2025-07-28,l,23466.0,1,2025-07-29 11:28:00-04:00,2025-07-29,11,1,from_above,1,True,True,54.0,-27.75
2025-07-28,l,23466.0,2,2025-07-29 11:39:00-04:00,2025-07-29,11,1,from_above,1,True,True,51.0,-30.75
2025-07-28,l,23466.0,3,2025-07-29 11:45:00-04:00,2025-07-29,11,1,from_below,1,True,True,26.5,-44.5
2025-07-28,l,23466.0,4,2025-07-29 12:27:00-04:00,2025-07-29,12,1,from_above,1,True,True,53.5,-17.25
2025-07-28,l,23466.0,5,2025-07-29 12:34:00-04:00,2025-07-29,12,1,from_above,1,True,True,56.25,-19.25
2025-07-28,l,23466.0,6,2025-07-29 12:41:00-04:00,2025-07-29,12,1,from_below,1,True,True,14.0,-51.25
2025-07-28,ce,23492.5,1,2025-07-29 11:16:00-04:00,2025-07-29,11,1,from_above,1,True,True,16.75,-65.0
2025-07-28,ce,23492.5,2,2025-07-29 11:18:00-04:00,2025-07-29,11,1,from_above,1,True,True,24.25,-57.5
2025-07-28,ce,23492.5,3,2025-07-29 11:21:00-04:00,2025-07-29,11,1,from_above,1,True,True,26.0,-55.75
2025-07-28,ce,23492.5,4,2025-07-29 11:33:00-04:00,2025-07-29,11,1,from_below,1,True,True,52.25,-29.5
2025-07-28,ce,23492.5,5,2025-07-29 11:48:00-04:00,2025-07-29,11,1,from_below,1,True,True,44.25,-26.75
2025-07-28,ce,23492.5,6,2025-07-29 12:03:00-04:00,2025-07-29,12,1,from_above,1,True,True,18.0,-50.5
2025-07-29,h,23626.0,1,2025-07-30 16:06:00-04:00,2025-07-30,16,1,from_below,-1,False,True,26.0,-52.75
2025-07-29,h,23626.0,2,2025-07-31 09:43:00-04:00,2025-07-31,9,2,from_above,-1,False,True,75.25,-29.75
2025-07-29,h,23626.0,3,2025-07-31 10:26:00-04:00,2025-07-31,10,2,from_above,-1,False,True,32.75,-140.5
2025-07-29,h,23626.0,4,2025-07-31 10:33:00-04:00,2025-07-31,10,2,from_above,-1,False,True,22.25,-141.0
2025-07-29,h,23626.0,5,2025-07-31 10:38:00-04:00,2025-07-31,10,2,from_below,-1,False,True,136.25,-9.75
2025-07-29,h,23626.0,6,2025-07-31 10:44:00-04:00,2025-07-31,10,2,from_below,-1,False,True,136.5,-5.0
2025-07-29,l,23575.5,1,2025-07-30 14:34:00-04:00,2025-07-30,14,1,from_below,-1,False,True,216.5,-18.25
2025-07-29,l,23575.5,2,2025-07-30 16:02:00-04:00,2025-07-30,16,1,from_below,-1,False,True,65.5,-132.0
2025-07-29,l,23575.5,3,2025-07-31 10:50:00-04:00,2025-07-31,10,2,from_above,-1,False,True,38.75,-88.0
2025-07-29,l,23575.5,4,2025-07-31 11:03:00-04:00,2025-07-31,11,2,from_below,-1,False,True,90.0,-19.75
2025-07-29,l,23575.5,5,2025-07-31 11:39:00-04:00,2025-07-31,11,2,from_below,-1,False,True,19.25,-40.5
2025-07-29,l,23575.5,6,2025-07-31 11:52:00-04:00,2025-07-31,11,2,from_below,-1,False,True,14.75,-44.75
2025-07-29,ce,23600.75,1,2025-07-30 16:02:00-04:00,2025-07-30,16,1,from_below,-1,False,True,65.5,-132.0
2025-07-29,ce,23600.75,2,2025-07-30 16:05:00-04:00,2025-07-30,16,1,from_below,-1,False,True,45.5,-75.75
2025-07-29,ce,23600.75,3,2025-07-31 10:43:00-04:00,2025-07-31,10,2,from_above,-1,False,True,16.75,-124.75
2025-07-29,ce,23600.75,4,2025-07-31 10:45:00-04:00,2025-07-31,10,2,from_above,-1,False,True,29.25,-109.0
2025-07-29,ce,23600.75,5,2025-07-31 10:47:00-04:00,2025-07-31,10,2,from_below,-1,False,True,121.25,-5.5
2025-07-29,ce,23600.75,6,2025-07-31 12:12:00-04:00,2025-07-31,12,2,from_below,-1,False,True,53.75,-22.75
2025-07-30,h,23526.5,1,2025-07-31 11:10:00-04:00,2025-07-31,11,1,from_above,-1,True,True,67.0,-46.25
2025-07-30,h,23526.5,2,2025-07-31 11:20:00-04:00,2025-07-31,11,1,from_below,-1,True,True,31.0,-81.0
2025-07-30,h,23526.5,3,2025-07-31 11:28:00-04:00,2025-07-31,11,1,from_below,-1,True,True,14.5,-80.0
2025-07-30,h,23526.5,4,2025-07-31 13:18:00-04:00,2025-07-31,13,1,from_above,-1,True,True,20.5,-213.25
2025-07-30,h,23526.5,5,2025-08-07 04:00:00-04:00,2025-08-07,4,8,from_below,-1,True,True,11.75,-56.75
2025-07-30,h,23526.5,6,2025-08-07 10:55:00-04:00,2025-08-07,10,8,from_above,-1,True,True,38.0,-43.25
2025-07-30,l,23486.25,1,2025-07-31 11:16:00-04:00,2025-07-31,11,1,from_above,-1,True,True,119.75,-0.5
2025-07-30,l,23486.25,2,2025-07-31 13:25:00-04:00,2025-07-31,13,1,from_above,-1,True,True,21.75,-170.0
2025-07-30,l,23486.25,3,2025-07-31 13:45:00-04:00,2025-07-31,13,1,from_below,-1,True,True,185.75,-4.0
2025-07-30,l,23486.25,4,2025-08-06 20:25:00-04:00,2025-08-06,20,7,from_below,-1,True,False,7.0,-18.0
2025-07-30,l,23486.25,5,2025-08-06 20:33:00-04:00,2025-08-06,20,7,from_above,-1,True,True,14.5,-6.75
2025-07-30,l,23486.25,6,2025-08-06 20:44:00-04:00,2025-08-06,20,7,from_above,-1,True,True,19.75,-12.5
2025-07-30,ce,23506.375,1,2025-07-31 11:14:00-04:00,2025-07-31,11,1,from_above,-1,True,True,95.75,-21.0
2025-07-30,ce,23506.375,2,2025-07-31 11:18:00-04:00,2025-07-31,11,1,from_below,-1,True,True,11.5,-100.5
2025-07-30,ce,23506.375,3,2025-07-31 11:23:00-04:00,2025-07-31,11,1,from_above,-1,True,True,104.75,-7.25
2025-07-30,ce,23506.375,4,2025-07-31 11:25:00-04:00,2025-07-31,11,1,from_below,-1,True,True,11.0,-104.75
2025-07-30,ce,23506.375,5,2025-07-31 13:22:00-04:00,2025-07-31,13,1,from_above,-1,True,False,9.5,-197.5
2025-07-30,ce,23506.375,6,2025-08-06 21:40:00-04:00,2025-08-06,21,7,from_below,-1,True,True,15.0,-6.75
2025-07-31,h,23661.25,1,2025-08-07 10:00:00-04:00,2025-08-07,10,7,from_below,1,True,True,136.0,-17.0
2025-07-31,h,23661.25,2,2025-08-08 10:06:00-04:00,2025-08-08,10,8,from_below,1,True,True,36.5,-40.0
2025-07-31,h,23661.25,3,2025-08-08 10:09:00-04:00,2025-08-08,10,8,from_below,1,True,True,40.75,-35.75
2025-07-31,h,23661.25,4,2025-08-08 10:19:00-04:00,2025-08-08,10,8,from_below,1,True,True,13.25,-46.5
2025-07-31,h,23661.25,5,2025-08-08 10:53:00-04:00,2025-08-08,10,8,from_above,1,True,True,13.75,-56.0
2025-07-31,h,23661.25,6,2025-08-08 10:55:00-04:00,2025-08-08,10,8,from_above,1,True,True,19.0,-50.75
2025-07-31,l,23608.25,1,2025-08-07 05:56:00-04:00,2025-08-07,5,7,from_below,1,True,False,4.25,-25.75
2025-07-31,l,23608.25,2,2025-08-07 06:01:00-04:00,2025-08-07,6,7,from_below,1,True,False,8.75,-32.5
2025-07-31,l,23608.25,3,2025-08-07 06:14:00-04:00,2025-08-07,6,7,from_above,1,True,True,23.5,-17.75
2025-07-31,l,23608.25,4,2025-08-07 06:24:00-04:00,2025-08-07,6,7,from_above,1,True,True,35.25,-6.0
2025-07-31,l,23608.25,5,2025-08-07 06:26:00-04:00,2025-08-07,6,7,from_below,1,True,False,8.5,-32.75
2025-07-31,l,23608.25,6,2025-08-07 06:44:00-04:00,2025-08-07,6,7,from_below,1,True,True,28.0,-27.25
2025-07-31,ce,23634.75,1,2025-08-07 07:00:00-04:00,2025-08-07,7,7,from_below,1,True,True,49.0,-9.0
2025-07-31,ce,23634.75,2,2025-08-07 09:39:00-04:00,2025-08-07,9,7,from_below,1,True,True,92.75,-38.25
2025-07-31,ce,23634.75,3,2025-08-07 09:53:00-04:00,2025-08-07,9,7,from_below,1,True,True,79.25,-54.5
2025-07-31,ce,23634.75,4,2025-08-07 09:55:00-04:00,2025-08-07,9,7,from_below,1,True,True,117.0,-34.25
2025-07-31,ce,23634.75,5,2025-08-07 10:01:00-04:00,2025-08-07,10,7,from_above,1,True,True,23.5,-114.0
2025-07-31,ce,23634.75,6,2025-08-07 10:05:00-04:00,2025-08-07,10,7,from_above,1,True,True,29.0,-116.25
2025-08-01,h,22929.5,1,2025-08-03 19:22:00-04:00,2025-08-03,19,2,from_below,-1,False,True,44.0,-16.5
2025-08-01,h,22929.5,2,2025-08-03 19:26:00-04:00,2025-08-03,19,2,from_below,-1,False,True,40.25,-20.25
2025-08-01,h,22929.5,3,2025-08-03 20:00:00-04:00,2025-08-03,20,2,from_below,-1,False,False,4.5,-42.0
2025-08-01,h,22929.5,4,2025-08-03 20:08:00-04:00,2025-08-03,20,2,from_below,-1,False,False,4.5,-42.0
2025-08-01,h,22929.5,5,2025-08-03 20:10:00-04:00,2025-08-03,20,2,from_below,-1,False,True,16.0,-29.0
2025-08-01,h,22929.5,6,2025-08-03 20:12:00-04:00,2025-08-03,20,2,from_above,-1,False,True,33.0,-12.0
2025-08-01,l,22865.25,1,2025-08-03 18:00:00-04:00,2025-08-03,18,2,unknown,-1,False,False,,
2025-08-01,l,22865.25,2,2025-08-03 18:02:00-04:00,2025-08-03,18,2,from_above,-1,False,True,49.25,-44.25
2025-08-01,l,22865.25,3,2025-08-03 18:30:00-04:00,2025-08-03,18,2,from_below,-1,False,True,12.75,-61.0
2025-08-01,l,22865.25,4,2025-08-03 18:32:00-04:00,2025-08-03,18,2,from_above,-1,False,True,60.5,-13.25
2025-08-01,ce,22897.375,1,2025-08-03 18:01:00-04:00,2025-08-03,18,2,from_below,-1,False,True,72.25,-21.25
2025-08-01,ce,22897.375,2,2025-08-03 18:39:00-04:00,2025-08-03,18,2,from_below,-1,False,True,11.25,-38.0
2025-08-01,ce,22897.375,3,2025-08-03 18:46:00-04:00,2025-08-03,18,2,from_below,-1,False,True,14.5,-34.75
2025-08-01,ce,22897.375,4,2025-08-03 19:00:00-04:00,2025-08-03,19,2,from_above,-1,False,True,35.25,-14.0
2025-08-01,ce,22897.375,5,2025-08-03 19:08:00-04:00,2025-08-03,19,2,from_below,-1,False,True,14.25,-35.0
2025-08-01,ce,22897.375,6,2025-08-03 19:15:00-04:00,2025-08-03,19,2,from_below,-1,False,True,24.0,-31.25
2025-08-04,h,23227.0,1,2025-08-05 10:38:00-04:00,2025-08-05,10,1,from_above,1,False,True,19.5,-107.5
2025-08-04,h,23227.0,2,2025-08-05 10:41:00-04:00,2025-08-05,10,1,from_above,1,False,True,19.25,-108.25
2025-08-04,h,23227.0,3,2025-08-05 12:30:00-04:00,2025-08-05,12,1,from_below,1,False,True,63.5,-25.5
2025-08-04,h,23227.0,4,2025-08-05 13:46:00-04:00,2025-08-05,13,1,from_below,1,False,True,85.0,-24.75
2025-08-04,h,23227.0,5,2025-08-05 13:50:00-04:00,2025-08-05,13,1,from_above,1,False,True,22.5,-98.5
2025-08-04,h,23227.0,6,2025-08-05 14:02:00-04:00,2025-08-05,14,1,from_above,1,False,False,9.5,-124.0
2025-08-04,l,23189.5,1,2025-08-05 10:43:00-04:00,2025-08-05,10,1,from_above,1,False,True,28.5,-78.0
2025-08-04,l,23189.5,2,2025-08-05 11:02:00-04:00,2025-08-05,11,1,from_below,1,False,True,86.75,-19.75
2025-08-04,l,23189.5,3,2025-08-05 11:10:00-04:00,2025-08-05,11,1,from_above,1,False,True,53.0,-53.5
2025-08-04,l,23189.5,4,2025-08-05 11:12:00-04:00,2025-08-05,11,1,from_below,1,False,True,70.5,-36.0
2025-08-04,l,23189.5,5,2025-08-05 11:16:00-04:00,2025-08-05,11,1,from_above,1,False,True,12.25,-79.0
2025-08-04,l,23189.5,6,2025-08-05 12:06:00-04:00,2025-08-05,12,1,from_below,1,False,True,56.0,-33.0
2025-08-04,ce,23208.25,1,2025-08-05 10:42:00-04:00,2025-08-05,10,1,from_above,1,False,True,15.75,-96.25
2025-08-04,ce,23208.25,2,2025-08-05 11:03:00-04:00,2025-08-05,11,1,from_below,1,False,True,87.5,-19.0
2025-08-04,ce,23208.25,3,2025-08-05 11:13:00-04:00,2025-08-05,11,1,from_below,1,False,True,93.0,-13.5
2025-08-04,ce,23208.25,4,2025-08-05 12:20:00-04:00,2025-08-05,12,1,from_below,1,False,True,69.5,-19.5
2025-08-04,ce,23208.25,5,2025-08-05 12:30:00-04:00,2025-08-05,12,1,from_below,1,False,True,63.5,-25.5
2025-08-04,ce,23208.25,6,2025-08-05 13:26:00-04:00,2025-08-05,13,1,from_below,1,False,True,21.75,-46.25
2025-08-05,h,23397.25,1,2025-08-06 13:42:00-04:00,2025-08-06,13,1,from_below,1,False,True,29.25,-43.25
2025-08-05,h,23397.25,2,2025-08-06 14:02:00-04:00,2025-08-06,14,1,from_below,1,False,True,17.25,-40.75
2025-08-05,h,23397.25,3,2025-08-06 14:05:00-04:00,2025-08-06,14,1,from_below,1,False,False,0.75,-45.5
2025-08-05,h,23397.25,4,2025-08-06 14:10:00-04:00,2025-08-06,14,1,from_above,1,False,True,39.25,-1.5
2025-08-05,h,23397.25,5,2025-08-06 16:15:00-04:00,2025-08-06,16,1,from_above,1,False,True,19.25,-0.5
2025-08-05,h,23397.25,6,2025-08-06 18:01:00-04:00,2025-08-06,18,1,from_above,1,False,True,89.75,-5.0
2025-08-05,l,23354.25,1,2025-08-06 11:50:00-04:00,2025-08-06,11,1,from_below,1,False,True,14.0,-30.5
2025-08-05,l,23354.25,2,2025-08-06 12:31:00-04:00,2025-08-06,12,1,from_above,1,False,True,35.0,-8.5
2025-08-05,l,23354.25,3,2025-08-06 12:34:00-04:00,2025-08-06,12,1,from_above,1,False,True,26.5,-17.0
2025-08-05,l,23354.25,4,2025-08-06 12:43:00-04:00,2025-08-06,12,1,from_above,1,False,True,40.0,-10.5
2025-08-05,l,23354.25,5,2025-08-07 14:13:00-04:00,2025-08-07,14,2,from_above,1,False,True,71.0,-20.0
2025-08-05,l,23354.25,6,2025-08-07 14:20:00-04:00,2025-08-07,14,2,from_below,1,False,False,9.75,-81.25
2025-08-05,ce,23375.75,1,2025-08-06 11:52:00-04:00,2025-08-06,11,1,from_below,1,False,True,27.75,-15.75
2025-08-05,ce,23375.75,2,2025-08-06 12:00:00-04:00,2025-08-06,12,1,from_below,1,False,True,13.25,-30.25
2025-08-05,ce,23375.75,3,2025-08-06 12:03:00-04:00,2025-08-06,12,1,from_below,1,False,True,29.5,-14.0
2025-08-05,ce,23375.75,4,2025-08-06 12:08:00-04:00,2025-08-06,12,1,from_above,1,False,False,9.25,-34.25
2025-08-05,ce,23375.75,5,2025-08-06 12:15:00-04:00,2025-08-06,12,1,from_below,1,False,True,29.5,-14.0
2025-08-05,ce,23375.75,6,2025-08-06 12:21:00-04:00,2025-08-06,12,1,from_above,1,False,True,20.25,-23.25
2025-08-06,h,23239.5,1,2025-08-20 09:50:00-04:00,2025-08-20,9,14,from_above,1,False,True,19.75,-203.5
2025-08-06,h,23239.5,2,2025-08-20 11:32:00-04:00,2025-08-20,11,14,from_below,1,False,True,90.25,-61.0
2025-08-06,h,23239.5,3,2025-08-20 11:36:00-04:00,2025-08-20,11,14,from_above,1,False,True,67.0,-84.25
2025-08-06,h,23239.5,4,2025-08-20 11:39:00-04:00,2025-08-20,11,14,from_above,1,False,True,78.25,-73.0
2025-08-06,h,23239.5,5,2025-08-20 11:45:00-04:00,2025-08-20,11,14,from_below,1,False,True,90.0,-61.25
2025-08-06,h,23239.5,6,2025-08-20 12:10:00-04:00,2025-08-20,12,14,from_below,1,False,True,30.0,-65.75
2025-08-06,l,23184.0,1,2025-08-20 09:53:00-04:00,2025-08-20,9,14,from_above,1,False,True,45.0,-151.75
2025-08-06,l,23184.0,2,2025-08-20 10:04:00-04:00,2025-08-20,10,14,from_above,1,False,True,33.75,-135.5
2025-08-06,l,23184.0,3,2025-08-20 11:20:00-04:00,2025-08-20,11,14,from_below,1,False,True,32.0,-93.75
2025-08-06,l,23184.0,4,2025-08-20 11:52:00-04:00,2025-08-20,11,14,from_above,1,False,True,130.0,-21.25
2025-08-06,l,23184.0,5,2025-08-20 11:55:00-04:00,2025-08-20,11,14,from_below,1,False,True,22.75,-128.5
2025-08-06,l,23184.0,6,2025-08-20 12:01:00-04:00,2025-08-20,12,14,from_below,1,False,True,19.0,-106.5
2025-08-06,ce,23211.75,1,2025-08-20 09:51:00-04:00,2025-08-20,9,14,from_above,1,False,True,31.5,-177.0
2025-08-06,ce,23211.75,2,2025-08-20 10:01:00-04:00,2025-08-20,10,14,from_below,1,False,True,158.25,-21.0
2025-08-06,ce,23211.75,3,2025-08-20 11:24:00-04:00,2025-08-20,11,14,from_below,1,False,True,62.5,-65.5
2025-08-06,ce,23211.75,4,2025-08-20 11:49:00-04:00,2025-08-20,11,14,from_above,1,False,True,85.5,-65.75
2025-08-06,ce,23211.75,5,2025-08-20 12:03:00-04:00,2025-08-20,12,14,from_below,1,False,True,13.25,-94.0
2025-08-06,ce,23211.75,6,2025-08-20 12:08:00-04:00,2025-08-20,12,14,from_below,1,False,True,19.0,-88.25
2025-08-07,h,23610.75,1,2025-08-08 09:42:00-04:00,2025-08-08,9,1,from_below,-1,False,True,14.0,-92.25
2025-08-07,h,23610.75,2,2025-08-08 09:45:00-04:00,2025-08-08,9,1,from_below,-1,False,True,24.0,-74.75
2025-08-07,h,23610.75,3,2025-08-08 09:50:00-04:00,2025-08-08,9,1,from_above,-1,False,True,74.5,-15.5
2025-08-07,h,23610.75,4,2025-08-08 11:40:00-04:00,2025-08-08,11,1,from_above,-1,False,True,91.75,-3.0
2025-08-07,h,23610.75,5,2025-08-11 15:51:00-04:00,2025-08-11,15,4,from_above,-1,False,True,36.0,-25.5
2025-08-07,h,23610.75,6,2025-08-11 15:54:00-04:00,2025-08-11,15,4,from_below,-1,False,True,16.75,-44.75
2025-08-07,l,23569.5,1,2025-08-08 05:13:00-04:00,2025-08-08,5,1,from_below,-1,False,False,8.0,-10.0
2025-08-07,l,23569.5,2,2025-08-08 05:25:00-04:00,2025-08-08,5,1,from_above,-1,False,False,6.5,-9.25
2025-08-07,l,23569.5,3,2025-08-08 05:49:00-04:00,2025-08-08,5,1,from_below,-1,False,False,5.25,-9.75
2025-08-07,l,23569.5,4,2025-08-08 06:01:00-04:00,2025-08-08,6,1,from_below,-1,False,False,6.75,-8.25
2025-08-07,l,23569.5,5,2025-08-08 06:07:00-04:00,2025-08-08,6,1,from_above,-1,False,False,3.75,-10.5
2025-08-07,l,23569.5,6,2025-08-08 06:13:00-04:00,2025-08-08,6,1,from_below,-1,False,False,6.0,-8.25
2025-08-07,ce,23590.125,1,2025-08-08 09:41:00-04:00,2025-08-08,9,1,from_below,-1,False,True,27.5,-102.5
2025-08-07,ce,23590.125,2,2025-08-11 15:55:00-04:00,2025-08-11,15,4,from_above,-1,False,True,57.5,-4.0
2025-08-07,ce,23590.125,3,2025-08-19 10:42:00-04:00,2025-08-19,10,12,from_above,-1,False,False,6.25,-81.0
2025-08-07,ce,23590.125,4,2025-08-19 10:46:00-04:00,2025-08-19,10,12,from_below,-1,False,True,72.25,-13.75
2025-08-07,ce,23590.125,5,2025-08-19 10:54:00-04:00,2025-08-19,10,12,from_below,-1,False,True,74.25,-11.75
2025-08-07,ce,23590.125,6,2025-08-19 11:35:00-04:00,2025-08-19,11,12,from_below,-1,False,True,61.0,-13.0
2025-08-08,h,23644.5,1,2025-08-11 15:32:00-04:00,2025-08-11,15,3,from_above,1,False,False,7.5,-66.25
2025-08-08,h,23644.5,2,2025-08-11 15:37:00-04:00,2025-08-11,15,3,from_above,1,False,False,8.5,-64.25
2025-08-08,h,23644.5,3,2025-08-11 15:41:00-04:00,2025-08-11,15,3,from_above,1,False,False,4.75,-61.5
2025-08-08,h,23644.5,4,2025-08-11 15:50:00-04:00,2025-08-11,15,3,from_below,1,False,True,40.5,-21.0
2025-08-08,h,23644.5,5,2025-08-11 15:59:00-04:00,2025-08-11,15,3,from_below,1,False,True,22.5,-10.0
2025-08-08,h,23644.5,6,2025-08-11 16:06:00-04:00,2025-08-11,16,3,from_below,1,False,True,23.0,-5.0
2025-08-08,l,23604.0,1,2025-08-11 15:52:00-04:00,2025-08-11,15,3,from_above,1,False,True,44.0,-17.5
2025-08-08,l,23604.0,2,2025-08-11 15:57:00-04:00,2025-08-11,15,3,from_below,1,False,True,16.75,-41.5
2025-08-08,l,23604.0,3,2025-08-12 01:03:00-04:00,2025-08-12,1,4,from_above,1,False,True,36.25,-20.25
2025-08-08,l,23604.0,4,2025-08-12 01:38:00-04:00,2025-08-12,1,4,from_above,1,False,True,63.5,-9.75
2025-08-08,l,23604.0,5,2025-08-12 01:45:00-04:00,2025-08-12,1,4,from_above,1,False,True,63.5,-1.0
2025-08-08,l,23604.0,6,2025-08-19 10:37:00-04:00,2025-08-19,10,11,from_above,1,False,True,11.75,-96.0
2025-08-08,ce,23624.25,1,2025-08-11 15:50:00-04:00,2025-08-11,15,3,from_above,1,False,True,21.0,-40.5
2025-08-08,ce,23624.25,2,2025-08-11 15:59:00-04:00,2025-08-11,15,3,from_below,1,False,True,22.5,-10.0
2025-08-08,ce,23624.25,3,2025-08-11 16:01:00-04:00,2025-08-11,16,3,from_above,1,False,True,10.75,-17.25
2025-08-08,ce,23624.25,4,2025-08-11 16:16:00-04:00,2025-08-11,16,3,from_above,1,False,False,5.5,-9.25
2025-08-08,ce,23624.25,5,2025-08-11 16:24:00-04:00,2025-08-11,16,3,from_below,1,False,False,2.5,-8.0
2025-08-08,ce,23624.25,6,2025-08-11 16:51:00-04:00,2025-08-11,16,3,from_above,1,False,False,3.25,-3.5
2025-08-11,h,23736.75,1,2025-08-12 08:30:00-04:00,2025-08-12,8,1,from_below,1,True,True,81.25,-79.75
2025-08-11,h,23736.75,2,2025-08-12 08:32:00-04:00,2025-08-12,8,1,from_above,1,True,True,87.25,-25.0
2025-08-11,h,23736.75,3,2025-08-12 09:05:00-04:00,2025-08-12,9,1,from_above,1,True,True,64.25,-122.25
2025-08-11,h,23736.75,4,2025-08-12 09:23:00-04:00,2025-08-12,9,1,from_below,1,True,True,110.5,-76.0
2025-08-11,h,23736.75,5,2025-08-12 09:25:00-04:00,2025-08-12,9,1,from_below,1,True,True,110.5,-76.0
2025-08-11,h,23736.75,6,2025-08-12 09:44:00-04:00,2025-08-12,9,1,from_above,1,True,True,56.5,-115.75
2025-08-11,l,23715.5,1,2025-08-12 08:30:00-04:00,2025-08-12,8,1,from_below,1,True,True,81.25,-79.75
2025-08-11,l,23715.5,2,2025-08-12 09:31:00-04:00,2025-08-12,9,1,from_above,1,True,True,96.75,-89.75
2025-08-11,l,23715.5,3,2025-08-12 09:44:00-04:00,2025-08-12,9,1,from_above,1,True,True,56.5,-115.75
2025-08-11,l,23715.5,4,2025-08-12 09:48:00-04:00,2025-08-12,9,1,from_above,1,True,True,62.25,-83.25
2025-08-11,l,23715.5,5,2025-08-12 09:54:00-04:00,2025-08-12,9,1,from_below,1,True,True,90.25,-69.5
2025-08-11,l,23715.5,6,2025-08-12 10:08:00-04:00,2025-08-12,10,1,from_below,1,True,True,27.5,-115.75
2025-08-11,ce,23726.125,1,2025-08-12 08:30:00-04:00,2025-08-12,8,1,from_below,1,True,True,81.25,-79.75
2025-08-11,ce,23726.125,2,2025-08-12 08:33:00-04:00,2025-08-12,8,1,from_above,1,True,True,88.25,-24.0
2025-08-11,ce,23726.125,3,2025-08-12 09:08:00-04:00,2025-08-12,9,1,from_above,1,True,True,78.0,-108.5
2025-08-11,ce,23726.125,4,2025-08-12 09:16:00-04:00,2025-08-12,9,1,from_above,1,True,True,68.25,-118.25
2025-08-11,ce,23726.125,5,2025-08-12 09:20:00-04:00,2025-08-12,9,1,from_above,1,True,True,80.5,-106.0
2025-08-11,ce,23726.125,6,2025-08-12 09:30:00-04:00,2025-08-12,9,1,from_above,1,True,True,69.75,-116.75
2025-08-12,h,23763.25,1,2025-08-15 11:40:00-04:00,2025-08-15,11,3,from_above,-1,False,True,57.0,-27.75
2025-08-12,h,23763.25,2,2025-08-15 11:48:00-04:00,2025-08-15,11,3,from_below,-1,False,True,11.5,-52.5
2025-08-12,h,23763.25,3,2025-08-15 12:29:00-04:00,2025-08-15,12,3,from_above,-1,False,True,58.75,-4.25
2025-08-12,h,23763.25,4,2025-08-15 12:31:00-04:00,2025-08-15,12,3,from_above,-1,False,True,56.25,-6.75
2025-08-12,h,23763.25,5,2025-08-18 04:18:00-04:00,2025-08-18,4,6,from_above,-1,False,True,28.75,-24.25
2025-08-12,h,23763.25,6,2025-08-18 04:23:00-04:00,2025-08-18,4,6,from_above,-1,False,True,31.5,-21.5
2025-08-12,l,23682.5,1,2025-08-19 09:33:00-04:00,2025-08-19,9,7,from_above,-1,False,True,49.0,-69.25
2025-08-12,l,23682.5,2,2025-08-19 09:37:00-04:00,2025-08-19,9,7,from_below,-1,False,True,93.5,-32.0
2025-08-12,l,23682.5,3,2025-08-19 09:44:00-04:00,2025-08-19,9,7,from_above,-1,False,True,45.5,-120.0
2025-08-12,l,23682.5,4,2025-08-19 09:53:00-04:00,2025-08-19,9,7,from_below,-1,False,True,132.75,-37.5
2025-08-12,l,23682.5,5,2025-08-19 09:55:00-04:00,2025-08-19,9,7,from_above,-1,False,True,44.0,-126.25
2025-08-12,l,23682.5,6,2025-08-19 09:59:00-04:00,2025-08-19,9,7,from_above,-1,False,True,49.25,-138.75
2025-08-12,ce,23722.875,1,2025-08-18 10:47:00-04:00,2025-08-18,10,6,from_above,-1,False,True,60.25,-5.25
2025-08-12,ce,23722.875,2,2025-08-18 12:48:00-04:00,2025-08-18,12,6,from_above,-1,False,True,74.75,-2.5
2025-08-12,ce,23722.875,3,2025-08-19 09:31:00-04:00,2025-08-19,9,7,from_above,-1,False,True,33.75,-111.25
2025-08-12,ce,23722.875,4,2025-08-19 09:42:00-04:00,2025-08-19,9,7,from_below,-1,False,True,124.5,-15.75
2025-08-12,ce,23722.875,5,2025-08-19 10:04:00-04:00,2025-08-19,10,7,from_below,-1,False,True,207.5,-6.5
2025-08-12,ce,23722.875,6,2025-08-19 10:07:00-04:00,2025-08-19,10,7,from_below,-1,False,True,200.5,-13.5
2025-08-14,h,23937.75,1,2025-08-15 00:03:00-04:00,2025-08-15,0,1,from_below,1,True,False,4.75,-10.5
2025-08-14,h,23937.75,2,2025-08-15 00:18:00-04:00,2025-08-15,0,1,from_below,1,True,False,7.5,-13.25
2025-08-14,h,23937.75,3,2025-08-15 00:28:00-04:00,2025-08-15,0,1,from_below,1,True,True,13.5,-9.5
2025-08-14,h,23937.75,4,2025-08-15 00:33:00-04:00,2025-08-15,0,1,from_below,1,True,True,13.0,-10.0
2025-08-14,h,23937.75,5,2025-08-15 00:50:00-04:00,2025-08-15,0,1,from_above,1,True,False,6.5,-15.0
2025-08-14,h,23937.75,6,2025-08-15 01:07:00-04:00,2025-08-15,1,1,from_above,1,True,False,7.0,-14.5
2025-08-14,l,23907.25,1,2025-08-15 04:41:00-04:00,2025-08-15,4,1,from_above,1,True,False,7.25,-32.0
2025-08-14,l,23907.25,2,2025-08-15 04:45:00-04:00,2025-08-15,4,1,from_above,1,True,False,9.75,-28.75
2025-08-14,l,23907.25,3,2025-08-15 06:32:00-04:00,2025-08-15,6,1,from_below,1,True,True,10.5,-16.25
2025-08-14,l,23907.25,4,2025-08-15 06:39:00-04:00,2025-08-15,6,1,from_below,1,True,False,4.25,-22.5
2025-08-14,l,23907.25,5,2025-08-15 06:43:00-04:00,2025-08-15,6,1,from_below,1,True,False,8.5,-18.25
2025-08-14,l,23907.25,6,2025-08-15 06:48:00-04:00,2025-08-15,6,1,from_below,1,True,False,5.0,-19.0
2025-08-14,ce,23922.5,1,2025-08-15 01:22:00-04:00,2025-08-15,1,1,from_above,1,True,True,24.5,-1.25
2025-08-14,ce,23922.5,2,2025-08-15 01:25:00-04:00,2025-08-15,1,1,from_above,1,True,True,23.0,-2.75
2025-08-14,ce,23922.5,3,2025-08-15 01:30:00-04:00,2025-08-15,1,1,from_above,1,True,True,23.0,-1.75
2025-08-14,ce,23922.5,4,2025-08-15 04:37:00-04:00,2025-08-15,4,1,from_above,1,True,False,6.25,-43.25
2025-08-14,ce,23922.5,5,2025-08-15 07:25:00-04:00,2025-08-15,7,1,from_below,1,True,True,36.5,-6.5
2025-08-14,ce,23922.5,6,2025-08-15 07:33:00-04:00,2025-08-15,7,1,from_below,1,True,True,36.5,-6.5
2025-08-15,h,23854.0,1,2025-08-17 18:53:00-04:00,2025-08-17,18,2,from_below,-1,False,True,11.0,-9.25
2025-08-15,h,23854.0,2,2025-08-17 19:33:00-04:00,2025-08-17,19,2,from_below,-1,False,False,6.5,-17.0
2025-08-15,h,23854.0,3,2025-08-17 19:37:00-04:00,2025-08-17,19,2,from_below,-1,False,False,9.75,-13.75
2025-08-15,h,23854.0,4,2025-08-17 19:40:00-04:00,2025-08-17,19,2,from_below,-1,False,True,10.5,-13.0
2025-08-15,h,23854.0,5,2025-08-17 19:46:00-04:00,2025-08-17,19,2,from_above,-1,False,True,15.5,-8.0
2025-08-15,h,23854.0,6,2025-08-17 19:48:00-04:00,2025-08-17,19,2,from_below,-1,False,False,5.75,-17.75
2025-08-15,l,23776.75,1,2025-08-18 02:43:00-04:00,2025-08-18,2,3,from_above,-1,False,True,32.25,-11.5
2025-08-15,l,23776.75,2,2025-08-18 02:45:00-04:00,2025-08-18,2,3,from_above,-1,False,True,38.0,-0.25
2025-08-15,l,23776.75,3,2025-08-18 04:11:00-04:00,2025-08-18,4,3,from_above,-1,False,True,19.0,-34.0
2025-08-15,l,23776.75,4,2025-08-18 04:14:00-04:00,2025-08-18,4,3,from_below,-1,False,True,26.5,-26.5
2025-08-15,l,23776.75,5,2025-08-18 04:16:00-04:00,2025-08-18,4,3,from_below,-1,False,True,26.0,-27.0
2025-08-15,l,23776.75,6,2025-08-18 04:19:00-04:00,2025-08-18,4,3,from_below,-1,False,True,31.25,-21.75
2025-08-15,ce,23815.375,1,2025-08-17 18:00:00-04:00,2025-08-17,18,2,unknown,-1,False,False,,
2025-08-15,ce,23815.375,2,2025-08-18 02:19:00-04:00,2025-08-18,2,3,from_above,-1,False,False,5.75,-45.5
2025-08-15,ce,23815.375,3,2025-08-18 02:31:00-04:00,2025-08-18,2,3,from_below,-1,False,True,45.5,-5.75
2025-08-15,ce,23815.375,4,2025-08-18 02:36:00-04:00,2025-08-18,2,3,from_above,-1,False,False,6.5,-44.75
2025-08-15,ce,23815.375,5,2025-08-18 02:39:00-04:00,2025-08-18,2,3,from_above,-1,False,False,5.25,-41.75
2025-08-15,ce,23815.375,6,2025-08-18 03:02:00-04:00,2025-08-18,3,3,from_below,-1,False,True,31.75,-3.75
2025-08-18,h,23805.0,1,2025-08-19 05:22:00-04:00,2025-08-19,5,1,from_below,1,False,True,30.5,-2.0
2025-08-18,h,23805.0,2,2025-08-19 05:30:00-04:00,2025-08-19,5,1,from_below,1,False,True,28.75,-2.25
2025-08-18,h,23805.0,3,2025-08-28 15:54:00-04:00,2025-08-28,15,10,from_below,1,False,True,49.25,-3.25
2025-08-18,h,23805.0,4,2025-09-05 08:30:00-04:00,2025-09-05,8,18,from_below,1,False,True,23.25,-154.25
2025-08-18,h,23805.0,5,2025-09-05 08:39:00-04:00,2025-09-05,8,18,from_above,1,False,True,86.75,-21.75
2025-08-18,h,23805.0,6,2025-09-05 10:01:00-04:00,2025-09-05,10,18,from_above,1,False,True,23.5,-289.25
2025-08-18,l,23772.0,1,2025-08-19 03:04:00-04:00,2025-08-19,3,1,from_below,1,False,True,21.5,-15.0
2025-08-18,l,23772.0,2,2025-08-19 03:48:00-04:00,2025-08-19,3,1,from_below,1,False,True,25.25,-13.5
2025-08-18,l,23772.0,3,2025-08-19 03:51:00-04:00,2025-08-19,3,1,from_below,1,False,True,21.5,-19.0
2025-08-18,l,23772.0,4,2025-08-19 03:55:00-04:00,2025-08-19,3,1,from_below,1,False,True,24.25,-17.5
2025-08-18,l,23772.0,5,2025-08-19 03:59:00-04:00,2025-08-19,3,1,from_below,1,False,True,24.25,-18.25
2025-08-18,l,23772.0,6,2025-08-19 04:04:00-04:00,2025-08-19,4,1,from_above,1,False,True,16.5,-26.0
2025-08-18,ce,23788.5,1,2025-08-19 04:54:00-04:00,2025-08-19,4,1,from_below,1,False,False,5.0,-18.5
2025-08-18,ce,23788.5,2,2025-08-19 05:05:00-04:00,2025-08-19,5,1,from_below,1,False,True,13.75,-18.75
2025-08-18,ce,23788.5,3,2025-08-19 05:42:00-04:00,2025-08-19,5,1,from_above,1,False,False,5.0,-30.75
2025-08-18,ce,23788.5,4,2025-08-19 05:48:00-04:00,2025-08-19,5,1,from_above,1,False,False,0.75,-31.5
2025-08-18,ce,23788.5,5,2025-08-19 05:50:00-04:00,2025-08-19,5,1,from_above,1,False,False,1.0,-32.25
2025-08-18,ce,23788.5,6,2025-08-19 06:04:00-04:00,2025-08-19,6,1,from_below,1,False,True,34.5,-4.75
2025-08-19,h,23685.0,1,2025-08-27 16:20:00-04:00,2025-08-27,16,8,from_below,-1,False,True,152.75,-103.25
2025-08-19,h,23685.0,2,2025-08-28 09:30:00-04:00,2025-08-28,9,9,from_below,-1,False,True,132.75,-38.0
2025-08-19,h,23685.0,3,2025-08-28 09:37:00-04:00,2025-08-28,9,9,from_above,-1,False,True,36.25,-128.0
2025-08-19,h,23685.0,4,2025-08-28 09:45:00-04:00,2025-08-28,9,9,from_above,-1,False,True,35.75,-101.25
2025-08-19,h,23685.0,5,2025-08-28 10:40:00-04:00,2025-08-28,10,9,from_below,-1,False,True,20.25,-69.25
2025-08-19,h,23685.0,6,2025-08-28 10:45:00-04:00,2025-08-28,10,9,from_above,-1,False,True,69.25,-20.25
2025-08-19,l,23639.25,1,2025-08-22 10:46:00-04:00,2025-08-22,10,3,from_below,-1,False,True,46.5,-9.5
2025-08-19,l,23639.25,2,2025-08-22 11:02:00-04:00,2025-08-22,11,3,from_below,-1,False,True,72.75,-12.25
2025-08-19,l,23639.25,3,2025-08-22 11:10:00-04:00,2025-08-22,11,3,from_below,-1,False,True,80.75,-3.0
2025-08-19,l,23639.25,4,2025-08-22 11:17:00-04:00,2025-08-22,11,3,from_below,-1,False,True,112.5,-9.5
2025-08-19,l,23639.25,5,2025-08-22 11:32:00-04:00,2025-08-22,11,3,from_below,-1,False,True,117.75,-4.25
2025-08-19,l,23639.25,6,2025-08-27 14:12:00-04:00,2025-08-27,14,8,from_below,-1,False,True,71.25,-23.5
2025-08-19,ce,23662.125,1,2025-08-27 16:20:00-04:00,2025-08-27,16,8,from_below,-1,False,True,152.75,-103.25
2025-08-19,ce,23662.125,2,2025-08-28 04:23:00-04:00,2025-08-28,4,9,from_below,-1,False,True,44.25,-3.25
2025-08-19,ce,23662.125,3,2025-08-28 09:30:00-04:00,2025-08-28,9,9,from_below,-1,False,True,132.75,-38.0
2025-08-19,ce,23662.125,4,2025-08-28 09:49:00-04:00,2025-08-28,9,9,from_above,-1,False,True,62.25,-85.25
2025-08-19,ce,23662.125,5,2025-08-28 10:06:00-04:00,2025-08-28,10,9,from_below,-1,False,True,35.5,-70.5
2025-08-19,ce,23662.125,6,2025-08-28 10:21:00-04:00,2025-08-28,10,9,from_below,-1,False,True,33.75,-96.5
2025-08-20,h,23324.25,1,2025-08-21 01:07:00-04:00,2025-08-21,1,1,from_above,-1,False,True,20.5,-12.25
2025-08-20,h,23324.25,2,2025-08-21 01:21:00-04:00,2025-08-21,1,1,from_above,-1,False,True,40.75,-16.0
2025-08-20,h,23324.25,3,2025-08-21 01:28:00-04:00,2025-08-21,1,1,from_below,-1,False,True,10.25,-46.5
2025-08-20,h,23324.25,4,2025-08-21 01:33:00-04:00,2025-08-21,1,1,from_below,-1,False,False,9.75,-47.0
2025-08-20,h,23324.25,5,2025-08-21 01:46:00-04:00,2025-08-21,1,1,from_below,-1,False,False,7.5,-45.0
2025-08-20,h,23324.25,6,2025-08-21 01:52:00-04:00,2025-08-21,1,1,from_below,-1,False,False,4.0,-45.5
2025-08-20,l,23264.75,1,2025-08-21 07:49:00-04:00,2025-08-21,7,1,from_above,-1,False,True,18.25,-56.25
2025-08-20,l,23264.75,2,2025-08-21 08:01:00-04:00,2025-08-21,8,1,from_above,-1,False,False,7.25,-60.5
2025-08-20,l,23264.75,3,2025-08-21 08:08:00-04:00,2025-08-21,8,1,from_above,-1,False,False,6.0,-55.75
2025-08-20,l,23264.75,4,2025-08-21 08:33:00-04:00,2025-08-21,8,1,from_below,-1,False,True,63.75,-10.25
2025-08-20,l,23264.75,5,2025-08-21 09:30:00-04:00,2025-08-21,9,1,from_below,-1,False,True,45.25,-147.75
2025-08-20,l,23264.75,6,2025-08-21 09:33:00-04:00,2025-08-21,9,1,from_below,-1,False,True,115.5,-77.5
2025-08-20,ce,23294.5,1,2025-08-21 05:00:00-04:00,2025-08-21,5,1,from_above,-1,False,True,29.0,-10.0
2025-08-20,ce,23294.5,2,2025-08-21 05:02:00-04:00,2025-08-21,5,1,from_above,-1,False,True,25.5,-13.5
2025-08-20,ce,23294.5,3,2025-08-21 05:05:00-04:00,2025-08-21,5,1,from_above,-1,False,True,29.25,-13.0
2025-08-20,ce,23294.5,4,2025-08-21 05:07:00-04:00,2025-08-21,5,1,from_above,-1,False,True,36.0,-6.25
2025-08-20,ce,23294.5,5,2025-08-21 06:02:00-04:00,2025-08-21,6,1,from_above,-1,False,True,44.5,-17.75
2025-08-20,ce,23294.5,6,2025-08-21 06:12:00-04:00,2025-08-21,6,1,from_above,-1,False,True,38.5,-23.75
2025-08-21,h,23268.0,1,2025-08-22 06:07:00-04:00,2025-08-22,6,1,from_below,1,True,True,14.75,-13.0
2025-08-21,h,23268.0,2,2025-08-22 06:14:00-04:00,2025-08-22,6,1,from_above,1,True,True,12.25,-16.75
2025-08-21,h,23268.0,3,2025-08-22 06:27:00-04:00,2025-08-22,6,1,from_below,1,True,True,15.5,-15.25
2025-08-21,h,23268.0,4,2025-08-22 06:40:00-04:00,2025-08-22,6,1,from_below,1,True,True,23.75,-14.25
2025-08-21,h,23268.0,5,2025-08-22 06:52:00-04:00,2025-08-22,6,1,from_below,1,True,True,25.0,-15.0
2025-08-21,h,23268.0,6,2025-08-22 06:56:00-04:00,2025-08-22,6,1,from_below,1,True,True,26.25,-13.75
2025-08-21,l,23175.0,1,2025-08-22 02:06:00-04:00,2025-08-22,2,1,from_above,1,True,False,3.0,-104.0
2025-08-21,l,23175.0,2,2025-08-22 02:30:00-04:00,2025-08-22,2,1,from_below,1,True,True,98.5,-12.75
2025-08-21,l,23175.0,3,2025-08-22 03:11:00-04:00,2025-08-22,3,1,from_below,1,True,False,9.25,-55.0
2025-08-21,l,23175.0,4,2025-08-22 03:26:00-04:00,2025-08-22,3,1,from_above,1,True,True,76.25,-5.5
2025-08-21,l,23175.0,5,2025-08-22 03:33:00-04:00,2025-08-22,3,1,from_above,1,True,True,72.25,-9.5
2025-08-21,l,23175.0,6,2025-08-22 03:43:00-04:00,2025-08-22,3,1,from_below,1,True,False,2.0,-86.25
2025-08-21,ce,23221.5,1,2025-08-22 04:08:00-04:00,2025-08-22,4,1,from_below,1,True,True,11.25,-36.5
2025-08-21,ce,23221.5,2,2025-08-22 04:30:00-04:00,2025-08-22,4,1,from_above,1,True,True,33.25,-0.5
2025-08-21,ce,23221.5,3,2025-08-22 09:30:00-04:00,2025-08-22,9,1,from_above,1,True,True,423.0,-4.25
2025-08-21,ce,23221.5,4,2025-09-02 07:11:00-04:00,2025-09-02,7,12,from_above,1,True,True,22.25,-63.0
2025-08-21,ce,23221.5,5,2025-09-02 07:52:00-04:00,2025-09-02,7,12,from_above,1,True,True,14.25,-109.25
2025-08-21,ce,23221.5,6,2025-09-02 07:59:00-04:00,2025-09-02,7,12,from_above,1,True,False,3.0,-164.75
2025-08-22,h,23337.25,1,2025-09-02 03:47:00-04:00,2025-09-02,3,11,from_above,1,True,True,24.0,-62.5
2025-08-22,h,23337.25,2,2025-09-02 16:09:00-04:00,2025-09-02,16,11,from_below,1,True,True,33.75,-22.25
2025-08-22,h,23337.25,3,2025-09-02 16:11:00-04:00,2025-09-02,16,11,from_above,1,True,True,47.0,-3.25
2025-08-22,h,23337.25,4,2025-09-02 16:14:00-04:00,2025-09-02,16,11,from_above,1,True,True,34.0,-14.75
2025-08-22,h,23337.25,5,2025-09-02 18:57:00-04:00,2025-09-02,18,11,from_above,1,True,False,6.75,-13.0
2025-08-22,h,23337.25,6,2025-09-02 19:08:00-04:00,2025-09-02,19,11,from_above,1,True,False,5.75,-14.5
2025-08-22,l,23294.0,1,2025-09-02 03:51:00-04:00,2025-09-02,3,11,from_above,1,True,True,38.25,-28.0
2025-08-22,l,23294.0,2,2025-09-02 03:55:00-04:00,2025-09-02,3,11,from_below,1,True,True,15.75,-50.5
2025-08-22,l,23294.0,3,2025-09-02 04:01:00-04:00,2025-09-02,4,11,from_below,1,True,True,11.5,-40.0
2025-08-22,l,23294.0,4,2025-09-02 04:12:00-04:00,2025-09-02,4,11,from_above,1,True,True,35.75,-15.75
2025-08-22,l,23294.0,5,2025-09-02 05:53:00-04:00,2025-09-02,5,11,from_above,1,True,True,18.5,-61.75
2025-08-22,l,23294.0,6,2025-09-02 06:15:00-04:00,2025-09-02,6,11,from_above,1,True,False,2.0,-76.75
2025-08-22,ce,23315.625,1,2025-09-02 03:49:00-04:00,2025-09-02,3,11,from_above,1,True,True,21.5,-45.0
2025-08-22,ce,23315.625,2,2025-09-02 04:03:00-04:00,2025-09-02,4,11,from_below,1,True,True,36.5,-15.0
2025-08-22,ce,23315.625,3,2025-09-02 04:11:00-04:00,2025-09-02,4,11,from_below,1,True,True,29.75,-21.75
2025-08-22,ce,23315.625,4,2025-09-02 04:16:00-04:00,2025-09-02,4,11,from_below,1,True,True,21.25,-14.25
2025-08-22,ce,23315.625,5,2025-09-02 04:24:00-04:00,2025-09-02,4,11,from_above,1,True,True,20.25,-15.25
2025-08-22,ce,23315.625,6,2025-09-02 04:30:00-04:00,2025-09-02,4,11,from_below,1,True,True,14.5,-21.0
2025-08-25,h,23496.5,1,2025-08-26 06:18:00-04:00,2025-08-26,6,1,from_below,1,True,True,21.5,-11.75
2025-08-25,h,23496.5,2,2025-08-26 06:26:00-04:00,2025-08-26,6,1,from_below,1,True,True,26.0,-12.0
2025-08-25,h,23496.5,3,2025-08-26 06:40:00-04:00,2025-08-26,6,1,from_above,1,True,False,2.25,-52.0
2025-08-25,h,23496.5,4,2025-08-26 06:45:00-04:00,2025-08-26,6,1,from_below,1,True,True,46.5,-4.5
2025-08-25,h,23496.5,5,2025-08-26 06:48:00-04:00,2025-08-26,6,1,from_below,1,True,True,53.25,-2.75
2025-08-25,h,23496.5,6,2025-08-26 06:57:00-04:00,2025-08-26,6,1,from_below,1,True,True,50.5,-1.25
2025-08-25,l,23448.5,1,2025-08-26 00:02:00-04:00,2025-08-26,0,1,from_above,1,True,True,15.5,-9.25
2025-08-25,l,23448.5,2,2025-08-26 00:25:00-04:00,2025-08-26,0,1,from_above,1,True,True,27.5,-12.0
2025-08-25,l,23448.5,3,2025-08-26 00:27:00-04:00,2025-08-26,0,1,from_above,1,True,True,28.75,-10.75
2025-08-25,l,23448.5,4,2025-08-26 00:32:00-04:00,2025-08-26,0,1,from_above,1,True,True,32.5,-7.0
2025-08-25,l,23448.5,5,2025-08-26 00:47:00-04:00,2025-08-26,0,1,from_below,1,True,False,3.5,-36.25
2025-08-25,l,23448.5,6,2025-08-26 00:55:00-04:00,2025-08-26,0,1,from_above,1,True,True,36.5,-2.25
2025-08-25,ce,23472.5,1,2025-08-26 01:06:00-04:00,2025-08-26,1,1,from_below,1,True,False,1.0,-18.0
2025-08-25,ce,23472.5,2,2025-08-26 01:14:00-04:00,2025-08-26,1,1,from_above,1,True,True,10.5,-10.0
2025-08-25,ce,23472.5,3,2025-08-26 01:18:00-04:00,2025-08-26,1,1,from_below,1,True,False,6.5,-14.0
2025-08-25,ce,23472.5,4,2025-08-26 01:20:00-04:00,2025-08-26,1,1,from_below,1,True,True,16.5,-13.5
2025-08-25,ce,23472.5,5,2025-08-26 01:24:00-04:00,2025-08-26,1,1,from_below,1,True,True,16.25,-13.75
2025-08-25,ce,23472.5,6,2025-08-26 01:37:00-04:00,2025-08-26,1,1,from_above,1,True,True,13.5,-27.25
2025-08-26,h,23499.0,1,2025-08-27 09:45:00-04:00,2025-08-27,9,1,from_above,-1,False,True,114.5,-13.0
2025-08-26,h,23499.0,2,2025-08-27 09:49:00-04:00,2025-08-27,9,1,from_above,-1,False,True,116.25,-11.25
2025-08-26,h,23499.0,3,2025-08-27 16:21:00-04:00,2025-08-27,16,1,from_above,-1,False,True,140.25,-12.5
2025-08-26,h,23499.0,4,2025-08-27 18:04:00-04:00,2025-08-27,18,1,from_above,-1,False,True,21.75,-15.5
2025-08-26,h,23499.0,5,2025-08-27 18:09:00-04:00,2025-08-27,18,1,from_above,-1,False,True,32.0,-4.75
2025-08-26,h,23499.0,6,2025-08-27 18:21:00-04:00,2025-08-27,18,1,from_above,-1,False,True,25.25,-11.5
2025-08-26,l,23426.75,1,2025-08-29 10:15:00-04:00,2025-08-29,10,3,from_above,-1,False,True,81.75,-20.5
2025-08-26,l,23426.75,2,2025-08-29 10:50:00-04:00,2025-08-29,10,3,from_above,-1,False,True,69.25,-15.75
2025-08-26,l,23426.75,3,2025-08-29 10:57:00-04:00,2025-08-29,10,3,from_above,-1,False,True,75.0,-10.0
2025-08-26,l,23426.75,4,2025-08-29 11:58:00-04:00,2025-08-29,11,3,from_above,-1,False,True,64.25,-2.5
2025-08-26,l,23426.75,5,2025-08-29 13:05:00-04:00,2025-08-29,13,3,from_above,-1,False,True,47.25,-27.75
2025-08-26,l,23426.75,6,2025-08-29 13:11:00-04:00,2025-08-29,13,3,from_above,-1,False,True,52.25,-22.75
2025-08-26,ce,23462.875,1,2025-08-27 16:21:00-04:00,2025-08-27,16,1,from_above,-1,False,True,140.25,-12.5
2025-08-26,ce,23462.875,2,2025-08-29 10:06:00-04:00,2025-08-29,10,3,from_above,-1,False,True,58.25,-44.0
2025-08-26,ce,23462.875,3,2025-08-29 10:13:00-04:00,2025-08-29,10,3,from_below,-1,False,True,47.0,-55.25
2025-08-26,ce,23462.875,4,2025-08-29 10:17:00-04:00,2025-08-29,10,3,from_below,-1,False,True,50.25,-52.0
2025-08-26,ce,23462.875,5,2025-08-29 10:26:00-04:00,2025-08-29,10,3,from_above,-1,False,True,63.25,-39.0
2025-08-26,ce,23462.875,6,2025-08-29 10:47:00-04:00,2025-08-29,10,3,from_above,-1,False,True,40.0,-45.0
2025-08-27,h,23530.5,1,2025-08-29 09:50:00-04:00,2025-08-29,9,2,from_above,-1,False,True,32.5,-119.75
2025-08-27,h,23530.5,2,2025-08-29 09:55:00-04:00,2025-08-29,9,2,from_above,-1,False,True,28.25,-112.0
2025-08-27,h,23530.5,3,2025-08-29 09:58:00-04:00,2025-08-29,9,2,from_below,-1,False,True,113.0,-25.25
2025-08-27,h,23530.5,4,2025-08-31 18:51:00-04:00,2025-08-31,18,4,from_below,-1,False,False,3.75,-16.0
2025-08-27,h,23530.5,5,2025-08-31 19:11:00-04:00,2025-08-31,19,4,from_above,-1,False,True,13.0,-7.25
2025-08-27,h,23530.5,6,2025-08-31 19:19:00-04:00,2025-08-31,19,4,from_above,-1,False,True,21.5,-5.0
2025-08-27,l,23488.5,1,2025-08-29 10:04:00-04:00,2025-08-29,10,2,from_above,-1,False,True,34.25,-68.0
2025-08-27,l,23488.5,2,2025-08-29 10:20:00-04:00,2025-08-29,10,2,from_below,-1,False,True,68.75,-33.5
2025-08-27,l,23488.5,3,2025-08-29 10:29:00-04:00,2025-08-29,10,2,from_below,-1,False,True,85.0,-17.25
2025-08-27,l,23488.5,4,2025-08-29 10:34:00-04:00,2025-08-29,10,2,from_above,-1,False,True,24.25,-78.0
2025-08-27,l,23488.5,5,2025-08-29 10:41:00-04:00,2025-08-29,10,2,from_above,-1,False,True,20.25,-74.0
2025-08-27,l,23488.5,6,2025-08-29 11:22:00-04:00,2025-08-29,11,2,from_below,-1,False,True,60.75,-13.0
2025-08-27,ce,23509.5,1,2025-08-29 09:57:00-04:00,2025-08-29,9,2,from_above,-1,False,True,35.5,-96.0
2025-08-27,ce,23509.5,2,2025-08-29 09:59:00-04:00,2025-08-29,9,2,from_above,-1,False,True,32.5,-105.75
2025-08-27,ce,23509.5,3,2025-08-29 10:03:00-04:00,2025-08-29,10,2,from_above,-1,False,True,35.0,-84.5
2025-08-27,ce,23509.5,4,2025-08-29 10:37:00-04:00,2025-08-29,10,2,from_below,-1,False,True,93.5,-8.75
2025-08-27,ce,23509.5,5,2025-08-31 18:08:00-04:00,2025-08-31,18,4,from_below,-1,False,False,9.5,-38.0
2025-08-27,ce,23509.5,6,2025-08-31 18:17:00-04:00,2025-08-31,18,4,from_below,-1,False,False,8.5,-39.0
2025-08-28,h,23709.5,1,2025-08-29 03:00:00-04:00,2025-08-29,3,1,from_above,-1,False,True,22.0,-35.75
2025-08-28,h,23709.5,2,2025-08-29 03:36:00-04:00,2025-08-29,3,1,from_above,-1,False,False,7.75,-52.5
2025-08-28,h,23709.5,3,2025-08-29 03:44:00-04:00,2025-08-29,3,1,from_below,-1,False,True,52.5,-1.0
2025-08-28,h,23709.5,4,2025-09-04 16:15:00-04:00,2025-09-04,16,7,from_below,-1,False,True,48.25,-1.75
2025-08-28,h,23709.5,5,2025-09-04 18:00:00-04:00,2025-09-04,18,7,from_below,-1,False,False,8.0,-14.25
2025-08-28,h,23709.5,6,2025-09-04 18:10:00-04:00,2025-09-04,18,7,from_below,-1,False,True,13.25,-9.0
2025-08-28,l,23655.0,1,2025-08-29 04:14:00-04:00,2025-08-29,4,1,from_above,-1,False,True,22.0,-45.0
2025-08-28,l,23655.0,2,2025-08-29 04:51:00-04:00,2025-08-29,4,1,from_above,-1,False,True,21.25,-33.0
2025-08-28,l,23655.0,3,2025-08-29 05:16:00-04:00,2025-08-29,5,1,from_below,-1,False,True,21.25,-7.0
2025-08-28,l,23655.0,4,2025-08-29 05:21:00-04:00,2025-08-29,5,1,from_below,-1,False,True,19.5,-8.75
2025-08-28,l,23655.0,5,2025-08-29 05:57:00-04:00,2025-08-29,5,1,from_below,-1,False,True,29.25,-9.75
2025-08-28,l,23655.0,6,2025-08-29 06:10:00-04:00,2025-08-29,6,1,from_below,-1,False,True,33.25,-5.75
2025-08-28,ce,23682.25,1,2025-08-29 03:58:00-04:00,2025-08-29,3,1,from_above,-1,False,True,11.75,-57.5
2025-08-28,ce,23682.25,2,2025-08-29 04:04:00-04:00,2025-08-29,4,1,from_above,-1,False,True,13.0,-65.25
2025-08-28,ce,23682.25,3,2025-08-29 04:07:00-04:00,2025-08-29,4,1,from_below,-1,False,True,64.75,-3.5
2025-08-28,ce,23682.25,4,2025-08-29 08:30:00-04:00,2025-08-29,8,1,from_below,-1,False,True,43.75,-10.0
2025-08-28,ce,23682.25,5,2025-09-04 15:58:00-04:00,2025-09-04,15,7,from_below,-1,False,True,12.5,-38.0
2025-08-28,ce,23682.25,6,2025-09-04 16:11:00-04:00,2025-09-04,16,7,from_below,-1,False,True,31.0,-19.0
2025-08-29,h,23601.0,1,2025-09-04 13:53:00-04:00,2025-09-04,13,6,from_below,-1,False,True,22.75,-22.0
2025-08-29,h,23601.0,2,2025-09-04 14:15:00-04:00,2025-09-04,14,6,from_below,-1,False,False,7.25,-37.75
2025-08-29,h,23601.0,3,2025-09-05 10:41:00-04:00,2025-09-05,10,7,from_above,-1,False,True,61.5,-93.75
2025-08-29,h,23601.0,4,2025-09-05 10:51:00-04:00,2025-09-05,10,7,from_below,-1,False,True,96.25,-67.75
2025-08-29,h,23601.0,5,2025-09-05 10:56:00-04:00,2025-09-05,10,7,from_above,-1,False,True,70.5,-93.5
2025-08-29,h,23601.0,6,2025-09-05 11:20:00-04:00,2025-09-05,11,7,from_below,-1,False,True,25.25,-71.5
2025-08-29,l,23537.5,1,2025-08-31 18:56:00-04:00,2025-08-31,18,2,from_below,-1,False,False,4.5,-12.75
2025-08-29,l,23537.5,2,2025-08-31 18:58:00-04:00,2025-08-31,18,2,from_below,-1,False,False,7.5,-9.75
2025-08-29,l,23537.5,3,2025-08-31 19:04:00-04:00,2025-08-31,19,2,from_above,-1,False,False,3.25,-11.5
2025-08-29,l,23537.5,4,2025-08-31 19:06:00-04:00,2025-08-31,19,2,from_above,-1,False,False,5.25,-10.75
2025-08-29,l,23537.5,5,2025-08-31 19:23:00-04:00,2025-08-31,19,2,from_below,-1,False,False,5.5,-21.0
2025-08-29,l,23537.5,6,2025-08-31 19:29:00-04:00,2025-08-31,19,2,from_below,-1,False,False,5.25,-21.25
2025-08-29,ce,23569.25,1,2025-09-04 13:04:00-04:00,2025-09-04,13,6,from_below,-1,False,True,17.5,-36.75
2025-08-29,ce,23569.25,2,2025-09-04 13:20:00-04:00,2025-09-04,13,6,from_below,-1,False,False,2.5,-44.5
2025-08-29,ce,23569.25,3,2025-09-04 13:26:00-04:00,2025-09-04,13,6,from_above,-1,False,True,36.5,-8.5
2025-08-29,ce,23569.25,4,2025-09-04 13:30:00-04:00,2025-09-04,13,6,from_above,-1,False,True,39.75,-5.25
2025-08-29,ce,23569.25,5,2025-09-04 13:37:00-04:00,2025-09-04,13,6,from_above,-1,False,True,49.0,-2.0
2025-08-29,ce,23569.25,6,2025-09-04 13:45:00-04:00,2025-09-04,13,6,from_above,-1,False,True,49.25,-0.5
2025-09-01,h,23486.25,1,2025-09-03 10:37:00-04:00,2025-09-03,10,2,from_below,1,True,True,70.5,-49.25
2025-09-01,h,23486.25,2,2025-09-03 10:40:00-04:00,2025-09-03,10,2,from_below,1,True,True,84.0,-35.75
2025-09-01,h,23486.25,3,2025-09-03 10:42:00-04:00,2025-09-03,10,2,from_above,1,True,True,31.5,-88.25
2025-09-01,h,23486.25,4,2025-09-03 11:13:00-04:00,2025-09-03,11,2,from_above,1,True,True,17.0,-90.25
2025-09-01,h,23486.25,5,2025-09-03 11:15:00-04:00,2025-09-03,11,2,from_above,1,True,False,3.75,-92.25
2025-09-01,h,23486.25,6,2025-09-03 20:19:00-04:00,2025-09-03,20,2,from_below,1,True,True,21.0,-17.5
2025-09-01,l,23473.25,1,2025-09-03 10:26:00-04:00,2025-09-03,10,2,from_below,1,True,True,37.25,-58.5
2025-09-01,l,23473.25,2,2025-09-03 10:33:00-04:00,2025-09-03,10,2,from_below,1,True,True,65.75,-54.0
2025-09-01,l,23473.25,3,2025-09-03 10:38:00-04:00,2025-09-03,10,2,from_above,1,True,True,50.0,-69.75
2025-09-01,l,23473.25,4,2025-09-03 11:17:00-04:00,2025-09-03,11,2,from_above,1,True,True,11.5,-77.25
2025-09-01,l,23473.25,5,2025-09-03 11:21:00-04:00,2025-09-03,11,2,from_above,1,True,False,9.0,-70.75
2025-09-01,l,23473.25,6,2025-09-03 11:24:00-04:00,2025-09-03,11,2,from_below,1,True,True,70.5,-1.5
2025-09-01,ce,23479.75,1,2025-09-03 10:35:00-04:00,2025-09-03,10,2,from_below,1,True,True,71.25,-48.5
2025-09-01,ce,23479.75,2,2025-09-03 11:16:00-04:00,2025-09-03,11,2,from_above,1,True,True,13.0,-80.25
2025-09-01,ce,23479.75,3,2025-09-03 16:32:00-04:00,2025-09-03,16,2,from_below,1,True,True,19.25,-9.5
2025-09-01,ce,23479.75,4,2025-09-03 20:18:00-04:00,2025-09-03,20,2,from_below,1,True,False,7.0,-37.75
2025-09-01,ce,23479.75,5,2025-09-03 22:59:00-04:00,2025-09-03,22,2,from_above,1,True,False,4.0,-22.0
2025-09-01,ce,23479.75,6,2025-09-03 23:10:00-04:00,2025-09-03,23,2,from_below,1,True,True,19.25,-10.5
2025-09-03,h,23411.25,1,2025-09-04 10:16:00-04:00,2025-09-04,10,1,from_above,1,True,True,129.75,-1.5
2025-09-04,h,23513.0,1,2025-09-05 11:02:00-04:00,2025-09-05,11,1,from_above,-1,False,True,151.75,-12.25
2025-09-04,h,23513.0,2,2025-09-05 11:10:00-04:00,2025-09-05,11,1,from_above,-1,False,True,157.0,-7.0
2025-09-05,h,23887.5,1,2025-09-08 10:42:00-04:00,2025-09-08,10,3,from_below,1,True,True,41.5,-2.5
2025-09-05,h,23887.5,2,2025-09-08 10:45:00-04:00,2025-09-08,10,3,from_below,1,True,True,31.75,-12.25
2025-09-05,h,23887.5,3,2025-09-09 15:55:00-04:00,2025-09-09,15,4,from_below,1,True,True,37.75,-32.5
2025-09-05,h,23887.5,4,2025-09-09 16:17:00-04:00,2025-09-09,16,4,from_below,1,True,False,2.75,-36.75
2025-09-05,h,23887.5,5,2025-09-09 16:19:00-04:00,2025-09-09,16,4,from_below,1,True,False,4.5,-31.0
2025-09-05,h,23887.5,6,2025-09-09 16:24:00-04:00,2025-09-09,16,4,from_above,1,True,True,27.0,-6.0
2025-09-05,l,23835.5,1,2025-09-08 09:36:00-04:00,2025-09-08,9,3,from_below,1,True,True,37.75,-45.5
2025-09-05,l,23835.5,2,2025-09-08 09:41:00-04:00,2025-09-08,9,3,from_below,1,True,True,34.5,-39.25
2025-09-05,l,23835.5,3,2025-09-08 10:00:00-04:00,2025-09-08,10,3,from_above,1,True,True,41.5,-40.25
2025-09-05,l,23835.5,4,2025-09-08 10:15:00-04:00,2025-09-08,10,3,from_above,1,True,True,47.5,-34.25
2025-09-05,l,23835.5,5,2025-09-08 10:25:00-04:00,2025-09-08,10,3,from_below,1,True,False,0.75,-65.0
2025-09-05,l,23835.5,6,2025-09-08 11:46:00-04:00,2025-09-08,11,3,from_above,1,True,True,36.75,-49.25
2025-09-05,ce,23861.5,1,2025-09-08 09:51:00-04:00,2025-09-08,9,3,from_below,1,True,True,51.25,-30.5
2025-09-05,ce,23861.5,2,2025-09-08 09:53:00-04:00,2025-09-08,9,3,from_below,1,True,True,43.75,-38.0
2025-09-05,ce,23861.5,3,2025-09-08 09:58:00-04:00,2025-09-08,9,3,from_above,1,True,True,34.5,-47.25
2025-09-05,ce,23861.5,4,2025-09-08 10:05:00-04:00,2025-09-08,10,3,from_below,1,True,True,48.5,-33.25
2025-09-05,ce,23861.5,5,2025-09-08 10:28:00-04:00,2025-09-08,10,3,from_below,1,True,True,15.0,-29.0
2025-09-05,ce,23861.5,6,2025-09-08 10:33:00-04:00,2025-09-08,10,3,from_above,1,True,True,28.25,-15.75
2025-09-08,h,23852.0,1,2025-09-09 02:12:00-04:00,2025-09-09,2,1,from_below,1,False,True,10.0,-9.0
2025-09-08,h,23852.0,2,2025-09-09 02:21:00-04:00,2025-09-09,2,1,from_below,1,False,False,7.5,-17.75
2025-09-08,h,23852.0,3,2025-09-09 02:24:00-04:00,2025-09-09,2,1,from_below,1,False,False,9.0,-16.25
2025-09-08,h,23852.0,4,2025-09-09 02:33:00-04:00,2025-09-09,2,1,from_below,1,False,False,8.75,-21.75
2025-09-08,h,23852.0,5,2025-09-09 02:38:00-04:00,2025-09-09,2,1,from_below,1,False,False,8.0,-34.0
2025-09-08,h,23852.0,6,2025-09-09 02:48:00-04:00,2025-09-09,2,1,from_below,1,False,False,4.0,-34.75
2025-09-08,l,23814.0,1,2025-09-09 01:22:00-04:00,2025-09-09,1,1,from_above,1,False,True,37.25,-3.0
2025-09-08,l,23814.0,2,2025-09-09 01:26:00-04:00,2025-09-09,1,1,from_above,1,False,True,39.0,-1.25
2025-09-08,l,23814.0,3,2025-09-09 07:18:00-04:00,2025-09-09,7,1,from_above,1,False,True,44.5,-2.25
2025-09-08,l,23814.0,4,2025-09-09 09:04:00-04:00,2025-09-09,9,1,from_above,1,False,True,50.75,-26.0
2025-09-08,l,23814.0,5,2025-09-09 09:13:00-04:00,2025-09-09,9,1,from_above,1,False,True,39.5,-37.25
2025-09-08,l,23814.0,6,2025-09-09 09:22:00-04:00,2025-09-09,9,1,from_above,1,False,True,44.0,-32.75
2025-09-08,ce,23833.0,1,2025-09-09 00:03:00-04:00,2025-09-09,0,1,from_above,1,False,False,5.75,-4.75
2025-09-08,ce,23833.0,2,2025-09-09 00:23:00-04:00,2025-09-09,0,1,from_above,1,False,False,4.25,-21.25
2025-09-08,ce,23833.0,3,2025-09-09 00:29:00-04:00,2025-09-09,0,1,from_above,1,False,False,6.25,-19.75
2025-09-08,ce,23833.0,4,2025-09-09 00:34:00-04:00,2025-09-09,0,1,from_above,1,False,False,5.25,-20.75
2025-09-08,ce,23833.0,5,2025-09-09 00:54:00-04:00,2025-09-09,0,1,from_above,1,False,False,4.75,-21.25
2025-09-08,ce,23833.0,6,2025-09-09 01:00:00-04:00,2025-09-09,1,1,from_above,1,False,False,7.0,-20.5
2025-09-09,h,23848.5,1,2025-09-10 14:26:00-04:00,2025-09-10,14,1,from_above,-1,False,True,26.0,-69.0
2025-09-09,h,23848.5,2,2025-09-10 14:47:00-04:00,2025-09-10,14,1,from_above,-1,False,True,21.75,-61.0
2025-09-09,h,23848.5,3,2025-09-10 14:55:00-04:00,2025-09-10,14,1,from_below,-1,False,True,66.5,-31.0
2025-09-09,h,23848.5,4,2025-09-10 15:02:00-04:00,2025-09-10,15,1,from_above,-1,False,True,42.25,-65.5
2025-09-09,h,23848.5,5,2025-09-10 15:05:00-04:00,2025-09-10,15,1,from_below,-1,False,True,62.5,-45.25
2025-09-09,h,23848.5,6,2025-09-10 15:43:00-04:00,2025-09-10,15,1,from_below,-1,False,True,18.75,-37.0
2025-09-09,l,23824.25,1,2025-09-10 15:09:00-04:00,2025-09-10,15,1,from_above,-1,False,True,63.5,-44.25
2025-09-09,l,23824.25,2,2025-09-10 15:12:00-04:00,2025-09-10,15,1,from_above,-1,False,True,79.5,-28.25
2025-09-09,l,23824.25,3,2025-09-10 15:19:00-04:00,2025-09-10,15,1,from_below,-1,False,True,34.25,-73.5
2025-09-09,l,23824.25,4,2025-09-10 15:31:00-04:00,2025-09-10,15,1,from_below,-1,False,True,13.0,-71.5
2025-09-09,l,23824.25,5,2025-09-10 15:36:00-04:00,2025-09-10,15,1,from_above,-1,False,True,69.0,-15.5
2025-09-09,l,23824.25,6,2025-09-10 15:41:00-04:00,2025-09-10,15,1,from_below,-1,False,True,16.5,-57.5
2025-09-09,ce,23836.375,1,2025-09-10 14:52:00-04:00,2025-09-10,14,1,from_above,-1,False,True,40.75,-55.5
2025-09-09,ce,23836.375,2,2025-09-10 15:06:00-04:00,2025-09-10,15,1,from_above,-1,False,True,57.5,-50.25
2025-09-09,ce,23836.375,3,2025-09-10 15:32:00-04:00,2025-09-10,15,1,from_below,-1,False,True,26.25,-58.25
2025-09-09,ce,23836.375,4,2025-09-10 15:41:00-04:00,2025-09-10,15,1,from_below,-1,False,True,16.5,-57.5
2025-09-10,h,23945.5,1,2025-09-11 06:40:00-04:00,2025-09-11,6,1,from_below,1,True,False,6.0,-5.75
2025-09-10,h,23945.5,2,2025-09-11 06:48:00-04:00,2025-09-11,6,1,from_below,1,True,False,3.25,-11.25
2025-09-10,h,23945.5,3,2025-09-11 06:56:00-04:00,2025-09-11,6,1,from_above,1,True,False,7.5,-9.5
2025-09-10,h,23945.5,4,2025-09-11 06:59:00-04:00,2025-09-11,6,1,from_above,1,True,True,10.5,-6.5
2025-09-10,h,23945.5,5,2025-09-11 07:22:00-04:00,2025-09-11,7,1,from_below,1,True,False,4.5,-12.5
2025-09-10,h,23945.5,6,2025-09-11 07:27:00-04:00,2025-09-11,7,1,from_below,1,True,True,11.0,-15.25
2025-09-10,l,23912.0,1,2025-09-11 00:00:00-04:00,2025-09-11,0,1,unknown,1,True,False,,
2025-09-10,l,23912.0,2,2025-09-11 02:31:00-04:00,2025-09-11,2,1,from_below,1,True,False,4.0,-14.5
2025-09-10,l,23912.0,3,2025-09-11 02:34:00-04:00,2025-09-11,2,1,from_above,1,True,True,12.75,-5.75
2025-09-10,l,23912.0,4,2025-09-11 02:43:00-04:00,2025-09-11,2,1,from_above,1,True,True,14.75,-8.0
2025-09-10,l,23912.0,5,2025-09-11 02:52:00-04:00,2025-09-11,2,1,from_above,1,True,True,17.0,-8.0
2025-09-10,l,23912.0,6,2025-09-11 02:55:00-04:00,2025-09-11,2,1,from_above,1,True,True,20.5,-8.5
2025-09-10,ce,23928.75,1,2025-09-11 03:40:00-04:00,2025-09-11,3,1,from_below,1,True,False,8.25,-16.5
2025-09-10,ce,23928.75,2,2025-09-11 03:48:00-04:00,2025-09-11,3,1,from_below,1,True,True,11.5,-13.25
2025-09-10,ce,23928.75,3,2025-09-11 03:57:00-04:00,2025-09-11,3,1,from_above,1,True,True,11.25,-13.5
2025-09-10,ce,23928.75,4,2025-09-11 04:05:00-04:00,2025-09-11,4,1,from_above,1,True,True,11.75,-13.0
2025-09-10,ce,23928.75,5,2025-09-11 04:21:00-04:00,2025-09-11,4,1,from_above,1,True,False,4.25,-16.25
2025-09-10,ce,23928.75,6,2025-09-11 04:23:00-04:00,2025-09-11,4,1,from_above,1,True,False,5.25,-13.25
2025-09-12,h,24039.25,1,2025-09-17 14:45:00-04:00,2025-09-17,14,5,from_above,-1,False,True,266.75,-37.75
2025-09-12,h,24039.25,2,2025-09-17 14:52:00-04:00,2025-09-17,14,5,from_above,-1,False,True,273.75,-30.75
2025-09-12,h,24039.25,3,2025-09-17 14:55:00-04:00,2025-09-17,14,5,from_below,-1,False,True,33.25,-246.75
2025-09-12,l,24020.0,1,2025-09-17 14:53:00-04:00,2025-09-17,14,5,from_above,-1,False,True,296.75,-7.75
2025-09-12,ce,24029.625,1,2025-09-17 14:46:00-04:00,2025-09-17,14,5,from_above,-1,False,True,263.25,-41.25
2025-09-12,ce,24029.625,2,2025-09-17 14:52:00-04:00,2025-09-17,14,5,from_above,-1,False,True,273.75,-30.75
2025-09-15,h,24234.5,1,2025-09-17 04:36:00-04:00,2025-09-17,4,2,from_above,1,False,True,46.75,-24.25
2025-09-15,h,24234.5,2,2025-09-17 04:41:00-04:00,2025-09-17,4,2,from_above,1,False,True,55.0,-16.0
2025-09-15,h,24234.5,3,2025-09-17 09:40:00-04:00,2025-09-17,9,2,from_above,1,False,True,46.5,-42.5
2025-09-15,h,24234.5,4,2025-09-17 09:59:00-04:00,2025-09-17,9,2,from_above,1,False,True,11.75,-66.25
2025-09-15,h,24234.5,5,2025-09-17 10:03:00-04:00,2025-09-17,10,2,from_below,1,False,True,61.75,-7.5
2025-09-15,h,24234.5,6,2025-09-17 10:07:00-04:00,2025-09-17,10,2,from_below,1,False,True,63.5,-12.25
2025-09-15,l,24204.0,1,2025-09-17 10:27:00-04:00,2025-09-17,10,2,from_above,1,False,True,11.75,-43.5
2025-09-15,l,24204.0,2,2025-09-17 10:35:00-04:00,2025-09-17,10,2,from_above,1,False,True,10.75,-35.25
2025-09-15,l,24204.0,3,2025-09-17 10:39:00-04:00,2025-09-17,10,2,from_below,1,False,True,38.25,-6.25
2025-09-15,l,24204.0,4,2025-09-17 11:17:00-04:00,2025-09-17,11,2,from_below,1,False,True,48.0,-1.75
2025-09-15,l,24204.0,5,2025-09-17 13:39:00-04:00,2025-09-17,13,2,from_below,1,False,True,147.5,-81.25
2025-09-15,l,24204.0,6,2025-09-17 13:59:00-04:00,2025-09-17,13,2,from_below,1,False,True,208.0,-69.75
2025-09-15,ce,24219.25,1,2025-09-17 04:42:00-04:00,2025-09-17,4,2,from_above,1,False,True,67.0,-4.0
2025-09-15,ce,24219.25,2,2025-09-17 10:01:00-04:00,2025-09-17,10,2,from_above,1,False,True,21.5,-47.75
2025-09-15,ce,24219.25,3,2025-09-17 10:11:00-04:00,2025-09-17,10,2,from_above,1,False,True,18.75,-57.0
2025-09-15,ce,24219.25,4,2025-09-17 10:17:00-04:00,2025-09-17,10,2,from_above,1,False,True,12.5,-56.0
2025-09-15,ce,24219.25,5,2025-09-17 10:22:00-04:00,2025-09-17,10,2,from_above,1,False,True,12.75,-55.75
2025-09-15,ce,24219.25,6,2025-09-17 10:33:00-04:00,2025-09-17,10,2,from_below,1,False,True,51.75,-3.5
2025-09-16,h,24326.25,1,2025-09-17 18:51:00-04:00,2025-09-17,18,1,from_below,-1,False,False,7.0,-19.5
2025-09-16,h,24326.25,2,2025-09-17 19:09:00-04:00,2025-09-17,19,1,from_above,-1,False,True,15.0,-5.5
2025-09-16,h,24326.25,3,2025-09-17 19:13:00-04:00,2025-09-17,19,1,from_above,-1,False,True,19.0,-1.5
2025-09-16,h,24326.25,4,2025-09-17 19:37:00-04:00,2025-09-17,19,1,from_above,-1,False,True,15.25,-12.75
2025-09-16,h,24326.25,5,2025-09-17 19:40:00-04:00,2025-09-17,19,1,from_above,-1,False,True,17.25,-10.75
2025-09-16,h,24326.25,6,2025-09-17 20:01:00-04:00,2025-09-17,20,1,from_above,-1,False,False,9.25,-11.0
2025-09-16,l,24301.25,1,2025-09-17 03:20:00-04:00,2025-09-17,3,1,from_below,-1,False,True,18.25,-12.75
2025-09-16,l,24301.25,2,2025-09-17 03:38:00-04:00,2025-09-17,3,1,from_above,-1,False,False,8.25,-72.75
2025-09-16,l,24301.25,3,2025-09-17 03:42:00-04:00,2025-09-17,3,1,from_above,-1,False,True,10.5,-81.25
2025-09-16,l,24301.25,4,2025-09-17 04:02:00-04:00,2025-09-17,4,1,from_above,-1,False,False,5.5,-85.25
2025-09-16,l,24301.25,5,2025-09-17 04:08:00-04:00,2025-09-17,4,1,from_below,-1,False,True,80.75,-4.0
2025-09-16,l,24301.25,6,2025-09-17 09:30:00-04:00,2025-09-17,9,1,from_below,-1,False,True,97.75,-7.75
2025-09-16,ce,24313.75,1,2025-09-17 03:34:00-04:00,2025-09-17,3,1,from_below,-1,False,True,51.5,-0.5
2025-09-16,ce,24313.75,2,2025-09-17 03:51:00-04:00,2025-09-17,3,1,from_below,-1,False,True,94.25,-0.75
2025-09-16,ce,24313.75,3,2025-09-17 18:48:00-04:00,2025-09-17,18,1,from_below,-1,False,True,13.25,-27.25
2025-09-18,h,24414.25,1,2025-09-19 03:07:00-04:00,2025-09-19,3,1,from_above,1,False,True,35.5,-6.0
2025-09-22,h,24865.5,1,2025-09-23 13:28:00-04:00,2025-09-23,13,1,from_above,1,False,True,10.25,-90.0
2025-09-22,h,24865.5,2,2025-09-24 02:00:00-04:00,2025-09-24,2,2,from_below,1,False,False,2.75,-31.25
2025-09-22,h,24865.5,3,2025-09-24 02:05:00-04:00,2025-09-24,2,2,from_below,1,False,False,2.0,-29.5
2025-09-22,h,24865.5,4,2025-09-24 02:23:00-04:00,2025-09-24,2,2,from_above,1,False,True,25.25,-21.5
2025-09-22,h,24865.5,5,2025-09-24 02:28:00-04:00,2025-09-24,2,2,from_above,1,False,True,25.25,-22.0
2025-09-22,h,24865.5,6,2025-09-24 03:09:00-04:00,2025-09-24,3,2,from_above,1,False,True,44.0,-16.0
2025-09-22,l,24840.5,1,2025-09-23 13:36:00-04:00,2025-09-23,13,1,from_above,1,False,True,19.5,-53.25
2025-09-22,l,24840.5,2,2025-09-23 13:49:00-04:00,2025-09-23,13,1,from_below,1,False,True,50.5,-6.25
2025-09-22,l,24840.5,3,2025-09-23 13:58:00-04:00,2025-09-23,13,1,from_below,1,False,True,52.75,-8.0
2025-09-22,l,24840.5,4,2025-09-23 14:02:00-04:00,2025-09-23,14,1,from_below,1,False,True,51.25,-10.75
2025-09-22,l,24840.5,5,2025-09-23 15:53:00-04:00,2025-09-23,15,1,from_below,1,False,True,15.75,-23.75
2025-09-22,l,24840.5,6,2025-09-23 16:01:00-04:00,2025-09-23,16,1,from_below,1,False,True,11.5,-20.25
2025-09-22,ce,24853.0,1,2025-09-23 13:35:00-04:00,2025-09-23,13,1,from_above,1,False,True,19.5,-71.0
2025-09-22,ce,24853.0,2,2025-09-23 16:02:00-04:00,2025-09-23,16,1,from_below,1,False,True,29.75,-1.25
2025-09-22,ce,24853.0,3,2025-09-23 18:01:00-04:00,2025-09-23,18,1,from_below,1,False,False,5.25,-11.75
2025-09-22,ce,24853.0,4,2025-09-23 18:13:00-04:00,2025-09-23,18,1,from_above,1,False,False,6.75,-10.25
2025-09-22,ce,24853.0,5,2025-09-23 18:15:00-04:00,2025-09-23,18,1,from_above,1,False,False,2.5,-9.75
2025-09-22,ce,24853.0,6,2025-09-23 18:34:00-04:00,2025-09-23,18,1,from_below,1,False,False,5.5,-6.75
2025-09-23,h,24971.5,1,2025-09-29 10:09:00-04:00,2025-09-29,10,6,from_below,1,False,True,52.25,-5.5
2025-09-23,h,24971.5,2,2025-09-29 10:25:00-04:00,2025-09-29,10,6,from_below,1,False,True,101.5,-4.5
2025-09-23,h,24971.5,3,2025-10-01 13:04:00-04:00,2025-10-01,13,8,from_below,1,False,False,7.25,-38.75
2025-09-23,h,24971.5,4,2025-10-01 13:09:00-04:00,2025-10-01,13,8,from_above,1,False,True,38.75,-9.25
2025-09-23,h,24971.5,5,2025-10-01 13:20:00-04:00,2025-10-01,13,8,from_above,1,False,True,47.75,-9.75
2025-09-23,h,24971.5,6,2025-10-01 13:30:00-04:00,2025-10-01,13,8,from_above,1,False,True,47.0,-12.5
2025-09-23,l,24946.25,1,2025-09-29 09:47:00-04:00,2025-09-29,9,6,from_below,1,False,True,17.75,-40.0
2025-09-23,l,24946.25,2,2025-09-29 09:49:00-04:00,2025-09-29,9,6,from_below,1,False,True,30.0,-27.75
2025-09-23,l,24946.25,3,2025-09-29 09:53:00-04:00,2025-09-29,9,6,from_below,1,False,True,29.5,-28.25
2025-09-23,l,24946.25,4,2025-09-29 09:57:00-04:00,2025-09-29,9,6,from_below,1,False,True,19.75,-38.0
2025-09-23,l,24946.25,5,2025-09-29 10:02:00-04:00,2025-09-29,10,6,from_below,1,False,True,12.5,-45.25
2025-09-23,l,24946.25,6,2025-09-29 10:06:00-04:00,2025-09-29,10,6,from_below,1,False,True,24.0,-33.75
2025-09-23,ce,24958.875,1,2025-09-29 10:00:00-04:00,2025-09-29,10,6,from_below,1,False,True,22.25,-35.5
2025-09-23,ce,24958.875,2,2025-09-29 10:08:00-04:00,2025-09-29,10,6,from_below,1,False,True,34.5,-23.25
2025-09-23,ce,24958.875,3,2025-09-29 10:14:00-04:00,2025-09-29,10,6,from_below,1,False,True,65.5,-12.75
2025-09-23,ce,24958.875,4,2025-09-29 10:23:00-04:00,2025-09-29,10,6,from_below,1,False,True,100.0,-6.0
2025-09-23,ce,24958.875,5,2025-09-29 10:32:00-04:00,2025-09-29,10,6,from_below,1,False,True,96.5,-9.0
2025-09-23,ce,24958.875,6,2025-09-29 10:35:00-04:00,2025-09-29,10,6,from_below,1,False,True,98.5,-11.0
2025-09-24,h,24839.5,1,2025-09-29 01:39:00-04:00,2025-09-29,1,5,from_below,-1,False,True,22.0,-13.5
2025-09-24,h,24839.5,2,2025-09-29 02:22:00-04:00,2025-09-29,2,5,from_below,-1,False,True,14.75,-17.25
2025-09-24,h,24839.5,3,2025-09-29 02:28:00-04:00,2025-09-29,2,5,from_below,-1,False,True,11.75,-21.0
2025-09-24,h,24839.5,4,2025-09-29 02:30:00-04:00,2025-09-29,2,5,from_below,-1,False,True,16.75,-17.5
2025-09-24,h,24839.5,5,2025-09-29 02:36:00-04:00,2025-09-29,2,5,from_above,-1,False,True,21.75,-16.75
2025-09-24,h,24839.5,6,2025-09-29 03:00:00-04:00,2025-09-29,3,5,from_above,-1,False,True,22.0,-18.75
2025-09-24,l,24804.5,1,2025-09-28 20:44:00-04:00,2025-09-28,20,4,from_below,-1,False,True,27.5,-5.0
2025-09-24,l,24804.5,2,2025-09-28 21:48:00-04:00,2025-09-28,21,4,from_below,-1,False,True,16.75,-6.25
2025-09-24,l,24804.5,3,2025-09-28 22:22:00-04:00,2025-09-28,22,4,from_below,-1,False,False,1.0,-12.75
2025-09-24,l,24804.5,4,2025-09-28 22:51:00-04:00,2025-09-28,22,4,from_above,-1,False,False,9.25,-4.0
2025-09-24,l,24804.5,5,2025-09-28 23:05:00-04:00,2025-09-28,23,4,from_above,-1,False,True,16.5,-2.25
2025-09-24,l,24804.5,6,2025-09-28 23:20:00-04:00,2025-09-28,23,4,from_above,-1,False,True,20.25,-2.25
2025-09-24,ce,24822.0,1,2025-09-29 00:05:00-04:00,2025-09-29,0,5,from_below,-1,False,False,4.5,-12.0
2025-09-24,ce,24822.0,2,2025-09-29 01:07:00-04:00,2025-09-29,1,5,from_above,-1,False,True,11.25,-14.0
2025-09-24,ce,24822.0,3,2025-09-29 01:48:00-04:00,2025-09-29,1,5,from_above,-1,False,True,31.0,-11.0
2025-09-24,ce,24822.0,4,2025-09-29 02:00:00-04:00,2025-09-29,2,5,from_above,-1,False,True,31.5,-11.25
2025-09-24,ce,24822.0,5,2025-09-29 02:11:00-04:00,2025-09-29,2,5,from_below,-1,False,False,5.25,-31.75
2025-09-24,ce,24822.0,6,2025-09-29 03:10:00-04:00,2025-09-29,3,5,from_above,-1,False,True,40.75,-11.25
2025-09-25,h,24497.75,1,2025-10-10 15:35:00-04:00,2025-10-10,15,15,from_above,1,False,True,66.75,-106.0
2025-09-25,h,24497.75,2,2025-10-10 15:40:00-04:00,2025-10-10,15,15,from_below,1,False,True,107.25,-65.5
2025-09-25,h,24497.75,3,2025-10-10 15:50:00-04:00,2025-10-10,15,15,from_above,1,False,True,24.25,-257.0
2025-09-25,h,24497.75,4,2025-10-12 18:00:00-04:00,2025-10-12,18,17,from_below,1,False,True,254.75,-37.25
2025-09-25,h,24497.75,5,2025-10-14 09:37:00-04:00,2025-10-14,9,19,from_above,1,False,True,244.0,-64.25
2025-09-25,h,24497.75,6,2025-10-14 09:48:00-04:00,2025-10-14,9,19,from_below,1,False,True,35.25,-248.75
2025-09-25,l,24424.5,1,2025-10-10 15:55:00-04:00,2025-10-10,15,15,from_above,1,False,True,29.25,-261.0
2025-09-25,l,24424.5,2,2025-10-10 16:02:00-04:00,2025-10-10,16,15,from_below,1,False,True,275.5,-14.75
2025-09-25,l,24424.5,3,2025-10-10 16:08:00-04:00,2025-10-10,16,15,from_above,1,False,True,18.75,-271.5
2025-09-25,l,24424.5,4,2025-10-10 16:15:00-04:00,2025-10-10,16,15,from_above,1,False,False,9.75,-277.5
2025-09-25,l,24424.5,5,2025-10-10 16:17:00-04:00,2025-10-10,16,15,from_above,1,False,True,25.5,-261.75
2025-09-25,l,24424.5,6,2025-10-10 16:22:00-04:00,2025-10-10,16,15,from_above,1,False,True,13.5,-273.75
2025-09-25,ce,24461.125,1,2025-10-10 15:38:00-04:00,2025-10-10,15,15,from_above,1,False,True,107.0,-65.75
2025-09-25,ce,24461.125,2,2025-10-10 15:54:00-04:00,2025-10-10,15,15,from_above,1,False,True,42.25,-243.0
2025-09-25,ce,24461.125,3,2025-10-14 09:42:00-04:00,2025-10-14,9,19,from_above,1,False,True,270.25,-43.5
2025-09-25,ce,24461.125,4,2025-10-14 09:45:00-04:00,2025-10-14,9,19,from_below,1,False,True,51.25,-262.5
2025-09-25,ce,24461.125,5,2025-10-14 09:47:00-04:00,2025-10-14,9,19,from_above,1,False,True,255.25,-31.25
2025-09-25,ce,24461.125,6,2025-10-14 09:51:00-04:00,2025-10-14,9,19,from_above,1,False,True,270.0,-14.0
2025-09-26,h,24711.75,1,2025-10-01 02:45:00-04:00,2025-10-01,2,5,from_above,1,False,True,21.25,-75.5
2025-09-26,h,24711.75,2,2025-10-01 04:34:00-04:00,2025-10-01,4,5,from_below,1,False,False,8.0,-56.0
2025-09-26,h,24711.75,3,2025-10-01 05:02:00-04:00,2025-10-01,5,5,from_above,1,False,True,51.75,-1.5
2025-09-26,h,24711.75,4,2025-10-10 11:32:00-04:00,2025-10-10,11,14,from_above,1,False,True,211.5,-30.0
2025-09-26,h,24711.75,5,2025-10-10 11:40:00-04:00,2025-10-10,11,14,from_above,1,False,True,207.5,-17.0
2025-09-26,h,24711.75,6,2025-10-10 12:48:00-04:00,2025-10-10,12,14,from_above,1,False,True,50.75,-96.75
2025-09-26,l,24643.5,1,2025-10-01 02:57:00-04:00,2025-10-01,2,5,from_above,1,False,True,42.75,-12.75
2025-09-26,l,24643.5,2,2025-10-10 13:00:00-04:00,2025-10-10,13,14,from_above,1,False,True,87.75,-59.75
2025-09-26,l,24643.5,3,2025-10-10 13:11:00-04:00,2025-10-10,13,14,from_below,1,False,True,53.75,-92.0
2025-09-26,l,24643.5,4,2025-10-10 13:15:00-04:00,2025-10-10,13,14,from_below,1,False,True,24.0,-111.0
2025-09-26,l,24643.5,5,2025-10-10 13:18:00-04:00,2025-10-10,13,14,from_above,1,False,True,105.5,-24.0
2025-09-26,l,24643.5,6,2025-10-10 14:02:00-04:00,2025-10-10,14,14,from_above,1,False,True,61.75,-85.5
2025-09-26,ce,24677.625,1,2025-10-01 02:47:00-04:00,2025-10-01,2,5,from_above,1,False,True,25.0,-36.0
2025-09-26,ce,24677.625,2,2025-10-01 03:04:00-04:00,2025-10-01,3,5,from_below,1,False,True,28.25,-11.75
2025-09-26,ce,24677.625,3,2025-10-01 03:18:00-04:00,2025-10-01,3,5,from_below,1,False,True,20.75,-15.5
2025-09-26,ce,24677.625,4,2025-10-01 03:30:00-04:00,2025-10-01,3,5,from_below,1,False,True,28.0,-8.75
2025-09-26,ce,24677.625,5,2025-10-01 03:33:00-04:00,2025-10-01,3,5,from_above,1,False,True,36.5,-20.0
2025-09-26,ce,24677.625,6,2025-10-01 03:55:00-04:00,2025-10-01,3,5,from_below,1,False,True,19.0,-60.25
2025-09-29,h,24947.75,1,2025-10-01 12:07:00-04:00,2025-10-01,12,2,from_below,1,False,True,14.0,-37.0
2025-09-29,h,24947.75,2,2025-10-01 12:10:00-04:00,2025-10-01,12,2,from_below,1,False,True,16.0,-36.0
2025-09-29,h,24947.75,3,2025-10-01 12:16:00-04:00,2025-10-01,12,2,from_below,1,False,True,16.5,-35.5
2025-09-29,h,24947.75,4,2025-10-01 12:26:00-04:00,2025-10-01,12,2,from_below,1,False,True,14.75,-40.0
2025-09-29,h,24947.75,5,2025-10-01 12:30:00-04:00,2025-10-01,12,2,from_below,1,False,True,17.25,-42.5
2025-09-29,h,24947.75,6,2025-10-01 12:48:00-04:00,2025-10-01,12,2,from_below,1,False,False,1.75,-53.0
2025-09-29,l,24913.0,1,2025-09-30 15:54:00-04:00,2025-09-30,15,1,from_below,1,False,True,71.5,-7.75
2025-09-29,l,24913.0,2,2025-09-30 15:56:00-04:00,2025-09-30,15,1,from_below,1,False,True,67.0,-11.75
2025-09-29,l,24913.0,3,2025-10-01 10:36:00-04:00,2025-10-01,10,2,from_below,1,False,True,29.0,-15.75
2025-09-29,l,24913.0,4,2025-10-01 11:01:00-04:00,2025-10-01,11,2,from_below,1,False,True,42.25,-22.0
2025-09-29,l,24913.0,5,2025-10-01 11:03:00-04:00,2025-10-01,11,2,from_above,1,False,True,34.5,-32.5
2025-09-29,l,24913.0,6,2025-10-01 11:06:00-04:00,2025-10-01,11,2,from_below,1,False,True,33.0,-34.0
2025-09-29,ce,24930.375,1,2025-10-01 11:38:00-04:00,2025-10-01,11,2,from_below,1,False,False,6.0,-27.25
2025-09-29,ce,24930.375,2,2025-10-01 11:40:00-04:00,2025-10-01,11,2,from_below,1,False,False,4.0,-29.25
2025-09-29,ce,24930.375,3,2025-10-01 11:43:00-04:00,2025-10-01,11,2,from_below,1,False,False,9.0,-24.25
2025-09-29,ce,24930.375,4,2025-10-01 11:57:00-04:00,2025-10-01,11,2,from_above,1,False,True,18.5,-6.0
2025-09-29,ce,24930.375,5,2025-10-01 12:03:00-04:00,2025-10-01,12,2,from_above,1,False,True,36.5,-3.5
2025-09-29,ce,24930.375,6,2025-10-01 12:20:00-04:00,2025-10-01,12,2,from_above,1,False,True,52.75,-2.75
2025-09-30,h,24806.5,1,2025-10-01 08:00:00-04:00,2025-10-01,8,1,from_below,-1,False,True,58.0,-1.5
2025-09-30,h,24806.5,2,2025-10-01 09:31:00-04:00,2025-10-01,9,1,from_below,-1,False,True,78.5,-89.0
2025-09-30,h,24806.5,3,2025-10-01 09:35:00-04:00,2025-10-01,9,1,from_above,-1,False,True,77.25,-103.0
2025-09-30,h,24806.5,4,2025-10-01 09:42:00-04:00,2025-10-01,9,1,from_above,-1,False,True,95.0,-91.0
2025-09-30,h,24806.5,5,2025-10-01 09:45:00-04:00,2025-10-01,9,1,from_above,-1,False,True,102.25,-83.75
2025-09-30,h,24806.5,6,2025-10-01 09:56:00-04:00,2025-10-01,9,1,from_below,-1,False,True,52.75,-104.25
2025-09-30,l,24765.0,1,2025-10-01 01:15:00-04:00,2025-10-01,1,1,from_above,-1,False,False,6.0,-12.75
2025-09-30,l,24765.0,2,2025-10-01 01:29:00-04:00,2025-10-01,1,1,from_below,-1,False,True,15.25,-10.0
2025-09-30,l,24765.0,3,2025-10-01 01:33:00-04:00,2025-10-01,1,1,from_below,-1,False,True,16.0,-13.0
2025-09-30,l,24765.0,4,2025-10-01 01:35:00-04:00,2025-10-01,1,1,from_below,-1,False,True,18.5,-11.25
2025-09-30,l,24765.0,5,2025-10-01 01:39:00-04:00,2025-10-01,1,1,from_below,-1,False,True,18.5,-11.25
2025-09-30,l,24765.0,6,2025-10-01 01:48:00-04:00,2025-10-01,1,1,from_above,-1,False,False,6.5,-104.25
2025-09-30,ce,24785.75,1,2025-10-01 07:33:00-04:00,2025-10-01,7,1,from_below,-1,False,True,37.0,-22.5
2025-09-30,ce,24785.75,2,2025-10-01 07:41:00-04:00,2025-10-01,7,1,from_below,-1,False,True,38.5,-21.0
2025-09-30,ce,24785.75,3,2025-10-01 07:51:00-04:00,2025-10-01,7,1,from_above,-1,False,True,21.0,-38.5
2025-09-30,ce,24785.75,4,2025-10-01 08:05:00-04:00,2025-10-01,8,1,from_above,-1,False,True,13.0,-39.5
2025-09-30,ce,24785.75,5,2025-10-01 08:10:00-04:00,2025-10-01,8,1,from_below,-1,False,True,39.5,-13.0
2025-09-30,ce,24785.75,6,2025-10-01 08:21:00-04:00,2025-10-01,8,1,from_below,-1,False,True,26.75,-7.25
2025-10-01,h,24835.5,1,2025-10-10 11:24:00-04:00,2025-10-10,11,9,from_above,-1,False,True,85.25,-156.25
2025-10-01,h,24835.5,2,2025-10-10 11:44:00-04:00,2025-10-10,11,9,from_below,-1,False,True,138.25,-47.75
2025-10-01,h,24835.5,3,2025-10-10 11:47:00-04:00,2025-10-10,11,9,from_above,-1,False,True,82.25,-111.25
2025-10-01,h,24835.5,4,2025-10-10 11:55:00-04:00,2025-10-10,11,9,from_above,-1,False,True,38.75,-168.75
2025-10-01,h,24835.5,5,2025-10-10 11:58:00-04:00,2025-10-10,11,9,from_below,-1,False,True,180.0,-15.5
2025-10-01,h,24835.5,6,2025-10-10 12:23:00-04:00,2025-10-10,12,9,from_below,-1,False,True,231.0,-13.0
2025-10-01,l,24734.75,1,2025-10-10 11:31:00-04:00,2025-10-10,11,9,from_above,-1,False,True,127.5,-114.0
2025-10-01,l,24734.75,2,2025-10-10 11:35:00-04:00,2025-10-10,11,9,from_below,-1,False,True,72.25,-152.25
2025-10-01,l,24734.75,3,2025-10-10 11:38:00-04:00,2025-10-10,11,9,from_above,-1,False,True,175.5,-49.0
2025-10-01,l,24734.75,4,2025-10-10 12:43:00-04:00,2025-10-10,12,9,from_above,-1,False,True,33.5,-122.5
2025-10-01,l,24734.75,5,2025-10-10 13:34:00-04:00,2025-10-10,13,9,from_below,-1,False,True,91.0,-17.25
2025-10-01,l,24734.75,6,2025-10-12 18:00:00-04:00,2025-10-12,18,11,from_below,-1,False,True,254.75,-37.25
2025-10-01,ce,24785.125,1,2025-10-10 11:30:00-04:00,2025-10-10,11,9,from_above,-1,False,True,152.25,-89.25
2025-10-01,ce,24785.125,2,2025-10-10 11:37:00-04:00,2025-10-10,11,9,from_below,-1,False,True,101.75,-122.75
2025-10-01,ce,24785.125,3,2025-10-10 11:42:00-04:00,2025-10-10,11,9,from_below,-1,False,True,48.5,-128.25
2025-10-01,ce,24785.125,4,2025-10-10 11:56:00-04:00,2025-10-10,11,9,from_above,-1,False,True,44.75,-142.75
2025-10-01,ce,24785.125,5,2025-10-10 12:00:00-04:00,2025-10-10,12,9,from_above,-1,False,True,58.5,-150.75
2025-10-01,ce,24785.125,6,2025-10-10 12:10:00-04:00,2025-10-10,12,9,from_above,-1,False,True,84.5,-159.5
2025-10-02,h,25071.25,1,2025-10-03 10:01:00-04:00,2025-10-03,10,1,from_above,-1,True,True,47.25,-30.25
2025-10-02,h,25071.25,2,2025-10-03 10:06:00-04:00,2025-10-03,10,1,from_above,-1,True,True,48.0,-29.5
2025-10-02,h,25071.25,3,2025-10-03 10:08:00-04:00,2025-10-03,10,1,from_above,-1,True,True,67.0,-10.5
2025-10-02,h,25071.25,4,2025-10-03 10:14:00-04:00,2025-10-03,10,1,from_above,-1,True,True,52.5,-17.25
2025-10-02,h,25071.25,5,2025-10-03 10:19:00-04:00,2025-10-03,10,1,from_above,-1,True,True,57.75,-16.0
2025-10-02,h,25071.25,6,2025-10-03 13:02:00-04:00,2025-10-03,13,1,from_above,-1,True,True,21.75,-149.5
2025-10-02,l,25025.25,1,2025-10-03 13:05:00-04:00,2025-10-03,13,1,from_above,-1,True,True,62.25,-109.0
2025-10-02,l,25025.25,2,2025-10-03 13:25:00-04:00,2025-10-03,13,1,from_above,-1,True,True,22.75,-113.75
2025-10-02,l,25025.25,3,2025-10-03 13:28:00-04:00,2025-10-03,13,1,from_above,-1,True,True,22.75,-113.75
2025-10-02,l,25025.25,4,2025-10-03 13:40:00-04:00,2025-10-03,13,1,from_above,-1,True,True,14.75,-107.0
2025-10-02,l,25025.25,5,2025-10-03 14:24:00-04:00,2025-10-03,14,1,from_below,-1,True,True,41.75,-24.25
2025-10-02,l,25025.25,6,2025-10-03 14:31:00-04:00,2025-10-03,14,1,from_above,-1,True,False,8.25,-48.75
2025-10-02,ce,25048.25,1,2025-10-03 13:03:00-04:00,2025-10-03,13,1,from_above,-1,True,True,41.25,-130.0
2025-10-02,ce,25048.25,2,2025-10-03 13:07:00-04:00,2025-10-03,13,1,from_below,-1,True,True,133.0,-38.25
2025-10-02,ce,25048.25,3,2025-10-03 13:19:00-04:00,2025-10-03,13,1,from_above,-1,True,True,12.75,-123.75
2025-10-02,ce,25048.25,4,2025-10-03 13:22:00-04:00,2025-10-03,13,1,from_below,-1,True,True,123.25,-13.25
2025-10-02,ce,25048.25,5,2025-10-03 13:32:00-04:00,2025-10-03,13,1,from_below,-1,True,True,127.75,-8.75
2025-10-02,ce,25048.25,6,2025-10-05 18:20:00-04:00,2025-10-05,18,3,from_below,-1,True,False,6.5,-21.25
2025-10-03,h,25160.0,1,2025-10-06 06:50:00-04:00,2025-10-06,6,3,from_below,1,False,True,26.75,-29.5
2025-10-03,h,25160.0,2,2025-10-06 07:00:00-04:00,2025-10-06,7,3,from_above,1,False,True,30.5,-29.0
2025-10-03,h,25160.0,3,2025-10-06 07:13:00-04:00,2025-10-06,7,3,from_below,1,False,True,29.5,-83.5
2025-10-03,h,25160.0,4,2025-10-06 07:30:00-04:00,2025-10-06,7,3,from_below,1,False,True,10.75,-83.5
2025-10-03,h,25160.0,5,2025-10-06 07:38:00-04:00,2025-10-06,7,3,from_below,1,False,True,10.25,-83.0
2025-10-03,h,25160.0,6,2025-10-06 07:44:00-04:00,2025-10-06,7,3,from_above,1,False,True,78.25,-1.5
2025-10-03,l,25130.0,1,2025-10-06 05:31:00-04:00,2025-10-06,5,3,from_below,1,False,False,7.25,-14.75
2025-10-03,l,25130.0,2,2025-10-06 05:36:00-04:00,2025-10-06,5,3,from_below,1,False,False,6.5,-13.75
2025-10-03,l,25130.0,3,2025-10-06 05:45:00-04:00,2025-10-06,5,3,from_above,1,False,True,15.75,-5.25
2025-10-03,l,25130.0,4,2025-10-06 05:51:00-04:00,2025-10-06,5,3,from_below,1,False,False,7.25,-38.0
2025-10-03,l,25130.0,5,2025-10-06 05:58:00-04:00,2025-10-06,5,3,from_above,1,False,True,51.5,-8.75
2025-10-03,l,25130.0,6,2025-10-06 06:00:00-04:00,2025-10-06,6,3,from_above,1,False,True,52.0,-8.25
2025-10-03,ce,25145.0,1,2025-10-06 06:41:00-04:00,2025-10-06,6,3,from_below,1,False,True,14.25,-42.0
2025-10-03,ce,25145.0,2,2025-10-06 06:51:00-04:00,2025-10-06,6,3,from_above,1,False,True,27.0,-29.25
2025-10-03,ce,25145.0,3,2025-10-06 07:09:00-04:00,2025-10-06,7,3,from_above,1,False,True,69.75,-20.75
2025-10-03,ce,25145.0,4,2025-10-06 07:17:00-04:00,2025-10-06,7,3,from_above,1,False,True,95.75,-17.25
2025-10-03,ce,25145.0,5,2025-10-06 07:27:00-04:00,2025-10-06,7,3,from_below,1,False,True,10.0,-92.25
2025-10-03,ce,25145.0,6,2025-10-06 09:43:00-04:00,2025-10-06,9,3,from_above,1,False,True,57.75,-16.5
2025-10-06,h,25174.25,1,2025-10-07 00:10:00-04:00,2025-10-07,0,1,from_below,1,False,False,5.75,-8.75
2025-10-06,h,25174.25,2,2025-10-07 00:20:00-04:00,2025-10-07,0,1,from_above,1,False,False,7.5,-7.0
2025-10-06,h,25174.25,3,2025-10-07 00:26:00-04:00,2025-10-07,0,1,from_above,1,False,False,5.75,-8.75
2025-10-06,h,25174.25,4,2025-10-07 00:34:00-04:00,2025-10-07,0,1,from_above,1,False,False,6.25,-8.75
2025-10-06,h,25174.25,5,2025-10-07 00:40:00-04:00,2025-10-07,0,1,from_above,1,False,True,10.75,-7.0
2025-10-06,h,25174.25,6,2025-10-07 00:53:00-04:00,2025-10-07,0,1,from_above,1,False,False,9.0,-8.75
2025-10-06,l,25135.25,1,2025-10-07 03:20:00-04:00,2025-10-07,3,1,from_above,1,False,True,27.5,-1.25
2025-10-06,l,25135.25,2,2025-10-07 04:26:00-04:00,2025-10-07,4,1,from_above,1,False,True,46.0,-15.25
2025-10-06,l,25135.25,3,2025-10-07 04:32:00-04:00,2025-10-07,4,1,from_above,1,False,True,56.75,-4.5
2025-10-06,l,25135.25,4,2025-10-07 11:05:00-04:00,2025-10-07,11,1,from_above,1,False,True,31.25,-130.5
2025-10-06,l,25135.25,5,2025-10-08 09:33:00-04:00,2025-10-08,9,2,from_below,1,False,True,19.25,-100.25
2025-10-06,l,25135.25,6,2025-10-08 09:39:00-04:00,2025-10-08,9,2,from_below,1,False,True,33.5,-82.5
2025-10-06,ce,25154.75,1,2025-10-07 02:23:00-04:00,2025-10-07,2,1,from_above,1,False,True,10.0,-19.75
2025-10-06,ce,25154.75,2,2025-10-07 02:26:00-04:00,2025-10-07,2,1,from_below,1,False,True,17.0,-12.75
2025-10-06,ce,25154.75,3,2025-10-07 02:32:00-04:00,2025-10-07,2,1,from_below,1,False,True,16.5,-13.25
2025-10-06,ce,25154.75,4,2025-10-07 02:50:00-04:00,2025-10-07,2,1,from_above,1,False,False,8.5,-21.25
2025-10-06,ce,25154.75,5,2025-10-07 03:01:00-04:00,2025-10-07,3,1,from_above,1,False,False,9.0,-19.75
2025-10-06,ce,25154.75,6,2025-10-07 03:07:00-04:00,2025-10-07,3,1,from_below,1,False,True,16.75,-12.0
2025-10-07,h,25253.0,1,2025-10-08 11:50:00-04:00,2025-10-08,11,1,from_below,1,True,True,21.75,-21.25
2025-10-07,h,25253.0,2,2025-10-08 11:58:00-04:00,2025-10-08,11,1,from_above,1,True,True,23.0,-20.0
2025-10-07,h,25253.0,3,2025-10-08 12:08:00-04:00,2025-10-08,12,1,from_above,1,True,True,20.5,-22.5
2025-10-07,h,25253.0,4,2025-10-08 12:25:00-04:00,2025-10-08,12,1,from_above,1,True,False,9.75,-22.0
2025-10-07,h,25253.0,5,2025-10-08 12:34:00-04:00,2025-10-08,12,1,from_below,1,True,True,17.25,-21.25
2025-10-07,h,25253.0,6,2025-10-08 12:59:00-04:00,2025-10-08,12,1,from_below,1,True,True,11.5,-33.0
2025-10-07,l,25229.25,1,2025-10-08 10:10:00-04:00,2025-10-08,10,1,from_below,1,True,True,53.75,-4.5
2025-10-07,l,25229.25,2,2025-10-08 11:25:00-04:00,2025-10-08,11,1,from_below,1,True,True,21.5,-33.25
2025-10-07,l,25229.25,3,2025-10-08 11:30:00-04:00,2025-10-08,11,1,from_above,1,True,True,43.0,-4.0
2025-10-07,l,25229.25,4,2025-10-08 11:34:00-04:00,2025-10-08,11,1,from_above,1,True,True,43.25,-3.75
2025-10-07,l,25229.25,5,2025-10-09 10:31:00-04:00,2025-10-09,10,2,from_above,1,True,True,45.0,-35.75
2025-10-07,l,25229.25,6,2025-10-09 10:34:00-04:00,2025-10-09,10,2,from_above,1,True,True,46.0,-34.75
2025-10-07,ce,25241.125,1,2025-10-08 11:25:00-04:00,2025-10-08,11,1,from_below,1,True,True,21.5,-33.25
2025-10-07,ce,25241.125,2,2025-10-08 11:32:00-04:00,2025-10-08,11,1,from_below,1,True,False,4.5,-42.5
2025-10-07,ce,25241.125,3,2025-10-08 11:37:00-04:00,2025-10-08,11,1,from_below,1,True,False,9.25,-34.5
2025-10-07,ce,25241.125,4,2025-10-08 12:40:00-04:00,2025-10-08,12,1,from_above,1,True,True,29.25,-10.5
2025-10-07,ce,25241.125,5,2025-10-08 12:47:00-04:00,2025-10-08,12,1,from_above,1,True,True,29.25,-10.5
2025-10-07,ce,25241.125,6,2025-10-08 12:55:00-04:00,2025-10-08,12,1,from_below,1,True,False,3.5,-44.75
2025-10-08,h,25166.0,1,2025-10-09 13:30:00-04:00,2025-10-09,13,1,from_above,1,False,True,63.25,-10.5
2025-10-08,h,25166.0,2,2025-10-09 13:35:00-04:00,2025-10-09,13,1,from_above,1,False,True,72.25,-1.5
2025-10-08,h,25166.0,3,2025-10-10 10:59:00-04:00,2025-10-10,10,2,from_above,1,False,True,25.0,-526.75
2025-10-08,h,25166.0,4,2025-10-16 10:42:00-04:00,2025-10-16,10,8,from_below,1,False,True,190.0,-7.75
2025-10-08,h,25166.0,5,2025-10-16 10:45:00-04:00,2025-10-16,10,8,from_above,1,False,True,11.25,-199.5
2025-10-08,h,25166.0,6,2025-10-20 09:30:00-04:00,2025-10-20,9,12,from_below,1,False,True,58.5,-111.75
2025-10-08,l,25127.5,1,2025-10-10 10:59:00-04:00,2025-10-10,10,2,from_above,1,False,True,25.0,-526.75
2025-10-08,l,25127.5,2,2025-10-16 09:46:00-04:00,2025-10-16,9,8,from_below,1,False,True,97.5,-68.75
2025-10-08,l,25127.5,3,2025-10-16 10:36:00-04:00,2025-10-16,10,8,from_below,1,False,True,126.75,-54.0
2025-10-08,l,25127.5,4,2025-10-16 10:48:00-04:00,2025-10-16,10,8,from_above,1,False,False,6.5,-176.0
2025-10-08,l,25127.5,5,2025-10-16 10:50:00-04:00,2025-10-16,10,8,from_above,1,False,True,30.0,-159.75
2025-10-08,l,25127.5,6,2025-10-16 10:56:00-04:00,2025-10-16,10,8,from_above,1,False,True,20.75,-175.0
2025-10-08,ce,25146.75,1,2025-10-10 10:59:00-04:00,2025-10-10,10,2,from_above,1,False,True,25.0,-526.75
2025-10-08,ce,25146.75,2,2025-10-16 10:37:00-04:00,2025-10-16,10,8,from_below,1,False,True,139.25,-41.5
2025-10-08,ce,25146.75,3,2025-10-16 10:41:00-04:00,2025-10-16,10,8,from_below,1,False,True,168.25,-25.75
2025-10-08,ce,25146.75,4,2025-10-16 10:46:00-04:00,2025-10-16,10,8,from_above,1,False,True,23.5,-183.0
2025-10-08,ce,25146.75,5,2025-10-16 10:55:00-04:00,2025-10-16,10,8,from_below,1,False,True,186.0,-3.75
2025-10-08,ce,25146.75,6,2025-10-20 03:36:00-04:00,2025-10-20,3,12,from_below,1,False,True,54.5,-8.0
2025-10-09,h,25304.5,1,2025-10-10 00:54:00-04:00,2025-10-10,0,1,from_above,1,False,True,38.5,-11.25
2025-10-09,h,25304.5,2,2025-10-10 01:05:00-04:00,2025-10-10,1,1,from_below,1,False,False,3.75,-45.5
2025-10-09,h,25304.5,3,2025-10-10 02:37:00-04:00,2025-10-10,2,1,from_above,1,False,True,27.25,-9.75
2025-10-09,h,25304.5,4,2025-10-10 02:49:00-04:00,2025-10-10,2,1,from_above,1,False,True,19.75,-12.25
2025-10-09,h,25304.5,5,2025-10-10 02:55:00-04:00,2025-10-10,2,1,from_above,1,False,True,19.75,-8.5
2025-10-09,h,25304.5,6,2025-10-10 03:08:00-04:00,2025-10-10,3,1,from_above,1,False,True,28.0,-7.5
2025-10-09,l,25253.75,1,2025-10-10 05:57:00-04:00,2025-10-10,5,1,from_above,1,False,True,44.75,-1.25
2025-10-09,l,25253.75,2,2025-10-10 10:58:00-04:00,2025-10-10,10,1,from_above,1,False,True,54.75,-552.75
2025-10-09,l,25253.75,3,2025-10-20 10:08:00-04:00,2025-10-20,10,11,from_below,1,False,True,30.5,-76.0
2025-10-09,l,25253.75,4,2025-10-20 10:10:00-04:00,2025-10-20,10,11,from_below,1,False,True,35.0,-71.5
2025-10-09,l,25253.75,5,2025-10-20 10:25:00-04:00,2025-10-20,10,11,from_below,1,False,True,13.5,-74.0
2025-10-09,l,25253.75,6,2025-10-21 04:20:00-04:00,2025-10-21,4,12,from_above,1,False,True,27.75,-7.25
2025-10-09,ce,25279.125,1,2025-10-10 05:48:00-04:00,2025-10-10,5,1,from_above,1,False,True,17.75,-27.0
2025-10-09,ce,25279.125,2,2025-10-10 06:08:00-04:00,2025-10-10,6,1,from_below,1,False,False,3.5,-38.75
2025-10-09,ce,25279.125,3,2025-10-10 06:10:00-04:00,2025-10-10,6,1,from_below,1,False,False,3.5,-36.5
2025-10-09,ce,25279.125,4,2025-10-10 06:14:00-04:00,2025-10-10,6,1,from_above,1,False,True,32.0,-8.0
2025-10-09,ce,25279.125,5,2025-10-10 06:29:00-04:00,2025-10-10,6,1,from_above,1,False,True,28.75,-11.25
2025-10-09,ce,25279.125,6,2025-10-10 06:32:00-04:00,2025-10-10,6,1,from_above,1,False,True,36.75,-7.0
2025-10-10,h,25388.0,1,2025-10-24 05:36:00-04:00,2025-10-24,5,14,from_below,-1,True,True,18.75,-7.25
2025-10-10,h,25388.0,2,2025-10-24 05:43:00-04:00,2025-10-24,5,14,from_above,-1,True,False,3.75,-20.75
2025-10-10,h,25388.0,3,2025-10-24 06:12:00-04:00,2025-10-24,6,14,from_below,-1,True,True,21.5,-5.25
2025-10-10,h,25388.0,4,2025-10-24 06:32:00-04:00,2025-10-24,6,14,from_below,-1,True,True,23.0,-1.75
2025-10-10,h,25388.0,5,2025-10-24 07:56:00-04:00,2025-10-24,7,14,from_below,-1,True,True,54.0,-142.0
2025-10-10,h,25388.0,6,2025-10-24 08:30:00-04:00,2025-10-24,8,14,from_below,-1,True,True,179.75,-16.25
2025-10-10,l,25345.5,1,2025-10-20 11:51:00-04:00,2025-10-20,11,10,from_below,-1,True,True,47.25,-8.25
2025-10-10,l,25345.5,2,2025-10-20 13:18:00-04:00,2025-10-20,13,10,from_below,-1,True,True,12.25,-12.25
2025-10-10,l,25345.5,3,2025-10-20 13:24:00-04:00,2025-10-20,13,10,from_below,-1,True,True,14.25,-10.25
2025-10-10,l,25345.5,4,2025-10-20 13:32:00-04:00,2025-10-20,13,10,from_below,-1,True,True,13.75,-12.75
2025-10-10,l,25345.5,5,2025-10-20 13:36:00-04:00,2025-10-20,13,10,from_below,-1,True,True,16.5,-10.0
2025-10-10,l,25345.5,6,2025-10-20 13:51:00-04:00,2025-10-20,13,10,from_above,-1,True,True,10.0,-36.5
2025-10-10,ce,25366.75,1,2025-10-20 22:29:00-04:00,2025-10-20,22,10,from_below,-1,True,True,22.0,-3.0
2025-10-10,ce,25366.75,2,2025-10-24 02:10:00-04:00,2025-10-24,2,14,from_below,-1,True,True,11.0,-17.0
2025-10-10,ce,25366.75,3,2025-10-24 02:31:00-04:00,2025-10-24,2,14,from_above,-1,True,False,5.5,-27.5
2025-10-10,ce,25366.75,4,2025-10-24 02:35:00-04:00,2025-10-24,2,14,from_above,-1,True,True,10.25,-22.5
2025-10-10,ce,25366.75,5,2025-10-24 02:50:00-04:00,2025-10-24,2,14,from_below,-1,True,True,24.5,-9.25
2025-10-10,ce,25366.75,6,2025-10-24 03:05:00-04:00,2025-10-24,3,14,from_below,-1,True,True,37.25,-4.5
2025-10-13,h,24829.75,1,2025-10-14 00:15:00-04:00,2025-10-14,0,1,from_above,1,True,False,8.25,-81.0
2025-10-13,h,24829.75,2,2025-10-14 11:53:00-04:00,2025-10-14,11,1,from_below,1,True,True,68.25,-116.5
2025-10-13,h,24829.75,3,2025-10-14 12:19:00-04:00,2025-10-14,12,1,from_below,1,True,True,14.0,-120.25
2025-10-13,h,24829.75,4,2025-10-14 15:37:00-04:00,2025-10-14,15,1,from_above,1,True,True,90.75,-100.25
2025-10-13,h,24829.75,5,2025-10-14 15:39:00-04:00,2025-10-14,15,1,from_below,1,True,True,141.25,-5.75
2025-10-13,h,24829.75,6,2025-10-14 22:13:00-04:00,2025-10-14,22,1,from_below,1,True,True,20.5,-30.0
2025-10-13,l,24769.0,1,2025-10-14 00:20:00-04:00,2025-10-14,0,1,from_above,1,True,True,42.0,-27.5
2025-10-13,l,24769.0,2,2025-10-14 00:31:00-04:00,2025-10-14,0,1,from_above,1,True,True,51.0,-13.75
2025-10-13,l,24769.0,3,2025-10-14 00:33:00-04:00,2025-10-14,0,1,from_below,1,True,True,20.75,-35.0
2025-10-13,l,24769.0,4,2025-10-14 00:50:00-04:00,2025-10-14,0,1,from_above,1,True,True,46.75,-116.75
2025-10-13,l,24769.0,5,2025-10-14 01:32:00-04:00,2025-10-14,1,1,from_above,1,True,True,14.5,-118.5
2025-10-13,l,24769.0,6,2025-10-14 11:05:00-04:00,2025-10-14,11,1,from_below,1,True,True,77.5,-76.5
2025-10-13,ce,24799.375,1,2025-10-14 00:18:00-04:00,2025-10-14,0,1,from_above,1,True,True,29.25,-40.25
2025-10-13,ce,24799.375,2,2025-10-14 00:22:00-04:00,2025-10-14,0,1,from_below,1,True,True,59.0,-10.5
2025-10-13,ce,24799.375,3,2025-10-14 00:25:00-04:00,2025-10-14,0,1,from_above,1,True,False,2.0,-67.5
2025-10-13,ce,24799.375,4,2025-10-14 00:37:00-04:00,2025-10-14,0,1,from_below,1,True,True,65.25,-16.0
2025-10-13,ce,24799.375,5,2025-10-14 00:43:00-04:00,2025-10-14,0,1,from_below,1,True,True,118.25,-26.5
2025-10-13,ce,24799.375,6,2025-10-14 00:55:00-04:00,2025-10-14,0,1,from_below,1,True,True,143.75,-19.75
2025-10-14,h,24513.0,1,2025-10-17 03:09:00-04:00,2025-10-17,3,3,from_above,1,False,True,29.25,-94.25
2025-10-14,h,24513.0,2,2025-10-17 03:13:00-04:00,2025-10-17,3,3,from_above,1,False,False,8.75,-104.75
2025-10-14,h,24513.0,3,2025-10-17 03:25:00-04:00,2025-10-17,3,3,from_below,1,False,True,115.25,-2.5
2025-10-14,h,24513.0,4,2025-10-17 03:53:00-04:00,2025-10-17,3,3,from_below,1,False,True,102.5,-15.0
2025-10-14,h,24513.0,5,2025-10-17 04:34:00-04:00,2025-10-17,4,3,from_below,1,False,True,37.0,-50.5
2025-10-14,h,24513.0,6,2025-10-17 04:41:00-04:00,2025-10-17,4,3,from_below,1,False,True,35.25,-52.25
2025-10-14,l,24423.25,1,2025-10-17 04:06:00-04:00,2025-10-17,4,3,from_above,1,False,True,77.5,-40.0
2025-10-14,l,24423.25,2,2025-10-17 04:18:00-04:00,2025-10-17,4,3,from_above,1,False,True,114.5,-20.0
2025-10-14,ce,24468.125,1,2025-10-17 03:20:00-04:00,2025-10-17,3,3,from_above,1,False,True,73.25,-44.5
2025-10-14,ce,24468.125,2,2025-10-17 03:32:00-04:00,2025-10-17,3,3,from_above,1,False,True,54.25,-51.75
2025-10-14,ce,24468.125,3,2025-10-17 03:39:00-04:00,2025-10-17,3,3,from_below,1,False,True,53.0,-64.5
2025-10-14,ce,24468.125,4,2025-10-17 04:00:00-04:00,2025-10-17,4,3,from_above,1,False,True,57.5,-60.0
2025-10-14,ce,24468.125,5,2025-10-17 04:07:00-04:00,2025-10-17,4,3,from_below,1,False,True,65.5,-52.0
2025-10-14,ce,24468.125,6,2025-10-17 04:10:00-04:00,2025-10-17,4,3,from_below,1,False,True,51.5,-66.0
2025-10-15,h,24986.0,1,2025-10-16 02:06:00-04:00,2025-10-16,2,1,from_below,-1,True,True,34.0,-53.25
2025-10-15,h,24986.0,2,2025-10-16 02:10:00-04:00,2025-10-16,2,1,from_below,-1,True,True,11.75,-58.75
2025-10-15,h,24986.0,3,2025-10-16 02:21:00-04:00,2025-10-16,2,1,from_below,-1,True,True,11.5,-58.0
2025-10-15,h,24986.0,4,2025-10-16 03:31:00-04:00,2025-10-16,3,1,from_above,-1,True,True,71.0,-13.25
2025-10-15,h,24986.0,5,2025-10-16 03:41:00-04:00,2025-10-16,3,1,from_below,-1,True,True,11.25,-69.5
2025-10-15,h,24986.0,6,2025-10-16 11:41:00-04:00,2025-10-16,11,1,from_above,-1,True,True,25.25,-243.25
2025-10-15,l,24897.0,1,2025-10-16 12:20:00-04:00,2025-10-16,12,1,from_above,-1,True,True,57.75,-174.75
2025-10-15,l,24897.0,2,2025-10-16 12:26:00-04:00,2025-10-16,12,1,from_above,-1,True,True,88.75,-143.75
2025-10-15,l,24897.0,3,2025-10-16 12:56:00-04:00,2025-10-16,12,1,from_below,-1,True,True,70.25,-67.75
2025-10-15,l,24897.0,4,2025-10-16 13:01:00-04:00,2025-10-16,13,1,from_above,-1,True,True,81.5,-56.5
2025-10-15,l,24897.0,5,2025-10-16 13:07:00-04:00,2025-10-16,13,1,from_below,-1,True,True,123.75,-80.75
2025-10-15,l,24897.0,6,2025-10-16 13:11:00-04:00,2025-10-16,13,1,from_below,-1,True,True,164.5,-55.5
2025-10-15,ce,24941.5,1,2025-10-16 00:39:00-04:00,2025-10-16,0,1,from_below,-1,True,True,20.5,-40.5
2025-10-15,ce,24941.5,2,2025-10-16 00:57:00-04:00,2025-10-16,0,1,from_below,-1,True,True,17.0,-43.5
2025-10-15,ce,24941.5,3,2025-10-16 01:22:00-04:00,2025-10-16,1,1,from_below,-1,True,False,9.0,-58.25
2025-10-15,ce,24941.5,4,2025-10-16 01:30:00-04:00,2025-10-16,1,1,from_below,-1,True,True,45.0,-32.0
2025-10-15,ce,24941.5,5,2025-10-16 01:52:00-04:00,2025-10-16,1,1,from_above,-1,True,True,84.75,-4.0
2025-10-15,ce,24941.5,6,2025-10-16 12:00:00-04:00,2025-10-16,12,1,from_above,-1,True,True,47.25,-218.5
2025-10-16,h,25125.5,1,2025-10-20 01:45:00-04:00,2025-10-20,1,4,from_below,-1,False,True,38.5,-2.0
2025-10-16,h,25125.5,2,2025-10-20 01:50:00-04:00,2025-10-20,1,4,from_below,-1,False,True,38.25,-2.25
2025-10-16,h,25125.5,3,2025-10-20 02:37:00-04:00,2025-10-20,2,4,from_below,-1,False,True,25.5,-26.0
2025-10-16,h,25125.5,4,2025-10-20 02:53:00-04:00,2025-10-20,2,4,from_below,-1,False,True,24.25,-29.75
2025-10-16,h,25125.5,5,2025-10-20 02:57:00-04:00,2025-10-20,2,4,from_below,-1,False,True,23.25,-30.75
2025-10-16,h,25125.5,6,2025-10-20 03:10:00-04:00,2025-10-20,3,4,from_below,-1,False,True,18.25,-30.0
2025-10-16,l,25047.5,1,2025-10-17 15:11:00-04:00,2025-10-17,15,1,from_below,-1,False,True,72.25,-6.0
2025-10-16,l,25047.5,2,2025-10-17 15:21:00-04:00,2025-10-17,15,1,from_below,-1,False,True,72.75,-3.25
2025-10-16,l,25047.5,3,2025-10-19 18:05:00-04:00,2025-10-19,18,3,from_above,-1,False,False,7.0,-32.75
2025-10-16,l,25047.5,4,2025-10-19 18:22:00-04:00,2025-10-19,18,3,from_above,-1,False,True,18.25,-32.5
2025-10-16,l,25047.5,5,2025-10-19 18:28:00-04:00,2025-10-19,18,3,from_above,-1,False,True,17.5,-61.5
2025-10-16,l,25047.5,6,2025-10-19 18:40:00-04:00,2025-10-19,18,3,from_above,-1,False,True,14.0,-65.0
2025-10-16,ce,25086.5,1,2025-10-19 18:00:00-04:00,2025-10-19,18,3,from_below,-1,False,True,39.5,-21.0
2025-10-16,ce,25086.5,2,2025-10-19 23:48:00-04:00,2025-10-19,23,3,from_below,-1,False,False,5.0,-36.5
2025-10-16,ce,25086.5,3,2025-10-19 23:53:00-04:00,2025-10-19,23,3,from_above,-1,False,True,37.0,-2.0
2025-10-16,ce,25086.5,4,2025-10-20 00:40:00-04:00,2025-10-20,0,4,from_above,-1,False,True,32.5,-5.0
2025-10-16,ce,25086.5,5,2025-10-20 02:04:00-04:00,2025-10-20,2,4,from_above,-1,False,True,29.5,-9.0
2025-10-16,ce,25086.5,6,2025-10-20 02:06:00-04:00,2025-10-20,2,4,from_above,-1,False,True,33.75,-4.75
2025-10-20,h,25232.0,1,2025-10-21 09:43:00-04:00,2025-10-21,9,1,from_above,1,False,True,34.25,-48.75
2025-10-20,h,25232.0,2,2025-10-21 09:46:00-04:00,2025-10-21,9,1,from_above,1,False,True,28.25,-54.75
2025-10-20,h,25232.0,3,2025-10-21 09:48:00-04:00,2025-10-21,9,1,from_above,1,False,True,60.5,-22.5
2025-10-20,h,25232.0,4,2025-10-21 09:55:00-04:00,2025-10-21,9,1,from_above,1,False,True,66.0,-25.25
2025-10-20,h,25232.0,5,2025-10-21 10:02:00-04:00,2025-10-21,10,1,from_below,1,False,True,19.0,-81.0
2025-10-20,h,25232.0,6,2025-10-21 10:08:00-04:00,2025-10-21,10,1,from_above,1,False,True,65.0,-35.0
2025-10-20,l,25181.25,1,2025-10-22 09:34:00-04:00,2025-10-22,9,2,from_above,1,False,True,104.75,-96.0
2025-10-20,l,25181.25,2,2025-10-22 10:26:00-04:00,2025-10-22,10,2,from_above,1,False,True,26.0,-149.5
2025-10-20,l,25181.25,3,2025-10-22 11:01:00-04:00,2025-10-22,11,2,from_below,1,False,True,183.5,-5.25
2025-10-20,l,25181.25,4,2025-10-23 09:56:00-04:00,2025-10-23,9,3,from_below,1,False,True,89.5,-26.0
2025-10-20,l,25181.25,5,2025-10-23 10:36:00-04:00,2025-10-23,10,3,from_below,1,False,True,38.0,-31.25
2025-10-20,l,25181.25,6,2025-10-23 10:40:00-04:00,2025-10-23,10,3,from_above,1,False,True,24.5,-44.75
2025-10-20,ce,25206.625,1,2025-10-21 10:28:00-04:00,2025-10-21,10,1,from_above,1,False,True,94.25,-5.75
2025-10-20,ce,25206.625,2,2025-10-21 10:32:00-04:00,2025-10-21,10,1,from_above,1,False,True,97.0,-3.0
2025-10-20,ce,25206.625,3,2025-10-22 07:43:00-04:00,2025-10-22,7,2,from_above,1,False,True,56.0,-3.25
2025-10-20,ce,25206.625,4,2025-10-22 07:47:00-04:00,2025-10-22,7,2,from_above,1,False,True,57.5,-1.75
2025-10-20,ce,25206.625,5,2025-10-22 09:33:00-04:00,2025-10-22,9,2,from_above,1,False,True,94.0,-106.75
2025-10-20,ce,25206.625,6,2025-10-22 09:38:00-04:00,2025-10-22,9,2,from_below,1,False,True,114.5,-88.0
2025-10-21,h,25262.25,1,2025-10-22 04:13:00-04:00,2025-10-22,4,1,from_above,-1,False,False,8.5,-29.5
2025-10-21,h,25262.25,2,2025-10-22 04:15:00-04:00,2025-10-22,4,1,from_above,-1,False,True,15.25,-22.75
2025-10-21,h,25262.25,3,2025-10-22 04:26:00-04:00,2025-10-22,4,1,from_above,-1,False,True,12.25,-32.25
2025-10-21,h,25262.25,4,2025-10-22 04:34:00-04:00,2025-10-22,4,1,from_above,-1,False,False,5.5,-36.75
2025-10-21,h,25262.25,5,2025-10-22 04:40:00-04:00,2025-10-22,4,1,from_above,-1,False,False,8.25,-34.0
2025-10-21,h,25262.25,6,2025-10-22 05:00:00-04:00,2025-10-22,5,1,from_above,-1,False,True,13.25,-30.25
2025-10-21,l,25219.25,1,2025-10-22 07:39:00-04:00,2025-10-22,7,1,from_above,-1,False,True,47.75,-11.5
2025-10-21,l,25219.25,2,2025-10-22 07:44:00-04:00,2025-10-22,7,1,from_below,-1,False,False,8.5,-50.75
2025-10-21,l,25219.25,3,2025-10-22 07:50:00-04:00,2025-10-22,7,1,from_below,-1,False,False,4.0,-48.75
2025-10-21,l,25219.25,4,2025-10-22 07:58:00-04:00,2025-10-22,7,1,from_above,-1,False,True,43.75,-6.0
2025-10-21,l,25219.25,5,2025-10-22 08:01:00-04:00,2025-10-22,8,1,from_above,-1,False,True,26.0,-23.75
2025-10-21,l,25219.25,6,2025-10-22 09:30:00-04:00,2025-10-22,9,1,from_above,-1,False,True,73.5,-109.75
2025-10-21,ce,25240.75,1,2025-10-22 05:12:00-04:00,2025-10-22,5,1,from_above,-1,False,True,33.0,-10.5
2025-10-21,ce,25240.75,2,2025-10-22 07:09:00-04:00,2025-10-22,7,1,from_above,-1,False,True,23.25,-31.0
2025-10-21,ce,25240.75,3,2025-10-22 07:28:00-04:00,2025-10-22,7,1,from_above,-1,False,True,19.25,-37.25
2025-10-21,ce,25240.75,4,2025-10-22 07:34:00-04:00,2025-10-22,7,1,from_below,-1,False,True,28.5,-30.75
2025-10-21,ce,25240.75,5,2025-10-22 07:55:00-04:00,2025-10-22,7,1,from_below,-1,False,True,21.25,-28.5
2025-10-21,ce,25240.75,6,2025-10-22 08:01:00-04:00,2025-10-22,8,1,from_below,-1,False,True,23.75,-26.0
2025-10-22,h,25261.5,1,2025-10-23 13:38:00-04:00,2025-10-23,13,1,from_below,-1,False,True,17.25,-25.5
2025-10-22,h,25261.5,2,2025-10-23 14:01:00-04:00,2025-10-23,14,1,from_above,-1,False,True,21.75,-21.0
2025-10-22,h,25261.5,3,2025-10-23 14:05:00-04:00,2025-10-23,14,1,from_above,-1,False,True,25.5,-17.25
2025-10-22,h,25261.5,4,2025-10-23 14:35:00-04:00,2025-10-23,14,1,from_above,-1,False,True,24.25,-4.25
2025-10-22,h,25261.5,5,2025-10-23 14:49:00-04:00,2025-10-23,14,1,from_below,-1,False,False,8.0,-21.25
2025-10-22,h,25261.5,6,2025-10-23 15:08:00-04:00,2025-10-23,15,1,from_above,-1,False,True,19.0,-33.0
2025-10-22,l,25235.75,1,2025-10-23 12:52:00-04:00,2025-10-23,12,1,from_below,-1,False,True,43.75,-46.5
2025-10-22,l,25235.75,2,2025-10-23 13:02:00-04:00,2025-10-23,13,1,from_above,-1,False,True,44.75,-49.25
2025-10-22,l,25235.75,3,2025-10-23 13:11:00-04:00,2025-10-23,13,1,from_below,-1,False,True,28.0,-56.75
2025-10-22,l,25235.75,4,2025-10-23 13:33:00-04:00,2025-10-23,13,1,from_below,-1,False,False,8.25,-63.75
2025-10-22,l,25235.75,5,2025-10-23 13:35:00-04:00,2025-10-23,13,1,from_below,-1,False,True,12.25,-50.75
2025-10-22,l,25235.75,6,2025-10-23 15:50:00-04:00,2025-10-23,15,1,from_above,-1,False,True,54.25,-10.0
2025-10-22,ce,25248.625,1,2025-10-23 13:01:00-04:00,2025-10-23,13,1,from_below,-1,False,True,55.5,-38.5
2025-10-22,ce,25248.625,2,2025-10-23 13:36:00-04:00,2025-10-23,13,1,from_below,-1,False,True,15.5,-36.75
2025-10-22,ce,25248.625,3,2025-10-23 14:15:00-04:00,2025-10-23,14,1,from_above,-1,False,True,34.25,-8.5
2025-10-22,ce,25248.625,4,2025-10-23 15:50:00-04:00,2025-10-23,15,1,from_above,-1,False,True,54.25,-10.0
2025-10-22,ce,25248.625,5,2025-10-23 15:53:00-04:00,2025-10-23,15,1,from_below,-1,False,True,10.0,-45.0
2025-10-22,ce,25248.625,6,2025-10-23 15:59:00-04:00,2025-10-23,15,1,from_above,-1,False,True,42.5,-6.5
2025-10-23,h,25139.25,1,2025-11-07 06:14:00-05:00,2025-11-07,6,15,from_above,1,False,True,67.25,-40.25
2025-10-23,h,25139.25,2,2025-11-07 06:20:00-05:00,2025-11-07,6,15,from_below,1,False,True,59.0,-52.5
2025-10-23,h,25139.25,3,2025-11-07 06:43:00-05:00,2025-11-07,6,15,from_below,1,False,True,19.75,-57.0
2025-10-23,h,25139.25,4,2025-11-07 07:33:00-05:00,2025-11-07,7,15,from_above,1,False,True,13.75,-71.25
2025-10-23,h,25139.25,5,2025-11-07 07:37:00-05:00,2025-11-07,7,15,from_below,1,False,True,74.5,-10.5
2025-10-23,h,25139.25,6,2025-11-07 08:06:00-05:00,2025-11-07,8,15,from_below,1,False,True,68.5,-12.0
2025-10-23,l,25091.25,1,2025-11-07 06:32:00-05:00,2025-11-07,6,15,from_above,1,False,True,105.25,-6.25
2025-10-23,l,25091.25,2,2025-11-07 06:38:00-05:00,2025-11-07,6,15,from_above,1,False,True,82.75,-21.75
2025-10-23,l,25091.25,3,2025-11-07 07:46:00-05:00,2025-11-07,7,15,from_above,1,False,True,45.0,-40.0
2025-10-23,l,25091.25,4,2025-11-07 07:57:00-05:00,2025-11-07,7,15,from_below,1,False,True,26.25,-54.25
2025-10-23,l,25091.25,5,2025-11-07 08:03:00-05:00,2025-11-07,8,15,from_below,1,False,False,8.25,-72.25
2025-10-23,l,25091.25,6,2025-11-07 08:13:00-05:00,2025-11-07,8,15,from_above,1,False,True,46.75,-33.75
2025-10-23,ce,25115.25,1,2025-11-07 06:15:00-05:00,2025-11-07,6,15,from_above,1,False,True,87.0,-24.5
2025-10-23,ce,25115.25,2,2025-11-07 06:27:00-05:00,2025-11-07,6,15,from_above,1,False,True,92.0,-19.5
2025-10-23,ce,25115.25,3,2025-11-07 06:30:00-05:00,2025-11-07,6,15,from_above,1,False,True,78.5,-33.0
2025-10-23,ce,25115.25,4,2025-11-07 06:38:00-05:00,2025-11-07,6,15,from_below,1,False,True,21.75,-82.75
2025-10-23,ce,25115.25,5,2025-11-07 07:44:00-05:00,2025-11-07,7,15,from_above,1,False,True,40.25,-44.75
2025-10-23,ce,25115.25,6,2025-11-07 08:05:00-05:00,2025-11-07,8,15,from_below,1,False,True,65.0,-15.5
2025-10-24,h,25550.5,1,2025-11-04 15:55:00-05:00,2025-11-04,15,11,from_above,-1,True,True,35.5,-40.5
2025-10-24,h,25550.5,2,2025-11-04 16:15:00-05:00,2025-11-04,16,11,from_above,-1,True,True,12.0,-55.5
2025-10-24,h,25550.5,3,2025-11-04 16:22:00-05:00,2025-11-04,16,11,from_above,-1,True,True,30.75,-32.0
2025-10-24,h,25550.5,4,2025-11-04 16:31:00-05:00,2025-11-04,16,11,from_below,-1,True,True,17.5,-45.25
2025-10-24,h,25550.5,5,2025-11-04 16:41:00-05:00,2025-11-04,16,11,from_below,-1,True,False,7.75,-36.25
2025-10-24,h,25550.5,6,2025-11-04 18:00:00-05:00,2025-11-04,18,11,from_above,-1,True,True,15.25,-64.25
2025-10-24,l,25476.5,1,2025-11-04 19:03:00-05:00,2025-11-04,19,11,from_above,-1,True,True,21.5,-95.0
2025-10-24,l,25476.5,2,2025-11-04 19:09:00-05:00,2025-11-04,19,11,from_below,-1,True,True,121.5,-22.75
2025-10-24,l,25476.5,3,2025-11-04 19:17:00-05:00,2025-11-04,19,11,from_above,-1,True,True,15.0,-137.75
2025-10-24,l,25476.5,4,2025-11-04 19:24:00-05:00,2025-11-04,19,11,from_above,-1,True,False,7.75,-147.25
2025-10-24,l,25476.5,5,2025-11-04 22:32:00-05:00,2025-11-04,22,11,from_below,-1,True,True,17.25,-46.0
2025-10-24,l,25476.5,6,2025-11-04 22:39:00-05:00,2025-11-04,22,11,from_below,-1,True,True,16.0,-47.25
2025-10-24,ce,25513.5,1,2025-11-04 18:09:00-05:00,2025-11-04,18,11,from_above,-1,True,True,25.5,-58.25
2025-10-24,ce,25513.5,2,2025-11-04 18:28:00-05:00,2025-11-04,18,11,from_above,-1,True,True,19.0,-67.0
2025-10-24,ce,25513.5,3,2025-11-04 18:37:00-05:00,2025-11-04,18,11,from_above,-1,True,True,16.75,-89.75
2025-10-24,ce,25513.5,4,2025-11-04 18:45:00-05:00,2025-11-04,18,11,from_above,-1,True,True,12.75,-103.5
2025-10-24,ce,25513.5,5,2025-11-04 18:52:00-05:00,2025-11-04,18,11,from_below,-1,True,True,102.25,-4.0
2025-10-24,ce,25513.5,6,2025-11-04 22:46:00-05:00,2025-11-04,22,11,from_below,-1,True,True,56.75,-6.5
2025-10-27,h,25850.0,1,2025-11-04 00:40:00-05:00,2025-11-04,0,8,from_above,-1,False,True,26.75,-105.5
2025-10-27,h,25850.0,2,2025-11-04 00:45:00-05:00,2025-11-04,0,8,from_below,-1,False,True,101.0,-4.5
2025-10-27,h,25850.0,3,2025-11-04 09:54:00-05:00,2025-11-04,9,8,from_below,-1,False,True,48.25,-41.5
2025-10-27,h,25850.0,4,2025-11-04 09:57:00-05:00,2025-11-04,9,8,from_above,-1,False,True,37.75,-92.25
2025-10-27,h,25850.0,5,2025-11-04 10:06:00-05:00,2025-11-04,10,8,from_above,-1,False,True,38.0,-92.0
2025-10-27,h,25850.0,6,2025-11-04 10:08:00-05:00,2025-11-04,10,8,from_above,-1,False,True,50.25,-79.75
2025-10-27,l,25824.25,1,2025-11-04 00:44:00-05:00,2025-11-04,0,8,from_above,-1,False,True,24.5,-81.0
2025-10-27,l,25824.25,2,2025-11-04 00:48:00-05:00,2025-11-04,0,8,from_above,-1,False,True,19.0,-78.75
2025-10-27,l,25824.25,3,2025-11-04 00:55:00-05:00,2025-11-04,0,8,from_below,-1,False,True,72.5,-11.25
2025-10-27,l,25824.25,4,2025-11-04 00:57:00-05:00,2025-11-04,0,8,from_below,-1,False,True,81.25,-2.5
2025-10-27,l,25824.25,5,2025-11-04 09:51:00-05:00,2025-11-04,9,8,from_below,-1,False,True,21.75,-79.0
2025-10-27,l,25824.25,6,2025-11-04 10:10:00-05:00,2025-11-04,10,8,from_above,-1,False,True,48.0,-82.0
2025-10-27,ce,25837.125,1,2025-11-04 00:41:00-05:00,2025-11-04,0,8,from_above,-1,False,False,9.75,-95.75
2025-10-27,ce,25837.125,2,2025-11-04 09:53:00-05:00,2025-11-04,9,8,from_below,-1,False,True,31.25,-58.5
2025-10-27,ce,25837.125,3,2025-11-04 10:08:00-05:00,2025-11-04,10,8,from_above,-1,False,True,50.25,-79.75
2025-10-27,ce,25837.125,4,2025-11-04 10:47:00-05:00,2025-11-04,10,8,from_above,-1,False,True,22.5,-100.5
2025-10-27,ce,25837.125,5,2025-11-05 13:33:00-05:00,2025-11-05,13,9,from_below,-1,False,True,10.5,-39.25
2025-10-27,ce,25837.125,6,2025-11-05 13:35:00-05:00,2025-11-05,13,9,from_below,-1,False,True,18.5,-31.25
2025-10-28,h,26080.75,1,2025-10-29 14:39:00-04:00,2025-10-29,14,1,from_above,-1,False,True,160.25,-34.25
2025-10-28,h,26080.75,2,2025-10-29 14:47:00-04:00,2025-10-29,14,1,from_above,-1,False,True,155.5,-8.75
2025-10-28,h,26080.75,3,2025-10-30 09:04:00-04:00,2025-10-30,9,2,from_above,-1,False,True,96.5,-141.5
2025-10-28,h,26080.75,4,2025-10-30 09:30:00-04:00,2025-10-30,9,2,from_above,-1,False,True,92.25,-145.75
2025-10-28,h,26080.75,5,2025-10-30 09:50:00-04:00,2025-10-30,9,2,from_below,-1,False,True,90.5,-82.25
2025-10-28,h,26080.75,6,2025-10-30 10:09:00-04:00,2025-10-30,10,2,from_above,-1,False,True,26.0,-113.75
2025-10-28,l,26037.0,1,2025-10-30 09:35:00-04:00,2025-10-30,9,2,from_above,-1,False,True,155.75,-82.25
2025-10-28,l,26037.0,2,2025-10-30 09:47:00-04:00,2025-10-30,9,2,from_below,-1,False,True,21.5,-151.25
2025-10-28,l,26037.0,3,2025-10-30 10:17:00-04:00,2025-10-30,10,2,from_above,-1,False,True,51.0,-68.75
2025-10-28,l,26037.0,4,2025-10-30 10:20:00-04:00,2025-10-30,10,2,from_above,-1,False,True,58.0,-61.75
2025-10-28,l,26037.0,5,2025-10-30 10:23:00-04:00,2025-10-30,10,2,from_above,-1,False,True,76.25,-43.5
2025-10-28,l,26037.0,6,2025-10-30 10:27:00-04:00,2025-10-30,10,2,from_below,-1,False,True,47.75,-72.0
2025-10-28,ce,26058.875,1,2025-10-29 14:40:00-04:00,2025-10-29,14,1,from_above,-1,False,True,155.25,-39.25
2025-10-28,ce,26058.875,2,2025-10-30 09:33:00-04:00,2025-10-30,9,2,from_above,-1,False,True,119.0,-119.0
2025-10-28,ce,26058.875,3,2025-10-30 09:48:00-04:00,2025-10-30,9,2,from_below,-1,False,True,49.0,-123.75
2025-10-28,ce,26058.875,4,2025-10-30 10:13:00-04:00,2025-10-30,10,2,from_above,-1,False,True,34.5,-105.25
2025-10-28,ce,26058.875,5,2025-10-30 10:17:00-04:00,2025-10-30,10,2,from_above,-1,False,True,51.0,-68.75
2025-10-28,ce,26058.875,6,2025-10-30 10:21:00-04:00,2025-10-30,10,2,from_below,-1,False,True,84.5,-35.25
2025-10-29,h,26289.75,1,2025-10-30 00:10:00-04:00,2025-10-30,0,1,from_above,1,False,True,60.75,-106.0
2025-10-29,h,26289.75,2,2025-10-30 00:36:00-04:00,2025-10-30,0,1,from_below,1,False,True,82.75,-29.25
2025-10-29,h,26289.75,3,2025-10-30 01:27:00-04:00,2025-10-30,1,1,from_below,1,False,True,75.5,-37.5
2025-10-29,h,26289.75,4,2025-10-30 01:33:00-04:00,2025-10-30,1,1,from_above,1,False,True,36.75,-79.75
2025-10-29,h,26289.75,5,2025-10-30 01:41:00-04:00,2025-10-30,1,1,from_above,1,False,True,19.25,-87.75
2025-10-29,h,26289.75,6,2025-10-30 01:43:00-04:00,2025-10-30,1,1,from_above,1,False,True,15.75,-74.5
2025-10-29,l,26266.0,1,2025-10-30 00:10:00-04:00,2025-10-30,0,1,from_above,1,False,True,60.75,-106.0
2025-10-29,l,26266.0,2,2025-10-30 00:35:00-04:00,2025-10-30,0,1,from_below,1,False,True,77.5,-44.75
2025-10-29,l,26266.0,3,2025-10-30 01:22:00-04:00,2025-10-30,1,1,from_below,1,False,True,46.75,-63.0
2025-10-29,l,26266.0,4,2025-10-30 01:47:00-04:00,2025-10-30,1,1,from_above,1,False,True,27.5,-54.0
2025-10-29,l,26266.0,5,2025-10-30 02:00:00-04:00,2025-10-30,2,1,from_above,1,False,False,8.5,-64.0
2025-10-29,l,26266.0,6,2025-10-30 02:02:00-04:00,2025-10-30,2,1,from_above,1,False,False,6.75,-58.0
2025-10-29,ce,26277.875,1,2025-10-30 00:10:00-04:00,2025-10-30,0,1,from_above,1,False,True,60.75,-106.0
2025-10-29,ce,26277.875,2,2025-10-30 00:35:00-04:00,2025-10-30,0,1,from_below,1,False,True,77.5,-44.75
2025-10-29,ce,26277.875,3,2025-10-30 01:26:00-04:00,2025-10-30,1,1,from_below,1,False,True,65.25,-47.75
2025-10-29,ce,26277.875,4,2025-10-30 01:44:00-04:00,2025-10-30,1,1,from_above,1,False,True,15.5,-71.0
2025-10-29,ce,26277.875,5,2025-10-30 01:47:00-04:00,2025-10-30,1,1,from_above,1,False,True,27.5,-54.0
2025-10-29,ce,26277.875,6,2025-10-30 01:50:00-04:00,2025-10-30,1,1,from_below,1,False,True,64.0,-17.5
2025-10-30,h,26078.0,1,2025-10-31 10:04:00-04:00,2025-10-31,10,1,from_above,1,False,True,116.75,-7.75
2025-10-30,h,26078.0,2,2025-10-31 10:14:00-04:00,2025-10-31,10,1,from_above,1,False,True,96.25,-28.25
2025-10-30,h,26078.0,3,2025-10-31 10:21:00-04:00,2025-10-31,10,1,from_above,1,False,True,115.0,-11.0
2025-10-30,h,26078.0,4,2025-10-31 11:42:00-04:00,2025-10-31,11,1,from_above,1,False,True,65.75,-136.5
2025-10-30,h,26078.0,5,2025-10-31 11:44:00-04:00,2025-10-31,11,1,from_above,1,False,True,37.0,-165.25
2025-10-30,h,26078.0,6,2025-10-31 11:48:00-04:00,2025-10-31,11,1,from_above,1,False,True,26.0,-121.5
2025-10-30,l,25963.75,1,2025-10-31 12:19:00-04:00,2025-10-31,12,1,from_above,1,False,True,74.0,-68.75
2025-10-30,l,25963.75,2,2025-10-31 12:46:00-04:00,2025-10-31,12,1,from_above,1,False,False,9.25,-103.5
2025-10-30,l,25963.75,3,2025-10-31 12:51:00-04:00,2025-10-31,12,1,from_above,1,False,True,12.25,-78.25
2025-10-30,l,25963.75,4,2025-10-31 13:47:00-04:00,2025-10-31,13,1,from_below,1,False,True,22.5,-56.25
2025-10-30,l,25963.75,5,2025-10-31 13:52:00-04:00,2025-10-31,13,1,from_above,1,False,True,53.0,-25.75
2025-10-30,l,25963.75,6,2025-10-31 14:00:00-04:00,2025-10-31,14,1,from_below,1,False,True,17.0,-61.25
2025-10-30,ce,26020.875,1,2025-10-31 12:00:00-04:00,2025-10-31,12,1,from_above,1,False,True,32.0,-90.25
2025-10-30,ce,26020.875,2,2025-10-31 12:09:00-04:00,2025-10-31,12,1,from_above,1,False,True,27.75,-104.0
2025-10-30,ce,26020.875,3,2025-10-31 12:26:00-04:00,2025-10-31,12,1,from_below,1,False,True,127.75,-16.25
2025-10-30,ce,26020.875,4,2025-10-31 14:42:00-04:00,2025-10-31,14,1,from_below,1,False,True,46.25,-101.0
2025-10-30,ce,26020.875,5,2025-10-31 14:59:00-04:00,2025-10-31,14,1,from_below,1,False,True,21.75,-104.25
2025-10-30,ce,26020.875,6,2025-10-31 15:02:00-04:00,2025-10-31,15,1,from_below,1,False,True,41.5,-102.75
2025-10-31,h,26133.5,1,2025-11-03 04:18:00-05:00,2025-11-03,4,3,from_below,-1,False,False,4.75,-27.25
2025-10-31,h,26133.5,2,2025-11-03 04:48:00-05:00,2025-11-03,4,3,from_above,-1,False,True,16.5,-14.5
2025-10-31,h,26133.5,3,2025-11-03 04:50:00-05:00,2025-11-03,4,3,from_above,-1,False,True,24.0,-12.25
2025-10-31,h,26133.5,4,2025-11-03 04:58:00-05:00,2025-11-03,4,3,from_below,-1,False,True,10.75,-28.75
2025-10-31,h,26133.5,5,2025-11-03 05:06:00-05:00,2025-11-03,5,3,from_below,-1,False,False,2.5,-36.25
2025-10-31,h,26133.5,6,2025-11-03 05:26:00-05:00,2025-11-03,5,3,from_above,-1,False,True,46.0,-5.25
2025-10-31,l,26088.0,1,2025-11-02 18:36:00-05:00,2025-11-02,18,2,from_below,-1,False,True,14.0,-29.0
2025-10-31,l,26088.0,2,2025-11-02 18:42:00-05:00,2025-11-02,18,2,from_below,-1,False,True,10.25,-30.5
2025-10-31,l,26088.0,3,2025-11-02 18:50:00-05:00,2025-11-02,18,2,from_below,-1,False,True,13.5,-24.25
2025-10-31,l,26088.0,4,2025-11-02 19:01:00-05:00,2025-11-02,19,2,from_below,-1,False,False,6.25,-33.5
2025-10-31,l,26088.0,5,2025-11-02 19:12:00-05:00,2025-11-02,19,2,from_above,-1,False,True,32.5,-5.5
2025-10-31,l,26088.0,6,2025-11-02 20:41:00-05:00,2025-11-02,20,2,from_above,-1,False,True,23.75,-21.75
2025-10-31,ce,26110.75,1,2025-11-02 19:20:00-05:00,2025-11-02,19,2,from_below,-1,False,True,12.5,-13.0
2025-10-31,ce,26110.75,2,2025-11-02 19:30:00-05:00,2025-11-02,19,2,from_below,-1,False,False,4.5,-17.5
2025-10-31,ce,26110.75,3,2025-11-02 19:32:00-05:00,2025-11-02,19,2,from_below,-1,False,False,8.25,-13.75
2025-10-31,ce,26110.75,4,2025-11-02 19:39:00-05:00,2025-11-02,19,2,from_below,-1,False,True,14.5,-12.75
2025-10-31,ce,26110.75,5,2025-11-02 19:47:00-05:00,2025-11-02,19,2,from_above,-1,False,False,9.25,-26.25
2025-10-31,ce,26110.75,6,2025-11-02 19:49:00-05:00,2025-11-02,19,2,from_above,-1,False,False,9.0,-26.5
2025-11-04,h,25785.0,1,2025-11-05 11:49:00-05:00,2025-11-05,11,1,from_below,1,True,True,38.25,-50.0
2025-11-04,h,25785.0,2,2025-11-05 11:53:00-05:00,2025-11-05,11,1,from_below,1,True,True,40.75,-47.5
2025-11-04,h,25785.0,3,2025-11-05 12:02:00-05:00,2025-11-05,12,1,from_below,1,True,True,30.75,-57.5
2025-11-04,h,25785.0,4,2025-11-05 12:27:00-05:00,2025-11-05,12,1,from_below,1,True,True,10.25,-45.0
2025-11-04,h,25785.0,5,2025-11-05 12:33:00-05:00,2025-11-05,12,1,from_above,1,True,True,52.0,-1.75
2025-11-04,h,25785.0,6,2025-11-05 15:50:00-05:00,2025-11-05,15,1,from_above,1,True,False,6.25,-102.75
2025-11-04,l,25735.0,1,2025-11-05 10:48:00-05:00,2025-11-05,10,1,from_below,1,True,True,59.75,-62.25
2025-11-04,l,25735.0,2,2025-11-05 11:01:00-05:00,2025-11-05,11,1,from_below,1,True,True,67.5,-63.25
2025-11-04,l,25735.0,3,2025-11-05 11:26:00-05:00,2025-11-05,11,1,from_below,1,True,True,20.25,-53.5
2025-11-04,l,25735.0,4,2025-11-05 11:35:00-05:00,2025-11-05,11,1,from_above,1,True,True,80.75,-7.5
2025-11-04,l,25735.0,5,2025-11-05 11:41:00-05:00,2025-11-05,11,1,from_above,1,True,True,85.75,-1.75
2025-11-04,l,25735.0,6,2025-11-05 15:59:00-05:00,2025-11-05,15,1,from_above,1,True,True,22.25,-47.0
2025-11-04,ce,25760.0,1,2025-11-05 11:43:00-05:00,2025-11-05,11,1,from_below,1,True,True,20.25,-62.75
2025-11-04,ce,25760.0,2,2025-11-05 12:03:00-05:00,2025-11-05,12,1,from_above,1,True,True,58.25,-30.0
2025-11-04,ce,25760.0,3,2025-11-05 12:08:00-05:00,2025-11-05,12,1,from_above,1,True,True,76.0,-12.25
2025-11-04,ce,25760.0,4,2025-11-05 12:12:00-05:00,2025-11-05,12,1,from_below,1,True,True,11.0,-63.0
2025-11-04,ce,25760.0,5,2025-11-05 12:15:00-05:00,2025-11-05,12,1,from_above,1,True,True,63.25,-10.75
2025-11-04,ce,25760.0,6,2025-11-05 15:57:00-05:00,2025-11-05,15,1,from_above,1,True,True,23.75,-53.5
2025-11-05,h,25620.25,1,2025-11-06 09:35:00-05:00,2025-11-06,9,1,from_above,1,False,True,52.5,-216.25
2025-11-05,h,25620.25,2,2025-11-06 09:41:00-05:00,2025-11-06,9,1,from_above,1,False,True,74.75,-259.0
2025-11-05,h,25620.25,3,2025-11-06 09:45:00-05:00,2025-11-06,9,1,from_below,1,False,True,322.5,-30.75
2025-11-05,h,25620.25,4,2025-11-06 09:50:00-05:00,2025-11-06,9,1,from_above,1,False,True,52.75,-286.5
2025-11-05,h,25620.25,5,2025-11-10 09:40:00-05:00,2025-11-10,9,5,from_below,1,False,True,25.5,-52.5
2025-11-05,h,25620.25,6,2025-11-10 09:48:00-05:00,2025-11-10,9,5,from_above,1,False,True,43.75,-34.25
2025-11-05,l,25522.0,1,2025-11-06 09:59:00-05:00,2025-11-06,9,1,from_above,1,False,True,30.5,-223.0
2025-11-05,l,25522.0,2,2025-11-06 10:22:00-05:00,2025-11-06,10,1,from_below,1,False,True,245.0,-15.0
2025-11-05,l,25522.0,3,2025-11-10 03:49:00-05:00,2025-11-10,3,5,from_below,1,False,False,1.25,-56.75
2025-11-05,l,25522.0,4,2025-11-10 03:57:00-05:00,2025-11-10,3,5,from_below,1,False,False,3.0,-49.5
2025-11-05,l,25522.0,5,2025-11-10 06:07:00-05:00,2025-11-10,6,5,from_above,1,False,True,31.0,-15.75
2025-11-05,l,25522.0,6,2025-11-10 06:15:00-05:00,2025-11-10,6,5,from_below,1,False,True,15.75,-31.0
2025-11-05,ce,25571.125,1,2025-11-06 09:51:00-05:00,2025-11-06,9,1,from_above,1,False,True,37.0,-255.5
2025-11-05,ce,25571.125,2,2025-11-10 04:20:00-05:00,2025-11-10,4,5,from_below,1,False,True,29.5,-10.75
2025-11-05,ce,25571.125,3,2025-11-10 09:31:00-05:00,2025-11-10,9,5,from_below,1,False,True,13.5,-91.5
2025-11-05,ce,25571.125,4,2025-11-10 09:34:00-05:00,2025-11-10,9,5,from_above,1,False,True,96.5,-4.0
2025-11-05,ce,25571.125,5,2025-11-10 10:51:00-05:00,2025-11-10,10,5,from_above,1,False,True,29.0,-99.5
2025-11-05,ce,25571.125,6,2025-11-10 12:06:00-05:00,2025-11-10,12,5,from_below,1,False,True,62.5,-82.75
2025-11-06,h,25673.0,1,2025-11-10 13:36:00-05:00,2025-11-10,13,4,from_below,1,False,True,27.75,-26.75
2025-11-06,h,25673.0,2,2025-11-10 13:40:00-05:00,2025-11-10,13,4,from_below,1,False,True,28.0,-26.5
2025-11-06,h,25673.0,3,2025-11-10 13:44:00-05:00,2025-11-10,13,4,from_below,1,False,True,26.0,-33.75
2025-11-06,h,25673.0,4,2025-11-10 13:50:00-05:00,2025-11-10,13,4,from_above,1,False,True,31.0,-34.25
2025-11-06,h,25673.0,5,2025-11-10 14:06:00-05:00,2025-11-10,14,4,from_below,1,False,True,24.25,-43.0
2025-11-06,h,25673.0,6,2025-11-10 14:16:00-05:00,2025-11-10,14,4,from_below,1,False,True,13.0,-56.0
2025-11-06,l,25602.5,1,2025-11-10 09:35:00-05:00,2025-11-10,9,4,from_below,1,False,True,31.25,-66.25
2025-11-06,l,25602.5,2,2025-11-10 09:50:00-05:00,2025-11-10,9,4,from_above,1,False,True,69.25,-23.25
2025-11-06,l,25602.5,3,2025-11-10 10:48:00-05:00,2025-11-10,10,4,from_above,1,False,True,13.75,-153.25
2025-11-06,l,25602.5,4,2025-11-10 12:40:00-05:00,2025-11-10,12,4,from_below,1,False,True,12.0,-78.25
2025-11-06,l,25602.5,5,2025-11-11 04:41:00-05:00,2025-11-11,4,5,from_above,1,False,True,27.25,-10.5
2025-11-06,l,25602.5,6,2025-11-11 04:52:00-05:00,2025-11-11,4,5,from_above,1,False,True,29.75,-8.0
2025-11-06,ce,25637.75,1,2025-11-10 09:44:00-05:00,2025-11-10,9,4,from_below,1,False,True,41.0,-37.0
2025-11-06,ce,25637.75,2,2025-11-10 09:57:00-05:00,2025-11-10,9,4,from_below,1,False,True,108.75,-24.5
2025-11-06,ce,25637.75,3,2025-11-10 10:04:00-05:00,2025-11-10,10,4,from_below,1,False,True,147.5,-26.5
2025-11-06,ce,25637.75,4,2025-11-10 10:13:00-05:00,2025-11-10,10,4,from_above,1,False,True,21.5,-173.5
2025-11-06,ce,25637.75,5,2025-11-10 10:20:00-05:00,2025-11-10,10,4,from_below,1,False,True,169.75,-25.25
2025-11-06,ce,25637.75,6,2025-11-10 10:29:00-05:00,2025-11-10,10,4,from_above,1,False,True,22.0,-171.25
2025-11-07,h,24998.0,1,2025-11-14 00:14:00-05:00,2025-11-14,0,7,from_above,-1,False,True,121.0,-26.0
2025-11-07,h,24998.0,2,2025-11-14 00:17:00-05:00,2025-11-14,0,7,from_below,-1,False,True,11.5,-122.0
2025-11-07,h,24998.0,3,2025-11-14 02:08:00-05:00,2025-11-14,2,7,from_above,-1,False,True,12.75,-77.25
2025-11-07,h,24998.0,4,2025-11-14 02:10:00-05:00,2025-11-14,2,7,from_above,-1,False,True,28.25,-58.5
2025-11-07,h,24998.0,5,2025-11-14 02:38:00-05:00,2025-11-14,2,7,from_below,-1,False,True,61.5,-35.0
2025-11-07,h,24998.0,6,2025-11-14 02:46:00-05:00,2025-11-14,2,7,from_below,-1,False,True,96.5,-23.25
2025-11-07,l,24932.25,1,2025-11-14 02:21:00-05:00,2025-11-14,2,7,from_above,-1,False,True,75.75,-10.0
2025-11-07,l,24932.25,2,2025-11-14 03:22:00-05:00,2025-11-14,3,7,from_above,-1,False,True,105.5,-30.0
2025-11-07,l,24932.25,3,2025-11-14 03:31:00-05:00,2025-11-14,3,7,from_above,-1,False,True,103.25,-32.25
2025-11-07,l,24932.25,4,2025-11-14 03:40:00-05:00,2025-11-14,3,7,from_above,-1,False,True,112.5,-23.0
2025-11-07,l,24932.25,5,2025-11-14 03:43:00-05:00,2025-11-14,3,7,from_below,-1,False,True,22.5,-104.75
2025-11-07,l,24932.25,6,2025-11-14 03:49:00-05:00,2025-11-14,3,7,from_below,-1,False,False,1.75,-114.25
2025-11-07,ce,24965.125,1,2025-11-14 02:15:00-05:00,2025-11-14,2,7,from_above,-1,False,True,51.75,-34.0
2025-11-07,ce,24965.125,2,2025-11-14 02:22:00-05:00,2025-11-14,2,7,from_below,-1,False,True,32.0,-59.75
2025-11-07,ce,24965.125,3,2025-11-14 02:29:00-05:00,2025-11-14,2,7,from_below,-1,False,True,48.0,-48.5
2025-11-07,ce,24965.125,4,2025-11-14 03:06:00-05:00,2025-11-14,3,7,from_above,-1,False,True,67.25,-68.25
2025-11-07,ce,24965.125,5,2025-11-14 03:09:00-05:00,2025-11-14,3,7,from_above,-1,False,True,72.25,-63.25
2025-11-07,ce,24965.125,6,2025-11-14 03:13:00-05:00,2025-11-14,3,7,from_above,-1,False,True,77.0,-58.5
2025-11-10,h,25647.5,1,2025-11-11 02:51:00-05:00,2025-11-11,2,1,from_above,-1,True,True,31.75,-20.5
2025-11-10,h,25647.5,2,2025-11-11 02:57:00-05:00,2025-11-11,2,1,from_above,-1,True,True,31.0,-21.25
2025-11-10,h,25647.5,3,2025-11-11 03:22:00-05:00,2025-11-11,3,1,from_above,-1,True,True,15.5,-27.75
2025-11-10,h,25647.5,4,2025-11-11 03:30:00-05:00,2025-11-11,3,1,from_below,-1,True,True,22.25,-9.25
2025-11-10,h,25647.5,5,2025-11-11 03:39:00-05:00,2025-11-11,3,1,from_below,-1,True,True,30.25,-15.0
2025-11-10,h,25647.5,6,2025-11-11 03:49:00-05:00,2025-11-11,3,1,from_below,-1,True,True,43.5,-9.0
2025-11-10,l,25611.0,1,2025-11-11 04:37:00-05:00,2025-11-11,4,1,from_above,-1,True,True,20.5,-17.25
2025-11-10,l,25611.0,2,2025-11-11 04:51:00-05:00,2025-11-11,4,1,from_above,-1,True,True,19.75,-18.0
2025-11-10,l,25611.0,3,2025-11-11 04:54:00-05:00,2025-11-11,4,1,from_below,-1,True,True,12.5,-25.25
2025-11-10,l,25611.0,4,2025-11-11 05:06:00-05:00,2025-11-11,5,1,from_below,-1,True,False,9.5,-27.5
2025-11-10,l,25611.0,5,2025-11-11 05:12:00-05:00,2025-11-11,5,1,from_below,-1,True,False,5.0,-29.25
2025-11-10,l,25611.0,6,2025-11-11 05:34:00-05:00,2025-11-11,5,1,from_above,-1,True,True,30.25,-4.5
2025-11-10,ce,25629.25,1,2025-11-11 03:45:00-05:00,2025-11-11,3,1,from_above,-1,True,True,21.5,-31.0
2025-11-10,ce,25629.25,2,2025-11-11 04:00:00-05:00,2025-11-11,4,1,from_above,-1,True,True,29.25,-29.5
2025-11-10,ce,25629.25,3,2025-11-11 04:12:00-05:00,2025-11-11,4,1,from_above,-1,True,False,9.75,-39.0
2025-11-10,ce,25629.25,4,2025-11-11 04:17:00-05:00,2025-11-11,4,1,from_above,-1,True,False,8.75,-36.0
2025-11-10,ce,25629.25,5,2025-11-11 04:21:00-05:00,2025-11-11,4,1,from_above,-1,True,True,10.75,-34.0
2025-11-10,ce,25629.25,6,2025-11-11 04:29:00-05:00,2025-11-11,4,1,from_above,-1,True,False,6.25,-38.5
2025-11-11,h,25625.0,1,2025-11-12 09:46:00-05:00,2025-11-12,9,1,from_above,-1,False,True,63.25,-65.0
2025-11-11,h,25625.0,2,2025-11-12 10:01:00-05:00,2025-11-12,10,1,from_below,-1,False,True,91.75,-36.5
2025-11-11,h,25625.0,3,2025-11-12 10:12:00-05:00,2025-11-12,10,1,from_above,-1,False,True,37.25,-116.0
2025-11-11,h,25625.0,4,2025-11-12 10:29:00-05:00,2025-11-12,10,1,from_below,-1,False,True,116.0,-15.25
2025-11-11,h,25625.0,5,2025-11-12 12:40:00-05:00,2025-11-12,12,1,from_below,-1,False,True,73.25,-13.25
2025-11-11,h,25625.0,6,2025-11-12 13:17:00-05:00,2025-11-12,13,1,from_below,-1,False,True,39.5,-18.25
2025-11-11,l,25577.5,1,2025-11-12 09:48:00-05:00,2025-11-12,9,1,from_above,-1,False,True,75.75,-52.5
2025-11-11,l,25577.5,2,2025-11-12 09:55:00-05:00,2025-11-12,9,1,from_above,-1,False,True,88.25,-40.0
2025-11-11,l,25577.5,3,2025-11-12 10:20:00-05:00,2025-11-12,10,1,from_above,-1,False,True,32.0,-99.25
2025-11-11,l,25577.5,4,2025-11-12 10:34:00-05:00,2025-11-12,10,1,from_above,-1,False,True,35.75,-79.25
2025-11-11,l,25577.5,5,2025-11-12 10:39:00-05:00,2025-11-12,10,1,from_below,-1,False,True,88.25,-26.75
2025-11-11,l,25577.5,6,2025-11-12 10:43:00-05:00,2025-11-12,10,1,from_above,-1,False,True,21.75,-93.25
2025-11-11,ce,25601.25,1,2025-11-12 09:46:00-05:00,2025-11-12,9,1,from_above,-1,False,True,63.25,-65.0
2025-11-11,ce,25601.25,2,2025-11-12 09:50:00-05:00,2025-11-12,9,1,from_below,-1,False,True,68.5,-59.75
2025-11-11,ce,25601.25,3,2025-11-12 09:59:00-05:00,2025-11-12,9,1,from_below,-1,False,True,62.25,-66.0
2025-11-11,ce,25601.25,4,2025-11-12 10:05:00-05:00,2025-11-12,10,1,from_above,-1,False,True,54.5,-73.75
2025-11-11,ce,25601.25,5,2025-11-12 10:13:00-05:00,2025-11-12,10,1,from_above,-1,False,True,28.25,-99.0
2025-11-11,ce,25601.25,6,2025-11-12 10:20:00-05:00,2025-11-12,10,1,from_below,-1,False,True,99.25,-32.0
2025-11-12,h,25657.75,1,2025-11-13 03:00:00-05:00,2025-11-13,3,1,from_above,-1,False,True,23.75,-20.5
2025-11-12,h,25657.75,2,2025-11-13 03:12:00-05:00,2025-11-13,3,1,from_above,-1,False,True,34.5,-70.25
2025-11-12,h,25657.75,3,2025-11-13 03:15:00-05:00,2025-11-13,3,1,from_below,-1,False,True,75.25,-29.5
2025-11-12,h,25657.75,4,2025-11-13 03:19:00-05:00,2025-11-13,3,1,from_below,-1,False,True,73.5,-31.25
2025-11-12,h,25657.75,5,2025-11-13 03:30:00-05:00,2025-11-13,3,1,from_above,-1,False,True,28.5,-106.0
2025-11-12,h,25657.75,6,2025-11-13 03:34:00-05:00,2025-11-13,3,1,from_above,-1,False,True,18.75,-116.0
2025-11-12,l,25571.0,1,2025-11-13 04:22:00-05:00,2025-11-13,4,1,from_above,-1,False,True,36.5,-45.0
2025-11-12,l,25571.0,2,2025-11-13 04:32:00-05:00,2025-11-13,4,1,from_below,-1,False,True,41.5,-40.0
2025-11-12,l,25571.0,3,2025-11-13 04:43:00-05:00,2025-11-13,4,1,from_below,-1,False,True,10.25,-62.0
2025-11-12,l,25571.0,4,2025-11-13 06:28:00-05:00,2025-11-13,6,1,from_above,-1,False,True,23.5,-23.75
2025-11-12,l,25571.0,5,2025-11-13 06:32:00-05:00,2025-11-13,6,1,from_above,-1,False,True,29.25,-18.0
2025-11-12,l,25571.0,6,2025-11-13 06:37:00-05:00,2025-11-13,6,1,from_below,-1,False,True,14.75,-42.5
2025-11-12,ce,25614.375,1,2025-11-13 04:07:00-05:00,2025-11-13,4,1,from_above,-1,False,True,32.5,-83.0
2025-11-12,ce,25614.375,2,2025-11-13 05:33:00-05:00,2025-11-13,5,1,from_below,-1,False,True,50.0,-16.25
2025-11-12,ce,25614.375,3,2025-11-13 05:41:00-05:00,2025-11-13,5,1,from_above,-1,False,True,11.75,-67.25
2025-11-12,ce,25614.375,4,2025-11-13 06:06:00-05:00,2025-11-13,6,1,from_below,-1,False,True,66.5,-12.5
2025-11-12,ce,25614.375,5,2025-11-13 06:17:00-05:00,2025-11-13,6,1,from_above,-1,False,True,18.25,-58.75
2025-11-12,ce,25614.375,6,2025-11-13 07:44:00-05:00,2025-11-13,7,1,from_below,-1,False,True,108.25,-3.0
2025-11-13,h,25343.75,1,2025-11-17 03:20:00-05:00,2025-11-17,3,4,from_below,1,False,True,44.5,-20.25
2025-11-13,h,25343.75,2,2025-11-17 03:32:00-05:00,2025-11-17,3,4,from_below,1,False,True,41.5,-23.25
2025-11-13,h,25343.75,3,2025-11-17 03:45:00-05:00,2025-11-17,3,4,from_above,1,False,True,15.0,-83.0
2025-11-13,h,25343.75,4,2025-11-17 04:01:00-05:00,2025-11-17,4,4,from_above,1,False,True,20.75,-66.75
2025-11-13,h,25343.75,5,2025-11-26 11:35:00-05:00,2025-11-26,11,13,from_below,1,False,True,29.25,-33.25
2025-11-13,h,25343.75,6,2025-11-26 11:48:00-05:00,2025-11-26,11,13,from_above,1,False,True,23.25,-33.5
2025-11-13,l,25280.75,1,2025-11-14 12:10:00-05:00,2025-11-14,12,1,from_below,1,False,True,164.25,-8.0
2025-11-13,l,25280.75,2,2025-11-14 12:23:00-05:00,2025-11-14,12,1,from_below,1,False,True,139.75,-23.5
2025-11-13,l,25280.75,3,2025-11-14 12:38:00-05:00,2025-11-14,12,1,from_below,1,False,True,169.75,-1.75
2025-11-13,l,25280.75,4,2025-11-16 23:21:00-05:00,2025-11-16,23,3,from_below,1,False,True,22.75,-3.0
2025-11-13,l,25280.75,5,2025-11-16 23:36:00-05:00,2025-11-16,23,3,from_below,1,False,True,21.5,-8.5
2025-11-13,l,25280.75,6,2025-11-16 23:42:00-05:00,2025-11-16,23,3,from_below,1,False,True,25.25,-7.75
2025-11-13,ce,25312.25,1,2025-11-17 02:23:00-05:00,2025-11-17,2,4,from_below,1,False,True,11.5,-36.75
2025-11-13,ce,25312.25,2,2025-11-17 02:28:00-05:00,2025-11-17,2,4,from_above,1,False,True,32.5,-18.0
2025-11-13,ce,25312.25,3,2025-11-17 02:33:00-05:00,2025-11-17,2,4,from_above,1,False,True,31.25,-19.25
2025-11-13,ce,25312.25,4,2025-11-17 02:37:00-05:00,2025-11-17,2,4,from_above,1,False,True,41.25,-9.25
2025-11-13,ce,25312.25,5,2025-11-17 02:41:00-05:00,2025-11-17,2,4,from_above,1,False,True,44.0,-12.75
2025-11-13,ce,25312.25,6,2025-11-17 02:46:00-05:00,2025-11-17,2,4,from_above,1,False,True,44.0,-14.0
2025-11-14,h,24916.5,1,2025-11-17 13:57:00-05:00,2025-11-17,13,3,from_above,1,False,True,27.25,-155.25
2025-11-14,h,24916.5,2,2025-11-17 16:10:00-05:00,2025-11-17,16,3,from_below,1,False,True,38.25,-10.5
2025-11-14,h,24916.5,3,2025-11-17 18:00:00-05:00,2025-11-17,18,3,from_below,1,False,True,32.25,-40.25
2025-11-14,h,24916.5,4,2025-11-17 18:09:00-05:00,2025-11-17,18,3,from_above,1,False,True,25.75,-34.75
2025-11-14,h,24916.5,5,2025-11-17 18:24:00-05:00,2025-11-17,18,3,from_below,1,False,True,49.5,-29.25
2025-11-14,h,24916.5,6,2025-11-17 18:30:00-05:00,2025-11-17,18,3,from_above,1,False,True,23.0,-56.75
2025-11-14,l,24819.0,1,2025-11-17 14:34:00-05:00,2025-11-17,14,3,from_above,1,False,True,16.75,-98.75
2025-11-14,l,24819.0,2,2025-11-17 14:38:00-05:00,2025-11-17,14,3,from_above,1,False,True,24.5,-76.0
2025-11-14,l,24819.0,3,2025-11-17 14:44:00-05:00,2025-11-17,14,3,from_below,1,False,True,86.75,-4.75
2025-11-14,l,24819.0,4,2025-11-17 14:51:00-05:00,2025-11-17,14,3,from_below,1,False,True,70.25,-84.75
2025-11-14,l,24819.0,5,2025-11-17 15:46:00-05:00,2025-11-17,15,3,from_below,1,False,True,34.25,-94.5
2025-11-14,l,24819.0,6,2025-11-17 22:01:00-05:00,2025-11-17,22,3,from_above,1,False,True,15.25,-64.0
2025-11-14,ce,24867.75,1,2025-11-17 14:03:00-05:00,2025-11-17,14,3,from_above,1,False,True,54.5,-125.0
2025-11-14,ce,24867.75,2,2025-11-17 14:16:00-05:00,2025-11-17,14,3,from_above,1,False,True,18.0,-135.5
2025-11-14,ce,24867.75,3,2025-11-17 14:29:00-05:00,2025-11-17,14,3,from_below,1,False,True,135.75,-17.75
2025-11-14,ce,24867.75,4,2025-11-17 15:50:00-05:00,2025-11-17,15,3,from_below,1,False,True,45.5,-58.0
2025-11-14,ce,24867.75,5,2025-11-17 15:55:00-05:00,2025-11-17,15,3,from_below,1,False,True,49.0,-42.75
2025-11-14,ce,24867.75,6,2025-11-17 19:19:00-05:00,2025-11-17,19,3,from_above,1,False,True,71.5,-48.25
2025-11-17,h,25228.0,1,2025-11-20 08:31:00-05:00,2025-11-20,8,3,from_below,1,False,True,67.25,-42.75
2025-11-17,h,25228.0,2,2025-11-20 08:47:00-05:00,2025-11-20,8,3,from_below,1,False,True,79.75,-40.25
2025-11-17,h,25228.0,3,2025-11-20 08:55:00-05:00,2025-11-20,8,3,from_above,1,False,True,36.75,-86.25
2025-11-17,h,25228.0,4,2025-11-20 09:05:00-05:00,2025-11-20,9,3,from_above,1,False,True,68.0,-87.25
2025-11-17,h,25228.0,5,2025-11-20 09:18:00-05:00,2025-11-20,9,3,from_below,1,False,True,82.0,-73.25
2025-11-17,h,25228.0,6,2025-11-20 09:22:00-05:00,2025-11-20,9,3,from_below,1,False,True,82.5,-72.75
2025-11-17,l,25151.25,1,2025-11-19 19:32:00-05:00,2025-11-19,19,2,from_below,1,False,True,46.5,-12.5
2025-11-17,l,25151.25,2,2025-11-19 19:42:00-05:00,2025-11-19,19,2,from_below,1,False,True,44.0,-15.0
2025-11-17,l,25151.25,3,2025-11-19 19:46:00-05:00,2025-11-19,19,2,from_above,1,False,True,14.25,-42.25
2025-11-17,l,25151.25,4,2025-11-19 19:48:00-05:00,2025-11-19,19,2,from_below,1,False,True,46.0,-7.5
2025-11-17,l,25151.25,5,2025-11-19 20:28:00-05:00,2025-11-19,20,2,from_below,1,False,True,17.25,-27.25
2025-11-17,l,25151.25,6,2025-11-19 20:40:00-05:00,2025-11-19,20,2,from_below,1,False,True,12.25,-33.5
2025-11-17,ce,25189.625,1,2025-11-19 22:03:00-05:00,2025-11-19,22,2,from_below,1,False,True,49.75,-7.5
2025-11-17,ce,25189.625,2,2025-11-19 22:21:00-05:00,2025-11-19,22,2,from_below,1,False,True,48.25,-9.0
2025-11-17,ce,25189.625,3,2025-11-19 22:35:00-05:00,2025-11-19,22,2,from_below,1,False,True,44.0,-5.5
2025-11-17,ce,25189.625,4,2025-11-19 23:34:00-05:00,2025-11-19,23,2,from_below,1,False,True,17.75,-23.0
2025-11-17,ce,25189.625,5,2025-11-19 23:46:00-05:00,2025-11-19,23,2,from_below,1,False,True,18.0,-22.75
2025-11-17,ce,25189.625,6,2025-11-19 23:59:00-05:00,2025-11-19,23,2,from_below,1,False,True,32.0,-22.25
2025-11-18,h,24738.5,1,2025-11-19 09:43:00-05:00,2025-11-19,9,1,from_below,-1,True,True,25.25,-260.0
2025-11-18,h,24738.5,2,2025-11-19 11:05:00-05:00,2025-11-19,11,1,from_above,-1,True,True,39.75,-142.25
2025-11-18,h,24738.5,3,2025-11-19 11:15:00-05:00,2025-11-19,11,1,from_below,-1,True,True,132.0,-24.5
2025-11-18,h,24738.5,4,2025-11-19 11:20:00-05:00,2025-11-19,11,1,from_below,-1,True,True,135.0,-21.5
2025-11-18,h,24738.5,5,2025-11-19 11:23:00-05:00,2025-11-19,11,1,from_above,-1,True,True,33.0,-111.5
2025-11-18,h,24738.5,6,2025-11-19 15:16:00-05:00,2025-11-19,15,1,from_below,-1,True,True,82.75,-83.25
2025-11-18,l,24615.5,1,2025-11-19 02:11:00-05:00,2025-11-19,2,1,from_below,-1,True,True,43.75,-5.25
2025-11-18,l,24615.5,2,2025-11-19 02:18:00-05:00,2025-11-19,2,1,from_below,-1,True,True,33.25,-16.5
2025-11-18,l,24615.5,3,2025-11-19 02:39:00-05:00,2025-11-19,2,1,from_below,-1,True,True,35.25,-45.5
2025-11-18,l,24615.5,4,2025-11-19 02:41:00-05:00,2025-11-19,2,1,from_below,-1,True,True,44.5,-36.25
2025-11-18,l,24615.5,5,2025-11-19 02:47:00-05:00,2025-11-19,2,1,from_below,-1,True,True,45.25,-35.5
2025-11-18,l,24615.5,6,2025-11-19 02:51:00-05:00,2025-11-19,2,1,from_below,-1,True,True,41.5,-39.25
2025-11-18,ce,24677.0,1,2025-11-19 04:54:00-05:00,2025-11-19,4,1,from_below,-1,True,True,12.25,-33.5
2025-11-18,ce,24677.0,2,2025-11-19 05:12:00-05:00,2025-11-19,5,1,from_below,-1,True,False,6.5,-56.75
2025-11-18,ce,24677.0,3,2025-11-19 05:34:00-05:00,2025-11-19,5,1,from_above,-1,True,True,47.5,-7.5
2025-11-18,ce,24677.0,4,2025-11-19 05:48:00-05:00,2025-11-19,5,1,from_above,-1,True,True,52.0,-3.0
2025-11-18,ce,24677.0,5,2025-11-19 07:03:00-05:00,2025-11-19,7,1,from_above,-1,True,True,37.0,-12.75
2025-11-18,ce,24677.0,6,2025-11-19 07:08:00-05:00,2025-11-19,7,1,from_above,-1,True,True,38.25,-27.75
2025-11-19,h,24779.5,1,2025-11-20 11:38:00-05:00,2025-11-20,11,1,from_above,1,False,True,49.75,-472.75
2025-11-19,h,24779.5,2,2025-11-20 11:43:00-05:00,2025-11-20,11,1,from_below,1,False,True,483.0,-11.75
2025-11-19,h,24779.5,3,2025-11-20 11:49:00-05:00,2025-11-20,11,1,from_below,1,False,True,438.75,-56.0
2025-11-19,h,24779.5,4,2025-11-20 11:51:00-05:00,2025-11-20,11,1,from_below,1,False,True,483.75,-11.0
2025-11-19,h,24779.5,5,2025-11-24 10:36:00-05:00,2025-11-24,10,5,from_below,1,False,True,21.25,-112.75
2025-11-19,h,24779.5,6,2025-11-24 10:39:00-05:00,2025-11-24,10,5,from_below,1,False,True,31.5,-89.5
2025-11-19,l,24723.25,1,2025-11-20 11:45:00-05:00,2025-11-20,11,1,from_above,1,False,True,48.5,-446.25
2025-11-19,l,24723.25,2,2025-11-20 11:52:00-05:00,2025-11-20,11,1,from_above,1,False,True,76.25,-418.5
2025-11-19,l,24723.25,3,2025-11-24 09:35:00-05:00,2025-11-24,9,5,from_below,1,False,True,124.25,-71.0
2025-11-19,l,24723.25,4,2025-11-24 10:02:00-05:00,2025-11-24,10,5,from_below,1,False,True,67.0,-88.5
2025-11-19,l,24723.25,5,2025-11-24 10:07:00-05:00,2025-11-24,10,5,from_above,1,False,True,111.75,-67.0
2025-11-19,l,24723.25,6,2025-11-24 10:14:00-05:00,2025-11-24,10,5,from_below,1,False,True,53.0,-138.0
2025-11-19,ce,24751.375,1,2025-11-20 11:41:00-05:00,2025-11-20,11,1,from_above,1,False,True,41.25,-453.5
2025-11-19,ce,24751.375,2,2025-11-24 10:05:00-05:00,2025-11-24,10,5,from_below,1,False,True,96.5,-77.25
2025-11-19,ce,24751.375,3,2025-11-24 10:15:00-05:00,2025-11-24,10,5,from_below,1,False,True,55.75,-135.25
2025-11-19,ce,24751.375,4,2025-11-24 10:28:00-05:00,2025-11-24,10,5,from_below,1,False,True,30.5,-141.75
2025-11-19,ce,24751.375,5,2025-11-24 10:32:00-05:00,2025-11-24,10,5,from_below,1,False,True,12.75,-137.0
2025-11-19,ce,24751.375,6,2025-11-24 10:37:00-05:00,2025-11-24,10,5,from_above,1,False,True,121.5,-12.5
2025-11-20,h,25268.0,1,2025-11-26 09:32:00-05:00,2025-11-26,9,6,from_below,1,False,True,131.0,-15.75
2025-11-20,h,25268.0,2,2025-11-26 09:50:00-05:00,2025-11-26,9,6,from_below,1,False,True,136.75,-10.0
2025-11-20,h,25268.0,3,2025-11-26 10:59:00-05:00,2025-11-26,10,6,from_below,1,False,False,9.5,-107.5
2025-11-20,h,25268.0,4,2025-11-30 20:10:00-05:00,2025-11-30,20,10,from_above,1,False,True,52.25,-26.5
2025-11-20,h,25268.0,5,2025-11-30 21:48:00-05:00,2025-11-30,21,10,from_above,1,False,True,28.5,-32.0
2025-11-20,h,25268.0,6,2025-11-30 21:52:00-05:00,2025-11-30,21,10,from_above,1,False,True,28.5,-32.0
2025-11-20,l,25170.0,1,2025-11-25 20:45:00-05:00,2025-11-25,20,5,from_below,1,False,True,13.25,-15.75
2025-11-20,l,25170.0,2,2025-11-25 20:58:00-05:00,2025-11-25,20,5,from_below,1,False,True,14.25,-14.5
2025-11-20,l,25170.0,3,2025-11-25 21:10:00-05:00,2025-11-25,21,5,from_below,1,False,True,10.25,-31.0
2025-11-20,l,25170.0,4,2025-11-25 21:15:00-05:00,2025-11-25,21,5,from_below,1,False,True,14.0,-27.25
2025-11-20,l,25170.0,5,2025-11-25 21:30:00-05:00,2025-11-25,21,5,from_below,1,False,False,6.5,-28.5
2025-11-20,l,25170.0,6,2025-11-25 21:41:00-05:00,2025-11-25,21,5,from_above,1,False,True,19.25,-10.75
2025-11-20,ce,25219.0,1,2025-11-26 01:48:00-05:00,2025-11-26,1,6,from_below,1,False,False,7.0,-20.5
2025-11-20,ce,25219.0,2,2025-11-26 02:00:00-05:00,2025-11-26,2,6,from_below,1,False,True,19.5,-19.5
2025-11-20,ce,25219.0,3,2025-11-26 02:06:00-05:00,2025-11-26,2,6,from_below,1,False,True,18.0,-23.25
2025-11-20,ce,25219.0,4,2025-11-26 02:10:00-05:00,2025-11-26,2,6,from_below,1,False,True,27.75,-21.5
2025-11-20,ce,25219.0,5,2025-11-26 02:13:00-05:00,2025-11-26,2,6,from_below,1,False,True,34.5,-19.75
2025-11-20,ce,25219.0,6,2025-11-26 02:23:00-05:00,2025-11-26,2,6,from_below,1,False,True,36.75,-17.5
2025-11-24,h,24690.0,1,2025-11-25 09:45:00-05:00,2025-11-25,9,1,from_above,-1,True,True,181.0,-86.5
2025-11-24,h,24690.0,2,2025-11-25 09:51:00-05:00,2025-11-25,9,1,from_below,-1,True,True,43.0,-182.25
2025-11-24,h,24690.0,3,2025-11-25 10:03:00-05:00,2025-11-25,10,1,from_above,-1,True,True,193.25,-26.25
2025-11-24,l,24611.5,1,2025-11-25 09:50:00-05:00,2025-11-25,9,1,from_above,-1,True,True,221.0,-50.5
2025-11-24,ce,24650.75,1,2025-11-25 09:48:00-05:00,2025-11-25,9,1,from_above,-1,True,True,225.25,-46.25
2025-11-26,h,25265.0,1,2025-11-30 20:10:00-05:00,2025-11-30,20,4,from_above,1,False,True,52.25,-26.5
2025-11-26,h,25265.0,2,2025-11-30 22:10:00-05:00,2025-11-30,22,4,from_above,1,False,True,14.25,-22.0
2025-11-26,h,25265.0,3,2025-11-30 22:16:00-05:00,2025-11-30,22,4,from_below,1,False,True,17.0,-16.5
2025-11-26,h,25265.0,4,2025-11-30 22:45:00-05:00,2025-11-30,22,4,from_below,1,False,True,19.5,-8.75
2025-11-26,h,25265.0,5,2025-11-30 22:58:00-05:00,2025-11-30,22,4,from_below,1,False,True,35.75,-3.0
2025-11-26,h,25265.0,6,2025-11-30 23:02:00-05:00,2025-11-30,23,4,from_below,1,False,True,40.0,-4.75
2025-11-26,l,25232.75,1,2025-11-30 23:55:00-05:00,2025-11-30,23,4,from_above,1,False,False,9.0,-38.75
2025-11-26,l,25232.75,2,2025-12-01 00:48:00-05:00,2025-12-01,0,5,from_below,1,False,False,2.5,-42.5
2025-11-26,l,25232.75,3,2025-12-01 01:05:00-05:00,2025-12-01,1,5,from_above,1,False,True,42.0,-2.0
2025-11-26,l,25232.75,4,2025-12-01 07:33:00-05:00,2025-12-01,7,5,from_above,1,False,True,28.75,-22.25
2025-11-26,l,25232.75,5,2025-12-01 07:36:00-05:00,2025-12-01,7,5,from_above,1,False,True,19.75,-31.25
2025-11-26,l,25232.75,6,2025-12-01 07:43:00-05:00,2025-12-01,7,5,from_above,1,False,True,25.5,-25.5
2025-11-26,ce,25248.875,1,2025-11-30 22:14:00-05:00,2025-11-30,22,4,from_above,1,False,True,20.75,-12.75
2025-11-26,ce,25248.875,2,2025-11-30 22:21:00-05:00,2025-11-30,22,4,from_above,1,False,True,20.25,-13.25
2025-11-26,ce,25248.875,3,2025-11-30 22:30:00-05:00,2025-11-30,22,4,from_above,1,False,True,17.75,-15.75
2025-11-26,ce,25248.875,4,2025-11-30 22:32:00-05:00,2025-11-30,22,4,from_above,1,False,True,17.75,-15.75
2025-11-26,ce,25248.875,5,2025-11-30 22:37:00-05:00,2025-11-30,22,4,from_below,1,False,False,9.75,-23.75
2025-11-26,ce,25248.875,6,2025-11-30 22:40:00-05:00,2025-11-30,22,4,from_below,1,False,False,8.0,-20.25
2025-11-27,h,25300.25,1,2025-11-30 20:00:00-05:00,2025-11-30,20,3,from_above,-1,False,True,41.75,-37.0
2025-11-27,h,25300.25,2,2025-11-30 20:08:00-05:00,2025-11-30,20,3,from_above,-1,False,True,38.25,-40.5
2025-11-27,h,25300.25,3,2025-11-30 20:30:00-05:00,2025-11-30,20,3,from_above,-1,False,True,37.5,-26.0
2025-11-27,h,25300.25,4,2025-11-30 20:35:00-05:00,2025-11-30,20,3,from_above,-1,False,True,42.0,-21.5
2025-11-27,h,25300.25,5,2025-11-30 21:07:00-05:00,2025-11-30,21,3,from_above,-1,False,True,11.5,-37.0
2025-11-27,h,25300.25,6,2025-11-30 21:16:00-05:00,2025-11-30,21,3,from_above,-1,False,False,8.25,-59.75
2025-11-27,l,25295.0,1,2025-11-30 20:00:00-05:00,2025-11-30,20,3,from_above,-1,False,True,41.75,-37.0
2025-11-27,l,25295.0,2,2025-11-30 20:09:00-05:00,2025-11-30,20,3,from_above,-1,False,True,47.75,-31.0
2025-11-27,l,25295.0,3,2025-11-30 20:39:00-05:00,2025-11-30,20,3,from_above,-1,False,True,42.75,-23.0
2025-11-27,l,25295.0,4,2025-11-30 21:18:00-05:00,2025-11-30,21,3,from_above,-1,False,True,12.0,-56.0
2025-11-27,l,25295.0,5,2025-11-30 21:27:00-05:00,2025-11-30,21,3,from_below,-1,False,True,54.25,-17.0
2025-11-27,l,25295.0,6,2025-11-30 21:37:00-05:00,2025-11-30,21,3,from_above,-1,False,True,15.25,-46.0
2025-11-27,ce,25297.625,1,2025-11-30 20:00:00-05:00,2025-11-30,20,3,from_above,-1,False,True,41.75,-37.0
2025-11-27,ce,25297.625,2,2025-11-30 20:09:00-05:00,2025-11-30,20,3,from_above,-1,False,True,47.75,-31.0
2025-11-27,ce,25297.625,3,2025-11-30 20:31:00-05:00,2025-11-30,20,3,from_above,-1,False,True,32.25,-31.25
2025-11-27,ce,25297.625,4,2025-11-30 20:37:00-05:00,2025-11-30,20,3,from_above,-1,False,True,40.0,-23.5
2025-11-27,ce,25297.625,5,2025-11-30 20:39:00-05:00,2025-11-30,20,3,from_above,-1,False,True,42.75,-23.0
2025-11-27,ce,25297.625,6,2025-11-30 21:17:00-05:00,2025-11-30,21,3,from_above,-1,False,False,9.0,-59.0
2025-11-28,h,25395.25,1,2025-11-30 19:20:00-05:00,2025-11-30,19,2,from_above,1,False,True,12.5,-130.75
2025-11-28,h,25395.25,2,2025-11-30 19:30:00-05:00,2025-11-30,19,2,from_below,1,False,True,125.0,-5.5
2025-11-28,h,25395.25,3,2025-12-01 10:52:00-05:00,2025-12-01,10,3,from_below,1,False,True,83.5,-44.75
2025-11-28,h,25395.25,4,2025-12-01 10:55:00-05:00,2025-12-01,10,3,from_above,1,False,True,42.25,-86.0
2025-11-28,h,25395.25,5,2025-12-01 11:05:00-05:00,2025-12-01,11,3,from_above,1,False,True,61.5,-75.75
2025-11-28,h,25395.25,6,2025-12-01 11:30:00-05:00,2025-12-01,11,3,from_below,1,False,True,14.25,-74.75
2025-11-28,l,25341.75,1,2025-11-30 19:44:00-05:00,2025-11-30,19,2,from_above,1,False,False,6.0,-81.25
2025-11-28,l,25341.75,2,2025-11-30 19:50:00-05:00,2025-11-30,19,2,from_below,1,False,True,65.5,-12.75
2025-11-28,l,25341.75,3,2025-11-30 20:49:00-05:00,2025-11-30,20,2,from_below,1,False,True,69.0,-7.75
2025-11-28,l,25341.75,4,2025-12-01 03:19:00-05:00,2025-12-01,3,3,from_below,1,False,True,36.75,-8.25
2025-11-28,l,25341.75,5,2025-12-01 03:21:00-05:00,2025-12-01,3,3,from_below,1,False,True,40.5,-4.5
2025-11-28,l,25341.75,6,2025-12-01 04:09:00-05:00,2025-12-01,4,3,from_below,1,False,True,67.25,-1.75
2025-11-28,ce,25368.5,1,2025-11-30 19:25:00-05:00,2025-11-30,19,2,from_above,1,False,True,27.0,-103.5
2025-11-28,ce,25368.5,2,2025-11-30 19:38:00-05:00,2025-11-30,19,2,from_above,1,False,True,10.75,-102.25
2025-11-28,ce,25368.5,3,2025-12-01 09:56:00-05:00,2025-12-01,9,3,from_below,1,False,True,93.75,-56.0
2025-11-28,ce,25368.5,4,2025-12-01 10:00:00-05:00,2025-12-01,10,3,from_below,1,False,True,104.75,-48.75
2025-11-28,ce,25368.5,5,2025-12-01 10:07:00-05:00,2025-12-01,10,3,from_below,1,False,True,98.25,-55.25
2025-11-28,ce,25368.5,6,2025-12-01 10:17:00-05:00,2025-12-01,10,3,from_below,1,False,True,90.5,-63.0
2025-12-01,h,25330.0,1,2025-12-02 03:08:00-05:00,2025-12-02,3,1,from_above,1,False,True,100.75,-9.75
2025-12-01,h,25330.0,2,2025-12-12 10:28:00-05:00,2025-12-12,10,11,from_above,1,False,True,70.0,-197.75
2025-12-01,h,25330.0,3,2025-12-12 10:31:00-05:00,2025-12-12,10,11,from_below,1,False,True,210.25,-57.5
2025-12-01,h,25330.0,4,2025-12-12 10:35:00-05:00,2025-12-12,10,11,from_above,1,False,True,74.5,-193.25
2025-12-01,h,25330.0,5,2025-12-12 10:54:00-05:00,2025-12-12,10,11,from_above,1,False,True,21.0,-212.5
2025-12-01,h,25330.0,6,2025-12-12 13:12:00-05:00,2025-12-12,13,11,from_below,1,False,True,93.25,-20.75
2025-12-01,l,25237.0,1,2025-12-12 10:58:00-05:00,2025-12-12,10,11,from_above,1,False,True,83.75,-114.5
2025-12-01,l,25237.0,2,2025-12-12 11:02:00-05:00,2025-12-12,11,11,from_above,1,False,True,25.75,-109.5
2025-12-01,l,25237.0,3,2025-12-12 11:08:00-05:00,2025-12-12,11,11,from_below,1,False,True,85.0,-57.25
2025-12-01,l,25237.0,4,2025-12-12 12:06:00-05:00,2025-12-12,12,11,from_below,1,False,True,47.25,-69.75
2025-12-01,l,25237.0,5,2025-12-12 12:09:00-05:00,2025-12-12,12,11,from_above,1,False,True,77.75,-39.25
2025-12-01,l,25237.0,6,2025-12-12 12:26:00-05:00,2025-12-12,12,11,from_above,1,False,True,136.5,-39.0
2025-12-01,ce,25283.5,1,2025-12-12 10:58:00-05:00,2025-12-12,10,11,from_above,1,False,True,83.75,-114.5
2025-12-01,ce,25283.5,2,2025-12-12 12:17:00-05:00,2025-12-12,12,11,from_below,1,False,True,89.0,-86.5
2025-12-01,ce,25283.5,3,2025-12-12 12:21:00-05:00,2025-12-12,12,11,from_above,1,False,True,81.75,-93.75
2025-12-01,ce,25283.5,4,2025-12-12 12:40:00-05:00,2025-12-12,12,11,from_below,1,False,True,19.75,-86.0
2025-12-01,ce,25283.5,5,2025-12-12 12:45:00-05:00,2025-12-12,12,11,from_below,1,False,True,20.25,-85.5
2025-12-01,ce,25283.5,6,2025-12-12 12:50:00-05:00,2025-12-12,12,11,from_above,1,False,True,87.5,-18.25
2025-12-02,h,25604.25,1,2025-12-03 05:50:00-05:00,2025-12-03,5,1,from_above,-1,False,True,31.25,-4.75
2025-12-02,h,25604.25,2,2025-12-03 09:01:00-05:00,2025-12-03,9,1,from_above,-1,False,True,40.25,-176.0
2025-12-02,h,25604.25,3,2025-12-03 10:46:00-05:00,2025-12-03,10,1,from_below,-1,False,True,78.0,-23.25
2025-12-02,h,25604.25,4,2025-12-03 11:33:00-05:00,2025-12-03,11,1,from_below,-1,False,True,79.75,-23.25
2025-12-02,h,25604.25,5,2025-12-03 11:40:00-05:00,2025-12-03,11,1,from_above,-1,False,True,20.5,-82.5
2025-12-02,h,25604.25,6,2025-12-03 11:45:00-05:00,2025-12-03,11,1,from_above,-1,False,True,31.5,-71.5
2025-12-02,l,25566.5,1,2025-12-03 09:02:00-05:00,2025-12-03,9,1,from_above,-1,False,True,33.75,-145.25
2025-12-02,l,25566.5,2,2025-12-03 10:03:00-05:00,2025-12-03,10,1,from_below,-1,False,True,68.0,-39.25
2025-12-02,l,25566.5,3,2025-12-03 10:33:00-05:00,2025-12-03,10,1,from_below,-1,False,True,44.5,-46.25
2025-12-02,l,25566.5,4,2025-12-03 10:38:00-05:00,2025-12-03,10,1,from_above,-1,False,True,61.75,-39.5
2025-12-02,l,25566.5,5,2025-12-03 10:42:00-05:00,2025-12-03,10,1,from_above,-1,False,True,39.5,-61.75
2025-12-02,l,25566.5,6,2025-12-03 10:53:00-05:00,2025-12-03,10,1,from_above,-1,False,True,52.75,-48.5
2025-12-02,ce,25585.375,1,2025-12-03 09:02:00-05:00,2025-12-03,9,1,from_above,-1,False,True,33.75,-145.25
2025-12-02,ce,25585.375,2,2025-12-03 10:35:00-05:00,2025-12-03,10,1,from_below,-1,False,True,67.25,-25.75
2025-12-02,ce,25585.375,3,2025-12-03 10:40:00-05:00,2025-12-03,10,1,from_below,-1,False,True,63.75,-37.5
2025-12-02,ce,25585.375,4,2025-12-03 10:45:00-05:00,2025-12-03,10,1,from_above,-1,False,True,26.25,-75.0
2025-12-02,ce,25585.375,5,2025-12-03 10:47:00-05:00,2025-12-03,10,1,from_above,-1,False,True,32.75,-68.5
2025-12-02,ce,25585.375,6,2025-12-03 10:50:00-05:00,2025-12-03,10,1,from_above,-1,False,True,38.25,-63.0
2025-12-03,h,25505.0,1,2025-12-04 11:06:00-05:00,2025-12-04,11,1,from_above,-1,True,True,126.0,-23.0
2025-12-03,h,25505.0,2,2025-12-04 14:21:00-05:00,2025-12-04,14,1,from_above,-1,True,True,97.25,-27.0
2025-12-03,h,25505.0,3,2025-12-10 22:02:00-05:00,2025-12-10,22,7,from_above,-1,True,True,36.75,-105.75
2025-12-03,h,25505.0,4,2025-12-10 23:06:00-05:00,2025-12-10,23,7,from_below,-1,True,True,14.25,-25.75
2025-12-03,h,25505.0,5,2025-12-10 23:22:00-05:00,2025-12-10,23,7,from_above,-1,True,True,19.5,-14.75
2025-12-03,h,25505.0,6,2025-12-10 23:37:00-05:00,2025-12-10,23,7,from_below,-1,True,True,17.0,-25.25
2025-12-03,l,25461.5,1,2025-12-10 22:04:00-05:00,2025-12-10,22,7,from_above,-1,True,True,41.75,-74.25
2025-12-03,l,25461.5,2,2025-12-10 22:20:00-05:00,2025-12-10,22,7,from_below,-1,True,True,22.5,-76.5
2025-12-03,l,25461.5,3,2025-12-10 22:23:00-05:00,2025-12-10,22,7,from_below,-1,True,True,37.25,-61.75
2025-12-03,l,25461.5,4,2025-12-10 22:27:00-05:00,2025-12-10,22,7,from_above,-1,True,True,63.75,-35.25
2025-12-03,l,25461.5,5,2025-12-10 22:30:00-05:00,2025-12-10,22,7,from_above,-1,True,True,77.5,-21.5
2025-12-03,l,25461.5,6,2025-12-10 22:36:00-05:00,2025-12-10,22,7,from_below,-1,True,True,21.25,-68.5
2025-12-03,ce,25483.25,1,2025-12-10 22:02:00-05:00,2025-12-10,22,7,from_above,-1,True,True,36.75,-105.75
2025-12-03,ce,25483.25,2,2025-12-10 22:48:00-05:00,2025-12-10,22,7,from_below,-1,True,True,19.5,-47.5
2025-12-03,ce,25483.25,3,2025-12-10 22:52:00-05:00,2025-12-10,22,7,from_above,-1,True,True,51.0,-16.0
2025-12-03,ce,25483.25,4,2025-12-10 22:57:00-05:00,2025-12-10,22,7,from_below,-1,True,False,7.5,-51.75
2025-12-03,ce,25483.25,5,2025-12-11 00:30:00-05:00,2025-12-11,0,8,from_above,-1,True,True,28.75,-24.5
2025-12-03,ce,25483.25,6,2025-12-11 00:32:00-05:00,2025-12-11,0,8,from_above,-1,True,True,35.5,-17.75
2025-12-04,h,25609.0,1,2025-12-05 08:42:00-05:00,2025-12-05,8,1,from_above,-1,False,True,167.5,-31.25
2025-12-04,h,25609.0,2,2025-12-05 08:54:00-05:00,2025-12-05,8,1,from_below,-1,False,True,16.75,-182.25
2025-12-04,h,25609.0,3,2025-12-05 08:58:00-05:00,2025-12-05,8,1,from_above,-1,False,True,193.75,-2.75
2025-12-04,h,25609.0,4,2025-12-08 12:02:00-05:00,2025-12-08,12,4,from_above,-1,False,True,88.75,-14.0
2025-12-04,h,25609.0,5,2025-12-08 12:25:00-05:00,2025-12-08,12,4,from_above,-1,False,True,84.25,-18.5
2025-12-04,h,25609.0,6,2025-12-08 13:34:00-05:00,2025-12-08,13,4,from_above,-1,False,True,29.25,-48.5
2025-12-04,l,25570.0,1,2025-12-08 13:58:00-05:00,2025-12-08,13,4,from_above,-1,False,True,48.0,-10.75
2025-12-04,l,25570.0,2,2025-12-08 14:03:00-05:00,2025-12-08,14,4,from_above,-1,False,True,44.5,-10.75
2025-12-04,l,25570.0,3,2025-12-09 09:31:00-05:00,2025-12-09,9,5,from_above,-1,False,True,87.0,-23.0
2025-12-04,l,25570.0,4,2025-12-10 09:36:00-05:00,2025-12-10,9,6,from_above,-1,False,True,89.0,-17.0
2025-12-04,l,25570.0,5,2025-12-10 10:38:00-05:00,2025-12-10,10,6,from_above,-1,False,True,74.5,-51.0
2025-12-04,l,25570.0,6,2025-12-10 10:40:00-05:00,2025-12-10,10,6,from_above,-1,False,True,74.75,-50.75
2025-12-04,ce,25589.5,1,2025-12-05 08:47:00-05:00,2025-12-05,8,1,from_above,-1,False,True,191.0,-7.75
2025-12-04,ce,25589.5,2,2025-12-08 13:56:00-05:00,2025-12-08,13,4,from_above,-1,False,True,29.5,-29.25
2025-12-04,ce,25589.5,3,2025-12-08 14:04:00-05:00,2025-12-08,14,4,from_below,-1,False,True,11.75,-37.0
2025-12-04,ce,25589.5,4,2025-12-08 14:07:00-05:00,2025-12-08,14,4,from_below,-1,False,True,14.0,-34.75
2025-12-04,ce,25589.5,5,2025-12-08 14:15:00-05:00,2025-12-08,14,4,from_below,-1,False,False,6.0,-37.0
2025-12-04,ce,25589.5,6,2025-12-08 14:24:00-05:00,2025-12-08,14,4,from_above,-1,False,True,29.5,-10.5
2025-12-05,h,25753.5,1,2025-12-07 18:00:00-05:00,2025-12-07,18,2,unknown,1,False,False,,
2025-12-05,h,25753.5,2,2025-12-07 18:21:00-05:00,2025-12-07,18,2,from_below,1,False,True,52.0,-4.5
2025-12-05,h,25753.5,3,2025-12-07 18:24:00-05:00,2025-12-07,18,2,from_below,1,False,True,48.5,-8.0
2025-12-05,h,25753.5,4,2025-12-07 18:31:00-05:00,2025-12-07,18,2,from_below,1,False,True,46.25,-10.25
2025-12-05,h,25753.5,5,2025-12-07 18:34:00-05:00,2025-12-07,18,2,from_below,1,False,True,49.25,-7.25
2025-12-05,h,25753.5,6,2025-12-07 18:47:00-05:00,2025-12-07,18,2,from_below,1,False,True,49.0,-4.75
2025-12-05,l,25707.0,1,2025-12-07 19:01:00-05:00,2025-12-07,19,2,from_above,1,False,True,29.5,-22.25
2025-12-05,l,25707.0,2,2025-12-07 19:03:00-05:00,2025-12-07,19,2,from_above,1,False,True,37.75,-17.5
2025-12-05,l,25707.0,3,2025-12-07 19:08:00-05:00,2025-12-07,19,2,from_above,1,False,True,53.75,-11.25
2025-12-05,l,25707.0,4,2025-12-07 19:10:00-05:00,2025-12-07,19,2,from_above,1,False,True,56.0,-9.0
2025-12-05,l,25707.0,5,2025-12-08 10:23:00-05:00,2025-12-08,10,3,from_above,1,False,True,20.0,-82.0
2025-12-05,l,25707.0,6,2025-12-08 10:28:00-05:00,2025-12-08,10,3,from_below,1,False,True,68.75,-33.25
2025-12-05,ce,25730.25,1,2025-12-07 18:01:00-05:00,2025-12-07,18,2,from_above,1,False,True,15.75,-32.25
2025-12-05,ce,25730.25,2,2025-12-07 18:04:00-05:00,2025-12-07,18,2,from_above,1,False,True,18.0,-30.25
2025-12-05,ce,25730.25,3,2025-12-07 18:13:00-05:00,2025-12-07,18,2,from_above,1,False,True,24.0,-32.5
2025-12-05,ce,25730.25,4,2025-12-07 18:19:00-05:00,2025-12-07,18,2,from_above,1,False,True,20.25,-36.25
2025-12-05,ce,25730.25,5,2025-12-07 19:00:00-05:00,2025-12-07,19,2,from_above,1,False,True,20.0,-30.5
2025-12-05,ce,25730.25,6,2025-12-07 19:23:00-05:00,2025-12-07,19,2,from_below,1,False,True,16.25,-30.5
2025-12-08,h,25807.5,1,2025-12-10 14:54:00-05:00,2025-12-10,14,2,from_below,-1,False,False,8.25,-84.75
2025-12-08,h,25807.5,2,2025-12-10 15:00:00-05:00,2025-12-10,15,2,from_above,-1,False,True,69.5,-12.25
2025-12-08,h,25807.5,3,2025-12-10 15:57:00-05:00,2025-12-10,15,2,from_above,-1,False,True,11.25,-55.75
2025-12-08,h,25807.5,4,2025-12-10 16:05:00-05:00,2025-12-10,16,2,from_below,-1,False,True,31.0,-28.0
2025-12-08,h,25807.5,5,2025-12-10 16:46:00-05:00,2025-12-10,16,2,from_below,-1,False,True,21.75,-0.25
2025-12-08,h,25807.5,6,2025-12-11 16:15:00-05:00,2025-12-11,16,3,from_below,-1,False,True,75.75,-42.75
2025-12-08,l,25722.0,1,2025-12-09 12:03:00-05:00,2025-12-09,12,1,from_below,-1,False,True,38.0,-6.0
2025-12-08,l,25722.0,2,2025-12-09 12:07:00-05:00,2025-12-09,12,1,from_above,-1,False,False,9.25,-33.0
2025-12-08,l,25722.0,3,2025-12-09 12:14:00-05:00,2025-12-09,12,1,from_below,-1,False,True,31.75,-7.25
2025-12-08,l,25722.0,4,2025-12-09 13:02:00-05:00,2025-12-09,13,1,from_below,-1,False,True,29.75,-18.25
2025-12-08,l,25722.0,5,2025-12-09 13:15:00-05:00,2025-12-09,13,1,from_below,-1,False,True,31.0,-17.0
2025-12-08,l,25722.0,6,2025-12-09 13:19:00-05:00,2025-12-09,13,1,from_above,-1,False,True,10.75,-37.25
2025-12-08,ce,25764.75,1,2025-12-10 14:35:00-05:00,2025-12-10,14,2,from_below,-1,False,True,160.25,-99.5
2025-12-08,ce,25764.75,2,2025-12-10 14:52:00-05:00,2025-12-10,14,2,from_below,-1,False,True,28.25,-108.0
2025-12-08,ce,25764.75,3,2025-12-10 16:08:00-05:00,2025-12-10,16,2,from_above,-1,False,True,45.75,-11.5
2025-12-08,ce,25764.75,4,2025-12-10 18:03:00-05:00,2025-12-10,18,2,from_above,-1,False,True,12.5,-58.0
2025-12-08,ce,25764.75,5,2025-12-11 16:15:00-05:00,2025-12-11,16,3,from_below,-1,False,True,75.75,-42.75
2025-12-08,ce,25764.75,6,2025-12-22 09:05:00-05:00,2025-12-22,9,14,from_below,-1,False,True,92.75,-31.25
2025-12-09,h,25635.0,1,2025-12-10 05:29:00-05:00,2025-12-10,5,1,from_above,1,False,True,60.25,-17.0
2025-12-09,h,25635.0,2,2025-12-10 07:05:00-05:00,2025-12-10,7,1,from_above,1,False,True,18.5,-9.25
2025-12-09,h,25635.0,3,2025-12-10 07:16:00-05:00,2025-12-10,7,1,from_above,1,False,True,33.25,-8.0
2025-12-09,h,25635.0,4,2025-12-10 07:19:00-05:00,2025-12-10,7,1,from_above,1,False,True,35.0,-8.75
2025-12-09,h,25635.0,5,2025-12-10 07:23:00-05:00,2025-12-10,7,1,from_above,1,False,True,64.0,-9.75
2025-12-09,h,25635.0,6,2025-12-10 07:39:00-05:00,2025-12-10,7,1,from_above,1,False,True,83.75,-6.75
2025-12-09,l,25595.75,1,2025-12-10 09:35:00-05:00,2025-12-10,9,1,from_above,1,False,True,90.75,-15.25
2025-12-09,l,25595.75,2,2025-12-10 09:37:00-05:00,2025-12-10,9,1,from_below,1,False,True,49.75,-49.5
2025-12-09,l,25595.75,3,2025-12-10 09:55:00-05:00,2025-12-10,9,1,from_above,1,False,True,64.5,-42.0
2025-12-09,l,25595.75,4,2025-12-10 10:35:00-05:00,2025-12-10,10,1,from_above,1,False,True,51.25,-74.25
2025-12-09,l,25595.75,5,2025-12-10 10:42:00-05:00,2025-12-10,10,1,from_below,1,False,True,69.0,-56.5
2025-12-09,l,25595.75,6,2025-12-10 10:47:00-05:00,2025-12-10,10,1,from_below,1,False,True,67.75,-57.75
2025-12-09,ce,25615.375,1,2025-12-10 05:30:00-05:00,2025-12-10,5,1,from_above,1,False,True,69.0,-8.25
2025-12-09,ce,25615.375,2,2025-12-10 09:32:00-05:00,2025-12-10,9,1,from_above,1,False,True,48.75,-57.25
2025-12-09,ce,25615.375,3,2025-12-10 09:37:00-05:00,2025-12-10,9,1,from_below,1,False,True,49.75,-49.5
2025-12-09,ce,25615.375,4,2025-12-10 09:40:00-05:00,2025-12-10,9,1,from_above,1,False,True,43.5,-66.25
2025-12-09,ce,25615.375,5,2025-12-10 09:53:00-05:00,2025-12-10,9,1,from_above,1,False,True,33.5,-60.0
2025-12-09,ce,25615.375,6,2025-12-10 09:57:00-05:00,2025-12-10,9,1,from_below,1,False,True,61.5,-45.0
2025-12-10,h,25673.0,1,2025-12-11 07:22:00-05:00,2025-12-11,7,1,from_below,-1,True,False,7.25,-29.0
2025-12-10,h,25673.0,2,2025-12-11 08:06:00-05:00,2025-12-11,8,1,from_above,-1,True,True,16.25,-36.0
2025-12-10,h,25673.0,3,2025-12-11 08:12:00-05:00,2025-12-11,8,1,from_below,-1,True,True,38.75,-13.5
2025-12-10,h,25673.0,4,2025-12-11 08:20:00-05:00,2025-12-11,8,1,from_above,-1,True,False,7.5,-40.0
2025-12-10,h,25673.0,5,2025-12-11 09:11:00-05:00,2025-12-11,9,1,from_below,-1,True,True,279.25,-11.25
2025-12-10,h,25673.0,6,2025-12-11 09:21:00-05:00,2025-12-11,9,1,from_below,-1,True,True,282.5,-8.0
2025-12-10,l,25630.5,1,2025-12-11 06:50:00-05:00,2025-12-11,6,1,from_below,-1,True,False,5.0,-78.5
2025-12-10,l,25630.5,2,2025-12-11 06:57:00-05:00,2025-12-11,6,1,from_below,-1,True,False,8.75,-74.75
2025-12-10,l,25630.5,3,2025-12-11 07:03:00-05:00,2025-12-11,7,1,from_below,-1,True,False,7.25,-71.75
2025-12-10,l,25630.5,4,2025-12-11 08:42:00-05:00,2025-12-11,8,1,from_above,-1,True,True,44.5,-80.5
2025-12-10,l,25630.5,5,2025-12-11 09:30:00-05:00,2025-12-11,9,1,from_above,-1,True,True,56.75,-202.75
2025-12-10,l,25630.5,6,2025-12-11 09:38:00-05:00,2025-12-11,9,1,from_below,-1,True,True,214.0,-25.75
2025-12-10,ce,25651.75,1,2025-12-11 07:16:00-05:00,2025-12-11,7,1,from_below,-1,True,False,5.25,-54.0
2025-12-10,ce,25651.75,2,2025-12-11 07:19:00-05:00,2025-12-11,7,1,from_below,-1,True,True,14.5,-44.75
2025-12-10,ce,25651.75,3,2025-12-11 08:31:00-05:00,2025-12-11,8,1,from_above,-1,True,True,27.0,-77.75
2025-12-10,ce,25651.75,4,2025-12-11 08:46:00-05:00,2025-12-11,8,1,from_below,-1,True,True,104.75,-33.25
2025-12-10,ce,25651.75,5,2025-12-11 08:49:00-05:00,2025-12-11,8,1,from_below,-1,True,True,164.75,-32.5
2025-12-10,ce,25651.75,6,2025-12-11 08:55:00-05:00,2025-12-11,8,1,from_above,-1,True,True,26.25,-227.0
2025-12-11,h,25591.25,1,2025-12-12 04:29:00-05:00,2025-12-12,4,1,from_above,-1,False,True,31.25,-28.25
2025-12-11,h,25591.25,2,2025-12-12 04:35:00-05:00,2025-12-12,4,1,from_below,-1,False,True,28.5,-31.0
2025-12-11,h,25591.25,3,2025-12-12 04:50:00-05:00,2025-12-12,4,1,from_below,-1,False,True,28.25,-28.5
2025-12-11,h,25591.25,4,2025-12-12 04:56:00-05:00,2025-12-12,4,1,from_below,-1,False,True,22.75,-34.0
2025-12-11,h,25591.25,5,2025-12-12 04:58:00-05:00,2025-12-12,4,1,from_below,-1,False,True,25.0,-31.75
2025-12-11,h,25591.25,6,2025-12-12 05:01:00-05:00,2025-12-12,5,1,from_below,-1,False,True,17.5,-39.25
2025-12-11,l,25483.5,1,2025-12-12 10:04:00-05:00,2025-12-12,10,1,from_above,-1,False,True,27.0,-311.5
2025-12-11,l,25483.5,2,2025-12-31 15:10:00-05:00,2025-12-31,15,20,from_above,-1,False,True,25.75,-48.25
2025-12-11,l,25483.5,3,2025-12-31 15:21:00-05:00,2025-12-31,15,20,from_above,-1,False,True,31.0,-43.0
2025-12-11,l,25483.5,4,2025-12-31 15:27:00-05:00,2025-12-31,15,20,from_above,-1,False,True,31.75,-42.25
2025-12-11,l,25483.5,5,2025-12-31 15:30:00-05:00,2025-12-31,15,20,from_below,-1,False,True,47.25,-26.75
2025-12-11,l,25483.5,6,2025-12-31 15:49:00-05:00,2025-12-31,15,20,from_above,-1,False,True,17.75,-46.75
2025-12-11,ce,25537.375,1,2025-12-12 06:48:00-05:00,2025-12-12,6,1,from_above,-1,False,True,43.25,-7.5
2025-12-11,ce,25537.375,2,2025-12-12 06:54:00-05:00,2025-12-12,6,1,from_above,-1,False,True,48.75,-7.75
2025-12-11,ce,25537.375,3,2025-12-12 07:01:00-05:00,2025-12-12,7,1,from_above,-1,False,True,49.5,-9.0
2025-12-11,ce,25537.375,4,2025-12-12 07:03:00-05:00,2025-12-12,7,1,from_above,-1,False,True,44.5,-14.0
2025-12-11,ce,25537.375,5,2025-12-12 09:30:00-05:00,2025-12-12,9,1,from_above,-1,False,True,70.5,-254.75
2025-12-11,ce,25537.375,6,2025-12-12 09:45:00-05:00,2025-12-12,9,1,from_above,-1,False,True,27.5,-248.75
2025-12-12,h,25567.5,1,2025-12-31 03:31:00-05:00,2025-12-31,3,19,from_above,-1,False,True,15.0,-17.5
2025-12-12,h,25567.5,2,2025-12-31 03:36:00-05:00,2025-12-31,3,19,from_below,-1,False,True,13.5,-19.0
2025-12-12,h,25567.5,3,2025-12-31 03:42:00-05:00,2025-12-31,3,19,from_below,-1,False,True,12.75,-16.25
2025-12-12,h,25567.5,4,2025-12-31 04:00:00-05:00,2025-12-31,4,19,from_below,-1,False,True,16.0,-13.0
2025-12-12,h,25567.5,5,2025-12-31 04:11:00-05:00,2025-12-31,4,19,from_above,-1,False,True,14.0,-8.75
2025-12-12,h,25567.5,6,2025-12-31 04:25:00-05:00,2025-12-31,4,19,from_above,-1,False,True,15.0,-7.0
2025-12-12,l,25504.75,1,2025-12-31 15:02:00-05:00,2025-12-31,15,19,from_above,-1,False,True,14.25,-67.5
2025-12-12,l,25504.75,2,2025-12-31 15:07:00-05:00,2025-12-31,15,19,from_above,-1,False,False,3.75,-70.25
2025-12-12,l,25504.75,3,2025-12-31 15:16:00-05:00,2025-12-31,15,19,from_below,-1,False,True,67.25,-6.75
2025-12-12,l,25504.75,4,2025-12-31 15:32:00-05:00,2025-12-31,15,19,from_below,-1,False,True,68.25,-9.0
2025-12-12,l,25504.75,5,2025-12-31 15:35:00-05:00,2025-12-31,15,19,from_below,-1,False,True,70.75,-8.0
2025-12-12,l,25504.75,6,2025-12-31 15:44:00-05:00,2025-12-31,15,19,from_below,-1,False,True,69.75,-3.5
2025-12-12,ce,25536.125,1,2025-12-31 14:34:00-05:00,2025-12-31,14,19,from_above,-1,False,True,26.5,-67.0
2025-12-12,ce,25536.125,2,2025-12-31 14:53:00-05:00,2025-12-31,14,19,from_above,-1,False,True,11.5,-67.5
2025-12-12,ce,25536.125,3,2026-01-01 20:11:00-05:00,2026-01-01,20,20,from_below,-1,False,True,12.25,-40.5
2025-12-12,ce,25536.125,4,2026-01-01 20:13:00-05:00,2026-01-01,20,20,from_below,-1,False,True,17.0,-35.75
2025-12-12,ce,25536.125,5,2026-01-01 20:30:00-05:00,2026-01-01,20,20,from_below,-1,False,False,3.5,-58.0
2025-12-15,h,25307.25,1,2026-01-02 11:12:00-05:00,2026-01-02,11,18,from_above,1,True,True,96.0,-37.25
2025-12-15,h,25307.25,2,2026-01-02 11:52:00-05:00,2026-01-02,11,18,from_above,1,True,True,89.75,-12.0
2025-12-15,h,25307.25,3,2026-01-02 11:54:00-05:00,2026-01-02,11,18,from_above,1,True,True,87.75,-14.0
2025-12-15,h,25307.25,4,2026-01-02 13:15:00-05:00,2026-01-02,13,18,from_above,1,True,True,85.25,-44.5
2025-12-15,h,25307.25,5,2026-01-02 13:48:00-05:00,2026-01-02,13,18,from_above,1,True,True,145.5,-46.25
2025-12-15,h,25307.25,6,2026-01-02 14:00:00-05:00,2026-01-02,14,18,from_below,1,True,True,25.25,-144.75
2025-12-15,l,25257.0,1,2025-12-17 06:10:00-05:00,2025-12-17,6,2,from_below,1,True,True,21.75,-10.75
2025-12-15,l,25257.0,2,2025-12-17 07:14:00-05:00,2025-12-17,7,2,from_below,1,True,True,56.0,-12.75
2025-12-15,l,25257.0,3,2025-12-17 07:43:00-05:00,2025-12-17,7,2,from_below,1,True,True,99.25,-12.75
2025-12-15,l,25257.0,4,2025-12-17 07:47:00-05:00,2025-12-17,7,2,from_below,1,True,True,101.25,-10.75
2025-12-15,l,25257.0,5,2025-12-17 07:55:00-05:00,2025-12-17,7,2,from_above,1,True,False,5.0,-102.75
2025-12-15,l,25257.0,6,2025-12-17 08:01:00-05:00,2025-12-17,8,2,from_below,1,True,True,95.25,-5.75
2025-12-15,ce,25282.125,1,2026-01-02 13:49:00-05:00,2026-01-02,13,18,from_above,1,True,True,171.25,-20.5
2025-12-15,ce,25282.125,2,2026-01-02 13:59:00-05:00,2026-01-02,13,18,from_below,1,True,True,20.75,-162.0
2025-12-16,h,25099.25,1,2025-12-17 00:40:00-05:00,2025-12-17,0,1,from_below,1,True,False,9.75,-78.75
2025-12-16,h,25099.25,2,2025-12-17 00:43:00-05:00,2025-12-17,0,1,from_below,1,True,False,6.0,-74.0
2025-12-16,h,25099.25,3,2025-12-17 09:36:00-05:00,2025-12-17,9,1,from_above,1,True,True,30.75,-142.0
2025-12-16,h,25099.25,4,2025-12-17 09:45:00-05:00,2025-12-17,9,1,from_below,1,True,True,193.5,-51.0
2025-12-16,h,25099.25,5,2025-12-17 09:57:00-05:00,2025-12-17,9,1,from_below,1,True,True,287.25,-12.25
2025-12-16,h,25099.25,6,2025-12-17 10:03:00-05:00,2025-12-17,10,1,from_below,1,True,True,280.5,-25.5
2025-12-16,l,24960.5,1,2025-12-17 10:38:00-05:00,2025-12-17,10,1,from_above,1,True,True,31.5,-193.75
2025-12-16,l,24960.5,2,2025-12-18 08:30:00-05:00,2025-12-18,8,2,from_below,1,True,True,57.0,-143.0
2025-12-16,l,24960.5,3,2025-12-18 08:32:00-05:00,2025-12-18,8,2,from_below,1,True,True,30.75,-138.75
2025-12-16,l,24960.5,4,2025-12-18 08:37:00-05:00,2025-12-18,8,2,from_below,1,True,False,7.0,-140.75
2025-12-16,l,24960.5,5,2025-12-18 09:39:00-05:00,2025-12-18,9,2,from_above,1,True,True,191.75,-51.75
2025-12-16,l,24960.5,6,2025-12-18 09:48:00-05:00,2025-12-18,9,2,from_above,1,True,True,219.75,-23.75
2025-12-16,ce,25029.875,1,2025-12-17 09:46:00-05:00,2025-12-17,9,1,from_above,1,True,True,91.25,-153.25
2025-12-16,ce,25029.875,2,2025-12-17 09:55:00-05:00,2025-12-17,9,1,from_above,1,True,True,51.25,-248.25
2025-12-16,ce,25029.875,3,2025-12-17 10:34:00-05:00,2025-12-17,10,1,from_above,1,True,True,25.5,-245.25
2025-12-16,ce,25029.875,4,2025-12-18 08:47:00-05:00,2025-12-18,8,2,from_below,1,True,True,88.0,-67.75
2025-12-16,ce,25029.875,5,2025-12-18 09:10:00-05:00,2025-12-18,9,2,from_below,1,True,True,107.75,-59.25
2025-12-16,ce,25029.875,6,2025-12-18 09:13:00-05:00,2025-12-18,9,2,from_above,1,True,True,63.75,-103.25
2025-12-17,h,25100.0,1,2025-12-18 10:28:00-05:00,2025-12-18,10,1,from_below,-1,False,True,26.25,-76.5
2025-12-17,h,25100.0,2,2025-12-18 12:05:00-05:00,2025-12-18,12,1,from_above,-1,False,True,26.75,-147.0
2025-12-17,h,25100.0,3,2025-12-18 12:41:00-05:00,2025-12-18,12,1,from_below,-1,False,True,27.25,-72.75
2025-12-17,h,25100.0,4,2025-12-18 12:44:00-05:00,2025-12-18,12,1,from_below,-1,False,True,39.5,-60.5
2025-12-17,h,25100.0,5,2025-12-18 12:47:00-05:00,2025-12-18,12,1,from_above,-1,False,True,64.0,-36.0
2025-12-17,h,25100.0,6,2025-12-18 12:53:00-05:00,2025-12-18,12,1,from_below,-1,False,True,23.75,-68.75
2025-12-17,l,25010.5,1,2025-12-18 08:40:00-05:00,2025-12-18,8,1,from_below,-1,False,True,63.0,-84.75
2025-12-17,l,25010.5,2,2025-12-18 08:45:00-05:00,2025-12-18,8,1,from_above,-1,False,True,83.25,-72.5
2025-12-17,l,25010.5,3,2025-12-18 08:48:00-05:00,2025-12-18,8,1,from_above,-1,False,True,75.0,-80.75
2025-12-17,l,25010.5,4,2025-12-18 09:01:00-05:00,2025-12-18,9,1,from_below,-1,False,True,81.5,-85.5
2025-12-17,l,25010.5,5,2025-12-18 09:35:00-05:00,2025-12-18,9,1,from_above,-1,False,True,128.0,-79.25
2025-12-17,l,25010.5,6,2025-12-18 09:53:00-05:00,2025-12-18,9,1,from_below,-1,False,True,61.5,-167.5
2025-12-17,ce,25055.25,1,2025-12-18 09:27:00-05:00,2025-12-18,9,1,from_below,-1,False,True,111.25,-56.25
2025-12-17,ce,25055.25,2,2025-12-18 09:30:00-05:00,2025-12-18,9,1,from_below,-1,False,True,144.75,-30.75
2025-12-17,ce,25055.25,3,2025-12-18 09:33:00-05:00,2025-12-18,9,1,from_above,-1,False,True,77.0,-111.0
2025-12-17,ce,25055.25,4,2025-12-18 09:58:00-05:00,2025-12-18,9,1,from_below,-1,False,True,105.5,-123.5
2025-12-17,ce,25055.25,5,2025-12-18 10:00:00-05:00,2025-12-18,10,1,from_below,-1,False,True,118.0,-111.0
2025-12-17,ce,25055.25,6,2025-12-18 10:25:00-05:00,2025-12-18,10,1,from_below,-1,False,True,14.25,-121.75
2025-12-22,h,25733.0,1,2025-12-23 09:31:00-05:00,2025-12-23,9,1,from_below,1,False,True,105.25,-18.75
2025-12-22,h,25733.0,2,2025-12-23 09:44:00-05:00,2025-12-23,9,1,from_below,1,False,True,102.25,-21.75
2025-12-22,h,25733.0,3,2025-12-23 10:56:00-05:00,2025-12-23,10,1,from_below,1,False,False,9.0,-47.0
2025-12-22,h,25733.0,4,2025-12-23 11:10:00-05:00,2025-12-23,11,1,from_above,1,False,True,43.0,-5.75
2025-12-22,h,25733.0,5,2025-12-23 11:36:00-05:00,2025-12-23,11,1,from_above,1,False,True,42.5,-4.5
2025-12-22,h,25733.0,6,2025-12-29 03:54:00-05:00,2025-12-29,3,7,from_above,1,False,True,33.5,-5.75
2025-12-22,l,25685.25,1,2025-12-23 00:02:00-05:00,2025-12-23,0,1,from_above,1,False,False,9.5,-16.0
2025-12-22,l,25685.25,2,2025-12-23 00:47:00-05:00,2025-12-23,0,1,from_above,1,False,False,0.5,-35.5
2025-12-22,l,25685.25,3,2025-12-23 00:50:00-05:00,2025-12-23,0,1,from_above,1,False,False,2.5,-31.75
2025-12-22,l,25685.25,4,2025-12-23 03:05:00-05:00,2025-12-23,3,1,from_below,1,False,False,6.5,-22.5
2025-12-22,l,25685.25,5,2025-12-23 03:51:00-05:00,2025-12-23,3,1,from_above,1,False,True,40.75,-3.0
2025-12-22,l,25685.25,6,2025-12-23 03:56:00-05:00,2025-12-23,3,1,from_above,1,False,True,41.0,-1.75
2025-12-22,ce,25709.125,1,2025-12-23 03:25:00-05:00,2025-12-23,3,1,from_below,1,False,True,21.75,-9.75
2025-12-22,ce,25709.125,2,2025-12-23 04:18:00-05:00,2025-12-23,4,1,from_below,1,False,False,7.5,-16.25
2025-12-22,ce,25709.125,3,2025-12-23 05:16:00-05:00,2025-12-23,5,1,from_above,1,False,False,2.0,-24.75
2025-12-22,ce,25709.125,4,2025-12-23 05:24:00-05:00,2025-12-23,5,1,from_below,1,False,True,20.5,-4.5
2025-12-22,ce,25709.125,5,2025-12-23 05:39:00-05:00,2025-12-23,5,1,from_below,1,False,True,17.25,-7.75
2025-12-22,ce,25709.125,6,2025-12-23 05:41:00-05:00,2025-12-23,5,1,from_below,1,False,True,15.5,-9.5
2025-12-23,h,25751.25,1,2025-12-29 03:39:00-05:00,2025-12-29,3,6,from_above,1,False,True,13.25,-26.0
2025-12-23,h,25751.25,2,2025-12-29 03:45:00-05:00,2025-12-29,3,6,from_above,1,False,True,15.5,-23.75
2025-12-23,h,25751.25,3,2025-12-29 04:00:00-05:00,2025-12-29,4,6,from_below,1,False,True,17.0,-20.0
2025-12-23,h,25751.25,4,2025-12-29 04:07:00-05:00,2025-12-29,4,6,from_above,1,False,True,17.5,-19.5
2025-12-23,h,25751.25,5,2025-12-29 04:35:00-05:00,2025-12-29,4,6,from_above,1,False,True,15.5,-20.0
2025-12-23,h,25751.25,6,2025-12-29 04:50:00-05:00,2025-12-29,4,6,from_below,1,False,False,8.75,-20.5
2025-12-23,l,25720.75,1,2025-12-29 08:47:00-05:00,2025-12-29,8,6,from_above,1,False,True,103.25,-59.5
2025-12-23,l,25720.75,2,2025-12-29 09:32:00-05:00,2025-12-29,9,6,from_below,1,False,True,47.0,-110.25
2025-12-23,l,25720.75,3,2025-12-29 09:51:00-05:00,2025-12-29,9,6,from_above,1,False,True,57.0,-54.75
2025-12-23,l,25720.75,4,2025-12-29 09:58:00-05:00,2025-12-29,9,6,from_above,1,False,True,56.75,-55.0
2025-12-23,l,25720.75,5,2025-12-29 10:02:00-05:00,2025-12-29,10,6,from_above,1,False,True,49.5,-62.25
2025-12-23,l,25720.75,6,2025-12-29 10:20:00-05:00,2025-12-29,10,6,from_below,1,False,True,36.0,-63.0
2025-12-23,ce,25736.0,1,2025-12-29 03:47:00-05:00,2025-12-29,3,6,from_above,1,False,True,30.0,-9.25
2025-12-23,ce,25736.0,2,2025-12-29 03:49:00-05:00,2025-12-29,3,6,from_above,1,False,True,33.0,-6.25
2025-12-23,ce,25736.0,3,2025-12-29 04:47:00-05:00,2025-12-29,4,6,from_above,1,False,True,30.75,-4.75
2025-12-23,ce,25736.0,4,2025-12-29 06:17:00-05:00,2025-12-29,6,6,from_above,1,False,True,36.5,-3.25
2025-12-23,ce,25736.0,5,2025-12-29 06:24:00-05:00,2025-12-29,6,6,from_above,1,False,True,36.25,-4.75
2025-12-23,ce,25736.0,6,2025-12-29 07:47:00-05:00,2025-12-29,7,6,from_above,1,False,True,24.75,-28.0
2025-12-24,h,25808.25,1,2025-12-29 01:00:00-05:00,2025-12-29,1,5,from_above,-1,True,True,25.25,-7.5
2025-12-24,h,25808.25,2,2025-12-29 02:03:00-05:00,2025-12-29,2,5,from_above,-1,True,True,14.0,-20.0
2025-12-24,h,25808.25,3,2025-12-29 02:26:00-05:00,2025-12-29,2,5,from_below,-1,True,True,26.25,-10.25
2025-12-24,h,25808.25,4,2025-12-29 02:56:00-05:00,2025-12-29,2,5,from_below,-1,True,True,73.25,-2.0
2025-12-24,h,25808.25,5,2025-12-29 09:37:00-05:00,2025-12-29,9,5,from_below,-1,True,True,141.5,-15.75
2025-12-24,h,25808.25,6,2025-12-29 09:42:00-05:00,2025-12-29,9,5,from_below,-1,True,True,141.75,-3.0
2025-12-24,l,25785.0,1,2025-12-29 02:16:00-05:00,2025-12-29,2,5,from_above,-1,True,True,25.25,-10.5
2025-12-24,l,25785.0,2,2025-12-29 03:01:00-05:00,2025-12-29,3,5,from_above,-1,True,True,10.0,-55.25
2025-12-24,l,25785.0,3,2025-12-29 03:04:00-05:00,2025-12-29,3,5,from_above,-1,True,False,8.5,-54.75
2025-12-24,l,25785.0,4,2025-12-29 03:14:00-05:00,2025-12-29,3,5,from_below,-1,True,True,50.5,-12.75
2025-12-24,l,25785.0,5,2025-12-29 03:19:00-05:00,2025-12-29,3,5,from_above,-1,True,False,5.5,-53.5
2025-12-24,l,25785.0,6,2025-12-29 03:30:00-05:00,2025-12-29,3,5,from_below,-1,True,True,51.5,-0.75
2025-12-24,ce,25796.625,1,2025-12-29 02:08:00-05:00,2025-12-29,2,5,from_above,-1,True,True,15.5,-18.75
2025-12-24,ce,25796.625,2,2025-12-29 02:24:00-05:00,2025-12-29,2,5,from_below,-1,True,True,23.75,-12.0
2025-12-24,ce,25796.625,3,2025-12-29 02:42:00-05:00,2025-12-29,2,5,from_above,-1,True,False,6.75,-51.0
2025-12-24,ce,25796.625,4,2025-12-29 02:44:00-05:00,2025-12-29,2,5,from_above,-1,True,False,6.5,-51.25
2025-12-24,ce,25796.625,5,2025-12-29 02:58:00-05:00,2025-12-29,2,5,from_above,-1,True,False,2.75,-69.75
2025-12-24,ce,25796.625,6,2025-12-29 03:00:00-05:00,2025-12-29,3,5,from_above,-1,True,True,14.75,-57.75
2025-12-26,h,25935.0,1,2026-01-07 11:43:00-05:00,2026-01-07,11,12,from_below,-1,False,True,17.5,-57.5
2025-12-26,h,25935.0,2,2026-01-07 13:22:00-05:00,2026-01-07,13,12,from_above,-1,False,True,39.25,-50.75
2025-12-26,h,25935.0,3,2026-01-07 13:25:00-05:00,2026-01-07,13,12,from_above,-1,False,True,46.5,-43.5
2025-12-26,h,25935.0,4,2026-01-07 14:09:00-05:00,2026-01-07,14,12,from_above,-1,False,False,8.5,-45.0
2025-12-26,h,25935.0,5,2026-01-09 12:51:00-05:00,2026-01-09,12,14,from_below,-1,False,True,49.0,-28.75
2025-12-26,h,25935.0,6,2026-01-09 12:57:00-05:00,2026-01-09,12,14,from_below,-1,False,True,51.75,-34.5
2025-12-26,l,25909.25,1,2026-01-07 10:51:00-05:00,2026-01-07,10,12,from_below,-1,False,True,23.75,-60.5
2025-12-26,l,25909.25,2,2026-01-07 10:56:00-05:00,2026-01-07,10,12,from_below,-1,False,True,24.5,-63.25
2025-12-26,l,25909.25,3,2026-01-07 10:58:00-05:00,2026-01-07,10,12,from_below,-1,False,True,28.0,-64.0
2025-12-26,l,25909.25,4,2026-01-07 11:20:00-05:00,2026-01-07,11,12,from_above,-1,False,True,76.75,-32.5
2025-12-26,l,25909.25,5,2026-01-07 11:32:00-05:00,2026-01-07,11,12,from_below,-1,False,False,7.75,-87.25
2025-12-26,l,25909.25,6,2026-01-07 11:39:00-05:00,2026-01-07,11,12,from_below,-1,False,False,6.25,-85.0
2025-12-26,ce,25922.125,1,2026-01-07 11:00:00-05:00,2026-01-07,11,12,from_below,-1,False,True,39.0,-56.5
2025-12-26,ce,25922.125,2,2026-01-07 11:02:00-05:00,2026-01-07,11,12,from_below,-1,False,True,40.25,-55.25
2025-12-26,ce,25922.125,3,2026-01-07 11:42:00-05:00,2026-01-07,11,12,from_below,-1,False,False,6.75,-67.0
2025-12-26,ce,25922.125,4,2026-01-07 14:10:00-05:00,2026-01-07,14,12,from_above,-1,False,True,20.75,-26.0
2025-12-26,ce,25922.125,5,2026-01-07 14:14:00-05:00,2026-01-07,14,12,from_below,-1,False,True,55.5,-2.75
2025-12-26,ce,25922.125,6,2026-01-07 14:39:00-05:00,2026-01-07,14,12,from_below,-1,False,True,102.25,-3.5
2025-12-29,h,25793.5,1,2025-12-30 11:21:00-05:00,2025-12-30,11,1,from_below,-1,False,True,93.5,-1.0
2025-12-29,h,25793.5,2,2026-01-02 09:50:00-05:00,2026-01-02,9,4,from_below,-1,False,True,335.0,-11.25
2025-12-29,h,25793.5,3,2026-01-06 13:46:00-05:00,2026-01-06,13,8,from_below,-1,False,False,8.25,-25.25
2025-12-29,h,25793.5,4,2026-01-06 13:55:00-05:00,2026-01-06,13,8,from_above,-1,False,True,24.25,-3.0
2025-12-29,h,25793.5,5,2026-01-06 14:07:00-05:00,2026-01-06,14,8,from_above,-1,False,True,20.25,-7.0
2025-12-29,h,25793.5,6,2026-01-06 23:02:00-05:00,2026-01-06,23,8,from_above,-1,False,False,3.0,-18.0
2025-12-29,l,25734.5,1,2025-12-30 00:18:00-05:00,2025-12-30,0,1,from_above,-1,False,True,11.25,-15.75
2025-12-29,l,25734.5,2,2025-12-30 00:29:00-05:00,2025-12-30,0,1,from_above,-1,False,True,14.0,-18.75
2025-12-29,l,25734.5,3,2025-12-30 00:32:00-05:00,2025-12-30,0,1,from_below,-1,False,True,16.0,-17.0
2025-12-29,l,25734.5,4,2025-12-30 00:38:00-05:00,2025-12-30,0,1,from_below,-1,False,True,16.75,-16.25
2025-12-29,l,25734.5,5,2025-12-30 01:04:00-05:00,2025-12-30,1,1,from_above,-1,False,False,3.5,-24.25
2025-12-29,l,25734.5,6,2025-12-30 03:36:00-05:00,2025-12-30,3,1,from_below,-1,False,False,4.0,-24.0
2025-12-29,ce,25764.0,1,2025-12-30 09:56:00-05:00,2025-12-30,9,1,from_below,-1,False,True,89.25,-7.25
2025-12-29,ce,25764.0,2,2025-12-30 11:04:00-05:00,2025-12-30,11,1,from_below,-1,False,True,51.75,-33.25
2025-12-29,ce,25764.0,3,2025-12-30 11:13:00-05:00,2025-12-30,11,1,from_below,-1,False,True,52.25,-32.75
2025-12-29,ce,25764.0,4,2025-12-30 11:16:00-05:00,2025-12-30,11,1,from_below,-1,False,True,64.5,-30.0
2025-12-29,ce,25764.0,5,2025-12-30 11:34:00-05:00,2025-12-30,11,1,from_above,-1,False,False,5.25,-67.25
2025-12-29,ce,25764.0,6,2026-01-02 09:48:00-05:00,2026-01-02,9,4,from_below,-1,False,True,305.5,-40.75
2025-12-30,h,25738.0,1,2026-01-02 04:11:00-05:00,2026-01-02,4,3,from_below,1,False,True,20.75,-2.0
2025-12-30,h,25738.0,2,2026-01-02 04:14:00-05:00,2026-01-02,4,3,from_below,1,False,True,19.25,-2.5
2025-12-30,h,25738.0,3,2026-01-02 04:58:00-05:00,2026-01-02,4,3,from_below,1,False,True,26.5,-3.5
2025-12-30,h,25738.0,4,2026-01-02 05:12:00-05:00,2026-01-02,5,3,from_below,1,False,True,27.0,-9.25
2025-12-30,h,25738.0,5,2026-01-02 05:16:00-05:00,2026-01-02,5,3,from_below,1,False,True,27.75,-8.5
2025-12-30,h,25738.0,6,2026-01-02 05:48:00-05:00,2026-01-02,5,3,from_below,1,False,True,22.0,-8.25
2025-12-30,l,25673.5,1,2025-12-31 08:43:00-05:00,2025-12-31,8,1,from_below,1,False,True,62.0,-44.25
2025-12-30,l,25673.5,2,2025-12-31 09:29:00-05:00,2025-12-31,9,1,from_above,1,False,True,13.75,-110.25
2025-12-30,l,25673.5,3,2025-12-31 09:35:00-05:00,2025-12-31,9,1,from_below,1,False,True,100.0,-15.25
2025-12-30,l,25673.5,4,2026-01-02 03:12:00-05:00,2026-01-02,3,3,from_below,1,False,False,8.5,-68.0
2025-12-30,l,25673.5,5,2026-01-02 09:13:00-05:00,2026-01-02,9,3,from_above,1,False,True,127.25,-57.0
2025-12-30,l,25673.5,6,2026-01-02 09:23:00-05:00,2026-01-02,9,3,from_below,1,False,True,193.5,-129.0
2025-12-30,ce,25705.75,1,2025-12-31 08:52:00-05:00,2025-12-31,8,1,from_below,1,False,True,126.75,-9.75
2025-12-30,ce,25705.75,2,2025-12-31 09:04:00-05:00,2025-12-31,9,1,from_above,1,False,False,3.0,-129.0
2025-12-30,ce,25705.75,3,2026-01-02 03:49:00-05:00,2026-01-02,3,3,from_below,1,False,False,3.5,-38.5
2025-12-30,ce,25705.75,4,2026-01-02 03:55:00-05:00,2026-01-02,3,3,from_above,1,False,True,29.75,-4.25
2025-12-30,ce,25705.75,5,2026-01-02 04:00:00-05:00,2026-01-02,4,3,from_above,1,False,True,29.5,-4.5
2025-12-30,ce,25705.75,6,2026-01-02 05:34:00-05:00,2026-01-02,5,3,from_above,1,False,True,36.0,-0.25
2025-12-31,h,25626.25,1,2026-01-01 22:51:00-05:00,2026-01-01,22,1,from_below,-1,False,False,5.75,-14.25
2025-12-31,h,25626.25,2,2026-01-01 22:56:00-05:00,2026-01-01,22,1,from_below,-1,False,False,5.5,-14.5
2025-12-31,h,25626.25,3,2026-01-01 23:08:00-05:00,2026-01-01,23,1,from_below,-1,False,True,11.25,-13.75
2025-12-31,h,25626.25,4,2026-01-01 23:26:00-05:00,2026-01-01,23,1,from_above,-1,False,False,9.0,-14.25
2025-12-31,h,25626.25,5,2026-01-01 23:38:00-05:00,2026-01-01,23,1,from_below,-1,False,True,11.75,-11.5
2025-12-31,h,25626.25,6,2026-01-01 23:46:00-05:00,2026-01-01,23,1,from_above,-1,False,False,3.75,-17.5
2025-12-31,l,25581.75,1,2026-01-01 21:22:00-05:00,2026-01-01,21,1,from_below,-1,False,False,4.75,-28.0
2025-12-31,l,25581.75,2,2026-01-01 21:31:00-05:00,2026-01-01,21,1,from_above,-1,False,True,23.0,-3.25
2025-12-31,l,25581.75,3,2026-01-02 10:15:00-05:00,2026-01-02,10,2,from_above,-1,False,True,20.25,-292.0
2025-12-31,l,25581.75,4,2026-01-02 10:41:00-05:00,2026-01-02,10,2,from_below,-1,False,True,285.5,-24.25
2025-12-31,l,25581.75,5,2026-01-05 07:00:00-05:00,2026-01-05,7,5,from_below,-1,False,True,35.75,-6.5
2025-12-31,l,25581.75,6,2026-01-05 07:07:00-05:00,2026-01-05,7,5,from_below,-1,False,True,33.25,-3.0
2025-12-31,ce,25604.0,1,2026-01-01 21:51:00-05:00,2026-01-01,21,1,from_below,-1,False,False,9.5,-20.25
2025-12-31,ce,25604.0,2,2026-01-01 22:12:00-05:00,2026-01-01,22,1,from_below,-1,False,False,7.5,-29.25
2025-12-31,ce,25604.0,3,2026-01-01 22:24:00-05:00,2026-01-01,22,1,from_below,-1,False,False,6.5,-31.75
2025-12-31,ce,25604.0,4,2026-01-01 22:26:00-05:00,2026-01-01,22,1,from_below,-1,False,False,6.0,-36.25
2025-12-31,ce,25604.0,5,2026-01-01 22:33:00-05:00,2026-01-01,22,1,from_below,-1,False,False,3.75,-37.0
2025-12-31,ce,25604.0,6,2026-01-01 22:37:00-05:00,2026-01-01,22,1,from_below,-1,False,False,2.75,-34.5
2026-01-02,h,25775.25,1,2026-01-06 10:25:00-05:00,2026-01-06,10,4,from_below,1,False,True,134.25,-5.5
2026-01-02,h,25775.25,2,2026-01-06 12:38:00-05:00,2026-01-06,12,4,from_below,1,False,True,36.0,-4.5
2026-01-02,h,25775.25,3,2026-01-06 13:16:00-05:00,2026-01-06,13,4,from_below,1,False,True,24.75,-36.5
2026-01-02,h,25775.25,4,2026-01-06 13:43:00-05:00,2026-01-06,13,4,from_below,1,False,True,10.25,-41.5
2026-01-02,h,25775.25,5,2026-01-07 00:05:00-05:00,2026-01-07,0,5,from_above,1,False,True,18.75,-0.75
2026-01-02,h,25775.25,6,2026-01-07 01:37:00-05:00,2026-01-07,1,5,from_above,1,False,False,4.0,-12.0
2026-01-02,l,25689.25,1,2026-01-05 10:32:00-05:00,2026-01-05,10,3,from_below,1,False,True,46.5,-13.5
2026-01-02,l,25689.25,2,2026-01-05 11:09:00-05:00,2026-01-05,11,3,from_below,1,False,True,38.25,-20.75
2026-01-02,l,25689.25,3,2026-01-05 11:23:00-05:00,2026-01-05,11,3,from_below,1,False,True,52.5,-24.75
2026-01-02,l,25689.25,4,2026-01-05 11:38:00-05:00,2026-01-05,11,3,from_below,1,False,True,81.75,-18.75
2026-01-02,l,25689.25,5,2026-01-05 11:43:00-05:00,2026-01-05,11,3,from_below,1,False,True,77.5,-23.0
2026-01-02,l,25689.25,6,2026-01-05 11:46:00-05:00,2026-01-05,11,3,from_below,1,False,True,86.25,-14.25
2026-01-02,ce,25732.25,1,2026-01-06 09:50:00-05:00,2026-01-06,9,4,from_below,1,False,True,21.75,-50.25
2026-01-02,ce,25732.25,2,2026-01-06 10:10:00-05:00,2026-01-06,10,4,from_above,1,False,True,38.25,-101.5
2026-01-02,ce,25732.25,3,2026-01-06 10:21:00-05:00,2026-01-06,10,4,from_above,1,False,True,31.0,-108.75
2026-01-02,ce,25732.25,4,2026-01-06 10:37:00-05:00,2026-01-06,10,4,from_above,1,False,True,12.5,-108.75
2026-01-02,ce,25732.25,5,2026-01-06 10:40:00-05:00,2026-01-06,10,4,from_above,1,False,True,10.25,-101.0
2026-01-02,ce,25732.25,6,2026-01-06 10:44:00-05:00,2026-01-06,10,4,from_above,1,False,True,13.25,-84.5
2026-01-05,h,25632.75,1,2026-01-06 03:01:00-05:00,2026-01-06,3,1,from_above,-1,False,False,6.75,-106.5
2026-01-05,h,25632.75,2,2026-01-06 03:06:00-05:00,2026-01-06,3,1,from_below,-1,False,True,107.5,-2.0
2026-01-05,h,25632.75,3,2026-01-06 07:43:00-05:00,2026-01-06,7,1,from_below,-1,False,True,13.75,-19.25
2026-01-05,h,25632.75,4,2026-01-06 07:53:00-05:00,2026-01-06,7,1,from_above,-1,False,True,19.0,-43.25
2026-01-05,h,25632.75,5,2026-01-06 08:08:00-05:00,2026-01-06,8,1,from_above,-1,False,False,8.25,-43.5
2026-01-05,h,25632.75,6,2026-01-06 08:13:00-05:00,2026-01-06,8,1,from_below,-1,False,True,45.5,-6.25
2026-01-05,l,25560.0,1,2026-01-06 03:23:00-05:00,2026-01-06,3,1,from_above,-1,False,True,27.25,-33.5
2026-01-05,l,25560.0,2,2026-01-06 03:28:00-05:00,2026-01-06,3,1,from_below,-1,False,True,29.25,-31.5
2026-01-05,l,25560.0,3,2026-01-06 03:41:00-05:00,2026-01-06,3,1,from_below,-1,False,True,11.0,-31.75
2026-01-05,l,25560.0,4,2026-01-06 03:44:00-05:00,2026-01-06,3,1,from_below,-1,False,False,4.25,-31.5
2026-01-05,l,25560.0,5,2026-01-06 04:02:00-05:00,2026-01-06,4,1,from_above,-1,False,True,41.25,-10.0
2026-01-05,l,25560.0,6,2026-01-06 04:08:00-05:00,2026-01-06,4,1,from_above,-1,False,True,49.25,-2.0
2026-01-05,ce,25596.375,1,2026-01-06 03:13:00-05:00,2026-01-06,3,1,from_above,-1,False,True,12.25,-70.0
2026-01-05,ce,25596.375,2,2026-01-06 04:54:00-05:00,2026-01-06,4,1,from_below,-1,False,True,22.5,-14.5
2026-01-05,ce,25596.375,3,2026-01-06 05:41:00-05:00,2026-01-06,5,1,from_below,-1,False,False,7.25,-14.0
2026-01-05,ce,25596.375,4,2026-01-06 05:48:00-05:00,2026-01-06,5,1,from_below,-1,False,False,9.5,-11.75
2026-01-05,ce,25596.375,5,2026-01-06 05:53:00-05:00,2026-01-06,5,1,from_below,-1,False,False,6.25,-9.25
2026-01-05,ce,25596.375,6,2026-01-06 06:00:00-05:00,2026-01-06,6,1,from_below,-1,False,False,4.5,-20.25
2026-01-06,h,25719.0,1,2026-01-08 01:01:00-05:00,2026-01-08,1,2,from_above,1,False,True,19.0,-49.5
2026-01-06,h,25719.0,2,2026-01-08 02:14:00-05:00,2026-01-08,2,2,from_below,1,False,False,6.75,-88.25
2026-01-06,h,25719.0,3,2026-01-08 02:19:00-05:00,2026-01-08,2,2,from_below,1,False,False,9.25,-85.75
2026-01-06,h,25719.0,4,2026-01-08 09:34:00-05:00,2026-01-08,9,2,from_above,1,False,True,32.5,-136.25
2026-01-06,h,25719.0,5,2026-01-08 16:38:00-05:00,2026-01-08,16,2,from_below,1,False,True,11.75,-23.5
2026-01-06,h,25719.0,6,2026-01-08 16:55:00-05:00,2026-01-08,16,2,from_above,1,False,True,10.75,-10.75
2026-01-06,l,25661.75,1,2026-01-08 09:42:00-05:00,2026-01-08,9,2,from_above,1,False,True,74.5,-69.5
2026-01-06,l,25661.75,2,2026-01-08 09:47:00-05:00,2026-01-08,9,2,from_below,1,False,True,103.0,-41.0
2026-01-06,l,25661.75,3,2026-01-08 09:52:00-05:00,2026-01-08,9,2,from_below,1,False,True,90.5,-53.5
2026-01-06,l,25661.75,4,2026-01-08 10:08:00-05:00,2026-01-08,10,2,from_below,1,False,True,61.75,-41.75
2026-01-06,l,25661.75,5,2026-01-08 10:11:00-05:00,2026-01-08,10,2,from_above,1,False,True,52.5,-51.0
2026-01-06,l,25661.75,6,2026-01-08 10:35:00-05:00,2026-01-08,10,2,from_above,1,False,True,41.75,-61.0
2026-01-06,ce,25690.375,1,2026-01-08 01:07:00-05:00,2026-01-08,1,2,from_above,1,False,True,16.25,-22.5
2026-01-06,ce,25690.375,2,2026-01-08 01:20:00-05:00,2026-01-08,1,2,from_below,1,False,True,15.5,-35.5
2026-01-06,ce,25690.375,3,2026-01-08 01:31:00-05:00,2026-01-08,1,2,from_below,1,False,False,6.75,-121.0
2026-01-06,ce,25690.375,4,2026-01-08 01:37:00-05:00,2026-01-08,1,2,from_below,1,False,True,10.25,-114.0
2026-01-06,ce,25690.375,5,2026-01-08 02:01:00-05:00,2026-01-08,2,2,from_above,1,False,True,113.5,-10.75
2026-01-06,ce,25690.375,6,2026-01-08 02:06:00-05:00,2026-01-08,2,2,from_above,1,False,True,110.5,-3.25
2026-01-07,h,25873.25,1,2026-01-09 10:32:00-05:00,2026-01-09,10,2,from_below,1,False,True,109.75,-30.75
2026-01-07,h,25873.25,2,2026-01-09 10:34:00-05:00,2026-01-09,10,2,from_below,1,False,True,103.75,-36.75
2026-01-07,h,25873.25,3,2026-01-09 11:08:00-05:00,2026-01-09,11,2,from_below,1,False,True,25.5,-55.5
2026-01-07,h,25873.25,4,2026-01-09 11:12:00-05:00,2026-01-09,11,2,from_above,1,False,True,56.75,-24.25
2026-01-07,h,25873.25,5,2026-01-09 11:18:00-05:00,2026-01-09,11,2,from_above,1,False,True,46.0,-35.0
2026-01-07,h,25873.25,6,2026-01-09 11:22:00-05:00,2026-01-09,11,2,from_above,1,False,True,49.25,-31.75
2026-01-07,l,25840.5,1,2026-01-09 10:27:00-05:00,2026-01-09,10,2,from_below,1,False,True,78.0,-62.5
2026-01-07,l,25840.5,2,2026-01-09 10:30:00-05:00,2026-01-09,10,2,from_above,1,False,True,53.75,-86.75
2026-01-07,l,25840.5,3,2026-01-09 10:37:00-05:00,2026-01-09,10,2,from_above,1,False,True,57.5,-83.0
2026-01-07,l,25840.5,4,2026-01-09 10:39:00-05:00,2026-01-09,10,2,from_above,1,False,True,59.0,-81.5
2026-01-07,l,25840.5,5,2026-01-09 11:02:00-05:00,2026-01-09,11,2,from_below,1,False,True,23.0,-69.0
2026-01-07,l,25840.5,6,2026-01-11 19:32:00-05:00,2026-01-11,19,4,from_above,1,False,False,3.5,-113.5
2026-01-07,ce,25856.875,1,2026-01-09 10:28:00-05:00,2026-01-09,10,2,from_below,1,False,True,91.5,-49.0
2026-01-07,ce,25856.875,2,2026-01-09 11:06:00-05:00,2026-01-09,11,2,from_below,1,False,True,13.5,-72.25
2026-01-07,ce,25856.875,3,2026-01-09 11:28:00-05:00,2026-01-09,11,2,from_above,1,False,True,62.25,-18.75
2026-01-07,ce,25856.875,4,2026-01-09 11:30:00-05:00,2026-01-09,11,2,from_above,1,False,True,57.25,-23.75
2026-01-07,ce,25856.875,5,2026-01-11 19:10:00-05:00,2026-01-11,19,4,from_above,1,False,False,9.5,-100.75
2026-01-07,ce,25856.875,6,2026-01-11 19:15:00-05:00,2026-01-11,19,4,from_above,1,False,False,6.0,-105.75
2026-01-08,h,25676.25,1,2026-01-09 00:00:00-05:00,2026-01-09,0,1,unknown,1,False,False,,
2026-01-08,h,25676.25,2,2026-01-09 00:03:00-05:00,2026-01-09,0,1,from_above,1,False,True,26.0,-9.25
2026-01-08,h,25676.25,3,2026-01-09 00:12:00-05:00,2026-01-09,0,1,from_above,1,False,True,24.75,-10.5
2026-01-08,h,25676.25,4,2026-01-09 00:30:00-05:00,2026-01-09,0,1,from_above,1,False,True,24.0,-11.25
2026-01-08,h,25676.25,5,2026-01-09 00:40:00-05:00,2026-01-09,0,1,from_below,1,False,False,6.5,-28.25
2026-01-08,h,25676.25,6,2026-01-09 00:48:00-05:00,2026-01-09,0,1,from_below,1,False,False,5.75,-29.0
2026-01-08,l,25597.5,1,2026-01-14 09:58:00-05:00,2026-01-14,9,6,from_above,1,False,True,97.5,-128.0
2026-01-08,l,25597.5,2,2026-01-14 10:09:00-05:00,2026-01-14,10,6,from_below,1,False,True,118.75,-106.75
2026-01-08,l,25597.5,3,2026-01-14 10:11:00-05:00,2026-01-14,10,6,from_below,1,False,True,143.5,-82.0
2026-01-08,l,25597.5,4,2026-01-14 10:30:00-05:00,2026-01-14,10,6,from_above,1,False,True,50.75,-114.0
2026-01-08,l,25597.5,5,2026-01-14 10:32:00-05:00,2026-01-14,10,6,from_below,1,False,True,121.5,-43.25
2026-01-08,l,25597.5,6,2026-01-14 10:42:00-05:00,2026-01-14,10,6,from_above,1,False,True,10.75,-129.75
2026-01-08,ce,25636.875,1,2026-01-09 10:08:00-05:00,2026-01-09,10,1,from_above,1,False,True,240.25,-23.0
2026-01-08,ce,25636.875,2,2026-01-12 03:39:00-05:00,2026-01-12,3,4,from_above,1,False,True,63.0,-5.25
2026-01-08,ce,25636.875,3,2026-01-12 03:50:00-05:00,2026-01-12,3,4,from_above,1,False,True,60.5,-1.75
2026-01-08,ce,25636.875,4,2026-01-14 09:43:00-05:00,2026-01-14,9,6,from_above,1,False,True,53.25,-108.75
2026-01-08,ce,25636.875,5,2026-01-14 09:50:00-05:00,2026-01-14,9,6,from_above,1,False,True,59.25,-159.0
2026-01-08,ce,25636.875,6,2026-01-14 10:11:00-05:00,2026-01-14,10,6,from_below,1,False,True,143.5,-82.0
2026-01-09,h,25769.75,1,2026-01-11 20:01:00-05:00,2026-01-11,20,2,from_above,-1,False,True,27.75,-46.25
2026-01-09,h,25769.75,2,2026-01-11 20:13:00-05:00,2026-01-11,20,2,from_above,-1,False,False,9.0,-52.5
2026-01-09,h,25769.75,3,2026-01-11 20:16:00-05:00,2026-01-11,20,2,from_above,-1,False,True,14.25,-47.25
2026-01-09,h,25769.75,4,2026-01-11 20:44:00-05:00,2026-01-11,20,2,from_below,-1,False,True,38.25,-15.75
2026-01-09,h,25769.75,5,2026-01-11 20:47:00-05:00,2026-01-11,20,2,from_above,-1,False,True,10.5,-43.5
2026-01-09,h,25769.75,6,2026-01-11 20:53:00-05:00,2026-01-11,20,2,from_above,-1,False,True,11.0,-42.0
2026-01-09,l,25673.25,1,2026-01-12 03:20:00-05:00,2026-01-12,3,3,from_above,-1,False,True,35.75,-32.5
2026-01-09,l,25673.25,2,2026-01-12 03:24:00-05:00,2026-01-12,3,3,from_above,-1,False,True,27.0,-41.25
2026-01-09,l,25673.25,3,2026-01-12 03:30:00-05:00,2026-01-12,3,3,from_above,-1,False,True,50.5,-17.75
2026-01-09,l,25673.25,4,2026-01-12 03:55:00-05:00,2026-01-12,3,3,from_below,-1,False,True,11.75,-29.75
2026-01-09,l,25673.25,5,2026-01-12 03:58:00-05:00,2026-01-12,3,3,from_below,-1,False,False,8.25,-39.0
2026-01-09,l,25673.25,6,2026-01-12 04:00:00-05:00,2026-01-12,4,3,from_below,-1,False,False,9.0,-38.25
2026-01-09,ce,25721.5,1,2026-01-11 20:35:00-05:00,2026-01-11,20,2,from_above,-1,False,True,43.75,-17.75
2026-01-09,ce,25721.5,2,2026-01-11 22:47:00-05:00,2026-01-11,22,2,from_above,-1,False,True,24.75,-5.5
2026-01-09,ce,25721.5,3,2026-01-11 22:52:00-05:00,2026-01-11,22,2,from_above,-1,False,True,13.5,-11.75
2026-01-09,ce,25721.5,4,2026-01-11 23:07:00-05:00,2026-01-11,23,2,from_above,-1,False,False,9.5,-13.75
2026-01-09,ce,25721.5,5,2026-01-11 23:11:00-05:00,2026-01-11,23,2,from_above,-1,False,True,20.75,-7.25
2026-01-09,ce,25721.5,6,2026-01-11 23:24:00-05:00,2026-01-11,23,2,from_above,-1,False,True,18.0,-14.0
2026-01-12,h,25875.0,1,2026-01-13 05:14:00-05:00,2026-01-13,5,1,from_above,1,True,True,18.0,-10.75
2026-01-12,h,25875.0,2,2026-01-13 05:55:00-05:00,2026-01-13,5,1,from_above,1,True,True,16.75,-9.5
2026-01-12,h,25875.0,3,2026-01-13 06:01:00-05:00,2026-01-13,6,1,from_above,1,True,True,25.0,-6.25
2026-01-12,h,25875.0,4,2026-01-13 06:32:00-05:00,2026-01-13,6,1,from_above,1,True,True,38.75,-8.5
2026-01-12,h,25875.0,5,2026-01-13 06:44:00-05:00,2026-01-13,6,1,from_above,1,True,True,44.5,-2.25
2026-01-12,h,25875.0,6,2026-01-13 06:47:00-05:00,2026-01-13,6,1,from_above,1,True,True,42.25,-1.25
2026-01-12,l,25834.25,1,2026-01-13 10:24:00-05:00,2026-01-13,10,1,from_above,1,True,True,87.0,-31.5
2026-01-12,l,25834.25,2,2026-01-13 10:38:00-05:00,2026-01-13,10,1,from_above,1,True,True,112.0,-35.25
2026-01-12,l,25834.25,3,2026-01-13 10:48:00-05:00,2026-01-13,10,1,from_above,1,True,True,170.5,-13.75
2026-01-12,l,25834.25,4,2026-01-13 10:50:00-05:00,2026-01-13,10,1,from_below,1,True,True,32.0,-159.0
2026-01-12,l,25834.25,5,2026-01-13 13:56:00-05:00,2026-01-13,13,1,from_above,1,True,True,49.0,-14.75
2026-01-12,l,25834.25,6,2026-01-13 14:03:00-05:00,2026-01-13,14,1,from_above,1,True,True,54.25,-9.75
2026-01-12,ce,25854.625,1,2026-01-13 10:20:00-05:00,2026-01-13,10,1,from_above,1,True,True,62.75,-55.75
2026-01-12,ce,25854.625,2,2026-01-13 10:33:00-05:00,2026-01-13,10,1,from_below,1,True,True,44.75,-91.0
2026-01-12,ce,25854.625,3,2026-01-13 10:37:00-05:00,2026-01-13,10,1,from_above,1,True,True,98.0,-49.25
2026-01-12,ce,25854.625,4,2026-01-13 10:51:00-05:00,2026-01-13,10,1,from_below,1,True,True,10.25,-164.0
2026-01-12,ce,25854.625,5,2026-01-13 10:53:00-05:00,2026-01-13,10,1,from_below,1,True,True,12.5,-159.0
2026-01-12,ce,25854.625,6,2026-01-13 11:27:00-05:00,2026-01-13,11,1,from_above,1,True,True,133.5,-45.25
2026-01-13,h,26003.0,1,2026-01-26 23:11:00-05:00,2026-01-26,23,13,from_below,-1,False,True,26.0,-5.25
2026-01-13,h,26003.0,2,2026-01-27 00:51:00-05:00,2026-01-27,0,14,from_below,-1,False,False,5.0,-24.5
2026-01-13,h,26003.0,3,2026-01-27 01:43:00-05:00,2026-01-27,1,14,from_above,-1,False,True,16.5,-12.0
2026-01-13,h,26003.0,4,2026-01-27 01:59:00-05:00,2026-01-27,1,14,from_below,-1,False,False,9.25,-19.25
2026-01-13,h,26003.0,5,2026-01-27 02:06:00-05:00,2026-01-27,2,14,from_above,-1,False,True,18.0,-10.5
2026-01-13,h,26003.0,6,2026-01-27 02:10:00-05:00,2026-01-27,2,14,from_above,-1,False,True,15.0,-13.5
2026-01-13,l,25957.5,1,2026-01-26 21:18:00-05:00,2026-01-26,21,13,from_below,-1,False,True,10.5,-23.5
2026-01-13,l,25957.5,2,2026-01-26 21:24:00-05:00,2026-01-26,21,13,from_below,-1,False,True,12.25,-21.75
2026-01-13,l,25957.5,3,2026-01-26 21:36:00-05:00,2026-01-26,21,13,from_below,-1,False,False,7.0,-18.25
2026-01-13,l,25957.5,4,2026-01-26 21:43:00-05:00,2026-01-26,21,13,from_above,-1,False,True,17.25,-4.75
2026-01-13,l,25957.5,5,2026-01-26 21:54:00-05:00,2026-01-26,21,13,from_above,-1,False,True,19.0,-1.0
2026-01-13,l,25957.5,6,2026-01-27 09:30:00-05:00,2026-01-27,9,14,from_above,-1,False,True,96.0,-64.25
2026-01-13,ce,25980.25,1,2026-01-26 22:58:00-05:00,2026-01-26,22,13,from_below,-1,False,False,6.5,-24.75
2026-01-13,ce,25980.25,2,2026-01-26 23:06:00-05:00,2026-01-26,23,13,from_below,-1,False,False,3.75,-26.25
2026-01-13,ce,25980.25,3,2026-01-26 23:28:00-05:00,2026-01-26,23,13,from_above,-1,False,True,11.25,-10.5
2026-01-13,ce,25980.25,4,2026-01-27 00:04:00-05:00,2026-01-27,0,14,from_above,-1,False,True,38.25,-9.5
2026-01-13,ce,25980.25,5,2026-01-27 00:08:00-05:00,2026-01-27,0,14,from_below,-1,False,False,8.75,-47.75
2026-01-13,ce,25980.25,6,2026-01-27 00:12:00-05:00,2026-01-27,0,14,from_below,-1,False,False,5.0,-49.75
2026-01-14,h,25674.25,1,2026-01-15 01:15:00-05:00,2026-01-15,1,1,from_below,1,False,True,46.0,-32.5
2026-01-14,h,25674.25,2,2026-01-15 03:03:00-05:00,2026-01-15,3,1,from_above,1,False,True,80.5,-2.25
2026-01-14,h,25674.25,3,2026-01-16 10:19:00-05:00,2026-01-16,10,2,from_above,1,False,True,53.0,-86.0
2026-01-14,h,25674.25,4,2026-01-16 10:26:00-05:00,2026-01-16,10,2,from_above,1,False,True,31.5,-97.5
2026-01-14,h,25674.25,5,2026-01-16 10:29:00-05:00,2026-01-16,10,2,from_above,1,False,True,50.75,-78.75
2026-01-14,h,25674.25,6,2026-01-16 10:32:00-05:00,2026-01-16,10,2,from_below,1,False,True,78.0,-70.0
2026-01-14,l,25614.0,1,2026-01-15 00:12:00-05:00,2026-01-15,0,1,from_below,1,False,True,13.75,-42.75
2026-01-14,l,25614.0,2,2026-01-15 00:15:00-05:00,2026-01-15,0,1,from_below,1,False,False,8.25,-79.0
2026-01-14,l,25614.0,3,2026-01-15 00:30:00-05:00,2026-01-15,0,1,from_below,1,False,True,19.25,-92.0
2026-01-14,l,25614.0,4,2026-01-15 00:34:00-05:00,2026-01-15,0,1,from_above,1,False,True,106.75,-4.5
2026-01-14,l,25614.0,5,2026-01-15 01:00:00-05:00,2026-01-15,1,1,from_above,1,False,True,105.75,-6.0
2026-01-14,l,25614.0,6,2026-01-16 10:40:00-05:00,2026-01-16,10,2,from_above,1,False,True,120.75,-27.25
2026-01-14,ce,25644.125,1,2026-01-15 00:47:00-05:00,2026-01-15,0,1,from_below,1,False,True,35.75,-76.0
2026-01-14,ce,25644.125,2,2026-01-15 01:10:00-05:00,2026-01-15,1,1,from_below,1,False,True,21.25,-75.75
2026-01-14,ce,25644.125,3,2026-01-15 01:14:00-05:00,2026-01-15,1,1,from_above,1,False,True,77.25,-1.75
2026-01-14,ce,25644.125,4,2026-01-16 10:35:00-05:00,2026-01-16,10,2,from_above,1,False,True,87.0,-61.0
2026-01-14,ce,25644.125,5,2026-01-16 10:54:00-05:00,2026-01-16,10,2,from_below,1,False,True,24.75,-98.25
2026-01-14,ce,25644.125,6,2026-01-16 10:57:00-05:00,2026-01-16,10,2,from_above,1,False,True,82.5,-26.5
2026-01-15,h,25954.25,1,2026-01-26 21:17:00-05:00,2026-01-26,21,11,from_below,-1,True,False,9.75,-24.25
2026-01-15,h,25954.25,2,2026-01-26 21:35:00-05:00,2026-01-26,21,11,from_below,-1,True,False,7.0,-25.5
2026-01-15,h,25954.25,3,2026-01-26 21:47:00-05:00,2026-01-26,21,11,from_above,-1,True,True,21.0,-1.0
2026-01-15,h,25954.25,4,2026-01-27 09:30:00-05:00,2026-01-27,9,12,from_above,-1,True,True,96.0,-64.25
2026-01-15,h,25954.25,5,2026-01-27 09:35:00-05:00,2026-01-27,9,12,from_above,-1,True,True,128.75,-33.25
2026-01-15,h,25954.25,6,2026-01-27 09:40:00-05:00,2026-01-27,9,12,from_below,-1,True,True,21.5,-140.75
2026-01-15,l,25890.25,1,2026-01-16 09:31:00-05:00,2026-01-16,9,1,from_below,-1,True,True,207.5,-26.5
2026-01-15,l,25890.25,2,2026-01-26 10:52:00-05:00,2026-01-26,10,11,from_below,-1,True,True,40.5,-37.0
2026-01-15,l,25890.25,3,2026-01-26 11:00:00-05:00,2026-01-26,11,11,from_below,-1,True,True,40.0,-37.5
2026-01-15,l,25890.25,4,2026-01-26 11:06:00-05:00,2026-01-26,11,11,from_below,-1,True,True,36.75,-45.0
2026-01-15,l,25890.25,5,2026-01-26 11:22:00-05:00,2026-01-26,11,11,from_below,-1,True,True,16.75,-41.0
2026-01-15,l,25890.25,6,2026-01-26 11:45:00-05:00,2026-01-26,11,11,from_above,-1,True,True,33.0,-11.75
2026-01-15,ce,25922.25,1,2026-01-26 11:31:00-05:00,2026-01-26,11,11,from_below,-1,True,True,33.25,-11.5
2026-01-15,ce,25922.25,2,2026-01-26 12:03:00-05:00,2026-01-26,12,11,from_below,-1,True,True,40.0,-13.75
2026-01-15,ce,25922.25,3,2026-01-26 12:23:00-05:00,2026-01-26,12,11,from_below,-1,True,True,53.0,-1.25
2026-01-15,ce,25922.25,4,2026-01-26 13:30:00-05:00,2026-01-26,13,11,from_below,-1,True,True,36.0,-12.75
2026-01-15,ce,25922.25,5,2026-01-26 20:47:00-05:00,2026-01-26,20,11,from_below,-1,True,False,2.75,-43.5
2026-01-15,ce,25922.25,6,2026-01-27 09:37:00-05:00,2026-01-27,9,12,from_above,-1,True,True,163.5,-2.75
2026-01-16,h,25853.0,1,2026-01-26 09:58:00-05:00,2026-01-26,9,10,from_below,1,False,True,41.75,-54.0
2026-01-16,h,25853.0,2,2026-01-26 10:17:00-05:00,2026-01-26,10,10,from_below,1,False,True,23.25,-42.5
2026-01-16,h,25853.0,3,2026-01-26 10:27:00-05:00,2026-01-26,10,10,from_above,1,False,True,46.25,-23.75
2026-01-16,h,25853.0,4,2026-01-26 10:30:00-05:00,2026-01-26,10,10,from_below,1,False,True,18.75,-62.5
2026-01-16,h,25853.0,5,2026-01-26 10:35:00-05:00,2026-01-26,10,10,from_above,1,False,True,71.25,-24.0
2026-01-16,h,25853.0,6,2026-01-26 10:40:00-05:00,2026-01-26,10,10,from_above,1,False,True,74.0,-21.25
2026-01-16,l,25807.0,1,2026-01-23 10:49:00-05:00,2026-01-23,10,7,from_below,1,False,True,49.5,-35.25
2026-01-16,l,25807.0,2,2026-01-23 11:07:00-05:00,2026-01-23,11,7,from_above,1,False,True,25.0,-46.5
2026-01-16,l,25807.0,3,2026-01-23 11:22:00-05:00,2026-01-23,11,7,from_above,1,False,True,17.75,-50.0
2026-01-16,l,25807.0,4,2026-01-23 11:26:00-05:00,2026-01-23,11,7,from_above,1,False,True,19.5,-48.25
2026-01-16,l,25807.0,5,2026-01-23 11:37:00-05:00,2026-01-23,11,7,from_below,1,False,True,46.0,-16.5
2026-01-16,l,25807.0,6,2026-01-23 11:41:00-05:00,2026-01-23,11,7,from_above,1,False,False,9.5,-67.25
2026-01-16,ce,25830.0,1,2026-01-23 11:00:00-05:00,2026-01-23,11,7,from_below,1,False,True,73.0,-11.75
2026-01-16,ce,25830.0,2,2026-01-23 11:05:00-05:00,2026-01-23,11,7,from_above,1,False,True,19.5,-64.25
2026-01-16,ce,25830.0,3,2026-01-23 11:10:00-05:00,2026-01-23,11,7,from_below,1,False,True,67.25,-4.25
2026-01-16,ce,25830.0,4,2026-01-23 11:18:00-05:00,2026-01-23,11,7,from_below,1,False,True,68.0,-1.0
2026-01-16,ce,25830.0,5,2026-01-23 11:49:00-05:00,2026-01-23,11,7,from_below,1,False,True,114.25,-7.0
2026-01-16,ce,25830.0,6,2026-01-26 09:45:00-05:00,2026-01-26,9,10,from_below,1,False,True,24.75,-61.25
2026-01-19,h,25266.0,1,2026-01-20 01:47:00-05:00,2026-01-20,1,1,from_above,1,False,True,55.0,-9.0
2026-01-19,h,25266.0,2,2026-01-20 02:19:00-05:00,2026-01-20,2,1,from_above,1,False,True,28.75,-45.0
2026-01-19,h,25266.0,3,2026-01-20 02:45:00-05:00,2026-01-20,2,1,from_above,1,False,True,21.5,-106.5
2026-01-19,h,25266.0,4,2026-01-20 03:00:00-05:00,2026-01-20,3,1,from_above,1,False,True,21.5,-100.5
2026-01-19,h,25266.0,5,2026-01-20 03:09:00-05:00,2026-01-20,3,1,from_below,1,False,True,96.75,-15.5
2026-01-19,h,25266.0,6,2026-01-20 07:42:00-05:00,2026-01-20,7,1,from_below,1,False,True,84.0,-18.25
2026-01-19,l,25236.25,1,2026-01-20 03:06:00-05:00,2026-01-20,3,1,from_above,1,False,True,50.25,-62.0
2026-01-19,l,25236.25,2,2026-01-20 03:16:00-05:00,2026-01-20,3,1,from_above,1,False,True,17.75,-71.75
2026-01-19,l,25236.25,3,2026-01-20 03:19:00-05:00,2026-01-20,3,1,from_above,1,False,True,22.75,-77.0
2026-01-19,l,25236.25,4,2026-01-20 03:26:00-05:00,2026-01-20,3,1,from_above,1,False,False,7.0,-105.0
2026-01-19,l,25236.25,5,2026-01-20 07:10:00-05:00,2026-01-20,7,1,from_below,1,False,True,25.0,-46.25
2026-01-19,l,25236.25,6,2026-01-20 07:14:00-05:00,2026-01-20,7,1,from_above,1,False,True,36.25,-35.0
2026-01-19,ce,25251.125,1,2026-01-20 03:02:00-05:00,2026-01-20,3,1,from_above,1,False,True,28.0,-84.25
2026-01-19,ce,25251.125,2,2026-01-20 03:08:00-05:00,2026-01-20,3,1,from_below,1,False,True,85.25,-27.0
2026-01-19,ce,25251.125,3,2026-01-20 03:15:00-05:00,2026-01-20,3,1,from_above,1,False,True,13.0,-85.75
2026-01-19,ce,25251.125,4,2026-01-20 03:23:00-05:00,2026-01-20,3,1,from_below,1,False,True,111.0,-2.5
2026-01-19,ce,25251.125,5,2026-01-20 03:29:00-05:00,2026-01-20,3,1,from_below,1,False,True,107.25,-12.0
2026-01-19,ce,25251.125,6,2026-01-20 07:13:00-05:00,2026-01-20,7,1,from_below,1,False,True,30.75,-40.5
2026-01-20,h,25334.75,1,2026-01-21 09:58:00-05:00,2026-01-21,9,1,from_below,-1,False,True,37.75,-157.25
2026-01-20,h,25334.75,2,2026-01-21 10:06:00-05:00,2026-01-21,10,1,from_below,-1,False,True,31.5,-163.5
2026-01-20,h,25334.75,3,2026-01-21 10:15:00-05:00,2026-01-21,10,1,from_below,-1,False,True,17.0,-161.25
2026-01-20,h,25334.75,4,2026-01-21 10:19:00-05:00,2026-01-21,10,1,from_above,-1,False,True,148.5,-29.75
2026-01-20,h,25334.75,5,2026-01-21 11:39:00-05:00,2026-01-21,11,1,from_above,-1,False,True,27.0,-192.5
2026-01-20,h,25334.75,6,2026-01-21 14:27:00-05:00,2026-01-21,14,1,from_below,-1,False,True,115.5,-290.25
2026-01-20,l,25267.5,1,2026-01-21 09:52:00-05:00,2026-01-21,9,1,from_below,-1,False,True,25.25,-204.5
2026-01-20,l,25267.5,2,2026-01-21 11:47:00-05:00,2026-01-21,11,1,from_above,-1,False,True,31.75,-135.5
2026-01-20,l,25267.5,3,2026-01-21 11:51:00-05:00,2026-01-21,11,1,from_above,-1,False,True,37.0,-115.75
2026-01-20,l,25267.5,4,2026-01-21 13:49:00-05:00,2026-01-21,13,1,from_below,-1,False,True,38.0,-351.0
2026-01-20,l,25267.5,5,2026-01-21 13:55:00-05:00,2026-01-21,13,1,from_above,-1,False,True,370.5,-38.5
2026-01-20,l,25267.5,6,2026-01-21 13:58:00-05:00,2026-01-21,13,1,from_below,-1,False,True,47.5,-361.5
2026-01-20,ce,25301.125,1,2026-01-21 09:56:00-05:00,2026-01-21,9,1,from_below,-1,False,False,9.5,-190.0
2026-01-20,ce,25301.125,2,2026-01-21 10:10:00-05:00,2026-01-21,10,1,from_above,-1,False,True,186.0,-9.0
2026-01-20,ce,25301.125,3,2026-01-21 10:13:00-05:00,2026-01-21,10,1,from_above,-1,False,True,172.25,-22.0
2026-01-20,ce,25301.125,4,2026-01-21 11:44:00-05:00,2026-01-21,11,1,from_above,-1,False,True,29.0,-151.75
2026-01-20,ce,25301.125,5,2026-01-21 11:48:00-05:00,2026-01-21,11,1,from_below,-1,False,True,153.25,-14.0
2026-01-20,ce,25301.125,6,2026-01-21 14:27:00-05:00,2026-01-21,14,1,from_below,-1,False,True,115.5,-290.25
2026-01-21,h,25244.25,1,2026-02-01 23:03:00-05:00,2026-02-01,23,11,from_above,1,False,True,123.25,-36.25
2026-01-21,h,25244.25,2,2026-02-01 23:06:00-05:00,2026-02-01,23,11,from_below,1,False,True,21.75,-137.75
2026-01-21,h,25244.25,3,2026-02-01 23:13:00-05:00,2026-02-01,23,11,from_below,1,False,True,14.0,-130.25
2026-01-21,h,25244.25,4,2026-02-02 00:34:00-05:00,2026-02-02,0,12,from_above,1,False,True,30.5,-66.75
2026-01-21,h,25244.25,5,2026-02-02 00:45:00-05:00,2026-02-02,0,12,from_above,1,False,True,43.25,-59.75
2026-01-21,h,25244.25,6,2026-02-02 00:53:00-05:00,2026-02-02,0,12,from_above,1,False,True,31.75,-67.5
2026-01-21,l,25196.75,1,2026-02-02 01:15:00-05:00,2026-02-02,1,12,from_above,1,False,True,85.75,-41.0
2026-01-21,l,25196.75,2,2026-02-02 01:18:00-05:00,2026-02-02,1,12,from_above,1,False,True,111.75,-15.0
2026-01-21,l,25196.75,3,2026-02-02 01:21:00-05:00,2026-02-02,1,12,from_above,1,False,True,110.75,-16.0
2026-01-21,l,25196.75,4,2026-02-02 01:37:00-05:00,2026-02-02,1,12,from_above,1,False,True,119.75,-11.25
2026-01-21,l,25196.75,5,2026-02-02 01:39:00-05:00,2026-02-02,1,12,from_below,1,False,False,6.0,-130.25
2026-01-21,l,25196.75,6,2026-02-02 01:49:00-05:00,2026-02-02,1,12,from_above,1,False,True,126.5,-9.75
2026-01-21,ce,25220.5,1,2026-02-01 23:05:00-05:00,2026-02-01,23,11,from_above,1,False,True,143.25,-16.25
2026-01-21,ce,25220.5,2,2026-02-01 23:07:00-05:00,2026-02-01,23,11,from_above,1,False,True,153.25,-6.25
2026-01-21,ce,25220.5,3,2026-02-01 23:12:00-05:00,2026-02-01,23,11,from_above,1,False,True,144.25,-14.0
2026-01-21,ce,25220.5,4,2026-02-02 01:10:00-05:00,2026-02-02,1,12,from_above,1,False,True,87.0,-39.75
2026-01-21,ce,25220.5,5,2026-02-02 01:14:00-05:00,2026-02-02,1,12,from_below,1,False,True,26.5,-100.25
2026-01-21,ce,25220.5,6,2026-02-02 01:19:00-05:00,2026-02-02,1,12,from_below,1,False,True,38.25,-88.5
2026-01-22,h,25659.0,1,2026-01-23 03:14:00-05:00,2026-01-23,3,1,from_above,-1,False,True,15.25,-76.25
2026-01-22,h,25659.0,2,2026-01-23 06:33:00-05:00,2026-01-23,6,1,from_below,-1,False,True,65.0,-2.0
2026-01-22,h,25659.0,3,2026-01-23 09:56:00-05:00,2026-01-23,9,1,from_below,-1,False,True,21.25,-186.25
2026-01-22,h,25659.0,4,2026-01-23 09:58:00-05:00,2026-01-23,9,1,from_below,-1,False,False,7.25,-173.25
2026-01-22,h,25659.0,5,2026-01-25 20:22:00-05:00,2026-01-25,20,3,from_below,-1,False,True,26.25,-12.0
2026-01-22,h,25659.0,6,2026-01-25 20:48:00-05:00,2026-01-25,20,3,from_below,-1,False,True,55.0,-16.25
2026-01-22,l,25556.75,1,2026-01-23 04:42:00-05:00,2026-01-23,4,1,from_above,-1,False,True,18.25,-16.75
2026-01-22,l,25556.75,2,2026-01-23 04:47:00-05:00,2026-01-23,4,1,from_below,-1,False,True,14.0,-16.0
2026-01-22,l,25556.75,3,2026-01-23 04:54:00-05:00,2026-01-23,4,1,from_above,-1,False,True,13.25,-11.75
2026-01-22,l,25556.75,4,2026-01-23 04:57:00-05:00,2026-01-23,4,1,from_above,-1,False,True,17.0,-8.0
2026-01-22,l,25556.75,5,2026-01-23 05:11:00-05:00,2026-01-23,5,1,from_above,-1,False,True,82.25,-8.0
2026-01-22,l,25556.75,6,2026-01-23 05:14:00-05:00,2026-01-23,5,1,from_above,-1,False,True,87.25,-3.0
2026-01-22,ce,25607.875,1,2026-01-23 03:34:00-05:00,2026-01-23,3,1,from_above,-1,False,True,24.25,-28.0
2026-01-22,ce,25607.875,2,2026-01-23 03:49:00-05:00,2026-01-23,3,1,from_above,-1,False,True,18.5,-70.75
2026-01-22,ce,25607.875,3,2026-01-23 03:52:00-05:00,2026-01-23,3,1,from_above,-1,False,True,32.0,-57.25
2026-01-22,ce,25607.875,4,2026-01-23 03:58:00-05:00,2026-01-23,3,1,from_below,-1,False,True,65.5,-23.75
2026-01-22,ce,25607.875,5,2026-01-23 04:02:00-05:00,2026-01-23,4,1,from_above,-1,False,True,17.0,-72.25
2026-01-22,ce,25607.875,6,2026-01-23 04:12:00-05:00,2026-01-23,4,1,from_above,-1,False,True,14.75,-68.0
2026-01-23,h,25636.25,1,2026-01-25 20:04:00-05:00,2026-01-25,20,2,from_below,-1,False,True,33.25,-32.75
2026-01-23,h,25636.25,2,2026-01-25 20:21:00-05:00,2026-01-25,20,2,from_below,-1,False,True,18.25,-25.25
2026-01-23,h,25636.25,3,2026-01-25 20:34:00-05:00,2026-01-25,20,2,from_above,-1,False,True,28.5,-11.0
2026-01-23,h,25636.25,4,2026-01-25 20:41:00-05:00,2026-01-25,20,2,from_above,-1,False,True,27.25,-14.75
2026-01-23,h,25636.25,5,2026-01-25 20:43:00-05:00,2026-01-25,20,2,from_above,-1,False,True,25.75,-22.25
2026-01-23,h,25636.25,6,2026-01-25 21:31:00-05:00,2026-01-25,21,2,from_above,-1,False,True,23.0,-36.75
2026-01-23,l,25579.5,1,2026-01-25 18:00:00-05:00,2026-01-25,18,2,unknown,-1,False,False,,
2026-01-23,l,25579.5,2,2026-01-25 19:03:00-05:00,2026-01-25,19,2,from_below,-1,False,True,15.5,-40.0
2026-01-23,l,25579.5,3,2026-01-25 19:10:00-05:00,2026-01-25,19,2,from_above,-1,False,True,61.0,-22.25
2026-01-23,l,25579.5,4,2026-01-25 19:17:00-05:00,2026-01-25,19,2,from_above,-1,False,True,69.5,-13.75
2026-01-23,l,25579.5,5,2026-01-25 19:23:00-05:00,2026-01-25,19,2,from_above,-1,False,True,80.5,-18.75
2026-01-23,l,25579.5,6,2026-01-25 19:35:00-05:00,2026-01-25,19,2,from_above,-1,False,True,69.0,-30.25
2026-01-23,ce,25607.875,1,2026-01-25 19:28:00-05:00,2026-01-25,19,2,from_below,-1,False,True,42.0,-57.25
2026-01-23,ce,25607.875,2,2026-01-25 20:03:00-05:00,2026-01-25,20,2,from_below,-1,False,True,10.75,-61.0
2026-01-23,ce,25607.875,3,2026-01-25 20:09:00-05:00,2026-01-25,20,2,from_above,-1,False,True,58.0,-8.0
2026-01-23,ce,25607.875,4,2026-01-25 20:14:00-05:00,2026-01-25,20,2,from_above,-1,False,True,62.5,-3.5
2026-01-23,ce,25607.875,5,2026-01-25 21:46:00-05:00,2026-01-25,21,2,from_above,-1,False,True,42.75,-17.0
2026-01-23,ce,25607.875,6,2026-01-25 21:53:00-05:00,2026-01-25,21,2,from_above,-1,False,True,56.5,-1.75
2026-01-26,h,25835.0,1,2026-01-29 10:00:00-05:00,2026-01-29,10,3,from_above,-1,True,True,59.75,-272.75
2026-01-26,h,25835.0,2,2026-01-29 12:23:00-05:00,2026-01-29,12,3,from_below,-1,True,True,91.0,-38.5
2026-01-26,h,25835.0,3,2026-01-29 12:25:00-05:00,2026-01-29,12,3,from_above,-1,True,True,37.75,-91.75
2026-01-26,h,25835.0,4,2026-01-29 12:30:00-05:00,2026-01-29,12,3,from_above,-1,True,True,35.25,-94.25
2026-01-26,h,25835.0,5,2026-01-29 12:33:00-05:00,2026-01-29,12,3,from_above,-1,True,True,43.0,-86.5
2026-01-26,h,25835.0,6,2026-01-29 12:41:00-05:00,2026-01-29,12,3,from_above,-1,True,True,51.25,-89.75
2026-01-26,l,25800.75,1,2026-01-29 10:00:00-05:00,2026-01-29,10,3,from_above,-1,True,True,59.75,-272.75
2026-01-26,l,25800.75,2,2026-01-29 10:05:00-05:00,2026-01-29,10,3,from_below,-1,True,True,262.25,-27.75
2026-01-26,l,25800.75,3,2026-01-29 10:11:00-05:00,2026-01-29,10,3,from_below,-1,True,True,288.0,-2.0
2026-01-26,l,25800.75,4,2026-01-29 10:20:00-05:00,2026-01-29,10,3,from_below,-1,True,True,270.75,-15.25
2026-01-26,l,25800.75,5,2026-01-29 12:13:00-05:00,2026-01-29,12,3,from_below,-1,True,True,46.5,-83.0
2026-01-26,l,25800.75,6,2026-01-29 12:47:00-05:00,2026-01-29,12,3,from_above,-1,True,True,99.5,-41.5
2026-01-26,ce,25817.875,1,2026-01-29 10:00:00-05:00,2026-01-29,10,3,from_above,-1,True,True,59.75,-272.75
2026-01-26,ce,25817.875,2,2026-01-29 10:05:00-05:00,2026-01-29,10,3,from_below,-1,True,True,262.25,-27.75
2026-01-26,ce,25817.875,3,2026-01-29 10:08:00-05:00,2026-01-29,10,3,from_below,-1,True,True,264.75,-25.25
2026-01-26,ce,25817.875,4,2026-01-29 10:11:00-05:00,2026-01-29,10,3,from_below,-1,True,True,288.0,-2.0
2026-01-26,ce,25817.875,5,2026-01-29 10:21:00-05:00,2026-01-29,10,3,from_below,-1,True,True,265.75,-20.25
2026-01-26,ce,25817.875,6,2026-01-29 10:23:00-05:00,2026-01-29,10,3,from_below,-1,True,True,256.75,-29.25
2026-01-27,h,25990.5,1,2026-01-29 09:42:00-05:00,2026-01-29,9,2,from_above,1,False,True,23.5,-370.5
2026-01-27,h,25990.5,2,2026-01-29 09:48:00-05:00,2026-01-29,9,2,from_below,1,False,True,396.25,-2.75
2026-01-27,h,25990.5,3,2026-01-29 15:55:00-05:00,2026-01-29,15,2,from_below,1,False,True,51.0,-41.25
2026-01-27,h,25990.5,4,2026-01-29 15:59:00-05:00,2026-01-29,15,2,from_above,1,False,True,48.0,-44.25
2026-01-27,h,25990.5,5,2026-01-29 16:05:00-05:00,2026-01-29,16,2,from_above,1,False,True,61.75,-30.5
2026-01-27,h,25990.5,6,2026-01-29 16:08:00-05:00,2026-01-29,16,2,from_below,1,False,True,49.75,-42.5
2026-01-27,l,25958.75,1,2026-01-29 09:43:00-05:00,2026-01-29,9,2,from_above,1,False,True,50.5,-350.5
2026-01-27,l,25958.75,2,2026-01-29 09:47:00-05:00,2026-01-29,9,2,from_below,1,False,True,363.75,-35.25
2026-01-27,l,25958.75,3,2026-01-29 09:50:00-05:00,2026-01-29,9,2,from_above,1,False,True,13.5,-405.0
2026-01-27,l,25958.75,4,2026-01-29 15:50:00-05:00,2026-01-29,15,2,from_below,1,False,True,31.75,-83.0
2026-01-27,l,25958.75,5,2026-01-29 16:29:00-05:00,2026-01-29,16,2,from_above,1,False,True,53.25,-39.0
2026-01-27,l,25958.75,6,2026-01-29 18:04:00-05:00,2026-01-29,18,2,from_above,1,False,True,66.5,-68.5
2026-01-27,ce,25974.625,1,2026-01-29 09:42:00-05:00,2026-01-29,9,2,from_above,1,False,True,23.5,-370.5
2026-01-27,ce,25974.625,2,2026-01-29 09:47:00-05:00,2026-01-29,9,2,from_below,1,False,True,363.75,-35.25
2026-01-27,ce,25974.625,3,2026-01-29 15:53:00-05:00,2026-01-29,15,2,from_below,1,False,True,23.75,-68.5
2026-01-27,ce,25974.625,4,2026-01-29 16:06:00-05:00,2026-01-29,16,2,from_above,1,False,True,72.0,-20.25
2026-01-27,ce,25974.625,5,2026-01-29 16:14:00-05:00,2026-01-29,16,2,from_above,1,False,True,57.0,-35.25
2026-01-27,ce,25974.625,6,2026-01-29 16:17:00-05:00,2026-01-29,16,2,from_above,1,False,True,61.25,-31.0
2026-01-28,l,26230.0,1,2026-01-29 00:00:00-05:00,2026-01-29,0,1,unknown,-1,False,False,,
2026-01-28,l,26230.0,2,2026-01-29 00:05:00-05:00,2026-01-29,0,1,from_below,-1,False,True,18.75,-24.0
2026-01-28,l,26230.0,3,2026-01-29 00:20:00-05:00,2026-01-29,0,1,from_below,-1,False,False,6.25,-40.5
2026-01-28,l,26230.0,4,2026-01-29 00:26:00-05:00,2026-01-29,0,1,from_below,-1,False,False,5.5,-39.5
2026-01-28,l,26230.0,5,2026-01-29 00:56:00-05:00,2026-01-29,0,1,from_above,-1,False,True,35.25,-5.5
2026-01-28,l,26230.0,6,2026-01-29 01:52:00-05:00,2026-01-29,1,1,from_above,-1,False,True,43.5,-1.75
2026-01-28,ce,26267.625,1,2026-01-29 01:16:00-05:00,2026-01-29,1,1,from_below,-1,False,True,34.75,-2.25
2026-01-28,ce,26267.625,2,2026-01-29 02:35:00-05:00,2026-01-29,2,1,from_below,-1,False,True,42.5,-11.5
2026-01-28,ce,26267.625,3,2026-01-29 02:40:00-05:00,2026-01-29,2,1,from_above,-1,False,False,7.25,-46.75
2026-01-28,ce,26267.625,4,2026-01-29 02:43:00-05:00,2026-01-29,2,1,from_above,-1,False,True,10.25,-43.75
2026-01-28,ce,26267.625,5,2026-01-29 02:48:00-05:00,2026-01-29,2,1,from_above,-1,False,True,16.25,-37.75
2026-01-28,ce,26267.625,6,2026-01-29 03:12:00-05:00,2026-01-29,3,1,from_below,-1,False,True,27.75,-20.0
2026-01-29,h,26008.0,1,2026-02-03 01:42:00-05:00,2026-02-03,1,5,from_below,1,True,True,30.5,-3.25
2026-01-29,h,26008.0,2,2026-02-03 02:37:00-05:00,2026-02-03,2,5,from_below,1,True,True,17.0,-25.5
2026-01-29,h,26008.0,3,2026-02-03 02:40:00-05:00,2026-02-03,2,5,from_below,1,True,True,25.0,-22.25
2026-01-29,h,26008.0,4,2026-02-03 02:43:00-05:00,2026-02-03,2,5,from_below,1,True,True,29.5,-17.75
2026-01-29,h,26008.0,5,2026-02-03 03:00:00-05:00,2026-02-03,3,5,from_above,1,True,True,33.25,-21.25
2026-01-29,h,26008.0,6,2026-02-03 03:08:00-05:00,2026-02-03,3,5,from_below,1,True,True,34.5,-20.0
2026-01-29,l,25910.5,1,2026-01-30 09:30:00-05:00,2026-01-30,9,1,from_below,1,True,True,127.0,-42.0
2026-01-29,l,25910.5,2,2026-01-30 09:39:00-05:00,2026-01-30,9,1,from_below,1,True,True,148.25,-20.75
2026-01-29,l,25910.5,3,2026-01-30 09:50:00-05:00,2026-01-30,9,1,from_below,1,True,True,134.25,-29.75
2026-01-29,l,25910.5,4,2026-01-30 10:11:00-05:00,2026-01-30,10,1,from_below,1,True,True,143.0,-21.0
2026-01-29,l,25910.5,5,2026-01-30 10:15:00-05:00,2026-01-30,10,1,from_below,1,True,True,125.0,-39.0
2026-01-29,l,25910.5,6,2026-01-30 10:42:00-05:00,2026-01-30,10,1,from_below,1,True,True,147.0,-34.0
2026-01-29,ce,25959.25,1,2026-02-02 18:35:00-05:00,2026-02-02,18,4,from_below,1,True,True,46.25,-24.0
2026-01-29,ce,25959.25,2,2026-02-02 18:41:00-05:00,2026-02-02,18,4,from_above,1,True,True,23.25,-47.0
2026-01-29,ce,25959.25,3,2026-02-02 18:49:00-05:00,2026-02-02,18,4,from_below,1,True,True,38.75,-31.5
2026-01-29,ce,25959.25,4,2026-02-02 18:52:00-05:00,2026-02-02,18,4,from_below,1,True,True,37.0,-33.25
2026-01-29,ce,25959.25,5,2026-02-02 19:20:00-05:00,2026-02-02,19,4,from_below,1,True,True,10.25,-35.0
2026-01-29,ce,25959.25,6,2026-02-02 19:41:00-05:00,2026-02-02,19,4,from_above,1,True,True,30.75,-16.5
2026-01-30,h,25899.75,1,2026-02-02 10:19:00-05:00,2026-02-02,10,3,from_below,1,True,True,100.25,-8.75
2026-01-30,h,25899.75,2,2026-02-02 10:38:00-05:00,2026-02-02,10,3,from_below,1,True,True,94.0,-10.0
2026-01-30,h,25899.75,3,2026-02-02 11:24:00-05:00,2026-02-02,11,3,from_below,1,True,True,45.25,-43.0
2026-01-30,h,25899.75,4,2026-02-02 11:35:00-05:00,2026-02-02,11,3,from_below,1,True,True,57.5,-39.0
2026-01-30,h,25899.75,5,2026-02-02 11:59:00-05:00,2026-02-02,11,3,from_below,1,True,False,6.0,-46.75
2026-01-30,h,25899.75,6,2026-02-02 12:15:00-05:00,2026-02-02,12,3,from_above,1,True,True,40.0,-5.25
2026-01-30,l,25838.25,1,2026-02-02 10:09:00-05:00,2026-02-02,10,3,from_below,1,True,True,28.75,-80.25
2026-01-30,l,25838.25,2,2026-02-02 10:11:00-05:00,2026-02-02,10,3,from_below,1,True,True,44.5,-64.5
2026-01-30,l,25838.25,3,2026-02-02 10:50:00-05:00,2026-02-02,10,3,from_above,1,True,True,42.0,-56.5
2026-01-30,l,25838.25,4,2026-02-02 10:56:00-05:00,2026-02-02,10,3,from_above,1,True,True,74.0,-24.5
2026-01-30,l,25838.25,5,2026-02-02 10:59:00-05:00,2026-02-02,10,3,from_below,1,True,True,37.25,-61.5
2026-01-30,l,25838.25,6,2026-02-02 11:08:00-05:00,2026-02-02,11,3,from_below,1,True,True,16.75,-85.5
2026-01-30,ce,25869.0,1,2026-02-02 10:14:00-05:00,2026-02-02,10,3,from_below,1,True,True,71.5,-37.5
2026-01-30,ce,25869.0,2,2026-02-02 10:27:00-05:00,2026-02-02,10,3,from_above,1,True,True,28.5,-75.5
2026-01-30,ce,25869.0,3,2026-02-02 10:42:00-05:00,2026-02-02,10,3,from_above,1,True,True,27.75,-70.75
2026-01-30,ce,25869.0,4,2026-02-02 10:51:00-05:00,2026-02-02,10,3,from_below,1,True,True,62.75,-35.75
2026-01-30,ce,25869.0,5,2026-02-02 10:53:00-05:00,2026-02-02,10,3,from_below,1,True,True,60.0,-38.5
2026-01-30,ce,25869.0,6,2026-02-02 11:16:00-05:00,2026-02-02,11,3,from_below,1,True,True,19.5,-68.75
2026-02-02,h,25752.25,1,2026-02-03 09:43:00-05:00,2026-02-03,9,1,from_above,1,False,True,64.0,-277.25
2026-02-02,h,25752.25,2,2026-02-03 09:51:00-05:00,2026-02-03,9,1,from_above,1,False,True,25.5,-285.75
2026-02-02,h,25752.25,3,2026-02-03 09:54:00-05:00,2026-02-03,9,1,from_above,1,False,True,55.0,-249.75
2026-02-02,l,25698.25,1,2026-02-03 09:55:00-05:00,2026-02-03,9,1,from_above,1,False,True,28.25,-229.5
2026-02-02,ce,25725.25,1,2026-02-03 09:43:00-05:00,2026-02-03,9,1,from_above,1,False,True,64.0,-277.25
2026-02-02,ce,25725.25,2,2026-02-03 09:54:00-05:00,2026-02-03,9,1,from_above,1,False,True,55.0,-249.75
2026-02-04,h,25371.75,1,2026-02-09 11:45:00-05:00,2026-02-09,11,5,from_below,1,False,True,15.75,-36.75
2026-02-04,h,25371.75,2,2026-02-09 12:43:00-05:00,2026-02-09,12,5,from_above,1,False,False,5.75,-69.75
2026-02-04,h,25371.75,3,2026-02-09 12:47:00-05:00,2026-02-09,12,5,from_above,1,False,True,15.25,-62.25
2026-02-04,h,25371.75,4,2026-02-09 12:50:00-05:00,2026-02-09,12,5,from_above,1,False,True,14.25,-63.25
2026-02-04,h,25371.75,5,2026-02-09 13:03:00-05:00,2026-02-09,13,5,from_below,1,False,True,64.25,-19.25
2026-02-04,h,25371.75,6,2026-02-09 13:07:00-05:00,2026-02-09,13,5,from_below,1,False,True,52.75,-33.0
2026-02-04,l,25291.0,1,2026-02-08 18:47:00-05:00,2026-02-08,18,4,from_below,1,False,True,19.0,-65.75
2026-02-04,l,25291.0,2,2026-02-08 18:50:00-05:00,2026-02-08,18,4,from_below,1,False,True,23.0,-61.75
2026-02-04,l,25291.0,3,2026-02-08 19:00:00-05:00,2026-02-08,19,4,from_below,1,False,True,42.25,-49.25
2026-02-04,l,25291.0,4,2026-02-08 19:31:00-05:00,2026-02-08,19,4,from_above,1,False,True,24.0,-71.25
2026-02-04,l,25291.0,5,2026-02-08 19:44:00-05:00,2026-02-08,19,4,from_above,1,False,False,4.75,-74.75
2026-02-04,l,25291.0,6,2026-02-09 10:49:00-05:00,2026-02-09,10,5,from_below,1,False,True,30.25,-100.5
2026-02-04,ce,25331.375,1,2026-02-08 19:05:00-05:00,2026-02-08,19,4,from_below,1,False,True,77.25,-25.25
2026-02-04,ce,25331.375,2,2026-02-08 19:07:00-05:00,2026-02-08,19,4,from_below,1,False,True,82.25,-27.75
2026-02-04,ce,25331.375,3,2026-02-08 19:14:00-05:00,2026-02-08,19,4,from_below,1,False,True,93.0,-17.0
2026-02-04,ce,25331.375,4,2026-02-08 19:20:00-05:00,2026-02-08,19,4,from_below,1,False,True,105.25,-7.25
2026-02-04,ce,25331.375,5,2026-02-08 19:23:00-05:00,2026-02-08,19,4,from_above,1,False,True,10.75,-95.0
2026-02-04,ce,25331.375,6,2026-02-08 19:34:00-05:00,2026-02-08,19,4,from_below,1,False,True,91.5,-3.75
2026-02-05,h,24942.0,1,2026-02-06 09:45:00-05:00,2026-02-06,9,1,from_below,1,True,True,189.75,-52.25
2026-02-05,h,24942.0,2,2026-02-06 09:53:00-05:00,2026-02-06,9,1,from_above,1,True,True,48.25,-190.25
2026-02-05,h,24942.0,3,2026-02-06 10:42:00-05:00,2026-02-06,10,1,from_below,1,True,True,114.75,-117.0
2026-02-05,h,24942.0,4,2026-02-06 10:45:00-05:00,2026-02-06,10,1,from_below,1,True,True,112.75,-119.0
2026-02-05,h,24942.0,5,2026-02-06 10:48:00-05:00,2026-02-06,10,1,from_above,1,True,True,133.25,-98.5
2026-02-05,h,24942.0,6,2026-02-06 11:03:00-05:00,2026-02-06,11,1,from_below,1,True,True,21.5,-101.0
2026-02-05,l,24872.5,1,2026-02-06 06:58:00-05:00,2026-02-06,6,1,from_below,1,True,True,107.5,-4.75
2026-02-05,l,24872.5,2,2026-02-06 09:33:00-05:00,2026-02-06,9,1,from_below,1,True,True,124.75,-117.25
2026-02-05,l,24872.5,3,2026-02-06 09:37:00-05:00,2026-02-06,9,1,from_below,1,True,True,134.25,-107.75
2026-02-05,l,24872.5,4,2026-02-06 09:41:00-05:00,2026-02-06,9,1,from_above,1,True,True,129.75,-112.25
2026-02-05,l,24872.5,5,2026-02-06 09:55:00-05:00,2026-02-06,9,1,from_above,1,True,True,79.0,-141.25
2026-02-05,l,24872.5,6,2026-02-06 10:11:00-05:00,2026-02-06,10,1,from_below,1,True,True,104.25,-152.5
2026-02-05,ce,24907.25,1,2026-02-06 09:38:00-05:00,2026-02-06,9,1,from_below,1,True,True,166.25,-75.75
2026-02-05,ce,24907.25,2,2026-02-06 09:44:00-05:00,2026-02-06,9,1,from_below,1,True,True,184.75,-57.25
2026-02-05,ce,24907.25,3,2026-02-06 09:46:00-05:00,2026-02-06,9,1,from_above,1,True,True,62.5,-179.5
2026-02-05,ce,24907.25,4,2026-02-06 09:49:00-05:00,2026-02-06,9,1,from_above,1,True,True,52.5,-189.5
2026-02-05,ce,24907.25,5,2026-02-06 09:54:00-05:00,2026-02-06,9,1,from_above,1,True,True,52.25,-168.0
2026-02-05,ce,24907.25,6,2026-02-06 10:26:00-05:00,2026-02-06,10,1,from_below,1,True,True,82.75,-133.75
2026-02-06,h,24950.0,1,2026-02-12 11:07:00-05:00,2026-02-12,11,6,from_above,1,True,True,21.0,-159.0
2026-02-06,h,24950.0,2,2026-02-12 11:10:00-05:00,2026-02-12,11,6,from_above,1,True,True,27.25,-137.0
2026-02-06,h,24950.0,3,2026-02-12 11:15:00-05:00,2026-02-12,11,6,from_below,1,True,True,107.25,-38.0
2026-02-06,h,24950.0,4,2026-02-13 12:14:00-05:00,2026-02-13,12,7,from_below,1,True,True,51.75,-41.75
2026-02-06,h,24950.0,5,2026-02-13 12:21:00-05:00,2026-02-13,12,7,from_below,1,True,True,55.75,-37.75
2026-02-06,h,24950.0,6,2026-02-13 12:25:00-05:00,2026-02-13,12,7,from_above,1,True,True,34.0,-59.5
2026-02-06,l,24897.5,1,2026-02-12 11:16:00-05:00,2026-02-12,11,6,from_above,1,True,True,27.0,-108.0
2026-02-06,l,24897.5,2,2026-02-12 11:18:00-05:00,2026-02-12,11,6,from_above,1,True,True,38.75,-84.75
2026-02-06,l,24897.5,3,2026-02-12 11:23:00-05:00,2026-02-12,11,6,from_below,1,True,True,97.0,-17.5
2026-02-06,l,24897.5,4,2026-02-12 11:36:00-05:00,2026-02-12,11,6,from_below,1,True,True,79.0,-12.5
2026-02-06,l,24897.5,5,2026-02-12 12:03:00-05:00,2026-02-12,12,6,from_below,1,True,True,75.0,-64.75
2026-02-06,l,24897.5,6,2026-02-12 12:06:00-05:00,2026-02-12,12,6,from_below,1,True,True,94.5,-45.25
2026-02-06,ce,24923.75,1,2026-02-12 11:15:00-05:00,2026-02-12,11,6,from_above,1,True,True,38.0,-107.25
2026-02-06,ce,24923.75,2,2026-02-12 11:17:00-05:00,2026-02-12,11,6,from_below,1,True,True,117.0,-18.0
2026-02-06,ce,24923.75,3,2026-02-12 12:28:00-05:00,2026-02-12,12,6,from_below,1,True,True,108.5,-31.25
2026-02-06,ce,24923.75,4,2026-02-12 12:37:00-05:00,2026-02-12,12,6,from_below,1,True,True,125.0,-14.75
2026-02-06,ce,24923.75,5,2026-02-12 13:53:00-05:00,2026-02-12,13,6,from_below,1,True,True,72.75,-25.25
2026-02-06,ce,24923.75,6,2026-02-12 14:01:00-05:00,2026-02-12,14,6,from_below,1,True,True,63.25,-34.75
2026-02-09,h,25188.5,1,2026-02-11 05:00:00-05:00,2026-02-11,5,2,from_above,1,True,True,25.25,-42.25
2026-02-09,h,25188.5,2,2026-02-11 05:22:00-05:00,2026-02-11,5,2,from_below,1,True,True,20.5,-55.75
2026-02-09,h,25188.5,3,2026-02-11 05:29:00-05:00,2026-02-11,5,2,from_above,1,True,True,57.75,-24.5
2026-02-09,h,25188.5,4,2026-02-11 05:55:00-05:00,2026-02-11,5,2,from_below,1,True,True,13.75,-60.25
2026-02-09,h,25188.5,5,2026-02-11 10:12:00-05:00,2026-02-11,10,2,from_above,1,True,True,93.25,-119.75
2026-02-09,h,25188.5,6,2026-02-11 10:14:00-05:00,2026-02-11,10,2,from_below,1,True,True,130.0,-83.0
2026-02-09,l,25122.0,1,2026-02-11 10:20:00-05:00,2026-02-11,10,2,from_above,1,True,True,165.75,-47.25
2026-02-09,l,25122.0,2,2026-02-11 10:29:00-05:00,2026-02-11,10,2,from_below,1,True,False,9.0,-198.5
2026-02-09,l,25122.0,3,2026-02-11 10:31:00-05:00,2026-02-11,10,2,from_below,1,True,True,32.25,-151.75
2026-02-09,l,25122.0,4,2026-02-11 10:37:00-05:00,2026-02-11,10,2,from_above,1,True,True,138.75,-26.0
2026-02-09,l,25122.0,5,2026-02-12 10:40:00-05:00,2026-02-12,10,3,from_above,1,True,True,30.75,-305.5
2026-02-09,l,25122.0,6,2026-02-12 10:51:00-05:00,2026-02-12,10,3,from_below,1,True,True,309.0,-6.75
2026-02-09,ce,25155.25,1,2026-02-11 05:02:00-05:00,2026-02-11,5,2,from_above,1,True,True,67.25,-9.25
2026-02-09,ce,25155.25,2,2026-02-11 05:13:00-05:00,2026-02-11,5,2,from_above,1,True,True,75.25,-2.5
2026-02-09,ce,25155.25,3,2026-02-11 10:13:00-05:00,2026-02-11,10,2,from_above,1,True,True,118.0,-95.0
2026-02-09,ce,25155.25,4,2026-02-11 10:16:00-05:00,2026-02-11,10,2,from_above,1,True,True,115.25,-97.75
2026-02-09,ce,25155.25,5,2026-02-11 10:36:00-05:00,2026-02-11,10,2,from_below,1,True,True,32.25,-132.5
2026-02-09,ce,25155.25,6,2026-02-11 10:38:00-05:00,2026-02-11,10,2,from_below,1,True,True,30.0,-117.0
2026-02-10,h,25315.0,1,2026-02-11 00:08:00-05:00,2026-02-11,0,1,from_below,-1,False,True,36.25,-10.5
2026-02-10,h,25315.0,2,2026-02-11 00:14:00-05:00,2026-02-11,0,1,from_above,-1,False,True,11.25,-35.5
2026-02-10,h,25315.0,3,2026-02-11 00:18:00-05:00,2026-02-11,0,1,from_above,-1,False,False,7.5,-40.0
2026-02-10,h,25315.0,4,2026-02-11 00:27:00-05:00,2026-02-11,0,1,from_below,-1,False,True,38.0,-3.25
2026-02-10,h,25315.0,5,2026-02-11 01:05:00-05:00,2026-02-11,1,1,from_below,-1,False,True,47.75,-2.75
2026-02-10,h,25315.0,6,2026-02-11 01:09:00-05:00,2026-02-11,1,1,from_below,-1,False,True,44.25,-6.0
2026-02-10,l,25251.25,1,2026-02-11 02:14:00-05:00,2026-02-11,2,1,from_above,-1,False,True,35.0,-30.25
2026-02-10,l,25251.25,2,2026-02-11 03:07:00-05:00,2026-02-11,3,1,from_above,-1,False,True,31.25,-37.75
2026-02-10,l,25251.25,3,2026-02-11 03:11:00-05:00,2026-02-11,3,1,from_below,-1,False,True,38.25,-31.25
2026-02-10,l,25251.25,4,2026-02-11 03:32:00-05:00,2026-02-11,3,1,from_below,-1,False,True,14.75,-28.75
2026-02-10,l,25251.25,5,2026-02-11 03:39:00-05:00,2026-02-11,3,1,from_above,-1,False,True,23.5,-49.5
2026-02-10,l,25251.25,6,2026-02-11 03:53:00-05:00,2026-02-11,3,1,from_above,-1,False,True,22.0,-52.75
2026-02-10,ce,25283.125,1,2026-02-11 00:43:00-05:00,2026-02-11,0,1,from_above,-1,False,True,31.0,-15.5
2026-02-10,ce,25283.125,2,2026-02-11 00:58:00-05:00,2026-02-11,0,1,from_above,-1,False,True,31.0,-18.75
2026-02-10,ce,25283.125,3,2026-02-11 01:15:00-05:00,2026-02-11,1,1,from_above,-1,False,False,8.75,-31.0
2026-02-10,ce,25283.125,4,2026-02-11 01:26:00-05:00,2026-02-11,1,1,from_above,-1,False,False,7.75,-29.75
2026-02-10,ce,25283.125,5,2026-02-11 01:30:00-05:00,2026-02-11,1,1,from_below,-1,False,True,27.25,-10.25
2026-02-10,ce,25283.125,6,2026-02-11 01:38:00-05:00,2026-02-11,1,1,from_below,-1,False,True,28.0,-9.5
2026-02-11,h,25436.25,1,2026-02-25 16:31:00-05:00,2026-02-25,16,14,from_below,1,False,True,50.5,-55.0
2026-02-11,h,25436.25,2,2026-02-25 16:45:00-05:00,2026-02-25,16,14,from_above,1,False,True,29.75,-6.25
2026-02-11,l,25365.5,1,2026-02-12 03:00:00-05:00,2026-02-12,3,1,from_below,1,False,True,37.75,-7.25
2026-02-11,l,25365.5,2,2026-02-12 03:07:00-05:00,2026-02-12,3,1,from_below,1,False,True,40.0,-4.75
2026-02-11,l,25365.5,3,2026-02-12 04:11:00-05:00,2026-02-12,4,1,from_below,1,False,True,27.5,-17.0
2026-02-11,l,25365.5,4,2026-02-12 04:18:00-05:00,2026-02-12,4,1,from_below,1,False,True,25.75,-18.75
2026-02-11,l,25365.5,5,2026-02-12 05:02:00-05:00,2026-02-12,5,1,from_below,1,False,True,28.25,-11.25
2026-02-11,l,25365.5,6,2026-02-12 06:19:00-05:00,2026-02-12,6,1,from_below,1,False,True,21.0,-8.0
2026-02-11,ce,25400.875,1,2026-02-12 08:40:00-05:00,2026-02-12,8,1,from_below,1,False,True,89.0,-16.0
2026-02-11,ce,25400.875,2,2026-02-12 08:47:00-05:00,2026-02-12,8,1,from_above,1,False,False,8.75,-139.75
2026-02-11,ce,25400.875,3,2026-02-12 08:56:00-05:00,2026-02-12,8,1,from_below,1,False,True,179.25,-7.25
2026-02-11,ce,25400.875,4,2026-02-25 16:06:00-05:00,2026-02-25,16,14,from_below,1,False,True,23.5,-97.5
2026-02-11,ce,25400.875,5,2026-02-25 16:13:00-05:00,2026-02-25,16,14,from_below,1,False,True,21.25,-99.75
2026-02-11,ce,25400.875,6,2026-02-25 16:16:00-05:00,2026-02-25,16,14,from_below,1,False,True,24.25,-96.75
2026-02-12,h,25324.25,1,2026-02-25 09:47:00-05:00,2026-02-25,9,13,from_below,-1,False,True,38.25,-41.5
2026-02-12,h,25324.25,2,2026-02-25 09:56:00-05:00,2026-02-25,9,13,from_above,-1,False,True,37.5,-58.75
2026-02-12,h,25324.25,3,2026-02-25 10:06:00-05:00,2026-02-25,10,13,from_above,-1,False,True,23.0,-56.25
2026-02-12,h,25324.25,4,2026-02-25 10:12:00-05:00,2026-02-25,10,13,from_below,-1,False,True,50.25,-26.75
2026-02-12,h,25324.25,5,2026-02-25 10:27:00-05:00,2026-02-25,10,13,from_below,-1,False,True,60.75,-16.25
2026-02-12,h,25324.25,6,2026-02-25 10:30:00-05:00,2026-02-25,10,13,from_above,-1,False,True,12.25,-64.75
2026-02-12,l,25240.5,1,2026-02-25 09:34:00-05:00,2026-02-25,9,13,from_below,-1,False,False,5.0,-139.0
2026-02-12,l,25240.5,2,2026-02-25 09:39:00-05:00,2026-02-25,9,13,from_below,-1,False,True,20.5,-115.25
2026-02-12,l,25240.5,3,2026-02-26 09:36:00-05:00,2026-02-26,9,14,from_above,-1,False,True,61.5,-372.0
2026-02-12,l,25240.5,4,2026-02-26 09:43:00-05:00,2026-02-26,9,14,from_above,-1,False,True,26.25,-385.25
2026-02-12,l,25240.5,5,2026-02-26 09:50:00-05:00,2026-02-26,9,14,from_below,-1,False,True,368.5,-23.5
2026-02-12,l,25240.5,6,2026-02-26 09:55:00-05:00,2026-02-26,9,14,from_below,-1,False,True,363.5,-16.0
2026-02-12,ce,25282.375,1,2026-02-25 09:45:00-05:00,2026-02-25,9,13,from_below,-1,False,True,28.0,-62.25
2026-02-12,ce,25282.375,2,2026-02-25 10:21:00-05:00,2026-02-25,10,13,from_above,-1,False,True,42.0,-35.0
2026-02-12,ce,25282.375,3,2026-02-25 10:52:00-05:00,2026-02-25,10,13,from_above,-1,False,True,48.5,-19.75
2026-02-12,ce,25282.375,4,2026-02-25 10:57:00-05:00,2026-02-25,10,13,from_below,-1,False,True,14.75,-49.5
2026-02-12,ce,25282.375,5,2026-02-25 11:04:00-05:00,2026-02-25,11,13,from_above,-1,False,True,41.5,-10.0
2026-02-12,ce,25282.375,6,2026-02-25 11:17:00-05:00,2026-02-25,11,13,from_above,-1,False,True,51.75,-8.0
2026-02-13,h,24849.75,1,2026-02-15 19:13:00-05:00,2026-02-15,19,2,from_below,1,False,True,25.0,-2.25
2026-02-13,h,24849.75,2,2026-02-15 19:35:00-05:00,2026-02-15,19,2,from_below,1,False,True,25.5,-1.75
2026-02-13,h,24849.75,3,2026-02-15 19:52:00-05:00,2026-02-15,19,2,from_below,1,False,True,21.5,-10.0
2026-02-13,h,24849.75,4,2026-02-15 20:49:00-05:00,2026-02-15,20,2,from_below,1,False,True,11.25,-24.5
2026-02-13,h,24849.75,5,2026-02-15 20:52:00-05:00,2026-02-15,20,2,from_below,1,False,True,19.5,-25.0
2026-02-13,h,24849.75,6,2026-02-15 21:09:00-05:00,2026-02-15,21,2,from_above,1,False,True,15.25,-24.75
2026-02-13,l,24708.0,1,2026-02-16 09:45:00-05:00,2026-02-16,9,3,from_above,1,False,True,92.75,-27.0
2026-02-13,l,24708.0,2,2026-02-16 09:47:00-05:00,2026-02-16,9,3,from_below,1,False,True,31.25,-88.5
2026-02-13,l,24708.0,3,2026-02-16 10:29:00-05:00,2026-02-16,10,3,from_above,1,False,True,44.25,-32.0
2026-02-13,l,24708.0,4,2026-02-16 10:40:00-05:00,2026-02-16,10,3,from_below,1,False,True,36.5,-47.0
2026-02-13,l,24708.0,5,2026-02-16 10:47:00-05:00,2026-02-16,10,3,from_below,1,False,True,40.5,-43.0
2026-02-13,l,24708.0,6,2026-02-16 10:55:00-05:00,2026-02-16,10,3,from_above,1,False,True,40.5,-43.0
2026-02-13,ce,24778.875,1,2026-02-15 18:00:00-05:00,2026-02-15,18,2,unknown,1,False,False,,
2026-02-13,ce,24778.875,2,2026-02-15 18:02:00-05:00,2026-02-15,18,2,from_above,1,False,True,58.75,-30.0
2026-02-13,ce,24778.875,3,2026-02-15 18:04:00-05:00,2026-02-15,18,2,from_above,1,False,True,67.25,-21.5
2026-02-13,ce,24778.875,4,2026-02-15 18:08:00-05:00,2026-02-15,18,2,from_below,1,False,True,10.25,-66.0
2026-02-13,ce,24778.875,5,2026-02-16 09:15:00-05:00,2026-02-16,9,3,from_above,1,False,True,18.5,-86.75
2026-02-13,ce,24778.875,6,2026-02-16 09:33:00-05:00,2026-02-16,9,3,from_below,1,False,True,79.5,-33.0
2026-02-16,h,24731.5,1,2026-02-17 09:34:00-05:00,2026-02-17,9,1,from_below,1,True,True,308.5,-57.75
2026-02-16,h,24731.5,2,2026-02-17 09:43:00-05:00,2026-02-17,9,1,from_above,1,True,True,57.25,-261.25
2026-02-16,h,24731.5,3,2026-02-17 11:09:00-05:00,2026-02-17,11,1,from_below,1,True,True,35.0,-68.5
2026-02-16,h,24731.5,4,2026-02-17 11:29:00-05:00,2026-02-17,11,1,from_above,1,True,True,60.25,-58.5
2026-02-16,h,24731.5,5,2026-02-17 11:34:00-05:00,2026-02-17,11,1,from_below,1,True,True,56.75,-62.0
2026-02-16,h,24731.5,6,2026-02-17 11:44:00-05:00,2026-02-17,11,1,from_above,1,True,True,52.75,-88.0
2026-02-16,l,24692.25,1,2026-02-17 03:01:00-05:00,2026-02-17,3,1,from_below,1,True,True,78.75,-24.25
2026-02-16,l,24692.25,2,2026-02-17 03:05:00-05:00,2026-02-17,3,1,from_above,1,True,True,31.25,-71.75
2026-02-16,l,24692.25,3,2026-02-17 03:16:00-05:00,2026-02-17,3,1,from_above,1,True,True,16.75,-60.75
2026-02-16,l,24692.25,4,2026-02-17 03:21:00-05:00,2026-02-17,3,1,from_below,1,True,True,65.25,-12.25
2026-02-16,l,24692.25,5,2026-02-17 03:30:00-05:00,2026-02-17,3,1,from_below,1,True,True,65.0,-1.5
2026-02-16,l,24692.25,6,2026-02-17 04:38:00-05:00,2026-02-17,4,1,from_below,1,True,True,59.25,-7.5
2026-02-16,ce,24711.875,1,2026-02-17 03:02:00-05:00,2026-02-17,3,1,from_below,1,True,True,80.5,-22.5
2026-02-16,ce,24711.875,2,2026-02-17 03:11:00-05:00,2026-02-17,3,1,from_below,1,True,True,97.25,-5.75
2026-02-16,ce,24711.875,3,2026-02-17 03:13:00-05:00,2026-02-17,3,1,from_above,1,True,True,18.0,-85.0
2026-02-16,ce,24711.875,4,2026-02-17 09:31:00-05:00,2026-02-17,9,1,from_below,1,True,True,239.25,-115.0
2026-02-16,ce,24711.875,5,2026-02-17 09:43:00-05:00,2026-02-17,9,1,from_above,1,True,True,57.25,-261.25
2026-02-16,ce,24711.875,6,2026-02-17 09:46:00-05:00,2026-02-17,9,1,from_below,1,True,True,226.5,-35.75
2026-02-17,h,24711.5,1,2026-02-20 09:15:00-05:00,2026-02-20,9,3,from_above,-1,False,True,371.5,-33.75
2026-02-17,h,24711.5,2,2026-02-20 09:19:00-05:00,2026-02-20,9,3,from_above,-1,False,True,369.25,-36.0
2026-02-17,h,24711.5,3,2026-02-20 09:28:00-05:00,2026-02-20,9,3,from_above,-1,False,True,367.0,-38.25
2026-02-17,h,24711.5,4,2026-02-23 11:03:00-05:00,2026-02-23,11,6,from_above,-1,False,True,80.25,-41.5
2026-02-17,h,24711.5,5,2026-02-23 11:18:00-05:00,2026-02-23,11,6,from_below,-1,False,True,11.25,-78.75
2026-02-17,h,24711.5,6,2026-02-23 11:24:00-05:00,2026-02-23,11,6,from_above,-1,False,True,65.75,-12.75
2026-02-17,l,24621.0,1,2026-03-02 01:40:00-05:00,2026-03-02,1,13,from_above,-1,False,True,17.75,-93.5
2026-02-17,l,24621.0,2,2026-03-02 01:44:00-05:00,2026-03-02,1,13,from_above,-1,False,False,8.0,-89.25
2026-02-17,l,24621.0,3,2026-03-02 04:10:00-05:00,2026-03-02,4,13,from_below,-1,False,False,5.25,-68.5
2026-02-17,l,24621.0,4,2026-03-02 04:14:00-05:00,2026-03-02,4,13,from_above,-1,False,True,66.5,-7.25
2026-02-17,l,24621.0,5,2026-03-02 04:20:00-05:00,2026-03-02,4,13,from_above,-1,False,True,57.5,-16.25
2026-02-17,l,24621.0,6,2026-03-02 04:40:00-05:00,2026-03-02,4,13,from_above,-1,False,True,68.0,-6.25
2026-02-17,ce,24666.25,1,2026-02-23 11:13:00-05:00,2026-02-23,11,6,from_above,-1,False,True,99.75,-22.0
2026-02-17,ce,24666.25,2,2026-02-23 11:16:00-05:00,2026-02-23,11,6,from_above,-1,False,True,110.25,-11.0
2026-02-17,ce,24666.25,3,2026-03-01 18:00:00-05:00,2026-03-01,18,12,from_above,-1,False,True,107.25,-78.0
2026-02-17,ce,24666.25,4,2026-03-02 01:18:00-05:00,2026-03-02,1,13,from_above,-1,False,True,19.0,-137.0
2026-02-17,ce,24666.25,5,2026-03-02 01:29:00-05:00,2026-03-02,1,13,from_below,-1,False,True,137.25,-10.0
2026-02-17,ce,24666.25,6,2026-03-02 01:32:00-05:00,2026-03-02,1,13,from_above,-1,False,True,11.75,-134.25
2026-02-18,h,24879.75,1,2026-02-19 04:46:00-05:00,2026-02-19,4,1,from_above,-1,False,True,31.75,-45.75
2026-02-18,h,24879.75,2,2026-02-19 04:52:00-05:00,2026-02-19,4,1,from_below,-1,False,True,57.5,-20.0
2026-02-18,h,24879.75,3,2026-02-19 05:03:00-05:00,2026-02-19,5,1,from_above,-1,False,True,18.75,-58.75
2026-02-18,h,24879.75,4,2026-02-19 06:10:00-05:00,2026-02-19,6,1,from_below,-1,False,True,63.5,-8.25
2026-02-18,h,24879.75,5,2026-02-19 06:25:00-05:00,2026-02-19,6,1,from_below,-1,False,True,61.25,-21.5
2026-02-18,h,24879.75,6,2026-02-19 06:30:00-05:00,2026-02-19,6,1,from_below,-1,False,True,65.25,-18.25
2026-02-18,l,24792.5,1,2026-02-19 09:35:00-05:00,2026-02-19,9,1,from_above,-1,False,True,144.0,-44.0
2026-02-18,l,24792.5,2,2026-02-19 09:40:00-05:00,2026-02-19,9,1,from_above,-1,False,True,150.75,-26.25
2026-02-18,l,24792.5,3,2026-02-19 09:45:00-05:00,2026-02-19,9,1,from_above,-1,False,True,171.75,-1.75
2026-02-18,l,24792.5,4,2026-02-19 09:48:00-05:00,2026-02-19,9,1,from_above,-1,False,True,111.25,-45.0
2026-02-18,l,24792.5,5,2026-02-19 12:48:00-05:00,2026-02-19,12,1,from_above,-1,False,True,46.0,-45.25
2026-02-18,l,24792.5,6,2026-02-19 12:52:00-05:00,2026-02-19,12,1,from_above,-1,False,True,63.75,-27.5
2026-02-18,ce,24836.125,1,2026-02-19 05:13:00-05:00,2026-02-19,5,1,from_above,-1,False,True,40.25,-13.25
2026-02-18,ce,24836.125,2,2026-02-19 05:21:00-05:00,2026-02-19,5,1,from_above,-1,False,True,41.0,-12.5
2026-02-18,ce,24836.125,3,2026-02-19 05:30:00-05:00,2026-02-19,5,1,from_above,-1,False,True,50.0,-8.25
2026-02-18,ce,24836.125,4,2026-02-19 05:35:00-05:00,2026-02-19,5,1,from_above,-1,False,True,51.75,-8.75
2026-02-18,ce,24836.125,5,2026-02-19 05:51:00-05:00,2026-02-19,5,1,from_above,-1,False,True,46.0,-3.5
2026-02-18,ce,24836.125,6,2026-02-19 05:55:00-05:00,2026-02-19,5,1,from_above,-1,False,True,38.0,-11.5
2026-02-19,h,24851.5,1,2026-02-20 06:04:00-05:00,2026-02-20,6,1,from_above,-1,False,True,36.5,-46.75
2026-02-19,h,24851.5,2,2026-02-20 06:41:00-05:00,2026-02-20,6,1,from_above,-1,False,True,11.25,-66.75
2026-02-19,h,24851.5,3,2026-02-20 06:47:00-05:00,2026-02-20,6,1,from_above,-1,False,False,6.0,-64.75
2026-02-19,h,24851.5,4,2026-02-20 07:15:00-05:00,2026-02-20,7,1,from_below,-1,False,True,53.5,-6.0
2026-02-19,h,24851.5,5,2026-02-20 08:18:00-05:00,2026-02-20,8,1,from_below,-1,False,True,143.25,-13.0
2026-02-19,h,24851.5,6,2026-02-20 08:28:00-05:00,2026-02-20,8,1,from_below,-1,False,True,152.75,-15.0
2026-02-19,l,24777.0,1,2026-02-20 08:32:00-05:00,2026-02-20,8,1,from_above,-1,False,True,22.75,-95.25
2026-02-19,l,24777.0,2,2026-02-20 08:38:00-05:00,2026-02-20,8,1,from_below,-1,False,True,106.5,-107.25
2026-02-19,l,24777.0,3,2026-02-20 09:02:00-05:00,2026-02-20,9,1,from_below,-1,False,True,101.25,-304.0
2026-02-19,l,24777.0,4,2026-02-20 09:32:00-05:00,2026-02-20,9,1,from_below,-1,False,True,40.25,-301.75
2026-02-19,l,24777.0,5,2026-02-23 10:52:00-05:00,2026-02-23,10,4,from_above,-1,False,True,44.75,-111.25
2026-02-19,l,24777.0,6,2026-02-23 11:29:00-05:00,2026-02-23,11,4,from_below,-1,False,True,52.75,-11.75
2026-02-19,ce,24814.25,1,2026-02-20 06:57:00-05:00,2026-02-20,6,1,from_above,-1,False,True,35.5,-24.0
2026-02-19,ce,24814.25,2,2026-02-20 07:01:00-05:00,2026-02-20,7,1,from_above,-1,False,True,36.75,-22.75
2026-02-19,ce,24814.25,3,2026-02-20 07:19:00-05:00,2026-02-20,7,1,from_above,-1,False,True,42.75,-21.5
2026-02-19,ce,24814.25,4,2026-02-20 07:23:00-05:00,2026-02-20,7,1,from_below,-1,False,True,12.5,-52.0
2026-02-19,ce,24814.25,5,2026-02-20 07:27:00-05:00,2026-02-20,7,1,from_above,-1,False,True,37.75,-26.75
2026-02-19,ce,24814.25,6,2026-02-20 07:32:00-05:00,2026-02-20,7,1,from_below,-1,False,True,46.25,-52.75
2026-02-20,h,24958.0,1,2026-02-22 18:39:00-05:00,2026-02-22,18,2,from_above,-1,True,True,19.25,-86.0
2026-02-20,h,24958.0,2,2026-02-22 18:45:00-05:00,2026-02-22,18,2,from_below,-1,True,True,73.0,-35.75
2026-02-20,h,24958.0,3,2026-02-22 18:47:00-05:00,2026-02-22,18,2,from_below,-1,True,True,86.5,-22.25
2026-02-20,h,24958.0,4,2026-02-22 18:53:00-05:00,2026-02-22,18,2,from_above,-1,True,True,22.75,-86.0
2026-02-20,h,24958.0,5,2026-02-22 19:00:00-05:00,2026-02-22,19,2,from_above,-1,True,False,3.75,-129.0
2026-02-20,h,24958.0,6,2026-02-23 04:03:00-05:00,2026-02-23,4,3,from_below,-1,True,True,10.5,-45.5
2026-02-20,l,24891.75,1,2026-02-22 19:26:00-05:00,2026-02-22,19,2,from_above,-1,True,True,19.5,-49.75
2026-02-20,l,24891.75,2,2026-02-22 19:31:00-05:00,2026-02-22,19,2,from_above,-1,True,False,9.5,-54.0
2026-02-20,l,24891.75,3,2026-02-22 19:52:00-05:00,2026-02-22,19,2,from_below,-1,True,True,43.5,-7.25
2026-02-20,l,24891.75,4,2026-02-23 02:02:00-05:00,2026-02-23,2,3,from_below,-1,True,False,9.75,-22.75
2026-02-20,l,24891.75,5,2026-02-23 02:26:00-05:00,2026-02-23,2,3,from_above,-1,True,True,17.0,-20.0
2026-02-20,l,24891.75,6,2026-02-23 02:31:00-05:00,2026-02-23,2,3,from_above,-1,True,True,16.0,-21.0
2026-02-20,ce,24924.875,1,2026-02-22 19:19:00-05:00,2026-02-22,19,2,from_above,-1,True,True,11.0,-89.0
2026-02-20,ce,24924.875,2,2026-02-23 03:51:00-05:00,2026-02-23,3,3,from_below,-1,True,False,3.5,-84.75
2026-02-20,ce,24924.875,3,2026-02-23 03:53:00-05:00,2026-02-23,3,3,from_below,-1,True,True,12.0,-73.75
2026-02-20,ce,24924.875,4,2026-02-23 03:55:00-05:00,2026-02-23,3,3,from_above,-1,True,True,77.0,-3.25
2026-02-20,ce,24924.875,5,2026-02-23 06:48:00-05:00,2026-02-23,6,3,from_above,-1,True,True,16.75,-42.25
2026-02-20,ce,24924.875,6,2026-02-23 06:57:00-05:00,2026-02-23,6,3,from_below,-1,True,True,38.0,-21.0
2026-02-23,h,24923.75,1,2026-02-24 09:45:00-05:00,2026-02-24,9,1,from_below,1,False,True,102.5,-109.25
2026-02-23,h,24923.75,2,2026-02-24 09:50:00-05:00,2026-02-24,9,1,from_above,1,False,True,110.0,-101.75
2026-02-23,h,24923.75,3,2026-02-24 10:11:00-05:00,2026-02-24,10,1,from_below,1,False,True,61.75,-119.5
2026-02-23,h,24923.75,4,2026-02-24 10:21:00-05:00,2026-02-24,10,1,from_below,1,False,False,6.5,-127.0
2026-02-23,h,24923.75,5,2026-02-26 10:21:00-05:00,2026-02-26,10,3,from_above,1,False,True,147.25,-60.0
2026-02-23,h,24923.75,6,2026-02-26 10:27:00-05:00,2026-02-26,10,3,from_above,1,False,True,177.0,-46.5
2026-02-23,l,24857.5,1,2026-02-24 00:19:00-05:00,2026-02-24,0,1,from_above,1,False,False,8.25,-32.0
2026-02-23,l,24857.5,2,2026-02-24 00:26:00-05:00,2026-02-24,0,1,from_above,1,False,False,5.5,-35.5
2026-02-23,l,24857.5,3,2026-02-24 00:30:00-05:00,2026-02-24,0,1,from_above,1,False,False,7.25,-32.25
2026-02-23,l,24857.5,4,2026-02-24 00:37:00-05:00,2026-02-24,0,1,from_below,1,False,True,28.5,-7.25
2026-02-23,l,24857.5,5,2026-02-24 00:39:00-05:00,2026-02-24,0,1,from_below,1,False,True,30.75,-5.0
2026-02-23,l,24857.5,6,2026-02-24 00:43:00-05:00,2026-02-24,0,1,from_below,1,False,True,32.25,-3.5
2026-02-23,ce,24890.625,1,2026-02-24 00:04:00-05:00,2026-02-24,0,1,from_below,1,False,True,60.25,-4.25
2026-02-23,ce,24890.625,2,2026-02-24 07:06:00-05:00,2026-02-24,7,1,from_below,1,False,True,94.75,-10.25
2026-02-23,ce,24890.625,3,2026-02-24 08:49:00-05:00,2026-02-24,8,1,from_below,1,False,True,183.25,-87.0
2026-02-23,ce,24890.625,4,2026-02-24 08:55:00-05:00,2026-02-24,8,1,from_below,1,False,True,192.0,-78.25
2026-02-23,ce,24890.625,5,2026-02-24 09:44:00-05:00,2026-02-24,9,1,from_below,1,False,True,91.25,-120.5
2026-02-23,ce,24890.625,6,2026-02-24 09:55:00-05:00,2026-02-24,9,1,from_above,1,False,True,149.75,-62.0
2026-02-24,h,24964.25,1,2026-02-26 10:18:00-05:00,2026-02-26,10,2,from_above,1,False,True,99.0,-108.25
2026-02-24,h,24964.25,2,2026-02-26 10:26:00-05:00,2026-02-26,10,2,from_below,1,False,True,101.5,-122.0
2026-02-24,h,24964.25,3,2026-02-26 10:38:00-05:00,2026-02-26,10,2,from_below,1,False,True,38.25,-117.75
2026-02-24,h,24964.25,4,2026-02-26 10:41:00-05:00,2026-02-26,10,2,from_above,1,False,True,96.25,-30.75
2026-02-24,h,24964.25,5,2026-02-26 11:55:00-05:00,2026-02-26,11,2,from_above,1,False,True,39.0,-58.0
2026-02-24,h,24964.25,6,2026-02-26 12:14:00-05:00,2026-02-26,12,2,from_above,1,False,True,41.0,-78.25
2026-02-24,l,24904.5,1,2026-02-26 10:22:00-05:00,2026-02-26,10,2,from_above,1,False,True,142.25,-65.0
2026-02-24,l,24904.5,2,2026-02-26 10:24:00-05:00,2026-02-26,10,2,from_above,1,False,True,152.0,-55.25
2026-02-24,l,24904.5,3,2026-02-26 10:27:00-05:00,2026-02-26,10,2,from_above,1,False,True,177.0,-46.5
2026-02-24,l,24904.5,4,2026-02-26 13:06:00-05:00,2026-02-26,13,2,from_above,1,False,True,132.75,-18.0
2026-02-24,l,24904.5,5,2026-02-27 07:57:00-05:00,2026-02-27,7,3,from_above,1,False,True,39.25,-108.0
2026-02-24,l,24904.5,6,2026-02-27 08:14:00-05:00,2026-02-27,8,3,from_above,1,False,True,13.0,-115.5
2026-02-24,ce,24934.375,1,2026-02-26 10:21:00-05:00,2026-02-26,10,2,from_above,1,False,True,147.25,-60.0
2026-02-24,ce,24934.375,2,2026-02-26 10:23:00-05:00,2026-02-26,10,2,from_below,1,False,True,78.5,-128.75
2026-02-24,ce,24934.375,3,2026-02-26 10:29:00-05:00,2026-02-26,10,2,from_below,1,False,True,71.5,-152.0
2026-02-24,ce,24934.375,4,2026-02-26 10:37:00-05:00,2026-02-26,10,2,from_below,1,False,True,28.25,-152.0
2026-02-24,ce,24934.375,5,2026-02-26 12:46:00-05:00,2026-02-26,12,2,from_above,1,False,True,89.25,-52.75
2026-02-24,ce,24934.375,6,2026-02-26 12:51:00-05:00,2026-02-26,12,2,from_below,1,False,True,47.0,-95.0
2026-02-25,h,25331.75,1,2026-02-26 01:13:00-05:00,2026-02-26,1,1,from_below,1,False,True,13.0,-22.25
2026-02-25,h,25331.75,2,2026-02-26 01:21:00-05:00,2026-02-26,1,1,from_below,1,False,True,12.25,-27.5
2026-02-25,h,25331.75,3,2026-02-26 01:33:00-05:00,2026-02-26,1,1,from_below,1,False,False,8.75,-24.75
2026-02-25,h,25331.75,4,2026-02-26 01:51:00-05:00,2026-02-26,1,1,from_above,1,False,True,30.25,-12.5
2026-02-25,h,25331.75,5,2026-02-26 02:00:00-05:00,2026-02-26,2,1,from_below,1,False,False,9.75,-29.25
2026-02-25,h,25331.75,6,2026-02-26 02:24:00-05:00,2026-02-26,2,1,from_above,1,False,True,59.5,-4.5
2026-02-25,l,25270.75,1,2026-02-26 09:33:00-05:00,2026-02-26,9,1,from_above,1,False,True,17.25,-393.25
2026-02-25,l,25270.75,2,2026-02-26 09:38:00-05:00,2026-02-26,9,1,from_below,1,False,True,398.0,-35.5
2026-02-25,ce,25301.25,1,2026-02-26 00:00:00-05:00,2026-02-26,0,1,unknown,1,False,False,,
2026-02-25,ce,25301.25,2,2026-02-26 00:19:00-05:00,2026-02-26,0,1,from_below,1,False,False,7.25,-34.5
2026-02-25,ce,25301.25,3,2026-02-26 00:36:00-05:00,2026-02-26,0,1,from_below,1,False,False,5.0,-38.5
2026-02-25,ce,25301.25,4,2026-02-26 00:41:00-05:00,2026-02-26,0,1,from_below,1,False,False,1.25,-43.75
2026-02-25,ce,25301.25,5,2026-02-26 00:45:00-05:00,2026-02-26,0,1,from_below,1,False,True,12.5,-32.5
2026-02-25,ce,25301.25,6,2026-02-26 00:50:00-05:00,2026-02-26,0,1,from_above,1,False,True,44.0,-5.0
2026-02-26,l,25209.0,1,2026-03-04 13:42:00-05:00,2026-03-04,13,6,from_below,-1,False,True,31.0,-7.5
2026-02-26,l,25209.0,2,2026-03-04 13:50:00-05:00,2026-03-04,13,6,from_below,-1,False,True,29.5,-9.0
2026-02-26,l,25209.0,3,2026-03-04 14:02:00-05:00,2026-03-04,14,6,from_below,-1,False,True,23.75,-13.0
2026-02-26,l,25209.0,4,2026-03-04 14:07:00-05:00,2026-03-04,14,6,from_below,-1,False,True,44.75,-9.5
2026-02-26,l,25209.0,5,2026-03-04 14:24:00-05:00,2026-03-04,14,6,from_below,-1,False,True,81.75,-4.75
2026-02-26,l,25209.0,6,2026-03-04 14:41:00-05:00,2026-03-04,14,6,from_below,-1,False,True,78.0,-8.5
2026-02-26,ce,25237.25,1,2026-03-04 19:17:00-05:00,2026-03-04,19,6,from_below,-1,False,True,78.75,-7.75
2026-02-27,h,24938.75,1,2026-03-02 10:11:00-05:00,2026-03-02,10,3,from_below,1,False,True,90.0,-56.0
2026-02-27,h,24938.75,2,2026-03-02 10:44:00-05:00,2026-03-02,10,3,from_below,1,False,True,86.75,-80.5
2026-02-27,h,24938.75,3,2026-03-02 10:50:00-05:00,2026-03-02,10,3,from_below,1,False,True,88.0,-99.5
2026-02-27,h,24938.75,4,2026-03-02 11:05:00-05:00,2026-03-02,11,3,from_below,1,False,True,88.5,-103.75
2026-02-27,h,24938.75,5,2026-03-02 11:17:00-05:00,2026-03-02,11,3,from_above,1,False,True,126.5,-87.25
2026-02-27,h,24938.75,6,2026-03-02 11:37:00-05:00,2026-03-02,11,3,from_below,1,False,True,18.0,-137.75
2026-02-27,l,24817.75,1,2026-03-01 18:12:00-05:00,2026-03-01,18,2,from_below,1,False,True,81.5,-19.25
2026-02-27,l,24817.75,2,2026-03-01 20:07:00-05:00,2026-03-01,20,2,from_below,1,False,True,20.25,-79.25
2026-02-27,l,24817.75,3,2026-03-01 21:20:00-05:00,2026-03-01,21,2,from_above,1,False,True,27.5,-24.0
2026-02-27,l,24817.75,4,2026-03-01 21:24:00-05:00,2026-03-01,21,2,from_above,1,False,True,30.75,-20.75
2026-02-27,l,24817.75,5,2026-03-01 21:50:00-05:00,2026-03-01,21,2,from_above,1,False,True,22.75,-25.5
2026-02-27,l,24817.75,6,2026-03-01 21:56:00-05:00,2026-03-01,21,2,from_below,1,False,True,34.25,-14.5
2026-02-27,ce,24878.25,1,2026-03-01 20:10:00-05:00,2026-03-01,20,2,from_below,1,False,True,46.75,-27.75
2026-02-27,ce,24878.25,2,2026-03-01 20:27:00-05:00,2026-03-01,20,2,from_below,1,False,True,64.0,-27.5
2026-02-27,ce,24878.25,3,2026-03-01 20:30:00-05:00,2026-03-01,20,2,from_below,1,False,True,82.0,-15.25
2026-02-27,ce,24878.25,4,2026-03-01 20:36:00-05:00,2026-03-01,20,2,from_above,1,False,True,12.0,-81.5
2026-02-27,ce,24878.25,5,2026-03-01 20:41:00-05:00,2026-03-01,20,2,from_above,1,False,True,13.75,-72.5
2026-02-27,ce,24878.25,6,2026-03-02 09:37:00-05:00,2026-03-02,9,3,from_below,1,False,True,53.25,-99.25
2026-03-02,h,24897.25,1,2026-03-04 08:10:00-05:00,2026-03-04,8,2,from_below,1,False,True,44.25,-26.25
2026-03-02,h,24897.25,2,2026-03-04 08:13:00-05:00,2026-03-04,8,2,from_above,1,False,True,24.25,-46.25
2026-03-02,h,24897.25,3,2026-03-04 08:15:00-05:00,2026-03-04,8,2,from_above,1,False,True,26.75,-43.75
2026-03-02,h,24897.25,4,2026-03-04 08:32:00-05:00,2026-03-04,8,2,from_below,1,False,True,57.75,-60.25
2026-03-02,h,24897.25,5,2026-03-04 08:38:00-05:00,2026-03-04,8,2,from_below,1,False,True,52.25,-81.0
2026-03-02,h,24897.25,6,2026-03-04 08:40:00-05:00,2026-03-04,8,2,from_below,1,False,True,51.5,-81.75
2026-03-02,l,24815.25,1,2026-03-03 00:00:00-05:00,2026-03-03,0,1,unknown,1,False,False,,
2026-03-02,l,24815.25,2,2026-03-03 00:07:00-05:00,2026-03-03,0,1,from_below,1,False,True,65.25,-14.5
2026-03-02,l,24815.25,3,2026-03-03 00:10:00-05:00,2026-03-03,0,1,from_above,1,False,True,13.25,-73.25
2026-03-02,l,24815.25,4,2026-03-03 00:24:00-05:00,2026-03-03,0,1,from_below,1,False,True,73.25,-7.25
2026-03-02,l,24815.25,5,2026-03-03 13:40:00-05:00,2026-03-03,13,1,from_below,1,False,True,106.5,-19.25
2026-03-02,l,24815.25,6,2026-03-03 13:50:00-05:00,2026-03-03,13,1,from_below,1,False,True,108.25,-32.75
2026-03-02,ce,24856.25,1,2026-03-04 05:11:00-05:00,2026-03-04,5,2,from_below,1,False,True,54.5,-25.0
2026-03-02,ce,24856.25,2,2026-03-04 05:15:00-05:00,2026-03-04,5,2,from_below,1,False,True,59.25,-20.25
2026-03-02,ce,24856.25,3,2026-03-04 05:22:00-05:00,2026-03-04,5,2,from_below,1,False,True,60.0,-39.25
2026-03-02,ce,24856.25,4,2026-03-04 05:51:00-05:00,2026-03-04,5,2,from_below,1,False,True,40.25,-51.25
2026-03-02,ce,24856.25,5,2026-03-04 06:00:00-05:00,2026-03-04,6,2,from_below,1,False,True,44.0,-49.0
2026-03-02,ce,24856.25,6,2026-03-04 06:04:00-05:00,2026-03-04,6,2,from_above,1,False,True,39.75,-53.25
2026-03-03,h,24613.25,1,2026-03-04 00:01:00-05:00,2026-03-04,0,1,from_below,-1,True,True,76.5,-9.25
2026-03-03,h,24613.25,2,2026-03-04 00:42:00-05:00,2026-03-04,0,1,from_below,-1,True,True,115.0,-4.25
2026-03-03,h,24613.25,3,2026-03-04 02:26:00-05:00,2026-03-04,2,1,from_below,-1,True,False,7.25,-86.75
2026-03-03,h,24613.25,4,2026-03-04 02:32:00-05:00,2026-03-04,2,1,from_below,-1,True,True,16.0,-71.25
2026-03-03,h,24613.25,5,2026-03-04 03:22:00-05:00,2026-03-04,3,1,from_above,-1,True,True,82.75,-27.5
2026-03-03,h,24613.25,6,2026-03-04 03:26:00-05:00,2026-03-04,3,1,from_above,-1,True,True,105.0,-5.25
2026-03-03,l,24491.5,1,2026-03-08 18:00:00-04:00,2026-03-08,18,5,from_above,-1,True,True,157.75,-126.25
2026-03-03,l,24491.5,2,2026-03-09 05:33:00-04:00,2026-03-09,5,6,from_below,-1,True,True,126.25,-10.0
2026-03-03,l,24491.5,3,2026-03-09 09:30:00-04:00,2026-03-09,9,6,from_below,-1,True,True,198.25,-14.5
2026-03-03,l,24491.5,4,2026-03-09 09:35:00-04:00,2026-03-09,9,6,from_below,-1,True,True,171.0,-9.25
2026-03-03,l,24491.5,5,2026-03-09 10:38:00-04:00,2026-03-09,10,6,from_below,-1,True,True,38.0,-147.5
2026-03-03,l,24491.5,6,2026-03-12 20:02:00-04:00,2026-03-12,20,9,from_above,-1,True,True,145.0,-10.75
2026-03-03,ce,24552.375,1,2026-03-04 00:23:00-05:00,2026-03-04,0,1,from_above,-1,True,True,64.75,-54.5
2026-03-03,ce,24552.375,2,2026-03-04 00:29:00-05:00,2026-03-04,0,1,from_below,-1,True,True,59.5,-59.75
2026-03-03,ce,24552.375,3,2026-03-04 00:34:00-05:00,2026-03-04,0,1,from_above,-1,True,True,67.25,-52.0
2026-03-03,ce,24552.375,4,2026-03-04 00:37:00-05:00,2026-03-04,0,1,from_below,-1,True,True,70.0,-49.25
2026-03-03,ce,24552.375,5,2026-03-04 01:01:00-05:00,2026-03-04,1,1,from_above,-1,True,True,43.0,-49.0
2026-03-03,ce,24552.375,6,2026-03-04 01:03:00-05:00,2026-03-04,1,1,from_below,-1,True,True,45.25,-46.75
2026-03-04,h,24939.5,1,2026-03-05 10:31:00-05:00,2026-03-05,10,1,from_above,1,False,True,157.5,-9.0
2026-03-04,h,24939.5,2,2026-03-05 11:19:00-05:00,2026-03-05,11,1,from_above,1,False,True,178.25,-4.75
2026-03-04,h,24939.5,3,2026-03-05 12:21:00-05:00,2026-03-05,12,1,from_above,1,False,True,55.0,-159.25
2026-03-04,h,24939.5,4,2026-03-05 12:29:00-05:00,2026-03-05,12,1,from_above,1,False,True,46.0,-146.0
2026-03-04,h,24939.5,5,2026-03-05 15:18:00-05:00,2026-03-05,15,1,from_below,1,False,True,28.25,-111.75
2026-03-04,h,24939.5,6,2026-03-05 15:30:00-05:00,2026-03-05,15,1,from_above,1,False,True,94.75,-20.5
2026-03-04,l,24813.5,1,2026-03-05 12:49:00-05:00,2026-03-05,12,1,from_above,1,False,True,75.5,-39.5
2026-03-04,l,24813.5,2,2026-03-05 12:54:00-05:00,2026-03-05,12,1,from_above,1,False,True,77.25,-37.75
2026-03-04,l,24813.5,3,2026-03-05 12:57:00-05:00,2026-03-05,12,1,from_below,1,False,True,40.5,-74.5
2026-03-04,l,24813.5,4,2026-03-05 13:19:00-05:00,2026-03-05,13,1,from_above,1,False,True,64.25,-31.5
2026-03-04,l,24813.5,5,2026-03-05 13:25:00-05:00,2026-03-05,13,1,from_above,1,False,True,75.75,-31.5
2026-03-04,l,24813.5,6,2026-03-05 13:30:00-05:00,2026-03-05,13,1,from_below,1,False,True,24.5,-82.75
2026-03-04,ce,24876.5,1,2026-03-05 12:32:00-05:00,2026-03-05,12,1,from_above,1,False,True,43.25,-102.25
2026-03-04,ce,24876.5,2,2026-03-05 12:39:00-05:00,2026-03-05,12,1,from_above,1,False,True,18.5,-113.25
2026-03-04,ce,24876.5,3,2026-03-05 12:43:00-05:00,2026-03-05,12,1,from_below,1,False,True,75.0,-40.0
2026-03-04,ce,24876.5,4,2026-03-05 13:08:00-05:00,2026-03-05,13,1,from_below,1,False,True,92.0,-23.0
2026-03-04,ce,24876.5,5,2026-03-05 13:10:00-05:00,2026-03-05,13,1,from_below,1,False,True,99.5,-15.5
2026-03-04,ce,24876.5,6,2026-03-05 13:13:00-05:00,2026-03-05,13,1,from_below,1,False,True,108.5,-6.5
2026-03-05,h,25131.75,1,2026-03-06 00:10:00-05:00,2026-03-06,0,1,from_below,1,False,True,20.25,-14.5
2026-03-05,h,25131.75,2,2026-03-06 00:36:00-05:00,2026-03-06,0,1,from_below,1,False,True,33.5,-4.75
2026-03-05,h,25131.75,3,2026-03-06 00:39:00-05:00,2026-03-06,0,1,from_above,1,False,False,7.0,-28.25
2026-03-05,h,25131.75,4,2026-03-06 00:44:00-05:00,2026-03-06,0,1,from_below,1,False,True,26.25,-7.75
2026-03-05,h,25131.75,5,2026-03-06 01:02:00-05:00,2026-03-06,1,1,from_below,1,False,True,30.0,-6.75
2026-03-05,h,25131.75,6,2026-03-06 02:26:00-05:00,2026-03-06,2,1,from_below,1,False,True,75.0,-7.25
2026-03-05,l,25035.25,1,2026-03-06 03:29:00-05:00,2026-03-06,3,1,from_above,1,False,True,70.75,-80.75
2026-03-05,l,25035.25,2,2026-03-06 04:09:00-05:00,2026-03-06,4,1,from_above,1,False,True,20.0,-135.75
2026-03-05,l,25035.25,3,2026-03-06 04:12:00-05:00,2026-03-06,4,1,from_below,1,False,True,147.5,-6.5
2026-03-05,l,25035.25,4,2026-03-09 15:38:00-04:00,2026-03-09,15,4,from_below,1,False,True,113.0,-35.25
2026-03-05,l,25035.25,5,2026-03-10 03:23:00-04:00,2026-03-10,3,5,from_below,1,False,False,8.75,-112.25
2026-03-05,l,25035.25,6,2026-03-10 03:35:00-04:00,2026-03-10,3,5,from_above,1,False,True,111.0,-10.0
2026-03-05,ce,25083.5,1,2026-03-06 03:19:00-05:00,2026-03-06,3,1,from_above,1,False,False,8.0,-115.75
2026-03-05,ce,25083.5,2,2026-03-06 03:23:00-05:00,2026-03-06,3,1,from_above,1,False,True,23.0,-102.75
2026-03-05,ce,25083.5,3,2026-03-06 03:40:00-05:00,2026-03-06,3,1,from_below,1,False,True,172.5,-29.5
2026-03-05,ce,25083.5,4,2026-03-06 03:43:00-05:00,2026-03-06,3,1,from_below,1,False,True,174.25,-27.75
2026-03-05,ce,25083.5,5,2026-03-06 03:55:00-05:00,2026-03-06,3,1,from_above,1,False,True,14.75,-202.0
2026-03-05,ce,25083.5,6,2026-03-06 04:00:00-05:00,2026-03-06,4,1,from_below,1,False,True,195.25,-4.75
2026-03-06,h,24716.75,1,2026-03-09 12:26:00-04:00,2026-03-09,12,3,from_below,-1,False,True,117.5,-24.5
2026-03-06,h,24716.75,2,2026-03-09 12:36:00-04:00,2026-03-09,12,3,from_below,-1,False,True,116.5,-38.5
2026-03-06,h,24716.75,3,2026-03-09 12:40:00-04:00,2026-03-09,12,3,from_below,-1,False,True,139.75,-23.0
2026-03-06,h,24716.75,4,2026-03-09 12:54:00-04:00,2026-03-09,12,3,from_above,-1,False,True,17.5,-142.75
2026-03-06,h,24716.75,5,2026-03-09 15:19:00-04:00,2026-03-09,15,3,from_below,-1,False,True,116.0,-261.5
2026-03-06,h,24716.75,6,2026-03-11 22:36:00-04:00,2026-03-11,22,5,from_above,-1,False,True,42.5,-12.5
2026-03-06,l,24635.5,1,2026-03-09 11:25:00-04:00,2026-03-09,11,3,from_below,-1,False,True,42.5,-49.25
2026-03-06,l,24635.5,2,2026-03-09 11:28:00-04:00,2026-03-09,11,3,from_above,-1,False,True,90.75,-45.0
2026-03-06,l,24635.5,3,2026-03-09 11:45:00-04:00,2026-03-09,11,3,from_below,-1,False,True,39.0,-110.0
2026-03-06,l,24635.5,4,2026-03-09 11:51:00-04:00,2026-03-09,11,3,from_below,-1,False,True,19.75,-111.25
2026-03-06,l,24635.5,5,2026-03-09 11:59:00-04:00,2026-03-09,11,3,from_above,-1,False,True,108.5,-11.5
2026-03-06,l,24635.5,6,2026-03-09 12:21:00-04:00,2026-03-09,12,3,from_above,-1,False,True,106.25,-26.75
2026-03-06,ce,24676.125,1,2026-03-09 12:03:00-04:00,2026-03-09,12,3,from_below,-1,False,True,33.25,-82.75
2026-03-06,ce,24676.125,2,2026-03-09 12:07:00-04:00,2026-03-09,12,3,from_below,-1,False,True,36.5,-79.5
2026-03-06,ce,24676.125,3,2026-03-09 12:23:00-04:00,2026-03-09,12,3,from_below,-1,False,True,57.5,-76.5
2026-03-06,ce,24676.125,4,2026-03-09 12:30:00-04:00,2026-03-09,12,3,from_above,-1,False,True,73.75,-70.25
2026-03-06,ce,24676.125,5,2026-03-09 12:33:00-04:00,2026-03-09,12,3,from_below,-1,False,True,83.0,-66.25
2026-03-06,ce,24676.125,6,2026-03-09 13:03:00-04:00,2026-03-09,13,3,from_above,-1,False,True,17.25,-107.0
2026-03-09,h,24420.0,1,2026-03-13 03:15:00-04:00,2026-03-13,3,4,from_above,-1,True,True,48.5,-30.0
2026-03-09,h,24420.0,2,2026-03-13 03:18:00-04:00,2026-03-13,3,4,from_above,-1,True,True,44.5,-34.0
2026-03-09,h,24420.0,3,2026-03-13 03:21:00-04:00,2026-03-13,3,4,from_above,-1,True,True,57.25,-21.25
2026-03-09,h,24420.0,4,2026-03-13 04:04:00-04:00,2026-03-13,4,4,from_above,-1,True,True,152.25,-25.0
2026-03-09,h,24420.0,5,2026-03-13 04:16:00-04:00,2026-03-13,4,4,from_below,-1,True,True,11.0,-157.75
2026-03-09,h,24420.0,6,2026-03-13 04:24:00-04:00,2026-03-13,4,4,from_above,-1,True,True,151.75,-17.0
2026-03-09,l,24343.5,1,2026-03-13 16:52:00-04:00,2026-03-13,16,4,from_above,-1,True,True,10.75,-15.5
2026-03-09,l,24343.5,2,2026-03-13 16:55:00-04:00,2026-03-13,16,4,from_above,-1,True,True,10.75,-9.5
2026-03-09,l,24343.5,3,2026-03-15 18:08:00-04:00,2026-03-15,18,6,from_above,-1,True,True,168.75,-32.0
2026-03-09,l,24343.5,4,2026-03-15 18:25:00-04:00,2026-03-15,18,6,from_below,-1,True,True,22.25,-152.5
2026-03-09,l,24343.5,5,2026-03-15 18:29:00-04:00,2026-03-15,18,6,from_below,-1,True,True,15.0,-157.0
2026-03-09,l,24343.5,6,2026-03-15 18:36:00-04:00,2026-03-15,18,6,from_below,-1,True,True,11.5,-152.25
2026-03-09,ce,24381.75,1,2026-03-13 13:47:00-04:00,2026-03-13,13,4,from_above,-1,True,True,76.75,-37.5
2026-03-09,ce,24381.75,2,2026-03-13 13:49:00-04:00,2026-03-13,13,4,from_above,-1,True,True,99.75,-15.25
2026-03-09,ce,24381.75,3,2026-03-13 13:52:00-04:00,2026-03-13,13,4,from_below,-1,True,True,17.25,-93.5
2026-03-09,ce,24381.75,4,2026-03-13 14:00:00-04:00,2026-03-13,14,4,from_below,-1,True,True,11.75,-93.75
2026-03-09,ce,24381.75,5,2026-03-13 14:07:00-04:00,2026-03-13,14,4,from_above,-1,True,True,90.0,-15.5
2026-03-09,ce,24381.75,6,2026-03-13 14:19:00-04:00,2026-03-13,14,4,from_above,-1,True,True,87.0,-18.5
2026-03-10,h,25056.75,1,2026-03-11 01:10:00-04:00,2026-03-11,1,1,from_above,1,True,True,18.25,-47.75
2026-03-10,h,25056.75,2,2026-03-11 01:22:00-04:00,2026-03-11,1,1,from_above,1,True,True,15.25,-50.75
2026-03-10,h,25056.75,3,2026-03-11 01:32:00-04:00,2026-03-11,1,1,from_above,1,True,False,3.25,-52.0
2026-03-10,h,25056.75,4,2026-03-11 01:38:00-04:00,2026-03-11,1,1,from_below,1,True,True,47.0,-2.5
2026-03-10,h,25056.75,5,2026-03-11 01:41:00-04:00,2026-03-11,1,1,from_below,1,True,True,48.25,-1.0
2026-03-10,h,25056.75,6,2026-03-11 08:30:00-04:00,2026-03-11,8,1,from_below,1,True,True,87.0,-95.75
2026-03-10,l,24995.0,1,2026-03-11 03:31:00-04:00,2026-03-11,3,1,from_above,1,True,True,30.5,-54.75
2026-03-10,l,24995.0,2,2026-03-11 03:33:00-04:00,2026-03-11,3,1,from_above,1,True,True,42.0,-48.25
2026-03-10,l,24995.0,3,2026-03-11 03:36:00-04:00,2026-03-11,3,1,from_below,1,True,True,34.75,-55.5
2026-03-10,l,24995.0,4,2026-03-11 03:51:00-04:00,2026-03-11,3,1,from_below,1,True,True,42.5,-40.0
2026-03-10,l,24995.0,5,2026-03-11 03:55:00-04:00,2026-03-11,3,1,from_below,1,True,True,47.75,-42.75
2026-03-10,l,24995.0,6,2026-03-11 04:38:00-04:00,2026-03-11,4,1,from_above,1,True,True,17.5,-70.5
2026-03-10,ce,25025.875,1,2026-03-11 01:46:00-04:00,2026-03-11,1,1,from_above,1,True,True,24.5,-20.75
2026-03-10,ce,25025.875,2,2026-03-11 01:52:00-04:00,2026-03-11,1,1,from_above,1,True,True,27.0,-18.25
2026-03-10,ce,25025.875,3,2026-03-11 01:57:00-04:00,2026-03-11,1,1,from_above,1,True,True,21.0,-24.25
2026-03-10,ce,25025.875,4,2026-03-11 02:00:00-04:00,2026-03-11,2,1,from_above,1,True,True,32.0,-13.25
2026-03-10,ce,25025.875,5,2026-03-11 02:04:00-04:00,2026-03-11,2,1,from_below,1,True,True,21.0,-24.25
2026-03-10,ce,25025.875,6,2026-03-11 02:18:00-04:00,2026-03-11,2,1,from_above,1,True,True,25.75,-19.5
2026-03-12,h,24765.0,1,2026-03-13 09:44:00-04:00,2026-03-13,9,1,from_below,-1,False,True,176.0,-35.0
2026-03-12,h,24765.0,2,2026-03-13 09:48:00-04:00,2026-03-13,9,1,from_above,-1,False,True,26.25,-225.0
2026-03-12,h,24765.0,3,2026-03-13 09:52:00-04:00,2026-03-13,9,1,from_below,-1,False,True,210.25,-44.75
2026-03-12,h,24765.0,4,2026-03-13 09:56:00-04:00,2026-03-13,9,1,from_above,-1,False,True,30.0,-259.25
2026-03-12,h,24765.0,5,2026-03-13 10:00:00-04:00,2026-03-13,10,1,from_below,-1,False,True,281.25,-13.5
2026-03-12,h,24765.0,6,2026-03-16 10:21:00-04:00,2026-03-16,10,4,from_below,-1,False,True,151.75,-11.75
2026-03-12,l,24676.5,1,2026-03-13 08:02:00-04:00,2026-03-13,8,1,from_below,-1,False,True,42.0,-63.0
2026-03-12,l,24676.5,2,2026-03-13 08:30:00-04:00,2026-03-13,8,1,from_below,-1,False,True,37.75,-63.5
2026-03-12,l,24676.5,3,2026-03-13 08:45:00-04:00,2026-03-13,8,1,from_below,-1,False,True,113.5,-72.75
2026-03-12,l,24676.5,4,2026-03-13 08:50:00-04:00,2026-03-13,8,1,from_above,-1,False,True,123.25,-70.75
2026-03-12,l,24676.5,5,2026-03-13 08:56:00-04:00,2026-03-13,8,1,from_below,-1,False,True,66.75,-127.25
2026-03-12,l,24676.5,6,2026-03-13 09:18:00-04:00,2026-03-13,9,1,from_below,-1,False,True,66.0,-128.0
2026-03-12,ce,24720.75,1,2026-03-13 08:45:00-04:00,2026-03-13,8,1,from_below,-1,False,True,113.5,-72.75
2026-03-12,ce,24720.75,2,2026-03-13 09:42:00-04:00,2026-03-13,9,1,from_below,-1,False,True,124.5,-78.0
2026-03-12,ce,24720.75,3,2026-03-13 09:59:00-04:00,2026-03-13,9,1,from_above,-1,False,True,37.75,-247.0
2026-03-12,ce,24720.75,4,2026-03-13 10:02:00-04:00,2026-03-13,10,1,from_above,-1,False,True,46.75,-235.25
2026-03-12,ce,24720.75,5,2026-03-13 10:04:00-04:00,2026-03-13,10,1,from_below,-1,False,True,250.0,-23.5
2026-03-12,ce,24720.75,6,2026-03-13 10:31:00-04:00,2026-03-13,10,1,from_below,-1,False,True,270.5,-2.5
2026-03-13,h,24805.0,1,2026-03-16 15:10:00-04:00,2026-03-16,15,3,from_below,-1,True,True,133.75,-46.0
2026-03-13,h,24805.0,2,2026-03-17 09:24:00-04:00,2026-03-17,9,4,from_below,-1,True,True,52.5,-97.75
2026-03-13,h,24805.0,3,2026-03-17 09:32:00-04:00,2026-03-17,9,4,from_below,-1,True,True,61.5,-56.75
2026-03-13,h,24805.0,4,2026-03-17 10:14:00-04:00,2026-03-17,10,4,from_above,-1,True,True,65.75,-28.5
2026-03-13,h,24805.0,5,2026-03-17 11:08:00-04:00,2026-03-17,11,4,from_above,-1,True,True,27.5,-83.25
2026-03-13,h,24805.0,6,2026-03-17 11:18:00-04:00,2026-03-17,11,4,from_above,-1,True,True,22.5,-88.25
2026-03-13,l,24755.0,1,2026-03-16 10:10:00-04:00,2026-03-16,10,3,from_below,-1,True,True,155.0,-8.5
2026-03-13,l,24755.0,2,2026-03-16 10:18:00-04:00,2026-03-16,10,3,from_below,-1,True,True,157.5,-6.0
2026-03-13,l,24755.0,3,2026-03-16 10:21:00-04:00,2026-03-16,10,3,from_below,-1,True,True,151.75,-11.75
2026-03-13,l,24755.0,4,2026-03-16 10:26:00-04:00,2026-03-16,10,3,from_below,-1,True,True,145.0,-7.5
2026-03-13,l,24755.0,5,2026-03-16 15:09:00-04:00,2026-03-16,15,3,from_below,-1,True,True,149.25,-30.5
2026-03-13,l,24755.0,6,2026-03-16 15:11:00-04:00,2026-03-16,15,3,from_above,-1,True,True,21.0,-115.0
2026-03-13,ce,24780.0,1,2026-03-16 15:09:00-04:00,2026-03-16,15,3,from_below,-1,True,True,149.25,-30.5
2026-03-13,ce,24780.0,2,2026-03-17 09:19:00-04:00,2026-03-17,9,4,from_below,-1,True,True,35.75,-114.5
2026-03-13,ce,24780.0,3,2026-03-17 09:28:00-04:00,2026-03-17,9,4,from_above,-1,True,True,107.0,-43.25
2026-03-13,ce,24780.0,4,2026-03-17 10:17:00-04:00,2026-03-17,10,4,from_above,-1,True,True,91.25,-3.0
2026-03-13,ce,24780.0,5,2026-03-17 11:33:00-04:00,2026-03-17,11,4,from_above,-1,True,True,25.0,-56.75
2026-03-13,ce,24780.0,6,2026-03-17 11:44:00-04:00,2026-03-17,11,4,from_below,-1,True,True,46.5,-31.5
2026-03-16,h,24735.0,1,2026-03-17 09:03:00-04:00,2026-03-17,9,1,from_below,1,False,False,7.5,-169.25
2026-03-16,h,24735.0,2,2026-03-17 09:06:00-04:00,2026-03-17,9,1,from_below,1,False,True,12.5,-157.5
2026-03-16,h,24735.0,3,2026-03-17 11:36:00-04:00,2026-03-17,11,1,from_above,1,False,True,70.75,-11.0
2026-03-16,h,24735.0,4,2026-03-17 12:07:00-04:00,2026-03-17,12,1,from_above,1,False,True,77.0,-12.75
2026-03-16,h,24735.0,5,2026-03-18 08:33:00-04:00,2026-03-18,8,2,from_above,1,False,True,42.75,-89.25
2026-03-16,h,24735.0,6,2026-03-18 08:42:00-04:00,2026-03-18,8,2,from_above,1,False,True,59.0,-72.0
2026-03-16,l,24669.0,1,2026-03-17 08:11:00-04:00,2026-03-17,8,1,from_below,1,False,False,5.0,-87.75
2026-03-16,l,24669.0,2,2026-03-17 08:18:00-04:00,2026-03-17,8,1,from_above,1,False,True,105.25,-1.5
2026-03-16,l,24669.0,3,2026-03-18 08:49:00-04:00,2026-03-18,8,2,from_above,1,False,True,100.75,-33.25
2026-03-16,l,24669.0,4,2026-03-18 08:54:00-04:00,2026-03-18,8,2,from_above,1,False,True,108.5,-25.5
2026-03-16,l,24669.0,5,2026-03-18 08:57:00-04:00,2026-03-18,8,2,from_above,1,False,True,120.0,-14.0
2026-03-16,l,24669.0,6,2026-03-18 09:00:00-04:00,2026-03-18,9,2,from_below,1,False,True,17.0,-117.0
2026-03-16,ce,24702.0,1,2026-03-17 08:27:00-04:00,2026-03-17,8,1,from_below,1,False,False,8.75,-111.0
2026-03-16,ce,24702.0,2,2026-03-17 08:31:00-04:00,2026-03-17,8,1,from_below,1,False,False,4.5,-108.5
2026-03-16,ce,24702.0,3,2026-03-17 08:36:00-04:00,2026-03-17,8,1,from_above,1,False,True,151.25,-4.25
2026-03-16,ce,24702.0,4,2026-03-17 08:45:00-04:00,2026-03-17,8,1,from_above,1,False,True,164.0,-3.75
2026-03-16,ce,24702.0,5,2026-03-17 08:50:00-04:00,2026-03-17,8,1,from_above,1,False,True,192.25,-4.0
2026-03-16,ce,24702.0,6,2026-03-17 08:57:00-04:00,2026-03-17,8,1,from_above,1,False,True,193.25,-1.5
2026-03-17,h,24895.5,1,2026-03-18 07:27:00-04:00,2026-03-18,7,1,from_above,1,False,True,29.0,-119.25
2026-03-17,h,24895.5,2,2026-03-18 07:29:00-04:00,2026-03-18,7,1,from_above,1,False,True,42.0,-106.25
2026-03-17,h,24895.5,3,2026-03-18 07:34:00-04:00,2026-03-18,7,1,from_above,1,False,True,30.25,-173.0
2026-03-17,h,24895.5,4,2026-03-18 07:55:00-04:00,2026-03-18,7,1,from_above,1,False,False,7.5,-242.25
2026-03-17,h,24895.5,5,2026-03-18 07:58:00-04:00,2026-03-18,7,1,from_above,1,False,True,11.25,-240.5
2026-03-17,l,24838.25,1,2026-03-18 08:07:00-04:00,2026-03-18,8,1,from_above,1,False,False,4.25,-200.75
2026-03-17,l,24838.25,2,2026-03-18 08:09:00-04:00,2026-03-18,8,1,from_above,1,False,False,9.25,-195.25
2026-03-17,ce,24866.875,1,2026-03-18 08:03:00-04:00,2026-03-18,8,1,from_above,1,False,True,17.5,-217.5
2026-03-18,h,24779.5,1,2026-04-07 18:37:00-04:00,2026-04-07,18,20,from_below,1,False,True,87.75,-303.0
2026-03-18,h,24779.5,2,2026-04-07 18:42:00-04:00,2026-04-07,18,20,from_above,1,False,True,302.25,-18.25
2026-03-18,l,24729.0,1,2026-03-23 07:09:00-04:00,2026-03-23,7,5,from_below,1,False,True,345.0,-74.0
2026-03-18,l,24729.0,2,2026-03-23 07:13:00-04:00,2026-03-23,7,5,from_below,1,False,True,397.75,-21.25
2026-03-18,l,24729.0,3,2026-04-07 18:32:00-04:00,2026-04-07,18,20,from_below,1,False,True,86.75,-640.0
2026-03-18,l,24729.0,4,2026-04-07 18:36:00-04:00,2026-04-07,18,20,from_below,1,False,True,50.5,-351.25
2026-03-18,ce,24754.25,1,2026-03-23 07:13:00-04:00,2026-03-23,7,5,from_below,1,False,True,397.75,-21.25
2026-03-18,ce,24754.25,2,2026-04-07 18:37:00-04:00,2026-04-07,18,20,from_below,1,False,True,87.75,-303.0
2026-03-19,h,24246.75,1,2026-03-20 05:46:00-04:00,2026-03-20,5,1,from_above,1,True,True,16.0,-130.5
2026-03-19,h,24246.75,2,2026-03-20 05:49:00-04:00,2026-03-20,5,1,from_below,1,True,True,119.75,-19.0
2026-03-19,h,24246.75,3,2026-03-20 07:06:00-04:00,2026-03-20,7,1,from_below,1,True,True,41.75,-14.5
2026-03-19,h,24246.75,4,2026-03-20 07:09:00-04:00,2026-03-20,7,1,from_below,1,True,True,56.0,-23.25
2026-03-19,h,24246.75,5,2026-03-20 07:21:00-04:00,2026-03-20,7,1,from_below,1,True,True,51.25,-36.25
2026-03-19,h,24246.75,6,2026-03-20 07:33:00-04:00,2026-03-20,7,1,from_below,1,True,True,46.0,-46.5
2026-03-19,l,24178.25,1,2026-03-20 06:03:00-04:00,2026-03-20,6,1,from_above,1,True,True,62.25,-61.0
2026-03-19,l,24178.25,2,2026-03-20 06:05:00-04:00,2026-03-20,6,1,from_below,1,True,True,60.75,-74.75
2026-03-19,l,24178.25,3,2026-03-20 06:33:00-04:00,2026-03-20,6,1,from_below,1,True,False,9.5,-77.25
2026-03-19,l,24178.25,4,2026-03-23 07:05:00-04:00,2026-03-23,7,4,from_below,1,True,True,370.25,-503.5
2026-03-19,l,24178.25,5,2026-03-24 09:40:00-04:00,2026-03-24,9,5,from_above,1,True,True,103.25,-43.75
2026-03-19,l,24178.25,6,2026-03-24 09:48:00-04:00,2026-03-24,9,5,from_above,1,True,True,109.25,-37.75
2026-03-19,ce,24212.5,1,2026-03-20 05:51:00-04:00,2026-03-20,5,1,from_above,1,True,False,7.0,-112.0
2026-03-19,ce,24212.5,2,2026-03-20 05:55:00-04:00,2026-03-20,5,1,from_below,1,True,True,97.75,-21.25
2026-03-19,ce,24212.5,3,2026-03-20 05:57:00-04:00,2026-03-20,5,1,from_below,1,True,True,97.0,-22.0
2026-03-19,ce,24212.5,4,2026-03-20 06:38:00-04:00,2026-03-20,6,1,from_below,1,True,True,19.75,-50.75
2026-03-19,ce,24212.5,5,2026-03-20 07:00:00-04:00,2026-03-20,7,1,from_below,1,True,False,1.75,-63.5
2026-03-19,ce,24212.5,6,2026-03-20 07:02:00-04:00,2026-03-20,7,1,from_below,1,True,True,21.75,-34.5
2026-03-23,h,24578.75,1,2026-04-07 18:00:00-04:00,2026-04-07,18,15,from_below,1,False,True,242.0,-344.25
2026-03-23,h,24578.75,2,2026-04-07 18:32:00-04:00,2026-04-07,18,15,from_above,1,False,True,640.0,-86.75
2026-03-23,l,24487.0,1,2026-03-24 03:12:00-04:00,2026-03-24,3,1,from_below,1,False,True,56.0,-17.25
2026-03-23,l,24487.0,2,2026-03-24 03:20:00-04:00,2026-03-24,3,1,from_below,1,False,True,61.0,-19.0
2026-03-23,l,24487.0,3,2026-03-24 03:22:00-04:00,2026-03-24,3,1,from_below,1,False,True,68.25,-12.75
2026-03-23,l,24487.0,4,2026-03-24 04:05:00-04:00,2026-03-24,4,1,from_below,1,False,True,125.25,-4.25
2026-03-23,l,24487.0,5,2026-03-24 04:15:00-04:00,2026-03-24,4,1,from_below,1,False,True,175.25,-10.75
2026-03-23,l,24487.0,6,2026-03-24 16:24:00-04:00,2026-03-24,16,1,from_below,1,False,True,114.25,-58.5
2026-03-23,ce,24532.875,1,2026-03-24 16:26:00-04:00,2026-03-24,16,1,from_below,1,False,True,162.5,-10.25
2026-03-23,ce,24532.875,2,2026-03-24 16:39:00-04:00,2026-03-24,16,1,from_below,1,False,True,150.0,-12.75
2026-03-23,ce,24532.875,3,2026-03-25 04:21:00-04:00,2026-03-25,4,2,from_below,1,False,True,104.5,-8.0
2026-03-23,ce,24532.875,4,2026-03-25 08:07:00-04:00,2026-03-25,8,2,from_below,1,False,True,163.0,-4.0
2026-03-23,ce,24532.875,5,2026-03-25 08:11:00-04:00,2026-03-25,8,2,from_below,1,False,True,159.0,-2.75
2026-03-23,ce,24532.875,6,2026-04-07 18:00:00-04:00,2026-04-07,18,15,from_below,1,False,True,242.0,-344.25
2026-03-24,h,24229.0,1,2026-03-26 03:20:00-04:00,2026-03-26,3,2,from_above,-1,True,True,59.25,-34.0
2026-03-24,h,24229.0,2,2026-03-26 04:13:00-04:00,2026-03-26,4,2,from_above,-1,True,True,25.25,-64.75
2026-03-24,h,24229.0,3,2026-03-26 04:17:00-04:00,2026-03-26,4,2,from_below,-1,True,True,70.25,-7.75
2026-03-24,h,24229.0,4,2026-03-26 09:53:00-04:00,2026-03-26,9,2,from_below,-1,True,True,146.25,-18.0
2026-03-24,h,24229.0,5,2026-03-26 10:00:00-04:00,2026-03-26,10,2,from_below,-1,True,True,179.25,-29.25
2026-03-24,h,24229.0,6,2026-03-26 10:07:00-04:00,2026-03-26,10,2,from_below,-1,True,True,185.75,-22.75
2026-03-24,l,24152.75,1,2026-03-26 05:18:00-04:00,2026-03-26,5,2,from_above,-1,True,True,37.5,-51.25
2026-03-24,l,24152.75,2,2026-03-26 05:23:00-04:00,2026-03-26,5,2,from_above,-1,True,True,34.75,-54.0
2026-03-24,l,24152.75,3,2026-03-26 05:28:00-04:00,2026-03-26,5,2,from_above,-1,True,True,46.25,-45.5
2026-03-24,l,24152.75,4,2026-03-26 05:47:00-04:00,2026-03-26,5,2,from_below,-1,True,True,11.5,-59.25
2026-03-24,l,24152.75,5,2026-03-26 05:50:00-04:00,2026-03-26,5,2,from_below,-1,True,True,17.25,-53.0
2026-03-24,l,24152.75,6,2026-03-26 05:59:00-04:00,2026-03-26,5,2,from_above,-1,True,True,47.5,-22.75
2026-03-24,ce,24190.875,1,2026-03-26 04:29:00-04:00,2026-03-26,4,2,from_above,-1,True,True,26.75,-47.25
2026-03-24,ce,24190.875,2,2026-03-26 04:37:00-04:00,2026-03-26,4,2,from_above,-1,True,True,24.75,-78.75
2026-03-24,ce,24190.875,3,2026-03-26 04:43:00-04:00,2026-03-26,4,2,from_above,-1,True,True,20.25,-75.5
2026-03-24,ce,24190.875,4,2026-03-26 04:47:00-04:00,2026-03-26,4,2,from_below,-1,True,True,68.75,-25.75
2026-03-24,ce,24190.875,5,2026-03-26 04:54:00-04:00,2026-03-26,4,2,from_below,-1,True,True,74.25,-20.25
2026-03-24,ce,24190.875,6,2026-03-26 04:58:00-04:00,2026-03-26,4,2,from_above,-1,True,False,7.75,-85.75
2026-03-25,h,24467.25,1,2026-04-07 18:32:00-04:00,2026-04-07,18,13,from_above,-1,False,True,640.0,-86.75
2026-03-25,l,24414.25,1,2026-04-06 09:59:00-04:00,2026-04-06,9,12,from_below,-1,False,True,155.75,-35.0
2026-03-25,l,24414.25,2,2026-04-07 05:27:00-04:00,2026-04-07,5,13,from_below,-1,False,True,112.25,-15.25
2026-03-25,l,24414.25,3,2026-04-07 05:32:00-04:00,2026-04-07,5,13,from_below,-1,False,True,112.25,-15.25
2026-03-25,l,24414.25,4,2026-04-07 16:15:00-04:00,2026-04-07,16,13,from_below,-1,False,True,18.75,-72.75
2026-03-25,l,24414.25,5,2026-04-07 16:41:00-04:00,2026-04-07,16,13,from_below,-1,False,True,53.75,-22.75
2026-03-25,l,24414.25,6,2026-04-07 16:48:00-04:00,2026-04-07,16,13,from_below,-1,False,True,19.5,-15.25
2026-03-25,ce,24440.75,1,2026-04-06 10:00:00-04:00,2026-04-06,10,12,from_below,-1,False,True,136.0,-54.75
2026-03-25,ce,24440.75,2,2026-04-07 16:41:00-04:00,2026-04-07,16,13,from_below,-1,False,True,53.75,-22.75
2026-03-25,ce,24440.75,3,2026-04-07 18:32:00-04:00,2026-04-07,18,13,from_above,-1,False,True,640.0,-86.75
2026-03-26,h,24195.0,1,2026-04-01 07:52:00-04:00,2026-04-01,7,6,from_below,1,False,True,132.25,-50.5
2026-03-26,h,24195.0,2,2026-04-01 07:55:00-04:00,2026-04-01,7,6,from_below,1,False,True,145.5,-50.5
2026-03-26,h,24195.0,3,2026-04-01 08:01:00-04:00,2026-04-01,8,6,from_below,1,False,True,151.25,-51.75
2026-03-26,h,24195.0,4,2026-04-01 08:05:00-04:00,2026-04-01,8,6,from_below,1,False,True,151.25,-56.5
2026-03-26,h,24195.0,5,2026-04-01 08:44:00-04:00,2026-04-01,8,6,from_below,1,False,True,143.75,-65.0
2026-03-26,h,24195.0,6,2026-04-01 09:39:00-04:00,2026-04-01,9,6,from_below,1,False,True,127.25,-57.0
2026-03-26,l,24143.25,1,2026-04-01 02:31:00-04:00,2026-04-01,2,6,from_below,1,False,True,10.25,-40.5
2026-03-26,l,24143.25,2,2026-04-01 02:40:00-04:00,2026-04-01,2,6,from_above,1,False,True,35.75,-14.75
2026-03-26,l,24143.25,3,2026-04-01 03:11:00-04:00,2026-04-01,3,6,from_above,1,False,True,34.25,-112.0
2026-03-26,l,24143.25,4,2026-04-01 03:25:00-04:00,2026-04-01,3,6,from_below,1,False,True,106.0,-40.25
2026-03-26,l,24143.25,5,2026-04-01 03:32:00-04:00,2026-04-01,3,6,from_above,1,False,True,32.5,-113.75
2026-03-26,l,24143.25,6,2026-04-01 03:48:00-04:00,2026-04-01,3,6,from_above,1,False,True,20.25,-112.5
2026-03-26,ce,24169.125,1,2026-04-01 02:38:00-04:00,2026-04-01,2,6,from_below,1,False,True,25.5,-25.0
2026-03-26,ce,24169.125,2,2026-04-01 02:42:00-04:00,2026-04-01,2,6,from_below,1,False,True,29.5,-21.0
2026-03-26,ce,24169.125,3,2026-04-01 02:44:00-04:00,2026-04-01,2,6,from_below,1,False,True,36.75,-13.75
2026-03-26,ce,24169.125,4,2026-04-01 02:47:00-04:00,2026-04-01,2,6,from_below,1,False,True,37.25,-13.25
2026-03-26,ce,24169.125,5,2026-04-01 02:53:00-04:00,2026-04-01,2,6,from_below,1,False,True,85.25,-14.0
2026-03-26,ce,24169.125,6,2026-04-01 03:35:00-04:00,2026-04-01,3,6,from_below,1,False,True,131.25,-15.0
2026-03-27,h,23646.75,1,2026-03-31 12:39:00-04:00,2026-03-31,12,4,from_below,1,False,True,58.75,-209.25
2026-03-27,l,23588.25,1,2026-03-31 10:33:00-04:00,2026-03-31,10,4,from_below,1,False,True,202.25,-8.75
2026-03-27,l,23588.25,2,2026-03-31 12:38:00-04:00,2026-03-31,12,4,from_below,1,False,True,50.0,-262.5
2026-03-27,ce,23617.5,1,2026-03-31 12:38:00-04:00,2026-03-31,12,4,from_below,1,False,True,50.0,-262.5
2026-03-30,h,23405.75,1,2026-03-31 08:09:00-04:00,2026-03-31,8,1,from_below,-1,False,True,102.25,-22.5
2026-03-30,h,23405.75,2,2026-03-31 08:28:00-04:00,2026-03-31,8,1,from_below,-1,False,True,43.25,-35.75
2026-03-30,h,23405.75,3,2026-03-31 08:37:00-04:00,2026-03-31,8,1,from_above,-1,False,True,38.75,-64.5
2026-03-30,h,23405.75,4,2026-03-31 08:39:00-04:00,2026-03-31,8,1,from_above,-1,False,True,55.5,-47.75
2026-03-30,h,23405.75,5,2026-03-31 08:45:00-04:00,2026-03-31,8,1,from_above,-1,False,True,63.25,-49.5
2026-03-30,h,23405.75,6,2026-03-31 08:54:00-04:00,2026-03-31,8,1,from_above,-1,False,True,151.75,-52.25
2026-03-30,l,23352.75,1,2026-03-31 03:48:00-04:00,2026-03-31,3,1,from_below,-1,False,True,46.5,-43.75
2026-03-30,l,23352.75,2,2026-03-31 03:55:00-04:00,2026-03-31,3,1,from_below,-1,False,True,44.25,-53.75
2026-03-30,l,23352.75,3,2026-03-31 03:57:00-04:00,2026-03-31,3,1,from_below,-1,False,True,60.0,-38.0
2026-03-30,l,23352.75,4,2026-03-31 04:01:00-04:00,2026-03-31,4,1,from_above,-1,False,True,43.25,-54.75
2026-03-30,l,23352.75,5,2026-03-31 04:11:00-04:00,2026-03-31,4,1,from_above,-1,False,True,13.75,-59.0
2026-03-30,l,23352.75,6,2026-03-31 04:20:00-04:00,2026-03-31,4,1,from_below,-1,False,True,58.75,-5.5
2026-03-30,ce,23379.25,1,2026-03-31 04:04:00-04:00,2026-03-31,4,1,from_below,-1,False,True,90.5,-7.5
2026-03-30,ce,23379.25,2,2026-03-31 07:11:00-04:00,2026-03-31,7,1,from_below,-1,False,True,24.75,-119.25
2026-03-30,ce,23379.25,3,2026-03-31 07:16:00-04:00,2026-03-31,7,1,from_below,-1,False,True,62.25,-51.75
2026-03-30,ce,23379.25,4,2026-03-31 07:26:00-04:00,2026-03-31,7,1,from_below,-1,False,True,60.0,-56.5
2026-03-30,ce,23379.25,5,2026-03-31 07:44:00-04:00,2026-03-31,7,1,from_below,-1,False,True,69.25,-55.5
2026-03-30,ce,23379.25,6,2026-03-31 08:01:00-04:00,2026-03-31,8,1,from_below,-1,False,True,73.0,-51.75
2026-04-01,h,24123.0,1,2026-04-02 10:36:00-04:00,2026-04-02,10,1,from_below,-1,True,True,125.25,-80.25
2026-04-01,h,24123.0,2,2026-04-02 10:41:00-04:00,2026-04-02,10,1,from_above,-1,True,True,82.25,-48.0
2026-04-01,h,24123.0,3,2026-04-02 10:49:00-04:00,2026-04-02,10,1,from_above,-1,True,True,95.5,-34.75
2026-04-01,h,24123.0,4,2026-04-02 10:52:00-04:00,2026-04-02,10,1,from_below,-1,True,True,53.0,-75.75
2026-04-01,h,24123.0,5,2026-04-02 11:00:00-04:00,2026-04-02,11,1,from_above,-1,True,True,86.0,-39.25
2026-04-01,h,24123.0,6,2026-04-02 11:07:00-04:00,2026-04-02,11,1,from_above,-1,True,True,89.75,-35.5
2026-04-01,l,24060.0,1,2026-04-02 10:35:00-04:00,2026-04-02,10,1,from_below,-1,True,True,61.5,-191.25
2026-04-01,l,24060.0,2,2026-04-02 12:20:00-04:00,2026-04-02,12,1,from_above,-1,True,True,106.5,-16.5
2026-04-01,l,24060.0,3,2026-04-05 18:00:00-04:00,2026-04-05,18,4,from_above,-1,True,True,65.0,-54.0
2026-04-01,l,24060.0,4,2026-04-05 18:23:00-04:00,2026-04-05,18,4,from_below,-1,True,True,15.0,-49.0
2026-04-01,l,24060.0,5,2026-04-05 18:28:00-04:00,2026-04-05,18,4,from_below,-1,True,True,32.0,-32.0
2026-04-01,l,24060.0,6,2026-04-05 18:38:00-04:00,2026-04-05,18,4,from_below,-1,True,True,24.75,-37.25
2026-04-01,ce,24091.5,1,2026-04-02 10:36:00-04:00,2026-04-02,10,1,from_below,-1,True,True,125.25,-80.25
2026-04-01,ce,24091.5,2,2026-04-02 10:50:00-04:00,2026-04-02,10,1,from_above,-1,True,True,109.5,-20.75
2026-04-01,ce,24091.5,3,2026-04-02 11:51:00-04:00,2026-04-02,11,1,from_above,-1,True,True,78.75,-40.5
2026-04-01,ce,24091.5,4,2026-04-02 12:08:00-04:00,2026-04-02,12,1,from_above,-1,True,True,91.5,-27.75
2026-04-01,ce,24091.5,5,2026-04-02 12:19:00-04:00,2026-04-02,12,1,from_above,-1,True,True,106.0,-17.0
2026-04-01,ce,24091.5,6,2026-04-02 12:21:00-04:00,2026-04-02,12,1,from_below,-1,True,True,20.0,-94.75
2026-04-06,h,24384.0,1,2026-04-07 04:35:00-04:00,2026-04-07,4,1,from_below,1,False,True,26.0,-49.25
2026-04-06,h,24384.0,2,2026-04-07 05:10:00-04:00,2026-04-07,5,1,from_below,1,False,True,84.75,-42.75
2026-04-06,h,24384.0,3,2026-04-07 05:12:00-04:00,2026-04-07,5,1,from_below,1,False,True,87.75,-39.75
2026-04-06,h,24384.0,4,2026-04-07 05:17:00-04:00,2026-04-07,5,1,from_below,1,False,True,97.75,-29.75
2026-04-06,h,24384.0,5,2026-04-07 05:23:00-04:00,2026-04-07,5,1,from_above,1,False,True,31.75,-95.75
2026-04-06,h,24384.0,6,2026-04-07 05:28:00-04:00,2026-04-07,5,1,from_above,1,False,True,21.5,-106.0
2026-04-06,l,24326.5,1,2026-04-07 04:02:00-04:00,2026-04-07,4,1,from_below,1,False,True,68.0,-52.5
2026-04-06,l,24326.5,2,2026-04-07 04:15:00-04:00,2026-04-07,4,1,from_below,1,False,True,22.5,-60.75
2026-04-06,l,24326.5,3,2026-04-07 04:19:00-04:00,2026-04-07,4,1,from_below,1,False,True,15.0,-66.75
2026-04-06,l,24326.5,4,2026-04-07 04:29:00-04:00,2026-04-07,4,1,from_above,1,False,True,74.25,-10.25
2026-04-06,l,24326.5,5,2026-04-07 06:09:00-04:00,2026-04-07,6,1,from_above,1,False,True,34.5,-171.75
2026-04-06,l,24326.5,6,2026-04-07 06:26:00-04:00,2026-04-07,6,1,from_above,1,False,True,40.0,-141.75
2026-04-06,ce,24355.25,1,2026-04-07 04:21:00-04:00,2026-04-07,4,1,from_below,1,False,True,21.75,-50.0
2026-04-06,ce,24355.25,2,2026-04-07 04:31:00-04:00,2026-04-07,4,1,from_below,1,False,True,10.75,-59.0
2026-04-06,ce,24355.25,3,2026-04-07 04:40:00-04:00,2026-04-07,4,1,from_above,1,False,True,61.75,-13.5
2026-04-06,ce,24355.25,4,2026-04-07 04:46:00-04:00,2026-04-07,4,1,from_above,1,False,True,65.25,-10.0
2026-04-06,ce,24355.25,5,2026-04-07 04:53:00-04:00,2026-04-07,4,1,from_below,1,False,False,1.0,-74.25
2026-04-06,ce,24355.25,6,2026-04-07 04:57:00-04:00,2026-04-07,4,1,from_below,1,False,True,10.75,-59.25
2026-04-08,h,25161.25,1,2026-04-09 11:48:00-04:00,2026-04-09,11,1,from_below,1,False,True,27.5,-92.0
2026-04-08,h,25161.25,2,2026-04-09 11:51:00-04:00,2026-04-09,11,1,from_below,1,False,False,7.0,-107.25
2026-04-08,h,25161.25,3,2026-04-09 12:47:00-04:00,2026-04-09,12,1,from_above,1,False,True,84.25,-11.25
2026-04-08,h,25161.25,4,2026-04-09 14:04:00-04:00,2026-04-09,14,1,from_above,1,False,True,47.75,-20.5
2026-04-08,h,25161.25,5,2026-04-09 14:23:00-04:00,2026-04-09,14,1,from_above,1,False,True,76.5,-9.0
2026-04-08,h,25161.25,6,2026-04-09 14:35:00-04:00,2026-04-09,14,1,from_below,1,False,True,11.75,-91.75
2026-04-08,l,25097.25,1,2026-04-09 09:30:00-04:00,2026-04-09,9,1,from_below,1,False,True,112.0,-37.0
2026-04-08,l,25097.25,2,2026-04-09 09:43:00-04:00,2026-04-09,9,1,from_below,1,False,True,142.25,-10.25
2026-04-08,l,25097.25,3,2026-04-09 11:16:00-04:00,2026-04-09,11,1,from_below,1,False,True,33.5,-182.5
2026-04-08,l,25097.25,4,2026-04-09 11:19:00-04:00,2026-04-09,11,1,from_below,1,False,True,50.0,-166.0
2026-04-08,l,25097.25,5,2026-04-09 11:32:00-04:00,2026-04-09,11,1,from_below,1,False,True,61.25,-138.25
2026-04-08,l,25097.25,6,2026-04-09 11:38:00-04:00,2026-04-09,11,1,from_above,1,False,True,168.5,-6.5
2026-04-08,ce,25129.25,1,2026-04-09 11:32:00-04:00,2026-04-09,11,1,from_below,1,False,True,61.25,-138.25
2026-04-08,ce,25129.25,2,2026-04-09 11:40:00-04:00,2026-04-09,11,1,from_below,1,False,True,19.5,-137.0
2026-04-08,ce,25129.25,3,2026-04-13 03:01:00-04:00,2026-04-13,3,5,from_below,1,False,True,37.75,-2.0
2026-04-08,ce,25129.25,4,2026-04-13 04:02:00-04:00,2026-04-13,4,5,from_below,1,False,True,38.0,-7.0
2026-04-08,ce,25129.25,5,2026-04-13 05:27:00-04:00,2026-04-13,5,5,from_below,1,False,True,18.5,-7.5
2026-04-08,ce,25129.25,6,2026-04-13 05:31:00-04:00,2026-04-13,5,5,from_below,1,False,True,18.75,-7.25
2026-04-09,h,25109.75,1,2026-04-13 02:17:00-04:00,2026-04-13,2,4,from_below,-1,False,False,9.25,-26.5
2026-04-09,h,25109.75,2,2026-04-13 02:21:00-04:00,2026-04-13,2,4,from_below,-1,False,True,12.0,-18.5
2026-04-09,h,25109.75,3,2026-04-13 02:26:00-04:00,2026-04-13,2,4,from_above,-1,False,True,16.75,-23.0
2026-04-09,h,25109.75,4,2026-04-13 02:36:00-04:00,2026-04-13,2,4,from_below,-1,False,True,10.5,-29.25
2026-04-09,h,25109.75,5,2026-04-13 02:46:00-04:00,2026-04-13,2,4,from_below,-1,False,True,20.5,-19.25
2026-04-09,h,25109.75,6,2026-04-13 02:52:00-04:00,2026-04-13,2,4,from_below,-1,False,True,17.25,-22.5
2026-04-09,l,25061.0,1,2026-04-12 21:00:00-04:00,2026-04-12,21,3,from_below,-1,False,True,13.0,-27.25
2026-04-09,l,25061.0,2,2026-04-12 21:05:00-04:00,2026-04-12,21,3,from_above,-1,False,True,32.5,-7.75
2026-04-09,l,25061.0,3,2026-04-12 21:22:00-04:00,2026-04-12,21,3,from_above,-1,False,True,27.25,-6.5
2026-04-09,l,25061.0,4,2026-04-12 21:41:00-04:00,2026-04-12,21,3,from_above,-1,False,True,28.25,-10.5
2026-04-09,l,25061.0,5,2026-04-12 22:11:00-04:00,2026-04-12,22,3,from_above,-1,False,True,22.75,-8.75
2026-04-09,l,25061.0,6,2026-04-12 22:23:00-04:00,2026-04-12,22,3,from_above,-1,False,True,20.5,-11.0
2026-04-09,ce,25085.375,1,2026-04-12 21:14:00-04:00,2026-04-12,21,3,from_below,-1,False,True,15.0,-18.75
2026-04-09,ce,25085.375,2,2026-04-12 21:35:00-04:00,2026-04-12,21,3,from_below,-1,False,True,30.25,-8.5
2026-04-09,ce,25085.375,3,2026-04-12 21:56:00-04:00,2026-04-12,21,3,from_below,-1,False,True,31.0,-7.75
2026-04-09,ce,25085.375,4,2026-04-12 23:00:00-04:00,2026-04-12,23,3,from_below,-1,False,True,24.75,-6.0
2026-04-09,ce,25085.375,5,2026-04-13 00:55:00-04:00,2026-04-13,0,4,from_below,-1,False,True,32.25,-5.0
2026-04-09,ce,25085.375,6,2026-04-13 01:22:00-04:00,2026-04-13,1,4,from_below,-1,False,True,22.5,-31.5
2026-04-10,h,25355.25,1,2026-04-13 10:58:00-04:00,2026-04-13,10,3,from_below,-1,True,True,62.75,-1.25
2026-04-10,h,25355.25,2,2026-04-13 11:38:00-04:00,2026-04-13,11,3,from_below,-1,True,True,51.5,-90.0
2026-04-10,h,25355.25,3,2026-04-13 12:20:00-04:00,2026-04-13,12,3,from_below,-1,True,False,3.5,-109.25
2026-04-10,h,25355.25,4,2026-04-13 12:24:00-04:00,2026-04-13,12,3,from_below,-1,True,True,10.25,-86.0
2026-04-10,h,25355.25,5,2026-04-13 12:41:00-04:00,2026-04-13,12,3,from_above,-1,True,True,77.0,-19.25
2026-04-10,l,25320.5,1,2026-04-13 10:00:00-04:00,2026-04-13,10,3,from_below,-1,True,True,77.75,-36.0
2026-04-10,l,25320.5,2,2026-04-13 10:04:00-04:00,2026-04-13,10,3,from_below,-1,True,True,71.75,-42.0
2026-04-10,l,25320.5,3,2026-04-13 10:44:00-04:00,2026-04-13,10,3,from_below,-1,True,True,23.25,-42.75
2026-04-10,l,25320.5,4,2026-04-13 10:52:00-04:00,2026-04-13,10,3,from_below,-1,True,True,20.0,-40.25
2026-04-10,l,25320.5,5,2026-04-13 10:55:00-04:00,2026-04-13,10,3,from_above,-1,True,True,32.75,-27.5
2026-04-10,l,25320.5,6,2026-04-13 11:00:00-04:00,2026-04-13,11,3,from_above,-1,True,True,36.25,-24.0
2026-04-10,ce,25337.875,1,2026-04-13 10:54:00-04:00,2026-04-13,10,3,from_below,-1,True,True,31.0,-29.25
2026-04-10,ce,25337.875,2,2026-04-13 10:57:00-04:00,2026-04-13,10,3,from_below,-1,True,True,48.75,-15.25
2026-04-10,ce,25337.875,3,2026-04-13 11:00:00-04:00,2026-04-13,11,3,from_above,-1,True,True,36.25,-24.0
2026-04-10,ce,25337.875,4,2026-04-13 11:11:00-04:00,2026-04-13,11,3,from_below,-1,True,True,65.75,-7.0
2026-04-10,ce,25337.875,5,2026-04-13 11:13:00-04:00,2026-04-13,11,3,from_above,-1,True,True,19.0,-53.75
2026-04-10,ce,25337.875,6,2026-04-13 11:20:00-04:00,2026-04-13,11,3,from_below,-1,True,True,48.75,-29.75
2026-04-17,h,26719.0,1,2026-04-20 03:21:00-04:00,2026-04-20,3,3,from_below,-1,False,True,96.5,-6.25
2026-04-17,h,26719.0,2,2026-04-20 05:06:00-04:00,2026-04-20,5,3,from_below,-1,False,True,26.5,-7.75
2026-04-17,h,26719.0,3,2026-04-20 06:08:00-04:00,2026-04-20,6,3,from_below,-1,False,True,40.5,-11.0
2026-04-17,h,26719.0,4,2026-04-20 06:11:00-04:00,2026-04-20,6,3,from_above,-1,False,False,9.75,-41.75
2026-04-17,h,26719.0,5,2026-04-20 06:21:00-04:00,2026-04-20,6,3,from_above,-1,False,False,2.75,-44.75
2026-04-17,h,26719.0,6,2026-04-20 07:46:00-04:00,2026-04-20,7,3,from_below,-1,False,True,16.25,-27.0
2026-04-17,l,26632.25,1,2026-04-19 18:03:00-04:00,2026-04-19,18,2,from_below,-1,False,True,18.5,-63.0
2026-04-17,l,26632.25,2,2026-04-19 18:07:00-04:00,2026-04-19,18,2,from_below,-1,False,True,24.0,-41.5
2026-04-17,l,26632.25,3,2026-04-19 18:22:00-04:00,2026-04-19,18,2,from_below,-1,False,True,19.75,-49.0
2026-04-17,l,26632.25,4,2026-04-19 18:26:00-04:00,2026-04-19,18,2,from_below,-1,False,True,14.5,-50.0
2026-04-17,l,26632.25,5,2026-04-19 18:31:00-04:00,2026-04-19,18,2,from_below,-1,False,True,15.75,-48.75
2026-04-17,l,26632.25,6,2026-04-19 18:37:00-04:00,2026-04-19,18,2,from_above,-1,False,True,48.5,-3.5
2026-04-17,ce,26675.625,1,2026-04-19 18:55:00-04:00,2026-04-19,18,2,from_below,-1,False,True,32.0,-13.5
2026-04-17,ce,26675.625,2,2026-04-19 19:08:00-04:00,2026-04-19,19,2,from_below,-1,False,True,55.75,-10.5
2026-04-17,ce,26675.625,3,2026-04-19 21:01:00-04:00,2026-04-19,21,2,from_below,-1,False,True,20.25,-41.5
2026-04-17,ce,26675.625,4,2026-04-19 23:46:00-04:00,2026-04-19,23,2,from_above,-1,False,False,3.25,-27.5
2026-04-17,ce,26675.625,5,2026-04-19 23:56:00-04:00,2026-04-19,23,2,from_above,-1,False,False,4.25,-23.0
2026-04-17,ce,26675.625,6,2026-04-20 00:00:00-04:00,2026-04-20,0,3,from_above,-1,False,False,6.25,-21.0
2026-04-20,h,26770.0,1,2026-04-21 09:30:00-04:00,2026-04-21,9,1,from_above,-1,False,True,111.75,-47.0
2026-04-20,h,26770.0,2,2026-04-21 09:34:00-04:00,2026-04-21,9,1,from_below,-1,False,True,33.0,-125.75
2026-04-20,h,26770.0,3,2026-04-21 09:43:00-04:00,2026-04-21,9,1,from_below,-1,False,True,26.25,-115.5
2026-04-20,h,26770.0,4,2026-04-21 09:47:00-04:00,2026-04-21,9,1,from_below,-1,False,True,20.75,-109.5
2026-04-20,h,26770.0,5,2026-04-21 09:49:00-04:00,2026-04-21,9,1,from_above,-1,False,True,114.0,-16.0
2026-04-20,h,26770.0,6,2026-04-21 10:57:00-04:00,2026-04-21,10,1,from_above,-1,False,True,16.5,-107.5
2026-04-20,l,26716.0,1,2026-04-21 11:00:00-04:00,2026-04-21,11,1,from_above,-1,False,True,68.25,-55.75
2026-04-20,l,26716.0,2,2026-04-21 11:07:00-04:00,2026-04-21,11,1,from_below,-1,False,True,36.0,-69.5
2026-04-20,l,26716.0,3,2026-04-21 11:26:00-04:00,2026-04-21,11,1,from_above,-1,False,True,57.75,-33.25
2026-04-20,l,26716.0,4,2026-04-21 11:35:00-04:00,2026-04-21,11,1,from_above,-1,False,True,65.25,-25.75
2026-04-20,l,26716.0,5,2026-04-21 11:51:00-04:00,2026-04-21,11,1,from_above,-1,False,True,58.75,-53.25
2026-04-20,l,26716.0,6,2026-04-21 12:23:00-04:00,2026-04-21,12,1,from_above,-1,False,True,26.0,-120.75
2026-04-20,ce,26743.0,1,2026-04-21 09:32:00-04:00,2026-04-21,9,1,from_above,-1,False,True,133.5,-25.25
2026-04-20,ce,26743.0,2,2026-04-21 09:38:00-04:00,2026-04-21,9,1,from_above,-1,False,True,141.0,-15.75
2026-04-20,ce,26743.0,3,2026-04-21 09:45:00-04:00,2026-04-21,9,1,from_above,-1,False,True,130.25,-11.5
2026-04-20,ce,26743.0,4,2026-04-21 10:59:00-04:00,2026-04-21,10,1,from_above,-1,False,True,49.0,-75.0
2026-04-20,ce,26743.0,5,2026-04-21 11:09:00-04:00,2026-04-21,11,1,from_below,-1,False,True,53.75,-40.5
2026-04-20,ce,26743.0,6,2026-04-21 11:16:00-04:00,2026-04-21,11,1,from_above,-1,False,True,34.75,-59.5
2026-04-21,h,26790.0,1,2026-04-22 00:30:00-04:00,2026-04-22,0,1,from_above,1,False,True,62.25,-26.0
2026-04-21,h,26790.0,2,2026-04-22 00:51:00-04:00,2026-04-22,0,1,from_above,1,False,True,64.5,-23.75
2026-04-21,h,26790.0,3,2026-04-22 01:08:00-04:00,2026-04-22,1,1,from_below,1,False,False,6.0,-67.0
2026-04-21,h,26790.0,4,2026-04-22 01:15:00-04:00,2026-04-22,1,1,from_above,1,False,True,64.75,-0.75
2026-04-21,h,26790.0,5,2026-04-22 04:33:00-04:00,2026-04-22,4,1,from_above,1,False,True,66.0,-15.0
2026-04-21,h,26790.0,6,2026-04-22 04:40:00-04:00,2026-04-22,4,1,from_below,1,False,False,6.75,-74.25
2026-04-21,l,26743.25,1,2026-04-23 13:44:00-04:00,2026-04-23,13,2,from_above,1,False,True,220.75,-81.75
2026-04-21,l,26743.25,2,2026-04-23 13:47:00-04:00,2026-04-23,13,2,from_below,1,False,True,65.75,-233.75
2026-04-21,ce,26766.625,1,2026-04-22 01:00:00-04:00,2026-04-22,1,1,from_above,1,False,True,79.5,-8.75
2026-04-21,ce,26766.625,2,2026-04-23 13:42:00-04:00,2026-04-23,13,2,from_above,1,False,True,202.0,-100.5
2026-04-21,ce,26766.625,3,2026-04-23 13:48:00-04:00,2026-04-23,13,2,from_below,1,False,True,37.0,-236.75
2026-04-21,ce,26766.625,4,2026-04-23 13:53:00-04:00,2026-04-23,13,2,from_below,1,False,True,93.0,-161.25
2026-04-22,h,26880.0,1,2026-04-23 13:17:00-04:00,2026-04-23,13,1,from_above,-1,True,True,43.25,-226.75
2026-04-22,h,26880.0,2,2026-04-23 13:19:00-04:00,2026-04-23,13,1,from_above,-1,True,True,65.25,-204.75
2026-04-22,h,26880.0,3,2026-04-23 13:22:00-04:00,2026-04-23,13,1,from_above,-1,True,True,75.25,-194.75
2026-04-22,h,26880.0,4,2026-04-23 13:28:00-04:00,2026-04-23,13,1,from_above,-1,True,True,73.75,-196.25
2026-04-22,h,26880.0,5,2026-04-23 13:36:00-04:00,2026-04-23,13,1,from_above,-1,True,True,119.75,-182.75
2026-04-22,h,26880.0,6,2026-04-23 13:53:00-04:00,2026-04-23,13,1,from_below,-1,True,True,93.0,-161.25
2026-04-22,l,26823.75,1,2026-04-23 13:40:00-04:00,2026-04-23,13,1,from_above,-1,True,True,157.5,-145.0
2026-04-22,l,26823.75,2,2026-04-23 13:53:00-04:00,2026-04-23,13,1,from_below,-1,True,True,93.0,-161.25
2026-04-22,ce,26851.875,1,2026-04-23 13:31:00-04:00,2026-04-23,13,1,from_above,-1,True,True,93.75,-194.5
2026-04-22,ce,26851.875,2,2026-04-23 13:36:00-04:00,2026-04-23,13,1,from_above,-1,True,True,119.75,-182.75
2026-04-22,ce,26851.875,3,2026-04-23 13:53:00-04:00,2026-04-23,13,1,from_below,-1,True,True,93.0,-161.25
2026-04-22,ce,26851.875,4,2026-04-23 13:55:00-04:00,2026-04-23,13,1,from_below,-1,True,True,52.0,-108.0
2026-04-22,ce,26851.875,5,2026-04-23 13:57:00-04:00,2026-04-23,13,1,from_above,-1,True,True,130.0,-13.25
2026-04-22,ce,26851.875,6,2026-04-23 14:59:00-04:00,2026-04-23,14,1,from_above,-1,True,True,84.75,-18.25
2026-04-23,h,27102.5,1,2026-04-24 03:06:00-04:00,2026-04-24,3,1,from_below,1,False,True,31.5,-11.0
2026-04-23,h,27102.5,2,2026-04-24 03:17:00-04:00,2026-04-24,3,1,from_below,1,False,True,29.5,-27.75
2026-04-23,h,27102.5,3,2026-04-24 03:28:00-04:00,2026-04-24,3,1,from_above,1,False,True,47.25,-34.0
2026-04-23,h,27102.5,4,2026-04-24 03:30:00-04:00,2026-04-24,3,1,from_above,1,False,True,50.0,-31.25
2026-04-23,h,27102.5,5,2026-04-24 03:56:00-04:00,2026-04-24,3,1,from_below,1,False,True,27.5,-53.75
2026-04-23,h,27102.5,6,2026-04-24 04:00:00-04:00,2026-04-24,4,1,from_above,1,False,True,50.75,-30.5
2026-04-23,l,27025.0,1,2026-04-24 00:00:00-04:00,2026-04-24,0,1,unknown,1,False,False,,
2026-04-23,l,27025.0,2,2026-04-24 00:06:00-04:00,2026-04-24,0,1,from_above,1,False,True,24.5,-17.25
2026-04-23,l,27025.0,3,2026-04-24 00:23:00-04:00,2026-04-24,0,1,from_above,1,False,True,35.75,-9.0
2026-04-23,l,27025.0,4,2026-04-24 00:33:00-04:00,2026-04-24,0,1,from_above,1,False,True,45.0,-1.25
2026-04-23,l,27025.0,5,2026-04-28 10:50:00-04:00,2026-04-28,10,5,from_above,1,False,True,93.25,-20.5
2026-04-23,l,27025.0,6,2026-04-28 10:54:00-04:00,2026-04-28,10,5,from_above,1,False,True,91.25,-22.5
2026-04-23,ce,27063.75,1,2026-04-24 01:24:00-04:00,2026-04-24,1,1,from_below,1,False,False,6.25,-39.75
2026-04-23,ce,27063.75,2,2026-04-24 01:26:00-04:00,2026-04-24,1,1,from_below,1,False,False,5.0,-37.5
2026-04-23,ce,27063.75,3,2026-04-24 01:30:00-04:00,2026-04-24,1,1,from_below,1,False,False,6.25,-34.25
2026-04-23,ce,27063.75,4,2026-04-24 05:22:00-04:00,2026-04-24,5,1,from_above,1,False,True,71.75,-23.5
2026-04-23,ce,27063.75,5,2026-04-28 08:10:00-04:00,2026-04-28,8,5,from_above,1,False,True,95.0,-35.0
2026-04-23,ce,27063.75,6,2026-04-28 08:22:00-04:00,2026-04-28,8,5,from_above,1,False,True,106.75,-23.25
2026-04-24,h,27246.5,1,2026-04-28 06:45:00-04:00,2026-04-28,6,4,from_above,1,False,True,16.75,-149.0
2026-04-24,h,27246.5,2,2026-04-28 07:04:00-04:00,2026-04-28,7,4,from_above,1,False,True,21.0,-160.25
2026-04-24,h,27246.5,3,2026-04-28 09:48:00-04:00,2026-04-28,9,4,from_below,1,False,True,206.0,-4.25
2026-04-24,h,27246.5,4,2026-04-28 19:57:00-04:00,2026-04-28,19,4,from_below,1,False,False,6.0,-50.25
2026-04-24,h,27246.5,5,2026-04-28 21:00:00-04:00,2026-04-28,21,4,from_above,1,False,False,9.0,-69.25
2026-04-24,h,27246.5,6,2026-04-28 21:02:00-04:00,2026-04-28,21,4,from_above,1,False,True,19.5,-58.75
2026-04-24,l,27203.75,1,2026-04-28 07:09:00-04:00,2026-04-28,7,4,from_above,1,False,True,14.0,-122.5
2026-04-24,l,27203.75,2,2026-04-28 09:41:00-04:00,2026-04-28,9,4,from_below,1,False,True,164.0,-46.25
2026-04-24,l,27203.75,3,2026-04-28 09:45:00-04:00,2026-04-28,9,4,from_above,1,False,True,38.5,-171.75
2026-04-24,l,27203.75,4,2026-04-28 09:52:00-04:00,2026-04-28,9,4,from_above,1,False,True,32.0,-189.75
2026-04-24,l,27203.75,5,2026-04-28 09:58:00-04:00,2026-04-28,9,4,from_below,1,False,True,195.75,-28.25
2026-04-24,l,27203.75,6,2026-04-28 10:04:00-04:00,2026-04-28,10,4,from_below,1,False,True,174.75,-49.25
2026-04-24,ce,27225.125,1,2026-04-28 07:06:00-04:00,2026-04-28,7,4,from_above,1,False,True,12.0,-149.75
2026-04-24,ce,27225.125,2,2026-04-28 09:42:00-04:00,2026-04-28,9,4,from_below,1,False,True,190.25,-20.0
2026-04-24,ce,27225.125,3,2026-04-28 09:46:00-04:00,2026-04-28,9,4,from_below,1,False,True,180.25,-30.0
2026-04-24,ce,27225.125,4,2026-04-28 10:06:00-04:00,2026-04-28,10,4,from_below,1,False,True,211.5,-12.5
2026-04-24,ce,27225.125,5,2026-04-28 15:11:00-04:00,2026-04-28,15,4,from_below,1,False,True,71.75,-5.75
2026-04-24,ce,27225.125,6,2026-04-28 18:01:00-04:00,2026-04-28,18,4,from_below,1,False,True,16.5,-8.0
2026-04-27,h,27388.5,1,2026-04-28 01:11:00-04:00,2026-04-28,1,1,from_above,-1,False,True,13.5,-35.5
2026-04-27,h,27388.5,2,2026-04-28 01:14:00-04:00,2026-04-28,1,1,from_below,-1,False,True,37.0,-12.0
2026-04-27,h,27388.5,3,2026-04-28 01:20:00-04:00,2026-04-28,1,1,from_below,-1,False,True,35.25,-13.75
2026-04-27,h,27388.5,4,2026-04-28 01:30:00-04:00,2026-04-28,1,1,from_above,-1,False,False,6.0,-36.5
2026-04-27,h,27388.5,5,2026-04-29 16:02:00-04:00,2026-04-29,16,2,from_below,-1,False,True,296.25,-25.75
2026-04-27,h,27388.5,6,2026-04-29 18:10:00-04:00,2026-04-29,18,2,from_below,-1,False,True,12.0,-113.5
2026-04-27,l,27324.5,1,2026-04-28 02:49:00-04:00,2026-04-28,2,1,from_above,-1,False,True,26.75,-6.0
2026-04-27,l,27324.5,2,2026-04-28 03:03:00-04:00,2026-04-28,3,1,from_above,-1,False,True,25.25,-20.5
2026-04-27,l,27324.5,3,2026-04-28 03:10:00-04:00,2026-04-28,3,1,from_above,-1,False,True,18.0,-32.5
2026-04-27,l,27324.5,4,2026-04-28 03:13:00-04:00,2026-04-28,3,1,from_above,-1,False,True,25.5,-25.0
2026-04-27,l,27324.5,5,2026-04-28 03:26:00-04:00,2026-04-28,3,1,from_above,-1,False,True,27.5,-23.0
2026-04-27,l,27324.5,6,2026-04-28 03:50:00-04:00,2026-04-28,3,1,from_above,-1,False,True,33.5,-23.75
2026-04-27,ce,27356.5,1,2026-04-28 01:37:00-04:00,2026-04-28,1,1,from_above,-1,False,True,23.5,-12.0
2026-04-27,ce,27356.5,2,2026-04-28 01:50:00-04:00,2026-04-28,1,1,from_above,-1,False,True,17.25,-38.75
2026-04-27,ce,27356.5,3,2026-04-28 02:00:00-04:00,2026-04-28,2,1,from_above,-1,False,True,19.0,-37.0
2026-04-27,ce,27356.5,4,2026-04-28 02:24:00-04:00,2026-04-28,2,1,from_above,-1,False,True,16.5,-37.25
2026-04-27,ce,27356.5,5,2026-04-28 02:34:00-04:00,2026-04-28,2,1,from_above,-1,False,False,0.5,-46.0
2026-04-27,ce,27356.5,6,2026-04-28 02:36:00-04:00,2026-04-28,2,1,from_above,-1,False,True,12.75,-28.0
2026-04-28,h,27250.75,1,2026-04-29 03:16:00-04:00,2026-04-29,3,1,from_above,1,False,True,19.0,-55.5
2026-04-28,h,27250.75,2,2026-04-29 03:26:00-04:00,2026-04-29,3,1,from_above,1,False,True,20.25,-54.25
2026-04-28,h,27250.75,3,2026-04-29 03:39:00-04:00,2026-04-29,3,1,from_above,1,False,True,10.75,-55.5
2026-04-28,h,27250.75,4,2026-04-29 03:44:00-04:00,2026-04-29,3,1,from_below,1,False,True,39.5,-24.5
2026-04-28,h,27250.75,5,2026-04-29 04:00:00-04:00,2026-04-29,4,1,from_below,1,False,True,54.75,-9.25
2026-04-28,h,27250.75,6,2026-04-29 04:29:00-04:00,2026-04-29,4,1,from_below,1,False,True,40.0,-25.75
2026-04-28,l,27205.0,1,2026-04-29 04:12:00-04:00,2026-04-29,4,1,from_above,1,False,True,42.75,-19.0
2026-04-28,l,27205.0,2,2026-04-29 04:15:00-04:00,2026-04-29,4,1,from_above,1,False,True,51.25,-12.25
2026-04-28,l,27205.0,3,2026-04-29 04:34:00-04:00,2026-04-29,4,1,from_above,1,False,True,58.75,-7.0
2026-04-28,l,27205.0,4,2026-04-29 04:37:00-04:00,2026-04-29,4,1,from_above,1,False,True,61.5,-4.25
2026-04-28,l,27205.0,5,2026-04-29 08:31:00-04:00,2026-04-29,8,1,from_above,1,False,True,36.75,-77.25
2026-04-28,l,27205.0,6,2026-04-29 09:20:00-04:00,2026-04-29,9,1,from_above,1,False,True,20.5,-92.5
2026-04-28,ce,27227.875,1,2026-04-29 03:45:00-04:00,2026-04-29,3,1,from_above,1,False,True,34.5,-29.5
2026-04-28,ce,27227.875,2,2026-04-29 03:48:00-04:00,2026-04-29,3,1,from_below,1,False,True,29.25,-34.75
2026-04-28,ce,27227.875,3,2026-04-29 03:53:00-04:00,2026-04-29,3,1,from_below,1,False,True,29.25,-34.75
2026-04-28,ce,27227.875,4,2026-04-29 04:05:00-04:00,2026-04-29,4,1,from_above,1,False,True,26.0,-25.25
2026-04-28,ce,27227.875,5,2026-04-29 04:20:00-04:00,2026-04-29,4,1,from_below,1,False,True,23.5,-42.25
2026-04-28,ce,27227.875,6,2026-04-29 04:23:00-04:00,2026-04-29,4,1,from_above,1,False,True,36.75,-29.0
2026-04-29,h,27197.75,1,2026-04-30 02:10:00-04:00,2026-04-30,2,1,from_above,1,False,True,139.5,-13.0
2026-04-29,h,27197.75,2,2026-04-30 10:16:00-04:00,2026-04-30,10,1,from_above,1,False,True,247.5,-4.5
2026-04-29,h,27197.75,3,2026-04-30 10:18:00-04:00,2026-04-30,10,1,from_below,1,False,True,29.75,-214.5
2026-04-29,h,27197.75,4,2026-04-30 10:26:00-04:00,2026-04-30,10,1,from_above,1,False,True,226.75,-16.75
2026-04-29,h,27197.75,5,2026-04-30 10:36:00-04:00,2026-04-30,10,1,from_above,1,False,True,242.75,-21.25
2026-04-29,ce,27176.625,1,2026-04-30 10:16:00-04:00,2026-04-30,10,1,from_above,1,False,True,247.5,-4.5
2026-04-29,ce,27176.625,2,2026-04-30 10:37:00-04:00,2026-04-30,10,1,from_above,1,False,True,233.5,-30.5
2026-04-29,ce,27176.625,3,2026-04-30 10:39:00-04:00,2026-04-30,10,1,from_above,1,False,True,260.0,-4.0
