fvg_date,fvg_tf_min,fvg_direction,fvg_low,fvg_high,fvg_ce,fvg_size_pts,touch_ordinal,touch_ts,touch_date,touch_hour,days_since_fvg,touch_px,max_penetration,touch_position,reversed,react_mfe,react_mae
2025-05-02,5,bearish,20104.25,20104.5,20104.375,0.25,1,2025-05-04 19:00:00-04:00,2025-05-04,19,2,20113.5,1.0,filled,True,60.75,-9.0
2025-05-02,5,bearish,20104.25,20104.5,20104.375,0.25,2,2025-05-04 19:02:00-04:00,2025-05-04,19,2,20104.25,1.0,filled,True,51.5,-18.25
2025-05-02,5,bearish,20104.25,20104.5,20104.375,0.25,3,2025-05-04 19:06:00-04:00,2025-05-04,19,2,20106.0,1.0,filled,True,53.25,-16.5
2025-05-02,5,bearish,20104.25,20104.5,20104.375,0.25,4,2025-05-04 19:11:00-04:00,2025-05-04,19,2,20106.75,1.0,filled,True,54.0,-15.75
2025-05-02,5,bearish,20104.25,20104.5,20104.375,0.25,5,2025-05-04 19:17:00-04:00,2025-05-04,19,2,20105.5,1.0,filled,True,52.75,-13.25
2025-05-02,5,bearish,20104.25,20104.5,20104.375,0.25,6,2025-05-04 19:23:00-04:00,2025-05-04,19,2,20105.0,1.0,filled,True,52.25,-4.25
2025-05-05,5,bullish,20048.75,20055.0,20051.875,6.25,1,2025-05-06 18:01:00-04:00,2025-05-06,18,1,20063.5,1.0,filled,True,72.75,-124.25
2025-05-05,5,bullish,20048.75,20055.0,20051.875,6.25,2,2025-05-06 18:10:00-04:00,2025-05-06,18,1,20059.25,1.0,filled,True,38.75,-57.75
2025-05-05,5,bullish,20048.75,20055.0,20051.875,6.25,3,2025-05-06 18:14:00-04:00,2025-05-06,18,1,20037.25,1.0,filled,True,60.75,-35.75
2025-05-05,5,bullish,20048.75,20055.0,20051.875,6.25,4,2025-05-06 18:16:00-04:00,2025-05-06,18,1,20051.5,1.0,filled,True,46.5,-50.0
2025-05-05,5,bullish,20048.75,20055.0,20051.875,6.25,5,2025-05-06 18:19:00-04:00,2025-05-06,18,1,20062.5,0.08,edge_near,True,35.5,-61.0
2025-05-05,5,bullish,20048.75,20055.0,20051.875,6.25,6,2025-05-06 18:23:00-04:00,2025-05-06,18,1,20054.5,1.0,filled,True,43.5,-53.0
2025-05-06,5,bearish,19830.75,19833.75,19832.25,3.0,1,2025-05-07 10:55:00-04:00,2025-05-07,10,1,19839.25,1.0,filled,True,54.5,-21.5
2025-05-06,5,bearish,19830.75,19833.75,19832.25,3.0,2,2025-05-07 11:00:00-04:00,2025-05-07,11,1,19829.5,1.0,filled,True,44.75,-27.25
2025-05-06,5,bearish,19830.75,19833.75,19832.25,3.0,3,2025-05-07 11:04:00-04:00,2025-05-07,11,1,19826.75,1.0,filled,True,42.0,-30.0
2025-05-06,5,bearish,19830.75,19833.75,19832.25,3.0,4,2025-05-07 11:08:00-04:00,2025-05-07,11,1,19833.0,1.0,filled,True,48.25,-23.75
2025-05-06,5,bearish,19830.75,19833.75,19832.25,3.0,5,2025-05-07 11:21:00-04:00,2025-05-07,11,1,19840.75,1.0,filled,True,56.0,-18.75
2025-05-06,5,bearish,19830.75,19833.75,19832.25,3.0,6,2025-05-07 11:40:00-04:00,2025-05-07,11,1,19830.5,1.0,filled,True,45.75,-29.0
2025-05-06,5,bearish,19818.5,19827.25,19822.875,8.75,1,2025-05-07 11:01:00-04:00,2025-05-07,11,1,19819.75,1.0,filled,True,35.0,-37.0
2025-05-06,5,bearish,19818.5,19827.25,19822.875,8.75,2,2025-05-07 11:16:00-04:00,2025-05-07,11,1,19812.25,1.0,filled,True,27.5,-44.5
2025-05-06,5,bearish,19818.5,19827.25,19822.875,8.75,3,2025-05-07 11:29:00-04:00,2025-05-07,11,1,19813.0,0.34285714285714286,approached_CE,True,28.25,-46.5
2025-05-06,5,bearish,19818.5,19827.25,19822.875,8.75,4,2025-05-07 11:31:00-04:00,2025-05-07,11,1,19817.0,0.4,approached_CE,True,32.25,-42.5
2025-05-06,5,bearish,19818.5,19827.25,19822.875,8.75,5,2025-05-07 11:38:00-04:00,2025-05-07,11,1,19824.5,1.0,filled,True,39.75,-35.0
2025-05-06,5,bearish,19818.5,19827.25,19822.875,8.75,6,2025-05-07 11:47:00-04:00,2025-05-07,11,1,19812.25,1.0,filled,True,27.5,-62.5
2025-05-06,5,bullish,19802.25,19819.75,19811.0,17.5,1,2025-05-07 11:01:00-04:00,2025-05-07,11,1,19819.75,1.0,filled,True,37.0,-35.0
2025-05-06,5,bullish,19802.25,19819.75,19811.0,17.5,2,2025-05-07 11:12:00-04:00,2025-05-07,11,1,19818.5,1.0,filled,True,38.25,-33.75
2025-05-06,5,bullish,19802.25,19819.75,19811.0,17.5,3,2025-05-07 11:25:00-04:00,2025-05-07,11,1,19813.75,1.0,filled,True,45.75,-29.0
2025-05-06,5,bullish,19802.25,19819.75,19811.0,17.5,4,2025-05-07 11:47:00-04:00,2025-05-07,11,1,19812.25,1.0,filled,True,62.5,-27.5
2025-05-06,5,bullish,19802.25,19819.75,19811.0,17.5,5,2025-05-07 12:22:00-04:00,2025-05-07,12,1,19813.5,0.5857142857142857,through_CE,True,112.0,-7.5
2025-05-06,5,bullish,19802.25,19819.75,19811.0,17.5,6,2025-05-07 12:27:00-04:00,2025-05-07,12,1,19827.5,0.7857142857142857,filled,True,98.0,-21.5
2025-05-06,5,bearish,19800.5,19838.25,19819.375,37.75,1,2025-05-07 10:55:00-04:00,2025-05-07,10,1,19839.25,1.0,filled,True,54.5,-21.5
2025-05-06,5,bearish,19800.5,19838.25,19819.375,37.75,2,2025-05-07 11:00:00-04:00,2025-05-07,11,1,19829.5,1.0,filled,True,44.75,-27.25
2025-05-06,5,bearish,19800.5,19838.25,19819.375,37.75,3,2025-05-07 11:47:00-04:00,2025-05-07,11,1,19812.25,1.0,filled,True,27.5,-62.5
2025-05-06,5,bearish,19800.5,19838.25,19819.375,37.75,4,2025-05-07 12:00:00-04:00,2025-05-07,12,1,19843.25,1.0,filled,True,37.25,-61.25
2025-05-06,5,bearish,19800.5,19838.25,19819.375,37.75,5,2025-05-07 12:02:00-04:00,2025-05-07,12,1,19841.0,1.0,filled,True,35.0,-63.5
2025-05-06,5,bearish,19800.5,19838.25,19819.375,37.75,6,2025-05-07 12:06:00-04:00,2025-05-07,12,1,19829.75,1.0,filled,True,23.75,-81.75
2025-05-06,5,bearish,19782.75,19797.0,19789.875,14.25,1,2025-05-07 11:13:00-04:00,2025-05-07,11,1,19797.0,1.0,filled,True,12.25,-59.75
2025-05-06,5,bearish,19782.75,19797.0,19789.875,14.25,2,2025-05-07 11:34:00-04:00,2025-05-07,11,1,19799.0,1.0,filled,True,14.25,-60.5
2025-05-06,5,bearish,19782.75,19797.0,19789.875,14.25,3,2025-05-07 11:36:00-04:00,2025-05-07,11,1,19803.5,1.0,filled,True,18.75,-56.0
2025-05-06,5,bearish,19782.75,19797.0,19789.875,14.25,4,2025-05-07 11:48:00-04:00,2025-05-07,11,1,19799.5,1.0,filled,True,14.75,-81.5
2025-05-06,5,bearish,19782.75,19797.0,19789.875,14.25,5,2025-05-07 14:00:00-04:00,2025-05-07,14,1,19836.25,1.0,filled,True,157.75,-67.5
2025-05-06,5,bearish,19782.75,19797.0,19789.875,14.25,6,2025-05-07 14:05:00-04:00,2025-05-07,14,1,19794.0,1.0,filled,True,115.5,-109.75
2025-05-08,5,bearish,20138.5,20157.5,20148.0,19.0,1,2025-05-09 01:26:00-04:00,2025-05-09,1,1,20159.5,1.0,filled,False,3.0,-44.0
2025-05-08,5,bearish,20138.5,20157.5,20148.0,19.0,2,2025-05-09 07:26:00-04:00,2025-05-09,7,1,20164.0,1.0,filled,True,23.75,-126.0
2025-05-08,5,bearish,20138.5,20157.5,20148.0,19.0,3,2025-05-09 07:38:00-04:00,2025-05-09,7,1,20153.0,1.0,filled,False,3.0,-81.25
2025-05-08,5,bearish,20138.5,20157.5,20148.0,19.0,4,2025-05-09 10:26:00-04:00,2025-05-09,10,1,20152.0,1.0,filled,True,94.5,-26.5
2025-05-08,5,bearish,20138.5,20157.5,20148.0,19.0,5,2025-05-09 10:30:00-04:00,2025-05-09,10,1,20146.5,0.6578947368421053,through_CE,True,89.0,-29.5
2025-05-08,5,bearish,20138.5,20157.5,20148.0,19.0,6,2025-05-09 10:51:00-04:00,2025-05-09,10,1,20140.0,0.18421052631578946,edge_near,True,42.0,-36.0
2025-05-08,5,bearish,20095.75,20099.25,20097.5,3.5,1,2025-05-09 10:35:00-04:00,2025-05-09,10,1,20103.75,1.0,filled,True,46.25,-72.25
2025-05-08,5,bearish,20095.75,20099.25,20097.5,3.5,2,2025-05-09 10:42:00-04:00,2025-05-09,10,1,20101.75,1.0,filled,True,32.25,-74.25
2025-05-08,5,bearish,20095.75,20099.25,20097.5,3.5,3,2025-05-09 10:47:00-04:00,2025-05-09,10,1,20098.5,1.0,filled,False,5.0,-77.5
2025-05-08,5,bearish,20095.75,20099.25,20097.5,3.5,4,2025-05-09 10:54:00-04:00,2025-05-09,10,1,20117.0,1.0,filled,True,19.0,-59.0
2025-05-08,5,bearish,20095.75,20099.25,20097.5,3.5,5,2025-05-09 12:09:00-04:00,2025-05-09,12,1,20100.0,1.0,filled,True,28.25,-32.5
2025-05-08,5,bearish,20095.75,20099.25,20097.5,3.5,6,2025-05-09 12:13:00-04:00,2025-05-09,12,1,20103.0,1.0,filled,True,31.25,-29.5
2025-05-12,5,bearish,20914.75,20916.25,20915.5,1.5,1,2025-05-13 07:12:00-04:00,2025-05-13,7,1,20920.75,1.0,filled,True,13.0,-43.5
2025-05-12,5,bearish,20914.75,20916.25,20915.5,1.5,2,2025-05-13 07:15:00-04:00,2025-05-13,7,1,20918.5,1.0,filled,True,10.75,-46.25
2025-05-12,5,bearish,20914.75,20916.25,20915.5,1.5,3,2025-05-13 07:23:00-04:00,2025-05-13,7,1,20924.25,1.0,filled,True,16.5,-47.5
2025-05-12,5,bearish,20914.75,20916.25,20915.5,1.5,4,2025-05-13 07:30:00-04:00,2025-05-13,7,1,20914.75,1.0,filled,False,6.0,-149.25
2025-05-12,5,bearish,20914.75,20916.25,20915.5,1.5,5,2025-05-23 07:44:00-04:00,2025-05-23,7,11,20944.75,1.0,filled,True,217.25,-74.75
2025-05-12,5,bearish,20914.75,20916.25,20915.5,1.5,6,2025-05-23 07:47:00-04:00,2025-05-23,7,11,20935.0,1.0,filled,True,207.5,-1.5
2025-05-12,5,bearish,20826.5,20917.25,20871.875,90.75,1,2025-05-13 00:00:00-04:00,2025-05-13,0,1,20844.25,1.0,filled,True,26.0,-10.5
2025-05-12,5,bearish,20826.5,20917.25,20871.875,90.75,2,2025-05-13 07:15:00-04:00,2025-05-13,7,1,20918.5,1.0,filled,True,10.75,-46.25
2025-05-12,5,bearish,20826.5,20917.25,20871.875,90.75,3,2025-05-13 07:23:00-04:00,2025-05-13,7,1,20924.25,1.0,filled,True,16.5,-47.5
2025-05-12,5,bearish,20826.5,20917.25,20871.875,90.75,4,2025-05-23 07:44:00-04:00,2025-05-23,7,11,20944.75,1.0,filled,True,217.25,-74.75
2025-05-12,5,bearish,20826.5,20917.25,20871.875,90.75,5,2025-05-23 08:31:00-04:00,2025-05-23,8,11,20796.75,0.09917355371900827,edge_near,True,41.25,-79.5
2025-05-12,5,bearish,20826.5,20917.25,20871.875,90.75,6,2025-05-23 08:35:00-04:00,2025-05-23,8,11,20828.75,0.1322314049586777,edge_near,True,73.25,-110.0
2025-05-13,5,bullish,21011.75,21036.5,21024.125,24.75,1,2025-05-23 07:43:00-04:00,2025-05-23,7,10,21018.5,1.0,filled,True,81.0,-291.0
2025-05-13,5,bullish,21011.75,21036.5,21024.125,24.75,2,2025-05-23 13:05:00-04:00,2025-05-23,13,10,21013.25,1.0,filled,True,66.0,-15.0
2025-05-13,5,bullish,21011.75,21036.5,21024.125,24.75,3,2025-05-23 13:34:00-04:00,2025-05-23,13,10,21038.75,0.15151515151515152,edge_near,True,45.0,-33.0
2025-05-13,5,bullish,21011.75,21036.5,21024.125,24.75,4,2025-05-23 13:40:00-04:00,2025-05-23,13,10,21027.0,0.7373737373737373,through_CE,True,56.75,-21.25
2025-05-13,5,bullish,21011.75,21036.5,21024.125,24.75,5,2025-05-23 13:57:00-04:00,2025-05-23,13,10,21047.0,0.09090909090909091,edge_near,True,36.75,-41.25
2025-05-13,5,bullish,21011.75,21036.5,21024.125,24.75,6,2025-05-23 14:19:00-04:00,2025-05-23,14,10,21041.75,1.0,filled,True,28.25,-36.0
2025-05-13,5,bullish,21039.5,21045.25,21042.375,5.75,1,2025-05-22 08:17:00-04:00,2025-05-22,8,9,21049.25,1.0,filled,True,177.75,-10.0
2025-05-13,5,bullish,21039.5,21045.25,21042.375,5.75,2,2025-05-22 08:24:00-04:00,2025-05-22,8,9,21043.25,0.9130434782608695,filled,True,183.75,-3.25
2025-05-13,5,bullish,21039.5,21045.25,21042.375,5.75,3,2025-05-22 08:30:00-04:00,2025-05-22,8,9,21063.75,0.6521739130434783,through_CE,True,163.25,-22.25
2025-05-13,5,bullish,21039.5,21045.25,21042.375,5.75,4,2025-05-23 07:43:00-04:00,2025-05-23,7,10,21018.5,1.0,filled,True,81.0,-291.0
2025-05-13,5,bullish,21039.5,21045.25,21042.375,5.75,5,2025-05-23 13:17:00-04:00,2025-05-23,13,10,21050.75,1.0,filled,True,33.0,-32.5
2025-05-13,5,bullish,21039.5,21045.25,21042.375,5.75,6,2025-05-23 13:33:00-04:00,2025-05-23,13,10,21044.5,1.0,filled,True,39.25,-38.75
2025-05-13,5,bullish,21071.5,21102.5,21087.0,31.0,1,2025-05-21 15:11:00-04:00,2025-05-21,15,8,21094.5,0.3951612903225806,approached_CE,True,126.75,-22.75
2025-05-13,5,bullish,21071.5,21102.5,21087.0,31.0,2,2025-05-21 15:21:00-04:00,2025-05-21,15,8,21091.5,0.9919354838709677,filled,True,129.75,-19.75
2025-05-13,5,bullish,21071.5,21102.5,21087.0,31.0,3,2025-05-22 07:59:00-04:00,2025-05-22,7,9,21082.25,1.0,filled,True,116.0,-43.0
2025-05-13,5,bullish,21071.5,21102.5,21087.0,31.0,4,2025-05-22 08:10:00-04:00,2025-05-22,8,9,21092.25,1.0,filled,True,134.75,-53.0
2025-05-13,5,bullish,21071.5,21102.5,21087.0,31.0,5,2025-05-22 08:32:00-04:00,2025-05-22,8,9,21069.25,1.0,filled,True,157.75,-19.25
2025-05-13,5,bullish,21071.5,21102.5,21087.0,31.0,6,2025-05-22 08:34:00-04:00,2025-05-22,8,9,21082.0,1.0,filled,True,145.0,-18.5
2025-05-13,5,bullish,21113.0,21114.5,21113.75,1.5,1,2025-05-19 04:43:00-04:00,2025-05-19,4,6,21116.5,1.0,filled,True,63.5,-4.25
2025-05-13,5,bullish,21113.0,21114.5,21113.75,1.5,2,2025-05-21 15:09:00-04:00,2025-05-21,15,8,21113.5,1.0,filled,True,107.75,-41.75
2025-05-13,5,bullish,21113.0,21114.5,21113.75,1.5,3,2025-05-21 15:12:00-04:00,2025-05-21,15,8,21115.5,1.0,filled,True,105.75,-43.75
2025-05-13,5,bullish,21113.0,21114.5,21113.75,1.5,4,2025-05-21 15:17:00-04:00,2025-05-21,15,8,21116.5,1.0,filled,True,104.75,-44.75
2025-05-13,5,bullish,21113.0,21114.5,21113.75,1.5,5,2025-05-21 15:30:00-04:00,2025-05-21,15,8,21110.75,1.0,filled,True,110.5,-14.0
2025-05-13,5,bullish,21113.0,21114.5,21113.75,1.5,6,2025-05-21 16:12:00-04:00,2025-05-21,16,8,21120.25,1.0,filled,True,29.75,-9.75
2025-05-14,5,bullish,21324.5,21333.75,21329.125,9.25,1,2025-05-15 01:35:00-04:00,2025-05-15,1,1,21338.5,0.7027027027027027,through_CE,True,30.0,-21.75
2025-05-14,5,bullish,21324.5,21333.75,21329.125,9.25,2,2025-05-15 01:38:00-04:00,2025-05-15,1,1,21326.0,1.0,filled,True,42.5,-9.25
2025-05-14,5,bullish,21324.5,21333.75,21329.125,9.25,3,2025-05-15 01:55:00-04:00,2025-05-15,1,1,21325.0,1.0,filled,True,43.5,-4.75
2025-05-14,5,bullish,21324.5,21333.75,21329.125,9.25,4,2025-05-15 03:09:00-04:00,2025-05-15,3,1,21331.0,1.0,filled,False,8.0,-77.75
2025-05-14,5,bullish,21324.5,21333.75,21329.125,9.25,5,2025-05-15 03:21:00-04:00,2025-05-15,3,1,21326.0,1.0,filled,False,3.75,-74.25
2025-05-14,5,bullish,21324.5,21333.75,21329.125,9.25,6,2025-05-15 08:33:00-04:00,2025-05-15,8,1,21325.25,1.0,filled,False,9.75,-58.75
2025-05-14,5,bullish,21342.25,21367.25,21354.75,25.0,1,2025-05-15 01:16:00-04:00,2025-05-15,1,1,21367.0,0.17,edge_near,False,7.75,-50.25
2025-05-14,5,bullish,21342.25,21367.25,21354.75,25.0,2,2025-05-15 01:22:00-04:00,2025-05-15,1,1,21363.0,1.0,filled,False,6.5,-46.25
2025-05-14,5,bullish,21342.25,21367.25,21354.75,25.0,3,2025-05-15 02:11:00-04:00,2025-05-15,2,1,21340.5,1.0,filled,True,28.0,-10.5
2025-05-14,5,bullish,21342.25,21367.25,21354.75,25.0,4,2025-05-15 10:01:00-04:00,2025-05-15,10,1,21339.0,1.0,filled,False,8.0,-82.25
2025-05-14,5,bullish,21342.25,21367.25,21354.75,25.0,5,2025-05-15 11:03:00-04:00,2025-05-15,11,1,21354.75,1.0,filled,True,91.75,-16.0
2025-05-14,5,bullish,21342.25,21367.25,21354.75,25.0,6,2025-05-15 15:21:00-04:00,2025-05-15,15,1,21366.75,1.0,filled,True,78.0,-63.25
2025-05-14,5,bearish,21345.5,21367.25,21356.375,21.75,1,2025-05-15 01:16:00-04:00,2025-05-15,1,1,21367.0,1.0,filled,True,50.25,-7.75
2025-05-14,5,bearish,21345.5,21367.25,21356.375,21.75,2,2025-05-15 01:22:00-04:00,2025-05-15,1,1,21363.0,1.0,filled,True,46.25,-6.5
2025-05-14,5,bearish,21345.5,21367.25,21356.375,21.75,3,2025-05-15 02:12:00-04:00,2025-05-15,2,1,21345.5,1.0,filled,True,22.25,-23.0
2025-05-14,5,bearish,21345.5,21367.25,21356.375,21.75,4,2025-05-15 02:44:00-04:00,2025-05-15,2,1,21346.25,0.4367816091954023,approached_CE,True,73.75,-11.5
2025-05-14,5,bearish,21345.5,21367.25,21356.375,21.75,5,2025-05-15 02:55:00-04:00,2025-05-15,2,1,21341.75,0.09195402298850575,edge_near,True,72.75,-16.0
2025-05-14,5,bearish,21345.5,21367.25,21356.375,21.75,6,2025-05-15 02:58:00-04:00,2025-05-15,2,1,21346.5,0.3218390804597701,approached_CE,True,81.5,-11.25
2025-05-14,5,bearish,21331.0,21337.0,21334.0,6.0,1,2025-05-15 01:34:00-04:00,2025-05-15,1,1,21337.75,1.0,filled,True,21.0,-30.75
2025-05-14,5,bearish,21331.0,21337.0,21334.0,6.0,2,2025-05-15 01:38:00-04:00,2025-05-15,1,1,21326.0,1.0,filled,False,9.25,-42.5
2025-05-14,5,bearish,21331.0,21337.0,21334.0,6.0,3,2025-05-15 01:44:00-04:00,2025-05-15,1,1,21329.25,0.5416666666666666,through_CE,True,12.5,-39.25
2025-05-14,5,bearish,21331.0,21337.0,21334.0,6.0,4,2025-05-15 01:59:00-04:00,2025-05-15,1,1,21330.25,1.0,filled,False,5.5,-38.25
2025-05-14,5,bearish,21331.0,21337.0,21334.0,6.0,5,2025-05-15 02:56:00-04:00,2025-05-15,2,1,21341.0,1.0,filled,True,73.75,-16.75
2025-05-14,5,bearish,21331.0,21337.0,21334.0,6.0,6,2025-05-15 03:03:00-04:00,2025-05-15,3,1,21337.25,1.0,filled,True,72.25,-20.5
2025-05-16,5,bullish,21447.25,21453.75,21450.5,6.5,1,2025-05-19 10:16:00-04:00,2025-05-19,10,3,21451.5,1.0,filled,True,11.25,-75.25
2025-05-16,5,bullish,21447.25,21453.75,21450.5,6.5,2,2025-05-19 11:38:00-04:00,2025-05-19,11,3,21448.5,1.0,filled,True,29.5,-36.75
2025-05-16,5,bullish,21447.25,21453.75,21450.5,6.5,3,2025-05-19 11:43:00-04:00,2025-05-19,11,3,21460.5,1.0,filled,True,17.5,-48.75
2025-05-16,5,bullish,21447.25,21453.75,21450.5,6.5,4,2025-05-19 12:04:00-04:00,2025-05-19,12,3,21446.25,1.0,filled,True,78.5,-15.25
2025-05-16,5,bullish,21447.25,21453.75,21450.5,6.5,5,2025-05-19 12:12:00-04:00,2025-05-19,12,3,21449.0,1.0,filled,True,95.75,-16.25
2025-05-16,5,bullish,21447.25,21453.75,21450.5,6.5,6,2025-05-19 12:20:00-04:00,2025-05-19,12,3,21440.5,1.0,filled,True,105.0,-7.75
2025-05-16,5,bullish,21459.75,21461.25,21460.5,1.5,1,2025-05-19 10:17:00-04:00,2025-05-19,10,3,21451.5,1.0,filled,True,11.25,-75.25
2025-05-16,5,bullish,21459.75,21461.25,21460.5,1.5,2,2025-05-19 11:40:00-04:00,2025-05-19,11,3,21461.0,1.0,filled,True,17.0,-49.25
2025-05-16,5,bullish,21459.75,21461.25,21460.5,1.5,3,2025-05-19 11:43:00-04:00,2025-05-19,11,3,21460.5,1.0,filled,True,17.5,-48.75
2025-05-16,5,bullish,21459.75,21461.25,21460.5,1.5,4,2025-05-19 12:26:00-04:00,2025-05-19,12,3,21460.5,1.0,filled,True,85.0,-15.75
2025-05-16,5,bullish,21459.75,21461.25,21460.5,1.5,5,2025-05-19 12:31:00-04:00,2025-05-19,12,3,21460.0,1.0,filled,True,85.5,-15.25
2025-05-16,5,bullish,21459.75,21461.25,21460.5,1.5,6,2025-05-19 12:35:00-04:00,2025-05-19,12,3,21453.0,1.0,filled,True,92.5,-8.25
2025-05-19,5,bearish,21188.0,21191.0,21189.5,3.0,1,2025-05-21 13:30:00-04:00,2025-05-21,13,2,21181.25,1.0,filled,True,21.0,-147.0
2025-05-19,5,bearish,21188.0,21191.0,21189.5,3.0,2,2025-05-21 14:21:00-04:00,2025-05-21,14,2,21192.5,1.0,filled,True,104.75,-90.5
2025-05-19,5,bearish,21188.0,21191.0,21189.5,3.0,3,2025-05-21 14:23:00-04:00,2025-05-21,14,2,21212.5,1.0,filled,True,125.75,-70.5
2025-05-19,5,bearish,21188.0,21191.0,21189.5,3.0,4,2025-05-21 14:53:00-04:00,2025-05-21,14,2,21191.75,1.0,filled,True,120.0,-29.5
2025-05-19,5,bearish,21188.0,21191.0,21189.5,3.0,5,2025-05-21 14:57:00-04:00,2025-05-21,14,2,21183.5,1.0,filled,True,111.75,-37.75
2025-05-19,5,bearish,21188.0,21191.0,21189.5,3.0,6,2025-05-21 15:39:00-04:00,2025-05-21,15,2,21185.0,1.0,filled,True,74.5,-36.25
2025-05-19,5,bullish,21193.5,21201.5,21197.5,8.0,1,2025-05-21 13:29:00-04:00,2025-05-21,13,2,21203.5,1.0,filled,True,124.75,-43.25
2025-05-19,5,bullish,21193.5,21201.5,21197.5,8.0,2,2025-05-21 14:20:00-04:00,2025-05-21,14,2,21201.5,1.0,filled,True,81.5,-111.25
2025-05-19,5,bullish,21193.5,21201.5,21197.5,8.0,3,2025-05-21 14:50:00-04:00,2025-05-21,14,2,21205.75,0.1875,edge_near,True,21.75,-134.0
2025-05-19,5,bullish,21193.5,21201.5,21197.5,8.0,4,2025-05-21 14:53:00-04:00,2025-05-21,14,2,21191.75,1.0,filled,True,29.5,-120.0
2025-05-19,5,bullish,21193.5,21201.5,21197.5,8.0,5,2025-05-21 14:58:00-04:00,2025-05-21,14,2,21188.5,1.0,filled,True,32.75,-116.75
2025-05-19,5,bullish,21193.5,21201.5,21197.5,8.0,6,2025-05-21 15:01:00-04:00,2025-05-21,15,2,21190.25,1.0,filled,True,31.0,-118.5
2025-05-19,5,bullish,21204.0,21235.5,21219.75,31.5,1,2025-05-21 06:23:00-04:00,2025-05-21,6,2,21238.75,0.19047619047619047,edge_near,True,103.25,-9.25
2025-05-19,5,bullish,21204.0,21235.5,21219.75,31.5,2,2025-05-21 13:26:00-04:00,2025-05-21,13,2,21254.0,1.0,filled,True,74.25,-93.75
2025-05-19,5,bullish,21204.0,21235.5,21219.75,31.5,3,2025-05-21 13:36:00-04:00,2025-05-21,13,2,21264.25,0.5158730158730159,through_CE,True,64.0,-78.0
2025-05-19,5,bullish,21204.0,21235.5,21219.75,31.5,4,2025-05-21 14:02:00-04:00,2025-05-21,14,2,21234.75,0.6349206349206349,through_CE,True,48.25,-69.5
2025-05-19,5,bullish,21204.0,21235.5,21219.75,31.5,5,2025-05-21 14:11:00-04:00,2025-05-21,14,2,21220.5,0.746031746031746,through_CE,True,62.5,-130.25
2025-05-19,5,bullish,21204.0,21235.5,21219.75,31.5,6,2025-05-21 14:17:00-04:00,2025-05-21,14,2,21232.0,1.0,filled,True,51.0,-141.75
2025-05-19,5,bullish,21263.75,21291.25,21277.5,27.5,1,2025-05-21 02:40:00-04:00,2025-05-21,2,2,21295.5,0.1,edge_near,True,33.0,-9.5
2025-05-19,5,bullish,21263.75,21291.25,21277.5,27.5,2,2025-05-21 02:48:00-04:00,2025-05-21,2,2,21289.0,0.19090909090909092,edge_near,True,52.0,-3.0
2025-05-19,5,bullish,21263.75,21291.25,21277.5,27.5,3,2025-05-21 02:59:00-04:00,2025-05-21,2,2,21294.25,0.045454545454545456,edge_near,True,54.5,-4.25
2025-05-19,5,bullish,21263.75,21291.25,21277.5,27.5,4,2025-05-21 04:40:00-04:00,2025-05-21,4,2,21297.0,0.05454545454545454,edge_near,True,39.0,-17.75
2025-05-19,5,bullish,21263.75,21291.25,21277.5,27.5,5,2025-05-21 05:31:00-04:00,2025-05-21,5,2,21291.75,0.43636363636363634,approached_CE,True,17.25,-62.25
2025-05-19,5,bullish,21263.75,21291.25,21277.5,27.5,6,2025-05-21 05:41:00-04:00,2025-05-21,5,2,21287.25,1.0,filled,True,11.5,-57.75
2025-05-19,5,bullish,21312.0,21316.5,21314.25,4.5,1,2025-05-20 15:03:00-04:00,2025-05-20,15,1,21317.5,1.0,filled,True,134.5,-19.5
2025-05-19,5,bullish,21312.0,21316.5,21314.25,4.5,2,2025-05-21 02:13:00-04:00,2025-05-21,2,2,21318.75,1.0,filled,True,16.5,-32.75
2025-05-19,5,bullish,21312.0,21316.5,21314.25,4.5,3,2025-05-21 02:24:00-04:00,2025-05-21,2,2,21320.25,0.3333333333333333,approached_CE,True,11.75,-34.25
2025-05-19,5,bullish,21312.0,21316.5,21314.25,4.5,4,2025-05-21 02:26:00-04:00,2025-05-21,2,2,21317.0,0.6666666666666666,through_CE,True,15.0,-31.0
2025-05-19,5,bullish,21312.0,21316.5,21314.25,4.5,5,2025-05-21 02:31:00-04:00,2025-05-21,2,2,21317.75,1.0,filled,True,10.75,-31.75
2025-05-19,5,bullish,21312.0,21316.5,21314.25,4.5,6,2025-05-21 02:52:00-04:00,2025-05-21,2,2,21311.75,1.0,filled,True,33.0,-21.75
2025-05-19,5,bullish,21335.0,21345.5,21340.25,10.5,1,2025-05-20 14:28:00-04:00,2025-05-20,14,1,21348.5,0.4523809523809524,approached_CE,True,39.5,-50.5
2025-05-19,5,bullish,21335.0,21345.5,21340.25,10.5,2,2025-05-20 14:42:00-04:00,2025-05-20,14,1,21353.0,0.2619047619047619,approached_CE,True,64.25,-55.0
2025-05-19,5,bullish,21335.0,21345.5,21340.25,10.5,3,2025-05-20 14:47:00-04:00,2025-05-20,14,1,21350.0,0.14285714285714285,edge_near,True,67.25,-52.0
2025-05-19,5,bullish,21335.0,21345.5,21340.25,10.5,4,2025-05-20 14:52:00-04:00,2025-05-20,14,1,21351.0,0.07142857142857142,edge_near,True,76.75,-53.0
2025-05-19,5,bullish,21335.0,21345.5,21340.25,10.5,5,2025-05-20 15:00:00-04:00,2025-05-20,15,1,21335.75,1.0,filled,True,116.25,-37.75
2025-05-19,5,bullish,21335.0,21345.5,21340.25,10.5,6,2025-05-20 15:08:00-04:00,2025-05-20,15,1,21328.75,1.0,filled,True,123.25,-16.25
2025-05-20,5,bullish,21436.5,21444.0,21440.25,7.5,1,2025-05-21 10:01:00-04:00,2025-05-21,10,1,21387.25,1.0,filled,True,76.5,-25.0
2025-05-20,5,bullish,21436.5,21444.0,21440.25,7.5,2,2025-05-21 10:56:00-04:00,2025-05-21,10,1,21442.25,1.0,filled,True,93.25,-21.5
2025-05-20,5,bullish,21436.5,21444.0,21440.25,7.5,3,2025-05-21 13:12:00-04:00,2025-05-21,13,1,21471.25,0.03333333333333333,edge_near,False,1.0,-311.0
2025-05-20,5,bullish,21436.5,21444.0,21440.25,7.5,4,2025-05-21 13:15:00-04:00,2025-05-21,13,1,21438.75,1.0,filled,True,19.25,-278.5
2025-05-20,5,bullish,21436.5,21444.0,21440.25,7.5,5,2025-05-27 12:39:00-04:00,2025-05-27,12,7,21449.0,1.0,filled,True,18.25,-20.0
2025-05-20,5,bullish,21436.5,21444.0,21440.25,7.5,6,2025-05-27 12:43:00-04:00,2025-05-27,12,7,21443.5,1.0,filled,True,23.75,-13.75
2025-05-21,5,bearish,21289.0,21290.0,21289.5,1.0,1,2025-05-22 09:57:00-04:00,2025-05-22,9,1,21283.5,1.0,filled,True,117.0,-46.75
2025-05-21,5,bearish,21289.0,21290.0,21289.5,1.0,2,2025-05-22 10:11:00-04:00,2025-05-22,10,1,21291.75,1.0,filled,True,125.25,-9.0
2025-05-21,5,bearish,21289.0,21290.0,21289.5,1.0,3,2025-05-22 12:11:00-04:00,2025-05-22,12,1,21290.75,1.0,filled,True,94.25,-34.0
2025-05-21,5,bearish,21289.0,21290.0,21289.5,1.0,4,2025-05-22 12:19:00-04:00,2025-05-22,12,1,21287.5,1.0,filled,True,91.0,-17.0
2025-05-21,5,bearish,21289.0,21290.0,21289.5,1.0,5,2025-05-22 12:23:00-04:00,2025-05-22,12,1,21278.0,1.0,filled,True,81.5,-13.25
2025-05-21,5,bearish,21289.0,21290.0,21289.5,1.0,6,2025-05-22 13:44:00-04:00,2025-05-22,13,1,21288.25,1.0,filled,True,23.25,-26.0
2025-05-21,5,bullish,21286.5,21313.25,21299.875,26.75,1,2025-05-22 09:57:00-04:00,2025-05-22,9,1,21283.5,1.0,filled,True,46.75,-117.0
2025-05-21,5,bullish,21286.5,21313.25,21299.875,26.75,2,2025-05-22 10:08:00-04:00,2025-05-22,10,1,21302.75,1.0,filled,True,24.5,-136.25
2025-05-21,5,bullish,21286.5,21313.25,21299.875,26.75,3,2025-05-22 10:14:00-04:00,2025-05-22,10,1,21272.5,1.0,filled,True,14.0,-106.0
2025-05-21,5,bullish,21286.5,21313.25,21299.875,26.75,4,2025-05-22 12:07:00-04:00,2025-05-22,12,1,21280.0,1.0,filled,True,44.75,-77.25
2025-05-21,5,bullish,21286.5,21313.25,21299.875,26.75,5,2025-05-22 12:11:00-04:00,2025-05-22,12,1,21290.75,1.0,filled,True,34.0,-94.25
2025-05-21,5,bullish,21286.5,21313.25,21299.875,26.75,6,2025-05-22 12:23:00-04:00,2025-05-22,12,1,21278.0,1.0,filled,True,13.25,-81.5
2025-05-21,5,bullish,21342.25,21355.75,21349.0,13.5,1,2025-05-27 03:46:00-04:00,2025-05-27,3,6,21341.5,1.0,filled,True,18.5,-28.75
2025-05-21,5,bullish,21342.25,21355.75,21349.0,13.5,2,2025-05-27 04:10:00-04:00,2025-05-27,4,6,21336.25,1.0,filled,True,10.5,-37.75
2025-05-21,5,bullish,21342.25,21355.75,21349.0,13.5,3,2025-05-27 04:13:00-04:00,2025-05-27,4,6,21338.25,1.0,filled,True,12.25,-39.75
2025-05-21,5,bullish,21342.25,21355.75,21349.0,13.5,4,2025-05-27 04:17:00-04:00,2025-05-27,4,6,21336.5,1.0,filled,True,14.0,-38.0
2025-05-21,5,bullish,21342.25,21355.75,21349.0,13.5,5,2025-05-27 05:10:00-04:00,2025-05-27,5,6,21337.0,1.0,filled,True,15.75,-26.75
2025-05-21,5,bullish,21342.25,21355.75,21349.0,13.5,6,2025-05-27 05:38:00-04:00,2025-05-27,5,6,21344.0,1.0,filled,False,8.75,-26.0
2025-05-22,5,bearish,21191.75,21196.75,21194.25,5.0,1,2025-05-23 03:20:00-04:00,2025-05-23,3,1,21191.75,1.0,filled,True,10.0,-39.75
2025-05-22,5,bearish,21191.75,21196.75,21194.25,5.0,2,2025-05-23 04:16:00-04:00,2025-05-23,4,1,21195.25,1.0,filled,True,27.75,-27.0
2025-05-22,5,bearish,21191.75,21196.75,21194.25,5.0,3,2025-05-23 04:19:00-04:00,2025-05-23,4,1,21198.75,1.0,filled,True,31.25,-23.5
2025-05-22,5,bearish,21191.75,21196.75,21194.25,5.0,4,2025-05-23 04:42:00-04:00,2025-05-23,4,1,21197.0,1.0,filled,True,78.0,-7.5
2025-05-22,5,bearish,21191.75,21196.75,21194.25,5.0,5,2025-05-23 04:54:00-04:00,2025-05-23,4,1,21194.25,1.0,filled,True,75.25,-3.25
2025-05-22,5,bearish,21191.75,21196.75,21194.25,5.0,6,2025-05-23 04:58:00-04:00,2025-05-23,4,1,21190.5,0.15,edge_near,True,71.5,-2.0
2025-05-22,5,bullish,21194.5,21227.25,21210.875,32.75,1,2025-05-23 03:21:00-04:00,2025-05-23,3,1,21193.0,1.0,filled,True,38.5,-6.5
2025-05-22,5,bullish,21194.5,21227.25,21210.875,32.75,2,2025-05-23 04:48:00-04:00,2025-05-23,4,1,21194.75,1.0,filled,False,4.0,-75.75
2025-05-22,5,bullish,21194.5,21227.25,21210.875,32.75,3,2025-05-23 04:54:00-04:00,2025-05-23,4,1,21194.25,1.0,filled,False,3.25,-75.25
2025-05-22,5,bullish,21194.5,21227.25,21210.875,32.75,4,2025-05-25 18:24:00-04:00,2025-05-25,18,3,21200.25,1.0,filled,True,26.5,-62.75
2025-05-22,5,bullish,21194.5,21227.25,21210.875,32.75,5,2025-05-25 18:29:00-04:00,2025-05-25,18,3,21195.0,1.0,filled,False,8.75,-57.5
2025-05-22,5,bullish,21194.5,21227.25,21210.875,32.75,6,2025-05-25 19:05:00-04:00,2025-05-25,19,3,21198.0,1.0,filled,True,14.25,-36.0
2025-05-22,5,bullish,21261.75,21279.5,21270.625,17.75,1,2025-05-26 02:59:00-04:00,2025-05-26,2,4,21250.75,1.0,filled,True,27.25,-19.75
2025-05-22,5,bullish,21261.75,21279.5,21270.625,17.75,2,2025-05-26 03:08:00-04:00,2025-05-26,3,4,21261.25,1.0,filled,True,22.75,-30.25
2025-05-22,5,bullish,21261.75,21279.5,21270.625,17.75,3,2025-05-26 03:21:00-04:00,2025-05-26,3,4,21261.5,1.0,filled,True,24.25,-18.25
2025-05-22,5,bullish,21261.75,21279.5,21270.625,17.75,4,2025-05-26 03:25:00-04:00,2025-05-26,3,4,21261.0,1.0,filled,True,24.75,-17.75
2025-05-22,5,bullish,21261.75,21279.5,21270.625,17.75,5,2025-05-26 03:37:00-04:00,2025-05-26,3,4,21261.75,1.0,filled,True,24.0,-18.5
2025-05-22,5,bullish,21261.75,21279.5,21270.625,17.75,6,2025-05-26 03:56:00-04:00,2025-05-26,3,4,21256.25,1.0,filled,True,29.5,-12.25
2025-05-26,5,bullish,21268.0,21293.0,21280.5,25.0,1,2025-05-27 03:08:00-04:00,2025-05-27,3,1,21266.0,1.0,filled,True,94.0,-15.0
2025-05-26,5,bullish,21268.0,21293.0,21280.5,25.0,2,2025-05-27 03:14:00-04:00,2025-05-27,3,1,21269.0,1.0,filled,True,91.0,-6.25
2025-05-26,5,bullish,21268.0,21293.0,21280.5,25.0,3,2025-05-27 07:00:00-04:00,2025-05-27,7,1,21294.0,0.83,filled,True,16.75,-21.75
2025-05-26,5,bullish,21268.0,21293.0,21280.5,25.0,4,2025-05-27 07:15:00-04:00,2025-05-27,7,1,21294.5,0.66,through_CE,True,16.25,-18.0
2025-05-26,5,bullish,21268.0,21293.0,21280.5,25.0,5,2025-05-27 07:30:00-04:00,2025-05-27,7,1,21295.0,0.03,edge_near,True,15.75,-31.25
2025-05-26,5,bullish,21268.0,21293.0,21280.5,25.0,6,2025-05-27 07:49:00-04:00,2025-05-27,7,1,21292.5,0.07,edge_near,True,14.25,-33.5
2025-05-26,5,bearish,21283.75,21292.5,21288.125,8.75,1,2025-05-27 03:22:00-04:00,2025-05-27,3,1,21282.0,1.0,filled,False,3.5,-78.0
2025-05-26,5,bearish,21283.75,21292.5,21288.125,8.75,2,2025-05-27 07:01:00-04:00,2025-05-27,7,1,21288.5,1.0,filled,True,16.25,-22.25
2025-05-26,5,bearish,21283.75,21292.5,21288.125,8.75,3,2025-05-27 07:08:00-04:00,2025-05-27,7,1,21284.5,1.0,filled,False,8.75,-26.25
2025-05-26,5,bearish,21283.75,21292.5,21288.125,8.75,4,2025-05-27 07:16:00-04:00,2025-05-27,7,1,21287.25,1.0,filled,True,10.75,-23.5
2025-05-26,5,bearish,21283.75,21292.5,21288.125,8.75,5,2025-05-27 07:25:00-04:00,2025-05-27,7,1,21291.25,1.0,filled,True,27.5,-19.5
2025-05-26,5,bearish,21283.75,21292.5,21288.125,8.75,6,2025-05-27 07:30:00-04:00,2025-05-27,7,1,21295.0,1.0,filled,True,31.25,-15.75
2025-05-27,5,bullish,21279.0,21284.0,21281.5,5.0,1,2025-05-29 21:05:00-04:00,2025-05-29,21,2,21305.75,1.0,filled,True,47.5,-37.5
2025-05-27,5,bullish,21279.0,21284.0,21281.5,5.0,2,2025-05-29 21:20:00-04:00,2025-05-29,21,2,21285.0,0.7,through_CE,True,68.25,-4.5
2025-05-27,5,bullish,21279.0,21284.0,21281.5,5.0,3,2025-05-30 08:09:00-04:00,2025-05-30,8,3,21373.75,0.45,approached_CE,True,38.75,-147.75
2025-05-27,5,bullish,21279.0,21284.0,21281.5,5.0,4,2025-05-30 08:11:00-04:00,2025-05-30,8,3,21258.5,1.0,filled,True,112.5,-32.5
2025-05-27,5,bullish,21279.0,21284.0,21281.5,5.0,5,2025-05-30 08:23:00-04:00,2025-05-30,8,3,21283.25,0.3,approached_CE,True,98.25,-10.25
2025-05-27,5,bullish,21279.0,21284.0,21281.5,5.0,6,2025-05-30 08:26:00-04:00,2025-05-30,8,3,21281.75,1.0,filled,True,99.75,-8.75
2025-05-27,5,bullish,21291.75,21292.25,21292.0,0.5,1,2025-05-29 21:05:00-04:00,2025-05-29,21,2,21305.75,1.0,filled,True,47.5,-37.5
2025-05-27,5,bullish,21291.75,21292.25,21292.0,0.5,2,2025-05-29 21:20:00-04:00,2025-05-29,21,2,21285.0,1.0,filled,True,68.25,-4.5
2025-05-27,5,bullish,21291.75,21292.25,21292.0,0.5,3,2025-05-30 08:09:00-04:00,2025-05-30,8,3,21373.75,1.0,filled,True,38.75,-147.75
2025-05-27,5,bullish,21291.75,21292.25,21292.0,0.5,4,2025-05-30 08:14:00-04:00,2025-05-30,8,3,21281.75,1.0,filled,True,89.25,-24.5
2025-05-27,5,bullish,21291.75,21292.25,21292.0,0.5,5,2025-05-30 08:23:00-04:00,2025-05-30,8,3,21283.25,1.0,filled,True,98.25,-10.25
2025-05-27,5,bullish,21291.75,21292.25,21292.0,0.5,6,2025-05-30 08:26:00-04:00,2025-05-30,8,3,21281.75,1.0,filled,True,99.75,-8.75
2025-05-27,5,bullish,21300.25,21301.25,21300.75,1.0,1,2025-05-29 12:00:00-04:00,2025-05-29,12,2,21314.5,0.25,approached_CE,True,157.25,-13.5
2025-05-27,5,bullish,21300.25,21301.25,21300.75,1.0,2,2025-05-29 21:05:00-04:00,2025-05-29,21,2,21305.75,1.0,filled,True,47.5,-37.5
2025-05-27,5,bullish,21300.25,21301.25,21300.75,1.0,3,2025-05-29 21:19:00-04:00,2025-05-29,21,2,21294.25,1.0,filled,True,59.0,-13.75
2025-05-27,5,bullish,21300.25,21301.25,21300.75,1.0,4,2025-05-29 21:23:00-04:00,2025-05-29,21,2,21308.75,1.0,filled,True,44.5,-12.0
2025-05-27,5,bullish,21300.25,21301.25,21300.75,1.0,5,2025-05-30 08:09:00-04:00,2025-05-30,8,3,21373.75,1.0,filled,True,38.75,-147.75
2025-05-27,5,bullish,21300.25,21301.25,21300.75,1.0,6,2025-05-30 08:14:00-04:00,2025-05-30,8,3,21281.75,1.0,filled,True,89.25,-24.5
2025-05-27,5,bearish,21284.5,21301.25,21292.875,16.75,1,2025-05-29 12:00:00-04:00,2025-05-29,12,2,21314.5,1.0,filled,True,13.5,-157.25
2025-05-27,5,bearish,21284.5,21301.25,21292.875,16.75,2,2025-05-29 21:05:00-04:00,2025-05-29,21,2,21305.75,1.0,filled,True,37.5,-47.5
2025-05-27,5,bearish,21284.5,21301.25,21292.875,16.75,3,2025-05-29 21:19:00-04:00,2025-05-29,21,2,21294.25,1.0,filled,True,13.75,-59.0
2025-05-27,5,bearish,21284.5,21301.25,21292.875,16.75,4,2025-05-30 08:09:00-04:00,2025-05-30,8,3,21373.75,1.0,filled,True,147.75,-38.75
2025-05-27,5,bearish,21284.5,21301.25,21292.875,16.75,5,2025-05-30 08:14:00-04:00,2025-05-30,8,3,21281.75,1.0,filled,True,24.5,-89.25
2025-05-27,5,bearish,21284.5,21301.25,21292.875,16.75,6,2025-05-30 08:23:00-04:00,2025-05-30,8,3,21283.25,1.0,filled,True,10.25,-98.25
2025-05-27,5,bearish,21237.75,21254.75,21246.25,17.0,1,2025-05-30 08:11:00-04:00,2025-05-30,8,3,21258.5,1.0,filled,True,32.5,-112.5
2025-05-27,5,bearish,21237.75,21254.75,21246.25,17.0,2,2025-05-30 09:51:00-04:00,2025-05-30,9,3,21244.25,1.0,filled,False,9.5,-155.25
2025-05-27,5,bearish,21237.75,21254.75,21246.25,17.0,3,2025-05-30 09:55:00-04:00,2025-05-30,9,3,21260.5,1.0,filled,True,10.25,-139.0
2025-05-27,5,bearish,21237.75,21254.75,21246.25,17.0,4,2025-05-30 09:59:00-04:00,2025-05-30,9,3,21260.0,1.0,filled,False,6.0,-139.5
2025-05-27,5,bearish,21237.75,21254.75,21246.25,17.0,5,2025-05-30 12:22:00-04:00,2025-05-30,12,3,21254.0,1.0,filled,True,182.5,-17.5
2025-05-27,5,bearish,21237.75,21254.75,21246.25,17.0,6,2025-05-30 14:10:00-04:00,2025-05-30,14,3,21239.25,1.0,filled,True,11.75,-118.25
2025-05-27,5,bullish,21245.5,21249.25,21247.375,3.75,1,2025-05-30 08:11:00-04:00,2025-05-30,8,3,21258.5,1.0,filled,True,112.5,-32.5
2025-05-27,5,bullish,21245.5,21249.25,21247.375,3.75,2,2025-05-30 09:51:00-04:00,2025-05-30,9,3,21244.25,1.0,filled,True,155.25,-9.5
2025-05-27,5,bullish,21245.5,21249.25,21247.375,3.75,3,2025-05-30 12:22:00-04:00,2025-05-30,12,3,21254.0,1.0,filled,True,17.5,-182.5
2025-05-27,5,bullish,21245.5,21249.25,21247.375,3.75,4,2025-05-30 14:15:00-04:00,2025-05-30,14,3,21246.5,1.0,filled,True,111.0,-19.0
2025-05-27,5,bullish,21245.5,21249.25,21247.375,3.75,5,2025-06-01 23:05:00-04:00,2025-06-01,23,5,21247.25,1.0,filled,True,11.5,-20.25
2025-05-27,5,bullish,21245.5,21249.25,21247.375,3.75,6,2025-06-01 23:08:00-04:00,2025-06-01,23,5,21244.5,1.0,filled,True,14.25,-17.5
2025-05-27,5,bullish,21283.0,21292.0,21287.5,9.0,1,2025-05-29 21:05:00-04:00,2025-05-29,21,2,21305.75,1.0,filled,True,47.5,-37.5
2025-05-27,5,bullish,21283.0,21292.0,21287.5,9.0,2,2025-05-29 21:20:00-04:00,2025-05-29,21,2,21285.0,1.0,filled,True,68.25,-4.5
2025-05-27,5,bullish,21283.0,21292.0,21287.5,9.0,3,2025-05-30 08:09:00-04:00,2025-05-30,8,3,21373.75,1.0,filled,True,38.75,-147.75
2025-05-27,5,bullish,21283.0,21292.0,21287.5,9.0,4,2025-05-30 08:14:00-04:00,2025-05-30,8,3,21281.75,1.0,filled,True,89.25,-24.5
2025-05-27,5,bullish,21283.0,21292.0,21287.5,9.0,5,2025-05-30 08:23:00-04:00,2025-05-30,8,3,21283.25,1.0,filled,True,98.25,-10.25
2025-05-27,5,bullish,21283.0,21292.0,21287.5,9.0,6,2025-05-30 08:26:00-04:00,2025-05-30,8,3,21281.75,1.0,filled,True,99.75,-8.75
2025-05-28,5,bullish,21506.0,21511.0,21508.5,5.0,1,2025-05-29 09:47:00-04:00,2025-05-29,9,1,21522.0,1.0,filled,True,35.75,-141.75
2025-05-28,5,bullish,21506.0,21511.0,21508.5,5.0,2,2025-05-29 09:57:00-04:00,2025-05-29,9,1,21518.5,1.0,filled,True,15.5,-138.25
2025-05-28,5,bullish,21506.0,21511.0,21508.5,5.0,3,2025-05-29 10:54:00-04:00,2025-05-29,10,1,21497.0,1.0,filled,True,25.0,-76.5
2025-05-28,5,bullish,21506.0,21511.0,21508.5,5.0,4,2025-05-29 10:56:00-04:00,2025-05-29,10,1,21510.5,1.0,filled,True,11.5,-90.0
2025-05-28,5,bullish,21506.0,21511.0,21508.5,5.0,5,2025-05-29 11:00:00-04:00,2025-05-29,11,1,21519.0,1.0,filled,False,0.25,-218.0
2025-05-28,5,bullish,21506.0,21511.0,21508.5,5.0,6,2025-05-29 11:12:00-04:00,2025-05-29,11,1,21494.25,1.0,filled,True,16.0,-193.25
2025-05-28,5,bullish,21526.5,21538.0,21532.25,11.5,1,2025-05-29 09:41:00-04:00,2025-05-29,9,1,21547.25,0.30434782608695654,approached_CE,True,33.0,-167.0
2025-05-28,5,bullish,21526.5,21538.0,21532.25,11.5,2,2025-05-29 09:44:00-04:00,2025-05-29,9,1,21526.5,1.0,filled,True,31.25,-146.25
2025-05-28,5,bullish,21526.5,21538.0,21532.25,11.5,3,2025-05-29 09:51:00-04:00,2025-05-29,9,1,21526.5,1.0,filled,True,31.25,-146.25
2025-05-28,5,bullish,21526.5,21538.0,21532.25,11.5,4,2025-05-29 09:55:00-04:00,2025-05-29,9,1,21555.0,1.0,filled,False,2.75,-174.75
2025-05-28,5,bullish,21526.5,21538.0,21532.25,11.5,5,2025-05-29 10:02:00-04:00,2025-05-29,10,1,21520.5,1.0,filled,True,13.5,-140.25
2025-05-28,5,bullish,21526.5,21538.0,21532.25,11.5,6,2025-06-02 15:04:00-04:00,2025-06-02,15,5,21523.0,1.0,filled,True,31.5,-27.25
2025-05-28,5,bearish,21504.75,21538.0,21521.375,33.25,1,2025-05-29 09:41:00-04:00,2025-05-29,9,1,21547.25,1.0,filled,True,167.0,-33.0
2025-05-28,5,bearish,21504.75,21538.0,21521.375,33.25,2,2025-05-29 09:44:00-04:00,2025-05-29,9,1,21526.5,1.0,filled,True,146.25,-31.25
2025-05-28,5,bearish,21504.75,21538.0,21521.375,33.25,3,2025-05-29 09:55:00-04:00,2025-05-29,9,1,21555.0,1.0,filled,True,174.75,-2.75
2025-05-28,5,bearish,21504.75,21538.0,21521.375,33.25,4,2025-05-29 10:54:00-04:00,2025-05-29,10,1,21497.0,0.09022556390977443,edge_near,True,76.5,-25.0
2025-05-28,5,bearish,21504.75,21538.0,21521.375,33.25,5,2025-05-29 10:56:00-04:00,2025-05-29,10,1,21510.5,0.518796992481203,through_CE,True,90.0,-11.5
2025-05-28,5,bearish,21504.75,21538.0,21521.375,33.25,6,2025-05-29 11:06:00-04:00,2025-05-29,11,1,21497.25,0.03007518796992481,edge_near,True,196.25,-13.0
2025-05-29,5,bullish,21671.25,21677.75,21674.5,6.5,1,2025-06-03 11:03:00-04:00,2025-06-03,11,5,21673.5,1.0,filled,True,19.0,-21.25
2025-05-29,5,bullish,21671.25,21677.75,21674.5,6.5,2,2025-06-03 11:18:00-04:00,2025-06-03,11,5,21673.5,1.0,filled,True,37.25,-18.5
2025-05-29,5,bullish,21671.25,21677.75,21674.5,6.5,3,2025-06-03 11:34:00-04:00,2025-06-03,11,5,21666.75,1.0,filled,True,62.0,-11.75
2025-05-29,5,bullish,21671.25,21677.75,21674.5,6.5,4,2025-06-03 11:36:00-04:00,2025-06-03,11,5,21673.5,1.0,filled,True,71.75,-18.5
2025-05-29,5,bullish,21671.25,21677.75,21674.5,6.5,5,2025-06-03 11:39:00-04:00,2025-06-03,11,5,21671.0,1.0,filled,True,74.75,-16.0
2025-05-29,5,bullish,21671.25,21677.75,21674.5,6.5,6,2025-06-03 11:53:00-04:00,2025-06-03,11,5,21671.75,1.0,filled,True,76.0,-6.5
2025-05-29,5,bearish,21612.75,21661.5,21637.125,48.75,1,2025-06-03 10:00:00-04:00,2025-06-03,10,5,21610.0,0.5333333333333333,through_CE,True,52.5,-59.25
2025-05-29,5,bearish,21612.75,21661.5,21637.125,48.75,2,2025-06-03 10:15:00-04:00,2025-06-03,10,5,21615.0,0.3333333333333333,approached_CE,True,31.0,-62.25
2025-05-29,5,bearish,21612.75,21661.5,21637.125,48.75,3,2025-06-03 10:39:00-04:00,2025-06-03,10,5,21613.0,0.09743589743589744,edge_near,True,10.25,-73.5
2025-05-29,5,bearish,21612.75,21661.5,21637.125,48.75,4,2025-06-03 10:42:00-04:00,2025-06-03,10,5,21607.0,1.0,filled,False,4.25,-79.5
2025-05-29,5,bearish,21612.75,21661.5,21637.125,48.75,5,2025-06-03 11:05:00-04:00,2025-06-03,11,5,21673.25,1.0,filled,True,21.0,-19.25
2025-05-29,5,bearish,21612.75,21661.5,21637.125,48.75,6,2025-06-03 11:07:00-04:00,2025-06-03,11,5,21658.5,1.0,filled,False,6.25,-34.75
2025-05-29,5,bearish,21537.5,21560.5,21549.0,23.0,1,2025-06-02 15:24:00-04:00,2025-06-02,15,4,21538.0,0.2717391304347826,approached_CE,True,42.25,-38.75
2025-05-29,5,bearish,21537.5,21560.5,21549.0,23.0,2,2025-06-02 15:50:00-04:00,2025-06-02,15,4,21524.75,0.15217391304347827,edge_near,True,29.0,-52.0
2025-05-29,5,bearish,21537.5,21560.5,21549.0,23.0,3,2025-06-02 15:59:00-04:00,2025-06-02,15,4,21533.25,1.0,filled,False,9.75,-43.5
2025-05-29,5,bearish,21537.5,21560.5,21549.0,23.0,4,2025-06-02 16:31:00-04:00,2025-06-02,16,4,21558.5,1.0,filled,False,9.0,-3.0
2025-05-29,5,bearish,21537.5,21560.5,21549.0,23.0,5,2025-06-02 18:18:00-04:00,2025-06-02,18,4,21537.5,0.21739130434782608,edge_near,True,28.75,-5.0
2025-05-29,5,bearish,21537.5,21560.5,21549.0,23.0,6,2025-06-02 19:29:00-04:00,2025-06-02,19,4,21543.0,0.31521739130434784,approached_CE,True,69.0,-1.75
2025-05-30,5,bullish,21338.5,21358.25,21348.375,19.75,1,2025-06-01 18:12:00-04:00,2025-06-01,18,2,21348.5,1.0,filled,False,0.0,-49.5
2025-05-30,5,bullish,21338.5,21358.25,21348.375,19.75,2,2025-06-02 09:31:00-04:00,2025-06-02,9,3,21345.0,1.0,filled,True,113.0,-110.5
2025-05-30,5,bullish,21338.5,21358.25,21348.375,19.75,3,2025-06-02 09:50:00-04:00,2025-06-02,9,3,21367.0,1.0,filled,True,51.75,-132.5
2025-05-30,5,bullish,21338.5,21358.25,21348.375,19.75,4,2025-06-02 09:55:00-04:00,2025-06-02,9,3,21336.0,1.0,filled,True,82.75,-101.5
2025-05-30,5,bullish,21338.5,21358.25,21348.375,19.75,5,2025-06-02 10:19:00-04:00,2025-06-02,10,3,21311.75,1.0,filled,True,107.0,-9.25
2025-05-30,5,bullish,21338.5,21358.25,21348.375,19.75,6,2025-06-02 10:22:00-04:00,2025-06-02,10,3,21344.5,1.0,filled,True,74.25,-21.75
2025-05-30,5,bearish,21291.0,21295.25,21293.125,4.25,1,2025-06-01 19:14:00-04:00,2025-06-01,19,2,21303.0,1.0,filled,True,26.25,-17.0
2025-05-30,5,bearish,21291.0,21295.25,21293.125,4.25,2,2025-06-01 19:16:00-04:00,2025-06-01,19,2,21298.75,1.0,filled,True,22.0,-27.25
2025-05-30,5,bearish,21291.0,21295.25,21293.125,4.25,3,2025-06-01 19:29:00-04:00,2025-06-01,19,2,21293.75,1.0,filled,True,17.0,-32.25
2025-05-30,5,bearish,21291.0,21295.25,21293.125,4.25,4,2025-06-01 19:35:00-04:00,2025-06-01,19,2,21303.5,1.0,filled,True,16.75,-22.5
2025-05-30,5,bearish,21291.0,21295.25,21293.125,4.25,5,2025-06-01 19:55:00-04:00,2025-06-01,19,2,21297.5,1.0,filled,True,13.0,-28.5
2025-05-30,5,bearish,21291.0,21295.25,21293.125,4.25,6,2025-06-01 20:30:00-04:00,2025-06-01,20,2,21291.0,1.0,filled,False,6.5,-22.25
2025-05-30,5,bearish,21276.5,21286.25,21281.375,9.75,1,2025-06-01 19:30:00-04:00,2025-06-01,19,2,21280.75,1.0,filled,False,4.0,-45.25
2025-05-30,5,bearish,21276.5,21286.25,21281.375,9.75,2,2025-06-01 20:39:00-04:00,2025-06-01,20,2,21291.75,1.0,filled,True,13.75,-21.5
2025-05-30,5,bearish,21276.5,21286.25,21281.375,9.75,3,2025-06-01 20:50:00-04:00,2025-06-01,20,2,21290.75,1.0,filled,True,23.75,-22.5
2025-05-30,5,bearish,21276.5,21286.25,21281.375,9.75,4,2025-06-01 20:52:00-04:00,2025-06-01,20,2,21288.75,1.0,filled,True,21.75,-24.5
2025-05-30,5,bearish,21276.5,21286.25,21281.375,9.75,5,2025-06-01 20:56:00-04:00,2025-06-01,20,2,21288.75,1.0,filled,True,21.75,-24.5
2025-05-30,5,bearish,21276.5,21286.25,21281.375,9.75,6,2025-06-01 21:34:00-04:00,2025-06-01,21,2,21288.75,1.0,filled,True,32.75,-4.5
2025-06-02,5,bearish,21381.5,21406.25,21393.875,24.75,1,2025-06-03 03:25:00-04:00,2025-06-03,3,1,21406.5,1.0,filled,False,8.25,-46.75
2025-06-02,5,bearish,21381.5,21406.25,21393.875,24.75,2,2025-06-03 04:19:00-04:00,2025-06-03,4,1,21406.0,1.0,filled,False,7.75,-49.5
2025-06-03,5,bullish,21537.0,21540.5,21538.75,3.5,1,2025-06-05 15:17:00-04:00,2025-06-05,15,2,21550.5,1.0,filled,True,124.75,-47.0
2025-06-03,5,bullish,21537.0,21540.5,21538.75,3.5,2,2025-06-05 15:23:00-04:00,2025-06-05,15,2,21522.5,1.0,filled,True,152.75,-15.75
2025-06-03,5,bullish,21537.0,21540.5,21538.75,3.5,3,2025-06-05 15:25:00-04:00,2025-06-05,15,2,21537.75,1.0,filled,True,137.5,-25.5
2025-06-03,5,bullish,21537.0,21540.5,21538.75,3.5,4,2025-06-05 16:15:00-04:00,2025-06-05,16,2,21536.0,1.0,filled,True,57.5,-25.75
2025-06-03,5,bullish,21537.0,21540.5,21538.75,3.5,5,2025-06-05 16:19:00-04:00,2025-06-05,16,2,21544.75,1.0,filled,True,48.75,-34.5
2025-06-03,5,bullish,21537.0,21540.5,21538.75,3.5,6,2025-06-05 16:37:00-04:00,2025-06-05,16,2,21540.0,1.0,filled,True,14.0,-29.75
2025-06-03,5,bullish,21542.0,21558.25,21550.125,16.25,1,2025-06-05 15:17:00-04:00,2025-06-05,15,2,21550.5,1.0,filled,True,124.75,-47.0
2025-06-03,5,bullish,21542.0,21558.25,21550.125,16.25,2,2025-06-05 15:26:00-04:00,2025-06-05,15,2,21580.0,1.0,filled,True,95.25,-59.0
2025-06-03,5,bullish,21542.0,21558.25,21550.125,16.25,3,2025-06-05 15:28:00-04:00,2025-06-05,15,2,21563.25,0.03076923076923077,edge_near,True,112.0,-42.25
2025-06-03,5,bullish,21542.0,21558.25,21550.125,16.25,4,2025-06-05 16:15:00-04:00,2025-06-05,16,2,21536.0,1.0,filled,True,57.5,-25.75
2025-06-03,5,bullish,21542.0,21558.25,21550.125,16.25,5,2025-06-05 16:19:00-04:00,2025-06-05,16,2,21544.75,1.0,filled,True,48.75,-34.5
2025-06-03,5,bullish,21542.0,21558.25,21550.125,16.25,6,2025-06-05 16:34:00-04:00,2025-06-05,16,2,21554.75,1.0,filled,False,9.5,-44.5
2025-06-04,5,bullish,21712.25,21713.0,21712.625,0.75,1,2025-06-05 08:30:00-04:00,2025-06-05,8,1,21734.5,0.6666666666666666,through_CE,True,164.5,-22.0
2025-06-04,5,bullish,21712.25,21713.0,21712.625,0.75,2,2025-06-05 09:46:00-04:00,2025-06-05,9,1,21725.75,1.0,filled,True,152.75,-34.0
2025-06-04,5,bullish,21712.25,21713.0,21712.625,0.75,3,2025-06-05 09:57:00-04:00,2025-06-05,9,1,21708.25,1.0,filled,True,170.25,-7.5
2025-06-04,5,bullish,21712.25,21713.0,21712.625,0.75,4,2025-06-05 10:09:00-04:00,2025-06-05,10,1,21705.75,1.0,filled,True,172.75,-5.0
2025-06-04,5,bullish,21712.25,21713.0,21712.625,0.75,5,2025-06-05 10:17:00-04:00,2025-06-05,10,1,21718.75,0.3333333333333333,approached_CE,True,184.0,-18.0
2025-06-04,5,bullish,21712.25,21713.0,21712.625,0.75,6,2025-06-05 10:35:00-04:00,2025-06-05,10,1,21727.75,1.0,filled,True,197.25,-27.0
2025-06-04,5,bullish,21730.25,21749.0,21739.625,18.75,1,2025-06-05 00:00:00-04:00,2025-06-05,0,1,21749.0,0.0,edge_near,True,10.75,-4.0
2025-06-04,5,bullish,21730.25,21749.0,21739.625,18.75,2,2025-06-05 00:03:00-04:00,2025-06-05,0,1,21749.25,0.0,edge_near,True,10.5,-19.75
2025-06-04,5,bullish,21730.25,21749.0,21739.625,18.75,3,2025-06-05 00:06:00-04:00,2025-06-05,0,1,21748.5,0.17333333333333334,edge_near,True,11.25,-19.5
2025-06-04,5,bullish,21730.25,21749.0,21739.625,18.75,4,2025-06-05 00:26:00-04:00,2025-06-05,0,1,21750.25,0.02666666666666667,edge_near,False,3.0,-24.75
2025-06-04,5,bullish,21730.25,21749.0,21739.625,18.75,5,2025-06-05 00:29:00-04:00,2025-06-05,0,1,21751.75,0.05333333333333334,edge_near,False,1.5,-26.25
2025-06-04,5,bullish,21730.25,21749.0,21739.625,18.75,6,2025-06-05 00:31:00-04:00,2025-06-05,0,1,21747.25,0.21333333333333335,edge_near,False,5.75,-21.75
2025-06-06,5,bullish,21766.75,21770.5,21768.625,3.75,1,2025-06-08 18:14:00-04:00,2025-06-08,18,2,21763.25,1.0,filled,True,15.0,-36.5
2025-06-06,5,bullish,21766.75,21770.5,21768.625,3.75,2,2025-06-08 18:20:00-04:00,2025-06-08,18,2,21763.5,1.0,filled,False,7.25,-36.75
2025-06-06,5,bullish,21766.75,21770.5,21768.625,3.75,3,2025-06-08 19:46:00-04:00,2025-06-08,19,2,21765.5,1.0,filled,True,17.75,-21.0
2025-06-06,5,bullish,21766.75,21770.5,21768.625,3.75,4,2025-06-08 19:58:00-04:00,2025-06-08,19,2,21767.5,1.0,filled,True,15.75,-23.0
2025-06-06,5,bullish,21766.75,21770.5,21768.625,3.75,5,2025-06-08 20:01:00-04:00,2025-06-08,20,2,21764.25,1.0,filled,True,19.0,-21.75
2025-06-06,5,bullish,21766.75,21770.5,21768.625,3.75,6,2025-06-08 20:23:00-04:00,2025-06-08,20,2,21769.0,1.0,filled,False,4.25,-31.25
2025-06-06,5,bullish,21781.0,21790.5,21785.75,9.5,1,2025-06-08 18:10:00-04:00,2025-06-08,18,2,21787.5,1.0,filled,True,12.5,-57.5
2025-06-06,5,bullish,21781.0,21790.5,21785.75,9.5,2,2025-06-08 20:08:00-04:00,2025-06-08,20,2,21782.75,1.0,filled,False,0.5,-42.5
2025-06-06,5,bullish,21781.0,21790.5,21785.75,9.5,3,2025-06-08 20:15:00-04:00,2025-06-08,20,2,21780.0,1.0,filled,False,2.25,-41.0
2025-06-06,5,bullish,21781.0,21790.5,21785.75,9.5,4,2025-06-09 03:44:00-04:00,2025-06-09,3,3,21781.5,1.0,filled,True,19.0,-23.0
2025-06-06,5,bullish,21781.0,21790.5,21785.75,9.5,5,2025-06-09 04:13:00-04:00,2025-06-09,4,3,21785.5,1.0,filled,True,14.75,-27.0
2025-06-06,5,bullish,21781.0,21790.5,21785.75,9.5,6,2025-06-09 04:49:00-04:00,2025-06-09,4,3,21784.25,1.0,filled,True,16.0,-10.75
2025-06-06,5,bullish,21832.0,21837.75,21834.875,5.75,1,2025-06-09 10:10:00-04:00,2025-06-09,10,3,21829.75,1.0,filled,True,62.75,-11.25
2025-06-06,5,bullish,21832.0,21837.75,21834.875,5.75,2,2025-06-09 10:54:00-04:00,2025-06-09,10,3,21840.0,1.0,filled,True,29.0,-26.75
2025-06-06,5,bullish,21832.0,21837.75,21834.875,5.75,3,2025-06-09 11:18:00-04:00,2025-06-09,11,3,21836.75,1.0,filled,True,12.75,-23.5
2025-06-06,5,bullish,21832.0,21837.75,21834.875,5.75,4,2025-06-09 11:23:00-04:00,2025-06-09,11,3,21824.5,1.0,filled,True,25.0,-11.25
2025-06-06,5,bullish,21832.0,21837.75,21834.875,5.75,5,2025-06-09 11:30:00-04:00,2025-06-09,11,3,21835.0,1.0,filled,True,14.5,-19.5
2025-06-06,5,bullish,21832.0,21837.75,21834.875,5.75,6,2025-06-09 11:44:00-04:00,2025-06-09,11,3,21831.5,1.0,filled,True,27.25,-16.0
2025-06-09,5,bullish,21803.0,21803.75,21803.375,0.75,1,2025-06-10 01:26:00-04:00,2025-06-10,1,1,21795.25,1.0,filled,True,47.25,-38.75
2025-06-09,5,bullish,21803.0,21803.75,21803.375,0.75,2,2025-06-10 01:37:00-04:00,2025-06-10,1,1,21812.75,1.0,filled,True,29.75,-17.75
2025-06-09,5,bullish,21803.0,21803.75,21803.375,0.75,3,2025-06-10 02:53:00-04:00,2025-06-10,2,1,21808.25,1.0,filled,True,19.0,-76.25
2025-06-09,5,bullish,21803.0,21803.75,21803.375,0.75,4,2025-06-10 03:00:00-04:00,2025-06-10,3,1,21805.25,1.0,filled,True,22.0,-73.25
2025-06-09,5,bullish,21803.0,21803.75,21803.375,0.75,5,2025-06-10 03:05:00-04:00,2025-06-10,3,1,21802.25,1.0,filled,True,25.0,-70.25
2025-06-09,5,bullish,21803.0,21803.75,21803.375,0.75,6,2025-06-10 03:13:00-04:00,2025-06-10,3,1,21799.75,1.0,filled,True,27.5,-67.75
2025-06-09,5,bearish,21785.0,21795.25,21790.125,10.25,1,2025-06-10 01:26:00-04:00,2025-06-10,1,1,21795.25,1.0,filled,True,38.75,-47.25
2025-06-09,5,bearish,21785.0,21795.25,21790.125,10.25,2,2025-06-10 01:35:00-04:00,2025-06-10,1,1,21785.0,1.0,filled,True,15.25,-57.5
2025-06-09,5,bearish,21785.0,21795.25,21790.125,10.25,3,2025-06-10 03:09:00-04:00,2025-06-10,3,1,21796.5,1.0,filled,True,64.5,-30.75
2025-06-09,5,bearish,21785.0,21795.25,21790.125,10.25,4,2025-06-10 03:30:00-04:00,2025-06-10,3,1,21796.0,1.0,filled,True,64.0,-18.75
2025-06-09,5,bearish,21785.0,21795.25,21790.125,10.25,5,2025-06-10 03:55:00-04:00,2025-06-10,3,1,21788.75,1.0,filled,True,28.25,-33.75
2025-06-09,5,bearish,21785.0,21795.25,21790.125,10.25,6,2025-06-10 04:11:00-04:00,2025-06-10,4,1,21797.5,1.0,filled,True,37.0,-38.5
2025-06-09,5,bullish,21797.5,21800.25,21798.875,2.75,1,2025-06-10 01:26:00-04:00,2025-06-10,1,1,21795.25,1.0,filled,True,47.25,-38.75
2025-06-09,5,bullish,21797.5,21800.25,21798.875,2.75,2,2025-06-10 01:36:00-04:00,2025-06-10,1,1,21798.75,1.0,filled,True,43.75,-16.75
2025-06-09,5,bullish,21797.5,21800.25,21798.875,2.75,3,2025-06-10 03:00:00-04:00,2025-06-10,3,1,21805.25,1.0,filled,True,22.0,-73.25
2025-06-09,5,bullish,21797.5,21800.25,21798.875,2.75,4,2025-06-10 03:06:00-04:00,2025-06-10,3,1,21805.75,0.9090909090909091,filled,True,21.5,-73.75
2025-06-09,5,bullish,21797.5,21800.25,21798.875,2.75,5,2025-06-10 03:09:00-04:00,2025-06-10,3,1,21796.5,1.0,filled,True,30.75,-64.5
2025-06-09,5,bullish,21797.5,21800.25,21798.875,2.75,6,2025-06-10 03:12:00-04:00,2025-06-10,3,1,21796.5,1.0,filled,True,30.75,-64.5
2025-06-11,5,bearish,22002.25,22013.25,22007.75,11.0,1,2025-06-23 10:18:00-04:00,2025-06-23,10,12,22006.0,0.8636363636363636,filled,True,55.75,-12.0
2025-06-11,5,bearish,22002.25,22013.25,22007.75,11.0,2,2025-06-23 10:43:00-04:00,2025-06-23,10,12,21998.25,1.0,filled,True,75.75,-19.75
2025-06-11,5,bearish,22002.25,22013.25,22007.75,11.0,3,2025-06-23 11:10:00-04:00,2025-06-23,11,12,21999.5,0.1590909090909091,edge_near,True,84.75,-6.25
2025-06-11,5,bearish,22002.25,22013.25,22007.75,11.0,4,2025-06-23 11:14:00-04:00,2025-06-23,11,12,22001.25,0.3181818181818182,approached_CE,True,86.5,-4.5
2025-06-11,5,bearish,22002.25,22013.25,22007.75,11.0,5,2025-06-23 13:27:00-04:00,2025-06-23,13,12,21994.75,1.0,filled,False,4.5,-95.25
2025-06-13,5,bullish,21652.75,21663.5,21658.125,10.75,1,2025-06-15 18:35:00-04:00,2025-06-15,18,2,21641.5,1.0,filled,True,48.5,-29.5
2025-06-13,5,bullish,21652.75,21663.5,21658.125,10.75,2,2025-06-15 18:37:00-04:00,2025-06-15,18,2,21648.5,1.0,filled,True,41.5,-36.5
2025-06-13,5,bullish,21652.75,21663.5,21658.125,10.75,3,2025-06-15 18:44:00-04:00,2025-06-15,18,2,21675.5,1.0,filled,True,26.75,-63.5
2025-06-13,5,bullish,21652.75,21663.5,21658.125,10.75,4,2025-06-15 18:50:00-04:00,2025-06-15,18,2,21662.0,1.0,filled,True,40.25,-50.0
2025-06-13,5,bullish,21652.75,21663.5,21658.125,10.75,5,2025-06-15 19:00:00-04:00,2025-06-15,19,2,21646.25,1.0,filled,True,56.0,-34.25
2025-06-13,5,bullish,21652.75,21663.5,21658.125,10.75,6,2025-06-15 19:05:00-04:00,2025-06-15,19,2,21657.5,1.0,filled,True,44.75,-45.5
2025-06-13,5,bullish,21681.5,21728.5,21705.0,47.0,1,2025-06-15 18:44:00-04:00,2025-06-15,18,2,21675.5,1.0,filled,True,26.75,-63.5
2025-06-13,5,bullish,21681.5,21728.5,21705.0,47.0,2,2025-06-15 19:36:00-04:00,2025-06-15,19,2,21671.25,1.0,filled,True,36.75,-17.5
2025-06-13,5,bullish,21681.5,21728.5,21705.0,47.0,3,2025-06-15 19:41:00-04:00,2025-06-15,19,2,21677.25,1.0,filled,True,30.75,-17.5
2025-06-13,5,bullish,21681.5,21728.5,21705.0,47.0,4,2025-06-15 20:23:00-04:00,2025-06-15,20,2,21696.25,1.0,filled,False,6.75,-36.5
2025-06-13,5,bullish,21681.5,21728.5,21705.0,47.0,5,2025-06-15 20:33:00-04:00,2025-06-15,20,2,21685.75,1.0,filled,True,14.0,-20.25
2025-06-13,5,bullish,21681.5,21728.5,21705.0,47.0,6,2025-06-15 21:22:00-04:00,2025-06-15,21,2,21685.25,1.0,filled,True,36.0,-12.75
2025-06-16,5,bullish,21819.0,21827.5,21823.25,8.5,1,2025-06-17 00:36:00-04:00,2025-06-17,0,1,21827.25,0.11764705882352941,edge_near,True,41.25,-0.75
2025-06-16,5,bullish,21819.0,21827.5,21823.25,8.5,2,2025-06-17 03:11:00-04:00,2025-06-17,3,1,21825.0,1.0,filled,True,13.5,-44.0
2025-06-16,5,bullish,21819.0,21827.5,21823.25,8.5,3,2025-06-17 03:32:00-04:00,2025-06-17,3,1,21816.25,1.0,filled,True,22.25,-18.25
2025-06-16,5,bullish,21819.0,21827.5,21823.25,8.5,4,2025-06-17 03:37:00-04:00,2025-06-17,3,1,21813.75,1.0,filled,True,24.75,-15.75
2025-06-16,5,bullish,21819.0,21827.5,21823.25,8.5,5,2025-06-17 03:46:00-04:00,2025-06-17,3,1,21817.75,1.0,filled,True,23.25,-19.75
2025-06-16,5,bullish,21819.0,21827.5,21823.25,8.5,6,2025-06-17 03:53:00-04:00,2025-06-17,3,1,21823.75,1.0,filled,True,17.25,-25.75
2025-06-16,5,bullish,21872.75,21873.5,21873.125,0.75,1,2025-06-17 02:08:00-04:00,2025-06-17,2,1,21875.25,1.0,filled,True,22.0,-44.0
2025-06-16,5,bullish,21872.75,21873.5,21873.125,0.75,2,2025-06-17 02:13:00-04:00,2025-06-17,2,1,21876.5,0.0,edge_near,True,20.75,-61.75
2025-06-16,5,bullish,21872.75,21873.5,21873.125,0.75,3,2025-06-17 02:36:00-04:00,2025-06-17,2,1,21871.75,1.0,filled,True,20.75,-90.75
2025-06-16,5,bullish,21872.75,21873.5,21873.125,0.75,4,2025-06-17 02:48:00-04:00,2025-06-17,2,1,21873.0,1.0,filled,False,4.25,-92.0
2025-06-16,5,bullish,21872.75,21873.5,21873.125,0.75,5,2025-06-17 08:30:00-04:00,2025-06-17,8,1,21844.75,1.0,filled,True,35.25,-32.5
2025-06-16,5,bullish,21872.75,21873.5,21873.125,0.75,6,2025-06-17 09:30:00-04:00,2025-06-17,9,1,21872.5,1.0,filled,True,35.25,-70.0
2025-06-16,5,bullish,21893.0,21904.0,21898.5,11.0,1,2025-06-17 02:17:00-04:00,2025-06-17,2,1,21894.5,1.0,filled,False,2.75,-79.75
2025-06-16,5,bullish,21893.0,21904.0,21898.5,11.0,2,2025-06-17 02:20:00-04:00,2025-06-17,2,1,21887.75,1.0,filled,False,6.5,-83.5
2025-06-16,5,bullish,21893.0,21904.0,21898.5,11.0,3,2025-06-17 02:33:00-04:00,2025-06-17,2,1,21892.0,1.0,filled,False,1.0,-111.0
2025-06-16,5,bullish,21893.0,21904.0,21898.5,11.0,4,2025-06-17 10:12:00-04:00,2025-06-17,10,1,21895.0,1.0,filled,True,12.75,-51.5
2025-06-16,5,bullish,21893.0,21904.0,21898.5,11.0,5,2025-06-17 10:20:00-04:00,2025-06-17,10,1,21891.5,1.0,filled,True,16.0,-48.0
2025-06-16,5,bullish,21893.0,21904.0,21898.5,11.0,6,2025-06-17 11:11:00-04:00,2025-06-17,11,1,21898.0,1.0,filled,False,9.5,-46.25
2025-06-16,5,bullish,21927.0,21927.5,21927.25,0.5,1,2025-06-23 04:10:00-04:00,2025-06-23,4,7,21927.75,1.0,filled,True,17.0,-46.25
2025-06-16,5,bullish,21927.0,21927.5,21927.25,0.5,2,2025-06-23 04:14:00-04:00,2025-06-23,4,7,21918.0,1.0,filled,True,14.5,-36.5
2025-06-16,5,bullish,21927.0,21927.5,21927.25,0.5,3,2025-06-23 05:20:00-04:00,2025-06-23,5,7,21925.5,1.0,filled,False,8.75,-55.0
2025-06-16,5,bullish,21927.0,21927.5,21927.25,0.5,4,2025-06-23 09:59:00-04:00,2025-06-23,9,7,21925.25,1.0,filled,True,92.75,-10.0
2025-06-16,5,bullish,21927.0,21927.5,21927.25,0.5,5,2025-06-23 11:41:00-04:00,2025-06-23,11,7,21924.25,1.0,filled,True,41.25,-185.75
2025-06-16,5,bullish,21927.0,21927.5,21927.25,0.5,6,2025-06-23 12:01:00-04:00,2025-06-23,12,7,21930.5,1.0,filled,True,15.0,-192.0
2025-06-17,5,bullish,21843.0,21843.25,21843.125,0.25,1,2025-06-18 10:20:00-04:00,2025-06-18,10,1,21849.75,1.0,filled,True,23.0,-24.25
2025-06-17,5,bullish,21843.0,21843.25,21843.125,0.25,2,2025-06-18 10:30:00-04:00,2025-06-18,10,1,21846.0,1.0,filled,True,26.75,-27.5
2025-06-17,5,bullish,21843.0,21843.25,21843.125,0.25,3,2025-06-18 10:41:00-04:00,2025-06-18,10,1,21849.75,1.0,filled,True,23.0,-31.25
2025-06-17,5,bullish,21843.0,21843.25,21843.125,0.25,4,2025-06-18 10:49:00-04:00,2025-06-18,10,1,21851.25,1.0,filled,False,9.25,-37.25
2025-06-17,5,bullish,21843.0,21843.25,21843.125,0.25,5,2025-06-18 10:52:00-04:00,2025-06-18,10,1,21840.5,1.0,filled,True,20.0,-26.5
2025-06-17,5,bullish,21843.0,21843.25,21843.125,0.25,6,2025-06-18 10:55:00-04:00,2025-06-18,10,1,21839.25,1.0,filled,True,21.25,-25.25
2025-06-18,5,bearish,21772.5,21782.5,21777.5,10.0,1,2025-06-20 07:45:00-04:00,2025-06-20,7,2,21744.25,1.0,filled,False,4.25,-50.5
2025-06-18,5,bearish,21772.5,21782.5,21777.5,10.0,2,2025-06-20 08:19:00-04:00,2025-06-20,8,2,21775.75,0.75,filled,True,24.0,-54.25
2025-06-18,5,bearish,21772.5,21782.5,21777.5,10.0,3,2025-06-20 08:21:00-04:00,2025-06-20,8,2,21772.5,0.0,edge_near,True,20.75,-66.5
2025-06-18,5,bearish,21772.5,21782.5,21777.5,10.0,4,2025-06-20 08:27:00-04:00,2025-06-20,8,2,21763.75,0.45,approached_CE,False,7.75,-81.0
2025-06-18,5,bearish,21772.5,21782.5,21777.5,10.0,5,2025-06-20 08:30:00-04:00,2025-06-20,8,2,21764.5,0.975,filled,False,2.5,-134.5
2025-06-18,5,bearish,21772.5,21782.5,21777.5,10.0,6,2025-06-20 08:33:00-04:00,2025-06-20,8,2,21769.25,1.0,filled,False,7.25,-129.75
2025-06-18,5,bearish,21742.5,21768.5,21755.5,26.0,1,2025-06-20 07:44:00-04:00,2025-06-20,7,2,21751.0,1.0,filled,True,37.75,-42.5
2025-06-18,5,bearish,21742.5,21768.5,21755.5,26.0,2,2025-06-20 08:22:00-04:00,2025-06-20,8,2,21766.5,1.0,filled,True,14.75,-72.5
2025-06-18,5,bearish,21742.5,21768.5,21755.5,26.0,3,2025-06-22 18:10:00-04:00,2025-06-22,18,4,21726.25,0.04807692307692308,edge_near,True,25.25,-59.75
2025-06-18,5,bearish,21742.5,21768.5,21755.5,26.0,4,2025-06-22 18:12:00-04:00,2025-06-22,18,4,21723.5,0.11538461538461539,edge_near,True,22.5,-62.5
2025-06-18,5,bearish,21742.5,21768.5,21755.5,26.0,5,2025-06-22 18:28:00-04:00,2025-06-22,18,4,21739.25,1.0,filled,True,13.25,-46.75
2025-06-18,5,bearish,21742.5,21768.5,21755.5,26.0,6,2025-06-22 19:11:00-04:00,2025-06-22,19,4,21749.25,0.40384615384615385,approached_CE,True,36.5,-22.25
2025-06-18,5,bullish,21742.5,21747.5,21745.0,5.0,1,2025-06-20 07:44:00-04:00,2025-06-20,7,2,21751.0,1.0,filled,True,42.5,-37.75
2025-06-18,5,bullish,21742.5,21747.5,21745.0,5.0,2,2025-06-20 07:56:00-04:00,2025-06-20,7,2,21748.25,1.0,filled,True,67.25,-8.25
2025-06-18,5,bullish,21742.5,21747.5,21745.0,5.0,3,2025-06-22 18:10:00-04:00,2025-06-22,18,4,21726.25,1.0,filled,True,59.75,-25.25
2025-06-18,5,bullish,21742.5,21747.5,21745.0,5.0,4,2025-06-22 18:12:00-04:00,2025-06-22,18,4,21723.5,1.0,filled,True,62.5,-22.5
2025-06-18,5,bullish,21742.5,21747.5,21745.0,5.0,5,2025-06-22 18:28:00-04:00,2025-06-22,18,4,21739.25,1.0,filled,True,46.75,-13.25
2025-06-18,5,bullish,21742.5,21747.5,21745.0,5.0,6,2025-06-22 18:35:00-04:00,2025-06-22,18,4,21745.25,0.7,through_CE,True,40.75,-19.25
2025-06-18,5,bullish,21763.25,21774.5,21768.875,11.25,1,2025-06-20 07:45:00-04:00,2025-06-20,7,2,21744.25,1.0,filled,True,50.5,-4.25
2025-06-18,5,bullish,21763.25,21774.5,21768.875,11.25,2,2025-06-20 08:01:00-04:00,2025-06-20,8,2,21764.25,1.0,filled,True,51.25,-12.75
2025-06-18,5,bullish,21763.25,21774.5,21768.875,11.25,3,2025-06-20 08:04:00-04:00,2025-06-20,8,2,21763.0,1.0,filled,True,55.5,-11.5
2025-06-18,5,bullish,21763.25,21774.5,21768.875,11.25,4,2025-06-20 08:11:00-04:00,2025-06-20,8,2,21759.75,1.0,filled,True,58.75,-8.0
2025-06-18,5,bullish,21763.25,21774.5,21768.875,11.25,5,2025-06-20 08:27:00-04:00,2025-06-20,8,2,21763.75,1.0,filled,True,81.0,-7.75
2025-06-18,5,bullish,21763.25,21774.5,21768.875,11.25,6,2025-06-20 08:36:00-04:00,2025-06-20,8,2,21777.0,0.4444444444444444,approached_CE,True,122.0,-7.5
2025-06-20,5,bullish,21815.0,21825.75,21820.375,10.75,1,2025-06-23 01:12:00-04:00,2025-06-23,1,3,21809.5,1.0,filled,True,19.5,-20.75
2025-06-20,5,bullish,21815.0,21825.75,21820.375,10.75,2,2025-06-23 01:17:00-04:00,2025-06-23,1,3,21809.25,1.0,filled,True,19.75,-20.5
2025-06-20,5,bullish,21815.0,21825.75,21820.375,10.75,3,2025-06-23 02:02:00-04:00,2025-06-23,2,3,21827.25,1.0,filled,False,8.0,-29.25
2025-06-20,5,bullish,21815.0,21825.75,21820.375,10.75,4,2025-06-23 02:14:00-04:00,2025-06-23,2,3,21813.5,1.0,filled,True,59.0,-15.5
2025-06-20,5,bullish,21815.0,21825.75,21820.375,10.75,5,2025-06-23 02:30:00-04:00,2025-06-23,2,3,21811.75,1.0,filled,True,60.75,-8.0
2025-06-20,5,bullish,21815.0,21825.75,21820.375,10.75,6,2025-06-23 02:39:00-04:00,2025-06-23,2,3,21812.75,1.0,filled,True,83.0,-2.25
2025-06-25,5,bullish,22506.5,22517.25,22511.875,10.75,1,2025-06-26 00:57:00-04:00,2025-06-26,0,1,22503.25,1.0,filled,False,6.0,-10.0
2025-06-25,5,bullish,22506.5,22517.25,22511.875,10.75,2,2025-06-26 01:52:00-04:00,2025-06-26,1,1,22505.75,1.0,filled,True,30.25,-4.0
2025-06-25,5,bullish,22506.5,22517.25,22511.875,10.75,3,2025-06-26 01:55:00-04:00,2025-06-26,1,1,22507.25,1.0,filled,True,36.25,-3.75
2025-06-25,5,bullish,22506.5,22517.25,22511.875,10.75,4,2025-06-26 02:10:00-04:00,2025-06-26,2,1,22516.25,0.5348837209302325,through_CE,True,27.25,-4.75
2025-06-25,5,bullish,22506.5,22517.25,22511.875,10.75,5,2025-06-26 02:30:00-04:00,2025-06-26,2,1,22517.75,0.32558139534883723,approached_CE,True,39.5,-4.0
2025-06-25,5,bullish,22506.5,22517.25,22511.875,10.75,6,2025-06-26 09:33:00-04:00,2025-06-26,9,1,22540.75,0.023255813953488372,edge_near,True,58.5,-64.5
2025-06-25,5,bearish,22515.25,22527.25,22521.25,12.0,1,2025-06-26 02:02:00-04:00,2025-06-26,2,1,22511.75,0.041666666666666664,edge_near,False,1.0,-31.75
2025-06-25,5,bearish,22515.25,22527.25,22521.25,12.0,2,2025-06-26 02:05:00-04:00,2025-06-26,2,1,22516.5,1.0,filled,False,5.0,-27.0
2025-06-25,5,bearish,22515.25,22527.25,22521.25,12.0,3,2025-06-26 03:05:00-04:00,2025-06-26,3,1,22531.0,1.0,filled,False,7.5,-26.25
2025-06-25,5,bearish,22515.25,22527.25,22521.25,12.0,4,2025-06-26 03:09:00-04:00,2025-06-26,3,1,22529.25,1.0,filled,False,5.75,-28.0
2025-06-25,5,bearish,22515.25,22527.25,22521.25,12.0,5,2025-06-26 03:22:00-04:00,2025-06-26,3,1,22530.0,1.0,filled,False,6.5,-37.5
2025-06-25,5,bearish,22515.25,22527.25,22521.25,12.0,6,2025-06-26 03:27:00-04:00,2025-06-26,3,1,22528.25,1.0,filled,False,4.75,-49.0
2025-06-27,5,bearish,22718.5,22727.25,22722.875,8.75,1,2025-07-01 10:37:00-04:00,2025-07-01,10,4,22728.25,1.0,filled,True,134.5,-13.75
2025-06-27,5,bearish,22718.5,22727.25,22722.875,8.75,2,2025-07-01 10:43:00-04:00,2025-07-01,10,4,22717.0,0.5142857142857142,through_CE,True,123.25,-6.0
2025-06-27,5,bearish,22718.5,22727.25,22722.875,8.75,3,2025-07-01 10:48:00-04:00,2025-07-01,10,4,22712.75,0.14285714285714285,edge_near,True,119.0,-7.0
2025-06-27,5,bearish,22718.5,22727.25,22722.875,8.75,4,2025-07-01 12:48:00-04:00,2025-07-01,12,4,22717.0,0.5714285714285714,through_CE,True,18.75,-27.25
2025-06-27,5,bearish,22718.5,22727.25,22722.875,8.75,5,2025-07-01 12:52:00-04:00,2025-07-01,12,4,22727.25,1.0,filled,True,29.0,-24.75
2025-06-27,5,bearish,22718.5,22727.25,22722.875,8.75,6,2025-07-01 12:54:00-04:00,2025-07-01,12,4,22734.75,1.0,filled,True,36.5,-27.75
2025-06-27,5,bullish,22748.0,22764.5,22756.25,16.5,1,2025-06-29 18:00:00-04:00,2025-06-29,18,2,22767.25,0.8787878787878788,filled,True,75.0,-17.25
2025-06-27,5,bullish,22748.0,22764.5,22756.25,16.5,2,2025-06-29 18:05:00-04:00,2025-06-29,18,2,22762.0,0.4696969696969697,approached_CE,True,80.25,-5.25
2025-06-27,5,bullish,22748.0,22764.5,22756.25,16.5,3,2025-07-01 08:25:00-04:00,2025-07-01,8,4,22765.75,0.5151515151515151,through_CE,True,52.75,-9.75
2025-06-27,5,bullish,22748.0,22764.5,22756.25,16.5,4,2025-07-01 10:27:00-04:00,2025-07-01,10,4,22763.5,0.9696969696969697,filled,True,20.0,-169.75
2025-06-27,5,bullish,22748.0,22764.5,22756.25,16.5,5,2025-07-01 10:33:00-04:00,2025-07-01,10,4,22748.0,1.0,filled,True,28.25,-154.25
2025-06-27,5,bullish,22748.0,22764.5,22756.25,16.5,6,2025-07-01 13:51:00-04:00,2025-07-01,13,4,22744.75,1.0,filled,True,17.75,-27.0
2025-06-30,5,bearish,22875.5,22882.0,22878.75,6.5,1,2025-07-01 00:00:00-04:00,2025-07-01,0,1,22876.25,0.19230769230769232,edge_near,True,23.0,-2.0
2025-06-30,5,bearish,22875.5,22882.0,22878.75,6.5,2,2025-07-01 00:07:00-04:00,2025-07-01,0,1,22874.75,0.4230769230769231,approached_CE,True,22.25,-3.5
2025-06-30,5,bearish,22875.5,22882.0,22878.75,6.5,3,2025-07-02 23:24:00-04:00,2025-07-02,23,2,22869.75,0.07692307692307693,edge_near,True,10.75,-12.5
2025-06-30,5,bearish,22875.5,22882.0,22878.75,6.5,4,2025-07-02 23:26:00-04:00,2025-07-02,23,2,22872.75,0.07692307692307693,edge_near,True,13.75,-9.5
2025-06-30,5,bearish,22875.5,22882.0,22878.75,6.5,5,2025-07-02 23:33:00-04:00,2025-07-02,23,2,22874.75,0.23076923076923078,edge_near,True,15.75,-7.5
2025-06-30,5,bearish,22875.5,22882.0,22878.75,6.5,6,2025-07-02 23:42:00-04:00,2025-07-02,23,2,22877.75,1.0,filled,True,18.75,-4.5
2025-06-30,5,bearish,22847.25,22868.25,22857.75,21.0,1,2025-07-01 00:03:00-04:00,2025-07-01,0,1,22868.25,1.0,filled,True,15.75,-10.0
2025-06-30,5,bearish,22847.25,22868.25,22857.75,21.0,2,2025-07-01 00:15:00-04:00,2025-07-01,0,1,22869.5,1.0,filled,True,22.75,-5.5
2025-06-30,5,bearish,22847.25,22868.25,22857.75,21.0,3,2025-07-01 00:24:00-04:00,2025-07-01,0,1,22867.5,1.0,filled,True,24.5,-6.25
2025-06-30,5,bearish,22847.25,22868.25,22857.75,21.0,4,2025-07-01 00:33:00-04:00,2025-07-01,0,1,22868.5,1.0,filled,True,25.5,-1.75
2025-06-30,5,bearish,22847.25,22868.25,22857.75,21.0,5,2025-07-01 00:36:00-04:00,2025-07-01,0,1,22867.5,1.0,filled,True,31.75,-2.25
2025-06-30,5,bearish,22847.25,22868.25,22857.75,21.0,6,2025-07-01 01:41:00-04:00,2025-07-01,1,1,22845.75,0.05952380952380952,edge_near,True,18.5,-11.75
2025-07-01,5,bullish,22803.75,22808.0,22805.875,4.25,1,2025-07-02 10:34:00-04:00,2025-07-02,10,1,22801.5,1.0,filled,True,46.25,-29.25
2025-07-01,5,bullish,22803.75,22808.0,22805.875,4.25,2,2025-07-02 10:47:00-04:00,2025-07-02,10,1,22818.75,1.0,filled,True,29.0,-19.75
2025-07-01,5,bullish,22803.75,22808.0,22805.875,4.25,3,2025-07-02 10:55:00-04:00,2025-07-02,10,1,22810.5,1.0,filled,True,37.25,-11.5
2025-07-01,5,bullish,22803.75,22808.0,22805.875,4.25,4,2025-07-02 11:27:00-04:00,2025-07-02,11,1,22809.5,1.0,filled,True,34.0,-10.5
2025-07-01,5,bullish,22803.75,22808.0,22805.875,4.25,5,2025-07-02 11:32:00-04:00,2025-07-02,11,1,22811.75,0.5882352941176471,through_CE,True,31.75,-8.25
2025-07-01,5,bullish,22803.75,22808.0,22805.875,4.25,6,2025-07-02 11:39:00-04:00,2025-07-02,11,1,22809.5,1.0,filled,True,35.25,-6.0
2025-07-01,5,bearish,22801.75,22808.0,22804.875,6.25,1,2025-07-02 10:34:00-04:00,2025-07-02,10,1,22801.5,1.0,filled,True,29.25,-46.25
2025-07-01,5,bearish,22801.75,22808.0,22804.875,6.25,2,2025-07-02 10:47:00-04:00,2025-07-02,10,1,22818.75,1.0,filled,True,19.75,-29.0
2025-07-01,5,bearish,22801.75,22808.0,22804.875,6.25,3,2025-07-02 10:55:00-04:00,2025-07-02,10,1,22810.5,1.0,filled,True,11.5,-37.25
2025-07-01,5,bearish,22801.75,22808.0,22804.875,6.25,4,2025-07-02 11:27:00-04:00,2025-07-02,11,1,22809.5,1.0,filled,True,10.5,-34.0
2025-07-01,5,bearish,22801.75,22808.0,22804.875,6.25,5,2025-07-02 11:32:00-04:00,2025-07-02,11,1,22811.75,1.0,filled,False,8.25,-31.75
2025-07-01,5,bearish,22801.75,22808.0,22804.875,6.25,6,2025-07-02 11:39:00-04:00,2025-07-02,11,1,22809.5,1.0,filled,False,6.0,-35.25
2025-07-03,5,bullish,22901.75,22910.0,22905.875,8.25,1,2025-07-04 05:17:00-04:00,2025-07-04,5,1,22911.0,0.06060606060606061,edge_near,True,41.0,-1.5
2025-07-03,5,bullish,22901.75,22910.0,22905.875,8.25,2,2025-07-04 06:50:00-04:00,2025-07-04,6,1,22917.0,0.5757575757575758,through_CE,True,19.25,-35.75
2025-07-03,5,bullish,22901.75,22910.0,22905.875,8.25,3,2025-07-04 06:53:00-04:00,2025-07-04,6,1,22905.0,1.0,filled,True,31.25,-23.75
2025-07-03,5,bullish,22901.75,22910.0,22905.875,8.25,4,2025-07-04 06:57:00-04:00,2025-07-04,6,1,22901.0,1.0,filled,True,35.25,-9.0
2025-07-03,5,bullish,22901.75,22910.0,22905.875,8.25,5,2025-07-04 07:05:00-04:00,2025-07-04,7,1,22907.25,1.0,filled,True,29.0,-9.0
2025-07-03,5,bullish,22901.75,22910.0,22905.875,8.25,6,2025-07-04 07:39:00-04:00,2025-07-04,7,1,22913.25,0.36363636363636365,approached_CE,True,19.0,-6.25
2025-07-03,5,bullish,22914.0,22922.5,22918.25,8.5,1,2025-07-04 04:59:00-04:00,2025-07-04,4,1,22927.5,0.058823529411764705,edge_near,True,24.5,-18.0
2025-07-03,5,bullish,22914.0,22922.5,22918.25,8.5,2,2025-07-04 05:01:00-04:00,2025-07-04,5,1,22920.75,1.0,filled,True,31.25,-11.25
2025-07-03,5,bullish,22914.0,22922.5,22918.25,8.5,3,2025-07-04 05:17:00-04:00,2025-07-04,5,1,22911.0,1.0,filled,True,41.0,-1.5
2025-07-03,5,bullish,22914.0,22922.5,22918.25,8.5,4,2025-07-04 05:30:00-04:00,2025-07-04,5,1,22929.5,0.4117647058823529,approached_CE,True,22.5,-12.0
2025-07-03,5,bullish,22914.0,22922.5,22918.25,8.5,5,2025-07-04 05:35:00-04:00,2025-07-04,5,1,22924.0,0.5882352941176471,through_CE,True,28.0,-6.5
2025-07-03,5,bullish,22914.0,22922.5,22918.25,8.5,6,2025-07-04 06:31:00-04:00,2025-07-04,6,1,22920.75,0.2647058823529412,approached_CE,True,27.25,-39.5
2025-07-03,5,bullish,22928.0,22929.75,22928.875,1.75,1,2025-07-04 04:15:00-04:00,2025-07-04,4,1,22927.5,1.0,filled,True,44.5,-15.0
2025-07-03,5,bullish,22928.0,22929.75,22928.875,1.75,2,2025-07-04 04:53:00-04:00,2025-07-04,4,1,22931.75,1.0,filled,True,19.5,-22.25
2025-07-03,5,bullish,22928.0,22929.75,22928.875,1.75,3,2025-07-04 05:02:00-04:00,2025-07-04,5,1,22929.0,1.0,filled,True,23.0,-19.5
2025-07-03,5,bullish,22928.0,22929.75,22928.875,1.75,4,2025-07-04 05:11:00-04:00,2025-07-04,5,1,22932.0,1.0,filled,True,20.0,-22.5
2025-07-03,5,bullish,22928.0,22929.75,22928.875,1.75,5,2025-07-04 05:19:00-04:00,2025-07-04,5,1,22927.25,1.0,filled,True,24.75,-9.75
2025-07-03,5,bullish,22928.0,22929.75,22928.875,1.75,6,2025-07-04 05:29:00-04:00,2025-07-04,5,1,22927.5,1.0,filled,True,24.5,-10.0
2025-07-03,5,bullish,22939.5,22948.5,22944.0,9.0,1,2025-07-04 03:20:00-04:00,2025-07-04,3,1,22952.5,0.16666666666666666,edge_near,True,24.5,-27.25
2025-07-03,5,bullish,22939.5,22948.5,22944.0,9.0,2,2025-07-04 03:58:00-04:00,2025-07-04,3,1,22947.5,0.6666666666666666,through_CE,True,24.5,-24.25
2025-07-03,5,bullish,22939.5,22948.5,22944.0,9.0,3,2025-07-04 04:07:00-04:00,2025-07-04,4,1,22949.75,1.0,filled,True,22.25,-37.25
2025-07-03,5,bullish,22939.5,22948.5,22944.0,9.0,4,2025-07-04 04:19:00-04:00,2025-07-04,4,1,22940.25,1.0,filled,True,31.75,-30.75
2025-07-03,5,bullish,22939.5,22948.5,22944.0,9.0,5,2025-07-04 04:33:00-04:00,2025-07-04,4,1,22953.0,0.2222222222222222,edge_near,True,13.25,-43.5
2025-07-03,5,bullish,22939.5,22948.5,22944.0,9.0,6,2025-07-04 04:46:00-04:00,2025-07-04,4,1,22949.5,0.16666666666666666,edge_near,False,9.0,-40.0
2025-07-03,5,bullish,22975.75,22988.25,22982.0,12.5,1,2025-07-04 01:34:00-04:00,2025-07-04,1,1,22989.5,0.08,edge_near,True,19.75,-5.5
2025-07-03,5,bullish,22975.75,22988.25,22982.0,12.5,2,2025-07-04 02:05:00-04:00,2025-07-04,2,1,22988.5,0.24,edge_near,True,11.5,-11.5
2025-07-03,5,bullish,22975.75,22988.25,22982.0,12.5,3,2025-07-04 02:08:00-04:00,2025-07-04,2,1,22989.25,0.1,edge_near,True,10.75,-16.25
2025-07-03,5,bullish,22975.75,22988.25,22982.0,12.5,4,2025-07-04 02:12:00-04:00,2025-07-04,2,1,22987.25,0.34,approached_CE,True,12.75,-14.25
2025-07-03,5,bullish,22975.75,22988.25,22982.0,12.5,5,2025-07-04 02:27:00-04:00,2025-07-04,2,1,22990.5,0.02,edge_near,False,9.5,-43.5
2025-07-03,5,bullish,22975.75,22988.25,22982.0,12.5,6,2025-07-04 02:42:00-04:00,2025-07-04,2,1,22989.5,0.14,edge_near,True,10.0,-42.5
2025-07-04,5,bullish,22915.5,22916.5,22916.0,1.0,1,2025-07-06 21:12:00-04:00,2025-07-06,21,2,22919.5,1.0,filled,True,40.75,-5.0
2025-07-04,5,bullish,22915.5,22916.5,22916.0,1.0,2,2025-07-07 04:10:00-04:00,2025-07-07,4,3,22915.5,1.0,filled,True,20.25,-7.25
2025-07-04,5,bullish,22915.5,22916.5,22916.0,1.0,3,2025-07-07 04:19:00-04:00,2025-07-07,4,3,22922.0,0.25,approached_CE,True,13.75,-13.25
2025-07-04,5,bullish,22915.5,22916.5,22916.0,1.0,4,2025-07-07 04:21:00-04:00,2025-07-07,4,3,22920.5,1.0,filled,True,15.25,-11.75
2025-07-04,5,bullish,22915.5,22916.5,22916.0,1.0,5,2025-07-07 04:48:00-04:00,2025-07-07,4,3,22917.25,0.5,through_CE,True,29.25,-8.5
2025-07-04,5,bullish,22915.5,22916.5,22916.0,1.0,6,2025-07-07 04:52:00-04:00,2025-07-07,4,3,22915.5,1.0,filled,True,34.0,-6.75
2025-07-08,5,bullish,22940.5,22947.5,22944.0,7.0,1,2025-07-09 05:42:00-04:00,2025-07-09,5,1,22941.25,1.0,filled,False,1.25,-31.25
2025-07-08,5,bullish,22940.5,22947.5,22944.0,7.0,2,2025-07-09 07:24:00-04:00,2025-07-09,7,1,22938.25,1.0,filled,True,13.0,-8.25
2025-07-08,5,bullish,22940.5,22947.5,22944.0,7.0,3,2025-07-09 07:30:00-04:00,2025-07-09,7,1,22944.25,1.0,filled,False,7.0,-14.25
2025-07-08,5,bullish,22940.5,22947.5,22944.0,7.0,4,2025-07-09 07:47:00-04:00,2025-07-09,7,1,22940.75,1.0,filled,True,12.75,-9.75
2025-07-08,5,bullish,22940.5,22947.5,22944.0,7.0,5,2025-07-09 08:07:00-04:00,2025-07-09,8,1,22938.5,1.0,filled,True,17.0,-12.0
2025-07-08,5,bullish,22940.5,22947.5,22944.0,7.0,6,2025-07-09 08:11:00-04:00,2025-07-09,8,1,22940.5,1.0,filled,True,19.25,-14.0
2025-07-08,5,bearish,22917.0,22931.0,22924.0,14.0,1,2025-07-09 05:17:00-04:00,2025-07-09,5,1,22928.0,1.0,filled,True,18.0,-14.5
2025-07-08,5,bearish,22917.0,22931.0,22924.0,14.0,2,2025-07-09 05:48:00-04:00,2025-07-09,5,1,22931.25,1.0,filled,True,21.25,-3.25
2025-07-08,5,bearish,22917.0,22931.0,22924.0,14.0,3,2025-07-09 06:14:00-04:00,2025-07-09,6,1,22925.5,1.0,filled,True,12.25,-10.5
2025-07-08,5,bearish,22917.0,22931.0,22924.0,14.0,4,2025-07-09 07:16:00-04:00,2025-07-09,7,1,22931.25,1.0,filled,False,4.0,-20.0
2025-07-08,5,bearish,22917.0,22931.0,22924.0,14.0,5,2025-07-09 07:41:00-04:00,2025-07-09,7,1,22933.0,1.0,filled,False,3.0,-17.0
2025-07-08,5,bearish,22917.0,22931.0,22924.0,14.0,6,2025-07-09 08:04:00-04:00,2025-07-09,8,1,22933.0,1.0,filled,False,6.5,-22.5
2025-07-09,5,bullish,22946.5,22952.5,22949.5,6.0,1,2025-07-10 09:58:00-04:00,2025-07-10,9,1,22942.75,1.0,filled,True,44.0,-41.75
2025-07-09,5,bullish,22946.5,22952.5,22949.5,6.0,2,2025-07-10 10:02:00-04:00,2025-07-10,10,1,22940.75,1.0,filled,True,46.0,-39.75
2025-07-09,5,bullish,22946.5,22952.5,22949.5,6.0,3,2025-07-10 10:11:00-04:00,2025-07-10,10,1,22944.0,1.0,filled,True,42.75,-35.25
2025-07-09,5,bullish,22946.5,22952.5,22949.5,6.0,4,2025-07-10 10:15:00-04:00,2025-07-10,10,1,22954.5,1.0,filled,True,32.25,-45.75
2025-07-09,5,bullish,22946.5,22952.5,22949.5,6.0,5,2025-07-10 10:20:00-04:00,2025-07-10,10,1,22945.25,1.0,filled,True,41.5,-36.5
2025-07-09,5,bullish,22946.5,22952.5,22949.5,6.0,6,2025-07-10 10:22:00-04:00,2025-07-10,10,1,22945.75,1.0,filled,True,41.0,-37.0
2025-07-09,5,bullish,22953.75,22954.25,22954.0,0.5,1,2025-07-10 09:58:00-04:00,2025-07-10,9,1,22942.75,1.0,filled,True,44.0,-41.75
2025-07-09,5,bullish,22953.75,22954.25,22954.0,0.5,2,2025-07-10 10:15:00-04:00,2025-07-10,10,1,22954.5,1.0,filled,True,32.25,-45.75
2025-07-09,5,bullish,22953.75,22954.25,22954.0,0.5,3,2025-07-10 10:20:00-04:00,2025-07-10,10,1,22945.25,1.0,filled,True,41.5,-36.5
2025-07-09,5,bullish,22953.75,22954.25,22954.0,0.5,4,2025-07-10 10:36:00-04:00,2025-07-10,10,1,22956.0,1.0,filled,True,50.0,-15.75
2025-07-09,5,bullish,22953.75,22954.25,22954.0,0.5,5,2025-07-10 10:46:00-04:00,2025-07-10,10,1,22970.25,1.0,filled,True,42.25,-30.0
2025-07-09,5,bullish,22953.75,22954.25,22954.0,0.5,6,2025-07-10 11:10:00-04:00,2025-07-10,11,1,22959.75,1.0,filled,True,65.5,-19.5
2025-07-09,5,bullish,22964.25,22977.75,22971.0,13.5,1,2025-07-10 09:53:00-04:00,2025-07-10,9,1,22985.5,1.0,filled,False,2.0,-84.5
2025-07-09,5,bullish,22964.25,22977.75,22971.0,13.5,2,2025-07-10 10:18:00-04:00,2025-07-10,10,1,22962.75,1.0,filled,True,24.0,-54.0
2025-07-09,5,bullish,22964.25,22977.75,22971.0,13.5,3,2025-07-10 10:38:00-04:00,2025-07-10,10,1,22961.5,1.0,filled,True,44.5,-21.25
2025-07-09,5,bullish,22964.25,22977.75,22971.0,13.5,4,2025-07-10 10:52:00-04:00,2025-07-10,10,1,22980.75,0.2222222222222222,edge_near,True,40.75,-40.5
2025-07-09,5,bullish,22964.25,22977.75,22971.0,13.5,5,2025-07-10 10:54:00-04:00,2025-07-10,10,1,22977.25,1.0,filled,True,44.75,-37.0
2025-07-09,5,bullish,22964.25,22977.75,22971.0,13.5,6,2025-07-10 10:59:00-04:00,2025-07-10,10,1,22963.25,1.0,filled,True,62.0,-23.0
2025-07-09,5,bullish,22979.5,23024.5,23002.0,45.0,1,2025-07-10 00:00:00-04:00,2025-07-10,0,1,22997.0,1.0,filled,False,0.5,-13.75
2025-07-09,5,bullish,22979.5,23024.5,23002.0,45.0,2,2025-07-10 04:06:00-04:00,2025-07-10,4,1,23024.0,0.16666666666666666,edge_near,True,26.0,-7.0
2025-07-09,5,bullish,22979.5,23024.5,23002.0,45.0,3,2025-07-10 04:19:00-04:00,2025-07-10,4,1,23024.5,0.022222222222222223,edge_near,True,25.5,-1.0
2025-07-09,5,bullish,22979.5,23024.5,23002.0,45.0,4,2025-07-10 05:23:00-04:00,2025-07-10,5,1,23020.25,0.2777777777777778,approached_CE,True,18.5,-8.25
2025-07-09,5,bullish,22979.5,23024.5,23002.0,45.0,5,2025-07-10 05:59:00-04:00,2025-07-10,5,1,23024.5,0.06666666666666667,edge_near,True,28.25,-3.0
2025-07-09,5,bullish,22979.5,23024.5,23002.0,45.0,6,2025-07-10 09:34:00-04:00,2025-07-10,9,1,23032.25,0.05555555555555555,edge_near,True,11.25,-131.25
2025-07-09,5,bullish,23029.25,23038.75,23034.0,9.5,1,2025-07-10 04:20:00-04:00,2025-07-10,4,1,23028.5,1.0,filled,True,21.5,-4.0
2025-07-09,5,bullish,23029.25,23038.75,23034.0,9.5,2,2025-07-10 04:45:00-04:00,2025-07-10,4,1,23037.5,0.42105263157894735,approached_CE,True,12.5,-25.5
2025-07-09,5,bullish,23029.25,23038.75,23034.0,9.5,3,2025-07-10 05:16:00-04:00,2025-07-10,5,1,23037.25,1.0,filled,False,5.0,-25.25
2025-07-09,5,bullish,23029.25,23038.75,23034.0,9.5,4,2025-07-10 05:57:00-04:00,2025-07-10,5,1,23031.5,1.0,filled,True,21.25,-10.0
2025-07-09,5,bullish,23029.25,23038.75,23034.0,9.5,5,2025-07-10 06:01:00-04:00,2025-07-10,6,1,23029.75,1.0,filled,True,23.0,-5.5
2025-07-09,5,bullish,23029.25,23038.75,23034.0,9.5,6,2025-07-10 07:00:00-04:00,2025-07-10,7,1,23039.75,0.05263157894736842,edge_near,True,36.75,-1.5
2025-07-09,5,bullish,23054.75,23055.0,23054.875,0.25,1,2025-07-10 07:05:00-04:00,2025-07-10,7,1,23055.0,1.0,filled,True,21.5,-9.0
2025-07-09,5,bullish,23054.75,23055.0,23054.875,0.25,2,2025-07-10 07:12:00-04:00,2025-07-10,7,1,23053.5,1.0,filled,True,23.0,-5.25
2025-07-09,5,bullish,23054.75,23055.0,23054.875,0.25,3,2025-07-10 07:15:00-04:00,2025-07-10,7,1,23050.5,1.0,filled,True,26.0,-2.25
2025-07-09,5,bullish,23054.75,23055.0,23054.875,0.25,4,2025-07-10 07:17:00-04:00,2025-07-10,7,1,23055.0,1.0,filled,True,21.5,-6.75
2025-07-09,5,bullish,23054.75,23055.0,23054.875,0.25,5,2025-07-10 07:24:00-04:00,2025-07-10,7,1,23054.5,1.0,filled,True,22.0,-4.25
2025-07-09,5,bullish,23054.75,23055.0,23054.875,0.25,6,2025-07-10 07:29:00-04:00,2025-07-10,7,1,23055.5,1.0,filled,True,21.0,-10.0
2025-07-09,5,bullish,23064.75,23076.25,23070.5,11.5,1,2025-07-10 07:37:00-04:00,2025-07-10,7,1,23063.75,1.0,filled,True,12.75,-22.75
2025-07-09,5,bullish,23064.75,23076.25,23070.5,11.5,2,2025-07-10 07:39:00-04:00,2025-07-10,7,1,23064.5,1.0,filled,True,12.0,-27.5
2025-07-09,5,bullish,23064.75,23076.25,23070.5,11.5,3,2025-07-10 08:05:00-04:00,2025-07-10,8,1,23062.25,1.0,filled,False,5.0,-27.25
2025-07-09,5,bullish,23064.75,23076.25,23070.5,11.5,4,2025-07-10 08:14:00-04:00,2025-07-10,8,1,23064.5,1.0,filled,False,2.75,-29.5
2025-07-09,5,bullish,23064.75,23076.25,23070.5,11.5,5,2025-07-10 08:31:00-04:00,2025-07-10,8,1,23058.5,1.0,filled,True,31.25,-23.5
2025-07-09,5,bullish,23064.75,23076.25,23070.5,11.5,6,2025-07-10 09:21:00-04:00,2025-07-10,9,1,23067.5,1.0,filled,True,22.25,-166.5
2025-07-10,5,bullish,23059.0,23059.5,23059.25,0.5,1,2025-07-14 13:16:00-04:00,2025-07-14,13,4,23055.25,1.0,filled,True,12.5,-19.75
2025-07-10,5,bullish,23059.0,23059.5,23059.25,0.5,2,2025-07-14 13:21:00-04:00,2025-07-14,13,4,23056.0,1.0,filled,True,11.75,-20.5
2025-07-10,5,bullish,23059.0,23059.5,23059.25,0.5,3,2025-07-14 13:31:00-04:00,2025-07-14,13,4,23058.75,1.0,filled,False,9.0,-23.25
2025-07-10,5,bullish,23059.0,23059.5,23059.25,0.5,4,2025-07-14 13:38:00-04:00,2025-07-14,13,4,23057.0,1.0,filled,False,4.75,-21.5
2025-07-10,5,bullish,23059.0,23059.5,23059.25,0.5,5,2025-07-14 14:55:00-04:00,2025-07-14,14,4,23058.5,1.0,filled,False,1.5,-42.5
2025-07-10,5,bullish,23059.0,23059.5,23059.25,0.5,6,2025-07-14 15:04:00-04:00,2025-07-14,15,4,23057.0,1.0,filled,False,2.5,-41.0
2025-07-10,5,bullish,23060.25,23061.25,23060.75,1.0,1,2025-07-14 13:17:00-04:00,2025-07-14,13,4,23061.0,1.0,filled,False,6.75,-25.5
2025-07-10,5,bullish,23060.25,23061.25,23060.75,1.0,2,2025-07-14 13:32:00-04:00,2025-07-14,13,4,23062.0,1.0,filled,False,5.75,-26.5
2025-07-10,5,bullish,23060.25,23061.25,23060.75,1.0,3,2025-07-14 21:44:00-04:00,2025-07-14,21,4,23077.25,1.0,filled,True,96.5,-33.0
2025-07-10,5,bullish,23060.25,23061.25,23060.75,1.0,4,2025-07-14 22:30:00-04:00,2025-07-14,22,4,23062.5,1.0,filled,True,25.5,-23.25
2025-07-10,5,bullish,23060.25,23061.25,23060.75,1.0,5,2025-07-14 22:36:00-04:00,2025-07-14,22,4,23061.75,1.0,filled,True,32.75,-22.5
2025-07-10,5,bullish,23060.25,23061.25,23060.75,1.0,6,2025-07-14 22:41:00-04:00,2025-07-14,22,4,23061.0,1.0,filled,True,35.75,-21.75
2025-07-10,5,bearish,23043.5,23061.25,23052.375,17.75,1,2025-07-14 13:03:00-04:00,2025-07-14,13,4,23042.75,1.0,filled,False,7.25,-25.0
2025-07-10,5,bearish,23043.5,23061.25,23052.375,17.75,2,2025-07-14 13:48:00-04:00,2025-07-14,13,4,23051.5,0.7887323943661971,filled,True,16.0,-6.0
2025-07-10,5,bearish,23043.5,23061.25,23052.375,17.75,3,2025-07-14 14:04:00-04:00,2025-07-14,14,4,23048.0,0.9295774647887324,filled,True,10.75,-12.0
2025-07-10,5,bearish,23043.5,23061.25,23052.375,17.75,4,2025-07-14 15:25:00-04:00,2025-07-14,15,4,23046.0,0.6338028169014085,through_CE,True,30.0,-8.75
2025-07-10,5,bearish,23043.5,23061.25,23052.375,17.75,5,2025-07-14 21:43:00-04:00,2025-07-14,21,4,23044.5,1.0,filled,True,10.5,-129.25
2025-07-10,5,bearish,23043.5,23061.25,23052.375,17.75,6,2025-07-14 22:30:00-04:00,2025-07-14,22,4,23062.5,1.0,filled,True,23.25,-25.5
2025-07-10,5,bearish,23010.5,23023.25,23016.875,12.75,1,2025-07-11 13:03:00-04:00,2025-07-11,13,1,23009.0,0.43137254901960786,approached_CE,True,48.0,-12.75
2025-07-10,5,bearish,23010.5,23023.25,23016.875,12.75,2,2025-07-11 13:05:00-04:00,2025-07-11,13,1,23010.0,0.8823529411764706,filled,True,49.0,-11.75
2025-07-10,5,bearish,23010.5,23023.25,23016.875,12.75,3,2025-07-11 13:27:00-04:00,2025-07-11,13,1,23008.75,0.47058823529411764,approached_CE,True,47.75,-7.75
2025-07-10,5,bearish,23010.5,23023.25,23016.875,12.75,4,2025-07-11 14:08:00-04:00,2025-07-11,14,1,23008.5,0.23529411764705882,edge_near,True,84.25,-10.0
2025-07-10,5,bearish,23010.5,23023.25,23016.875,12.75,5,2025-07-11 14:13:00-04:00,2025-07-11,14,1,23006.0,0.0392156862745098,edge_near,True,81.75,-12.5
2025-07-10,5,bearish,23010.5,23023.25,23016.875,12.75,6,2025-07-11 14:33:00-04:00,2025-07-11,14,1,23009.0,0.6274509803921569,through_CE,True,84.75,-9.5
2025-07-10,5,bearish,22985.5,22988.75,22987.125,3.25,1,2025-07-11 10:16:00-04:00,2025-07-11,10,1,22984.0,0.7692307692307693,filled,True,75.25,-23.5
2025-07-10,5,bearish,22985.5,22988.75,22987.125,3.25,2,2025-07-11 10:20:00-04:00,2025-07-11,10,1,22982.75,1.0,filled,True,74.0,-24.75
2025-07-10,5,bearish,22985.5,22988.75,22987.125,3.25,3,2025-07-11 10:25:00-04:00,2025-07-11,10,1,22995.75,1.0,filled,True,87.0,-11.75
2025-07-10,5,bearish,22985.5,22988.75,22987.125,3.25,4,2025-07-11 10:30:00-04:00,2025-07-11,10,1,22990.0,1.0,filled,True,81.25,-17.5
2025-07-10,5,bearish,22985.5,22988.75,22987.125,3.25,5,2025-07-11 10:40:00-04:00,2025-07-11,10,1,22984.25,1.0,filled,True,75.5,-7.5
2025-07-10,5,bearish,22985.5,22988.75,22987.125,3.25,6,2025-07-11 10:50:00-04:00,2025-07-11,10,1,22982.75,0.46153846153846156,approached_CE,True,74.0,-27.25
2025-07-10,5,bearish,22961.25,22968.0,22964.625,6.75,1,2025-07-11 00:00:00-04:00,2025-07-11,0,1,22967.25,1.0,filled,False,6.5,-7.75
2025-07-10,5,bearish,22961.25,22968.0,22964.625,6.75,2,2025-07-11 00:30:00-04:00,2025-07-11,0,1,22969.75,1.0,filled,False,8.0,-8.25
2025-07-10,5,bearish,22961.25,22968.0,22964.625,6.75,3,2025-07-11 00:41:00-04:00,2025-07-11,0,1,22968.75,1.0,filled,False,7.0,-9.25
2025-07-10,5,bearish,22961.25,22968.0,22964.625,6.75,4,2025-07-11 01:03:00-04:00,2025-07-11,1,1,22968.25,1.0,filled,True,30.75,-9.75
2025-07-10,5,bearish,22961.25,22968.0,22964.625,6.75,5,2025-07-11 01:29:00-04:00,2025-07-11,1,1,22970.25,1.0,filled,True,32.75,-2.25
2025-07-10,5,bearish,22961.25,22968.0,22964.625,6.75,6,2025-07-11 01:44:00-04:00,2025-07-11,1,1,22968.0,1.0,filled,True,30.5,-2.75
2025-07-11,5,bullish,22902.0,22909.5,22905.75,7.5,1,2025-07-14 05:46:00-04:00,2025-07-14,5,3,22900.75,1.0,filled,False,2.75,-30.5
2025-07-11,5,bullish,22902.0,22909.5,22905.75,7.5,2,2025-07-14 08:21:00-04:00,2025-07-14,8,3,22900.0,1.0,filled,False,9.25,-12.25
2025-07-11,5,bullish,22902.0,22909.5,22905.75,7.5,3,2025-07-14 08:38:00-04:00,2025-07-14,8,3,22902.25,1.0,filled,True,76.75,-13.25
2025-07-11,5,bullish,22902.0,22909.5,22905.75,7.5,4,2025-07-14 08:42:00-04:00,2025-07-14,8,3,22898.75,1.0,filled,True,80.25,-22.75
2025-07-11,5,bullish,22902.0,22909.5,22905.75,7.5,5,2025-07-14 09:01:00-04:00,2025-07-14,9,3,22900.25,1.0,filled,True,78.75,-57.75
2025-07-11,5,bullish,22902.0,22909.5,22905.75,7.5,6,2025-07-14 09:14:00-04:00,2025-07-14,9,3,22904.75,1.0,filled,True,74.25,-62.25
2025-07-11,5,bearish,22897.75,22909.5,22903.625,11.75,1,2025-07-14 04:53:00-04:00,2025-07-14,4,3,22893.25,0.06382978723404255,edge_near,True,14.5,-10.25
2025-07-11,5,bearish,22897.75,22909.5,22903.625,11.75,2,2025-07-14 04:55:00-04:00,2025-07-14,4,3,22893.25,0.06382978723404255,edge_near,True,14.5,-10.25
2025-07-11,5,bearish,22897.75,22909.5,22903.625,11.75,3,2025-07-14 05:41:00-04:00,2025-07-14,5,3,22898.0,0.48936170212765956,approached_CE,True,27.75,-5.5
2025-07-11,5,bearish,22897.75,22909.5,22903.625,11.75,4,2025-07-14 05:57:00-04:00,2025-07-14,5,3,22896.5,0.0851063829787234,edge_near,True,26.25,-4.0
2025-07-11,5,bearish,22897.75,22909.5,22903.625,11.75,5,2025-07-14 05:59:00-04:00,2025-07-14,5,3,22899.5,0.23404255319148937,edge_near,True,29.25,-1.0
2025-07-11,5,bearish,22897.75,22909.5,22903.625,11.75,6,2025-07-14 07:45:00-04:00,2025-07-14,7,3,22894.25,0.14893617021276595,edge_near,True,15.25,-15.0
2025-07-11,5,bullish,22897.75,22927.75,22912.75,30.0,1,2025-07-14 04:53:00-04:00,2025-07-14,4,3,22893.25,1.0,filled,True,10.25,-14.5
2025-07-11,5,bullish,22897.75,22927.75,22912.75,30.0,2,2025-07-14 04:55:00-04:00,2025-07-14,4,3,22893.25,1.0,filled,True,10.25,-14.5
2025-07-11,5,bullish,22897.75,22927.75,22912.75,30.0,3,2025-07-14 05:41:00-04:00,2025-07-14,5,3,22898.0,1.0,filled,False,5.5,-27.75
2025-07-11,5,bullish,22897.75,22927.75,22912.75,30.0,4,2025-07-14 05:57:00-04:00,2025-07-14,5,3,22896.5,1.0,filled,False,4.0,-26.25
2025-07-11,5,bullish,22897.75,22927.75,22912.75,30.0,5,2025-07-14 05:59:00-04:00,2025-07-14,5,3,22899.5,1.0,filled,False,1.0,-29.25
2025-07-11,5,bullish,22897.75,22927.75,22912.75,30.0,6,2025-07-14 07:45:00-04:00,2025-07-14,7,3,22894.25,1.0,filled,True,15.0,-15.25
2025-07-11,5,bullish,22950.0,22951.5,22950.75,1.5,1,2025-07-14 09:30:00-04:00,2025-07-14,9,3,22950.5,1.0,filled,True,37.5,-108.0
2025-07-11,5,bullish,22950.0,22951.5,22950.75,1.5,2,2025-07-14 09:36:00-04:00,2025-07-14,9,3,22955.5,1.0,filled,True,32.5,-113.0
2025-07-11,5,bullish,22950.0,22951.5,22950.75,1.5,3,2025-07-14 10:15:00-04:00,2025-07-14,10,3,22948.0,1.0,filled,True,74.75,-25.5
2025-07-11,5,bullish,22950.0,22951.5,22950.75,1.5,4,2025-07-14 10:27:00-04:00,2025-07-14,10,3,22947.25,1.0,filled,True,75.5,-24.75
2025-07-11,5,bullish,22950.0,22951.5,22950.75,1.5,5,2025-07-14 10:42:00-04:00,2025-07-14,10,3,22952.25,1.0,filled,True,70.5,-9.0
2025-07-11,5,bullish,22950.0,22951.5,22950.75,1.5,6,2025-07-16 03:06:00-04:00,2025-07-16,3,5,22951.5,1.0,filled,True,39.0,-23.0
2025-07-14,5,bullish,22906.75,22917.5,22912.125,10.75,1,2025-07-16 11:20:00-04:00,2025-07-16,11,2,22936.0,1.0,filled,True,89.0,-100.25
2025-07-14,5,bullish,22906.75,22917.5,22912.125,10.75,2,2025-07-16 11:33:00-04:00,2025-07-16,11,2,22919.0,1.0,filled,True,106.0,-83.25
2025-07-14,5,bullish,22906.75,22917.5,22912.125,10.75,3,2025-07-16 11:41:00-04:00,2025-07-16,11,2,22901.0,1.0,filled,True,124.0,-17.0
2025-07-14,5,bullish,22906.75,22917.5,22912.125,10.75,4,2025-07-16 11:52:00-04:00,2025-07-16,11,2,22918.25,0.37209302325581395,approached_CE,True,113.75,-4.75
2025-07-14,5,bullish,22906.75,22917.5,22912.125,10.75,5,2025-08-01 09:45:00-04:00,2025-08-01,9,18,22898.25,1.0,filled,True,124.25,-99.0
2025-07-14,5,bullish,22906.75,22917.5,22912.125,10.75,6,2025-08-01 09:51:00-04:00,2025-08-01,9,18,22907.75,1.0,filled,True,114.75,-108.5
2025-07-14,5,bullish,22921.25,22922.0,22921.625,0.75,1,2025-07-16 11:20:00-04:00,2025-07-16,11,2,22936.0,1.0,filled,True,89.0,-100.25
2025-07-14,5,bullish,22921.25,22922.0,22921.625,0.75,2,2025-07-16 11:31:00-04:00,2025-07-16,11,2,22951.0,1.0,filled,True,74.0,-115.25
2025-07-14,5,bullish,22921.25,22922.0,22921.625,0.75,3,2025-07-16 11:33:00-04:00,2025-07-16,11,2,22919.0,1.0,filled,True,106.0,-83.25
2025-07-14,5,bullish,22921.25,22922.0,22921.625,0.75,4,2025-07-16 11:42:00-04:00,2025-07-16,11,2,22920.75,1.0,filled,True,104.25,-19.5
2025-07-14,5,bullish,22921.25,22922.0,22921.625,0.75,5,2025-07-16 11:46:00-04:00,2025-07-16,11,2,22924.75,1.0,filled,True,100.25,-11.25
2025-07-14,5,bullish,22921.25,22922.0,22921.625,0.75,6,2025-07-16 11:52:00-04:00,2025-07-16,11,2,22918.25,1.0,filled,True,113.75,-4.75
2025-07-15,5,bearish,23185.5,23198.25,23191.875,12.75,1,2025-07-17 10:48:00-04:00,2025-07-17,10,2,23186.25,1.0,filled,False,5.75,-61.75
2025-07-15,5,bearish,23185.5,23198.25,23191.875,12.75,2,2025-07-18 10:26:00-04:00,2025-07-18,10,3,23193.25,1.0,filled,True,12.75,-37.75
2025-07-15,5,bearish,23185.5,23198.25,23191.875,12.75,3,2025-07-18 10:29:00-04:00,2025-07-18,10,3,23193.75,1.0,filled,True,13.25,-37.25
2025-07-15,5,bearish,23185.5,23198.25,23191.875,12.75,4,2025-07-18 10:37:00-04:00,2025-07-18,10,3,23196.0,1.0,filled,True,15.5,-40.75
2025-07-15,5,bearish,23185.5,23198.25,23191.875,12.75,5,2025-07-18 11:00:00-04:00,2025-07-18,11,3,23197.25,1.0,filled,True,16.75,-55.75
2025-07-15,5,bearish,23185.5,23198.25,23191.875,12.75,6,2025-07-18 11:04:00-04:00,2025-07-18,11,3,23190.5,1.0,filled,True,10.0,-62.5
2025-07-16,5,bearish,23050.25,23064.5,23057.375,14.25,1,2025-07-17 01:21:00-04:00,2025-07-17,1,1,23051.0,1.0,filled,False,2.25,-76.0
2025-07-16,5,bearish,23050.25,23064.5,23057.375,14.25,2,2025-08-01 04:40:00-04:00,2025-08-01,4,16,23075.25,1.0,filled,True,13.0,-65.5
2025-07-16,5,bearish,23050.25,23064.5,23057.375,14.25,3,2025-08-01 06:44:00-04:00,2025-08-01,6,16,23065.0,1.0,filled,True,33.75,-58.0
2025-07-16,5,bearish,23050.25,23064.5,23057.375,14.25,4,2025-08-01 06:49:00-04:00,2025-08-01,6,16,23059.75,1.0,filled,True,28.5,-68.75
2025-07-16,5,bearish,23050.25,23064.5,23057.375,14.25,5,2025-08-01 06:57:00-04:00,2025-08-01,6,16,23050.75,1.0,filled,False,8.25,-77.75
2025-07-16,5,bearish,23050.25,23064.5,23057.375,14.25,6,2025-08-01 08:30:00-04:00,2025-08-01,8,16,23088.5,1.0,filled,True,51.25,-78.75
2025-07-16,5,bearish,22999.25,23004.25,23001.75,5.0,1,2025-08-01 09:34:00-04:00,2025-08-01,9,16,23013.25,1.0,filled,True,214.0,-21.5
2025-07-16,5,bearish,22999.25,23004.25,23001.75,5.0,2,2025-08-01 09:39:00-04:00,2025-08-01,9,16,22992.0,1.0,filled,True,192.75,-32.0
2025-07-16,5,bearish,22999.25,23004.25,23001.75,5.0,3,2025-08-01 10:30:00-04:00,2025-08-01,10,16,22989.5,1.0,filled,True,93.25,-33.0
2025-07-16,5,bearish,22999.25,23004.25,23001.75,5.0,4,2025-08-01 10:35:00-04:00,2025-08-01,10,16,22992.25,1.0,filled,True,96.0,-28.0
2025-07-16,5,bearish,22999.25,23004.25,23001.75,5.0,5,2025-08-01 10:38:00-04:00,2025-08-01,10,16,22989.75,1.0,filled,True,93.5,-28.0
2025-07-16,5,bearish,22999.25,23004.25,23001.75,5.0,6,2025-08-01 10:41:00-04:00,2025-08-01,10,16,22990.0,0.05,edge_near,True,93.75,-22.25
2025-07-16,5,bearish,22986.0,22996.25,22991.125,10.25,1,2025-08-01 09:36:00-04:00,2025-08-01,9,16,22985.0,1.0,filled,True,185.75,-47.75
2025-07-16,5,bearish,22986.0,22996.25,22991.125,10.25,2,2025-08-01 09:39:00-04:00,2025-08-01,9,16,22992.0,1.0,filled,True,192.75,-32.0
2025-07-16,5,bearish,22986.0,22996.25,22991.125,10.25,3,2025-08-01 10:30:00-04:00,2025-08-01,10,16,22989.5,1.0,filled,True,93.25,-33.0
2025-07-16,5,bearish,22986.0,22996.25,22991.125,10.25,4,2025-08-01 10:35:00-04:00,2025-08-01,10,16,22992.25,1.0,filled,True,96.0,-28.0
2025-07-16,5,bearish,22986.0,22996.25,22991.125,10.25,5,2025-08-01 10:38:00-04:00,2025-08-01,10,16,22989.75,1.0,filled,True,93.5,-28.0
2025-07-16,5,bearish,22986.0,22996.25,22991.125,10.25,6,2025-08-01 10:45:00-04:00,2025-08-01,10,16,23003.5,1.0,filled,True,107.25,-8.75
2025-07-17,5,bearish,23137.0,23146.75,23141.875,9.75,1,2025-07-22 09:53:00-04:00,2025-07-22,9,5,23142.25,1.0,filled,True,37.25,-86.0
2025-07-17,5,bearish,23137.0,23146.75,23141.875,9.75,2,2025-07-22 10:02:00-04:00,2025-07-22,10,5,23130.25,0.46153846153846156,approached_CE,True,19.75,-99.75
2025-07-17,5,bearish,23137.0,23146.75,23141.875,9.75,3,2025-07-22 10:05:00-04:00,2025-07-22,10,5,23142.75,1.0,filled,True,10.5,-87.25
2025-07-17,5,bearish,23137.0,23146.75,23141.875,9.75,4,2025-07-23 10:12:00-04:00,2025-07-23,10,6,23151.0,1.0,filled,False,8.5,-67.25
2025-07-17,5,bearish,23137.0,23146.75,23141.875,9.75,5,2025-08-01 03:40:00-04:00,2025-08-01,3,15,23157.0,1.0,filled,True,94.75,-19.75
2025-07-17,5,bearish,23137.0,23146.75,23141.875,9.75,6,2025-08-01 03:48:00-04:00,2025-08-01,3,15,23146.5,1.0,filled,True,84.25,-30.25
2025-07-17,5,bearish,23118.75,23135.25,23127.0,16.5,1,2025-07-22 09:53:00-04:00,2025-07-22,9,5,23142.25,1.0,filled,True,37.25,-86.0
2025-07-17,5,bearish,23118.75,23135.25,23127.0,16.5,2,2025-07-22 09:58:00-04:00,2025-07-22,9,5,23130.25,1.0,filled,True,25.25,-99.5
2025-07-17,5,bearish,23118.75,23135.25,23127.0,16.5,3,2025-08-01 03:51:00-04:00,2025-08-01,3,15,23145.75,1.0,filled,True,83.5,-31.0
2025-07-17,5,bearish,23118.75,23135.25,23127.0,16.5,4,2025-08-01 04:11:00-04:00,2025-08-01,4,15,23139.0,1.0,filled,True,76.75,-25.5
2025-07-17,5,bearish,23118.75,23135.25,23127.0,16.5,5,2025-08-01 04:21:00-04:00,2025-08-01,4,15,23134.0,1.0,filled,True,71.75,-13.75
2025-07-17,5,bearish,23118.75,23135.25,23127.0,16.5,6,2025-08-01 04:50:00-04:00,2025-08-01,4,15,23119.5,0.22727272727272727,edge_near,True,34.5,-21.25
2025-07-17,5,bearish,23117.0,23117.5,23117.25,0.5,1,2025-07-22 09:54:00-04:00,2025-07-22,9,5,23131.0,1.0,filled,True,26.0,-97.25
2025-07-17,5,bearish,23117.0,23117.5,23117.25,0.5,2,2025-07-22 10:00:00-04:00,2025-07-22,10,5,23125.0,1.0,filled,True,20.0,-105.0
2025-07-17,5,bearish,23117.0,23117.5,23117.25,0.5,3,2025-07-22 10:03:00-04:00,2025-07-22,10,5,23120.25,1.0,filled,False,9.75,-109.75
2025-07-17,5,bearish,23117.0,23117.5,23117.25,0.5,4,2025-08-01 04:25:00-04:00,2025-08-01,4,15,23115.75,1.0,filled,True,53.5,-25.0
2025-07-17,5,bearish,23117.0,23117.5,23117.25,0.5,5,2025-08-01 04:50:00-04:00,2025-08-01,4,15,23119.5,1.0,filled,True,34.5,-21.25
2025-07-17,5,bearish,23117.0,23117.5,23117.25,0.5,6,2025-08-01 04:54:00-04:00,2025-08-01,4,15,23116.75,1.0,filled,True,31.75,-24.0
2025-07-17,5,bearish,23093.75,23097.25,23095.5,3.5,1,2025-08-01 04:27:00-04:00,2025-08-01,4,15,23088.0,1.0,filled,True,25.75,-52.75
2025-07-17,5,bearish,23093.75,23097.25,23095.5,3.5,2,2025-08-01 04:30:00-04:00,2025-08-01,4,15,23088.75,1.0,filled,True,26.5,-52.0
2025-07-17,5,bearish,23093.75,23097.25,23095.5,3.5,3,2025-08-01 04:42:00-04:00,2025-08-01,4,15,23085.5,0.21428571428571427,edge_near,False,9.0,-55.25
2025-07-17,5,bearish,23093.75,23097.25,23095.5,3.5,4,2025-08-01 04:45:00-04:00,2025-08-01,4,15,23101.0,1.0,filled,True,16.0,-39.75
2025-07-17,5,bearish,23093.75,23097.25,23095.5,3.5,5,2025-08-01 05:21:00-04:00,2025-08-01,5,15,23103.0,1.0,filled,True,18.0,-31.0
2025-07-17,5,bearish,23093.75,23097.25,23095.5,3.5,6,2025-08-01 05:25:00-04:00,2025-08-01,5,15,23097.25,1.0,filled,True,12.25,-36.75
2025-07-17,5,bullish,23093.75,23117.5,23105.625,23.75,1,2025-07-22 09:54:00-04:00,2025-07-22,9,5,23131.0,0.23157894736842105,edge_near,True,97.25,-26.0
2025-07-17,5,bullish,23093.75,23117.5,23105.625,23.75,2,2025-07-22 10:00:00-04:00,2025-07-22,10,5,23125.0,0.5263157894736842,through_CE,True,105.0,-20.0
2025-07-17,5,bullish,23093.75,23117.5,23105.625,23.75,3,2025-07-22 10:03:00-04:00,2025-07-22,10,5,23120.25,0.29473684210526313,approached_CE,True,109.75,-9.75
2025-07-17,5,bullish,23093.75,23117.5,23105.625,23.75,4,2025-08-01 04:25:00-04:00,2025-08-01,4,15,23115.75,1.0,filled,True,25.0,-53.5
2025-07-17,5,bullish,23093.75,23117.5,23105.625,23.75,5,2025-08-01 04:30:00-04:00,2025-08-01,4,15,23088.75,1.0,filled,True,52.0,-26.5
2025-07-17,5,bullish,23093.75,23117.5,23105.625,23.75,6,2025-08-01 04:42:00-04:00,2025-08-01,4,15,23085.5,1.0,filled,True,55.25,-9.0
2025-07-17,5,bullish,23128.25,23131.0,23129.625,2.75,1,2025-07-22 09:53:00-04:00,2025-07-22,9,5,23142.25,1.0,filled,True,86.0,-37.25
2025-07-17,5,bullish,23128.25,23131.0,23129.625,2.75,2,2025-07-22 09:58:00-04:00,2025-07-22,9,5,23130.25,1.0,filled,True,99.5,-25.25
2025-07-17,5,bullish,23128.25,23131.0,23129.625,2.75,3,2025-08-01 03:51:00-04:00,2025-08-01,3,15,23145.75,1.0,filled,True,31.0,-83.5
2025-07-17,5,bullish,23128.25,23131.0,23129.625,2.75,4,2025-08-01 04:12:00-04:00,2025-08-01,4,15,23150.5,1.0,filled,True,14.0,-88.25
2025-07-17,5,bullish,23128.25,23131.0,23129.625,2.75,5,2025-08-01 04:22:00-04:00,2025-08-01,4,15,23134.25,1.0,filled,False,6.5,-72.0
2025-07-17,5,bullish,23128.25,23131.0,23129.625,2.75,6,2025-08-01 05:04:00-04:00,2025-08-01,5,15,23133.75,1.0,filled,False,7.0,-48.75
2025-07-17,5,bullish,23138.0,23139.25,23138.625,1.25,1,2025-07-22 09:53:00-04:00,2025-07-22,9,5,23142.25,1.0,filled,True,86.0,-37.25
2025-07-17,5,bullish,23138.0,23139.25,23138.625,1.25,2,2025-07-22 10:02:00-04:00,2025-07-22,10,5,23130.25,1.0,filled,True,99.75,-19.75
2025-07-17,5,bullish,23138.0,23139.25,23138.625,1.25,3,2025-07-22 10:05:00-04:00,2025-07-22,10,5,23142.75,1.0,filled,True,87.25,-10.5
2025-07-17,5,bullish,23138.0,23139.25,23138.625,1.25,4,2025-08-01 03:50:00-04:00,2025-08-01,3,15,23145.0,1.0,filled,True,31.75,-82.75
2025-07-17,5,bullish,23138.0,23139.25,23138.625,1.25,5,2025-08-01 04:10:00-04:00,2025-08-01,4,15,23138.0,1.0,filled,True,26.5,-75.75
2025-07-17,5,bullish,23138.0,23139.25,23138.625,1.25,6,2025-08-01 04:21:00-04:00,2025-08-01,4,15,23134.0,1.0,filled,True,13.75,-71.75
2025-07-18,5,bullish,23271.75,23275.5,23273.625,3.75,1,2025-07-20 21:08:00-04:00,2025-07-20,21,2,23273.75,1.0,filled,False,4.25,-12.5
2025-07-18,5,bullish,23271.75,23275.5,23273.625,3.75,2,2025-07-20 21:15:00-04:00,2025-07-20,21,2,23274.5,1.0,filled,False,3.5,-13.25
2025-07-18,5,bullish,23271.75,23275.5,23273.625,3.75,3,2025-07-21 01:01:00-04:00,2025-07-21,1,3,23272.5,1.0,filled,False,3.5,-10.25
2025-07-18,5,bullish,23271.75,23275.5,23273.625,3.75,4,2025-07-21 01:30:00-04:00,2025-07-21,1,3,23272.0,1.0,filled,True,24.0,-6.25
2025-07-18,5,bullish,23271.75,23275.5,23273.625,3.75,5,2025-07-21 01:34:00-04:00,2025-07-21,1,3,23271.75,1.0,filled,True,24.25,-6.0
2025-07-18,5,bullish,23271.75,23275.5,23273.625,3.75,6,2025-07-21 01:46:00-04:00,2025-07-21,1,3,23270.5,1.0,filled,True,25.5,-4.75
2025-07-18,5,bearish,23270.25,23277.5,23273.875,7.25,1,2025-07-20 21:08:00-04:00,2025-07-20,21,2,23273.75,1.0,filled,True,12.5,-4.25
2025-07-18,5,bearish,23270.25,23277.5,23273.875,7.25,2,2025-07-20 21:34:00-04:00,2025-07-20,21,2,23269.25,0.06896551724137931,edge_near,False,8.0,-2.0
2025-07-18,5,bearish,23270.25,23277.5,23273.875,7.25,3,2025-07-20 21:42:00-04:00,2025-07-20,21,2,23268.75,0.06896551724137931,edge_near,True,11.25,-2.5
2025-07-18,5,bearish,23270.25,23277.5,23273.875,7.25,4,2025-07-20 22:30:00-04:00,2025-07-20,22,2,23269.0,0.13793103448275862,edge_near,True,19.0,-2.25
2025-07-18,5,bearish,23270.25,23277.5,23273.875,7.25,5,2025-07-21 00:57:00-04:00,2025-07-21,0,3,23269.5,0.034482758620689655,edge_near,False,7.25,-6.5
2025-07-18,5,bearish,23270.25,23277.5,23273.875,7.25,6,2025-07-21 01:00:00-04:00,2025-07-21,1,3,23270.25,0.7241379310344828,through_CE,False,8.0,-5.75
2025-07-18,5,bearish,23267.0,23267.5,23267.25,0.5,1,2025-07-20 21:08:00-04:00,2025-07-20,21,2,23273.75,1.0,filled,True,12.5,-4.25
2025-07-18,5,bearish,23267.0,23267.5,23267.25,0.5,2,2025-07-20 21:10:00-04:00,2025-07-20,21,2,23267.0,1.0,filled,False,5.75,-11.0
2025-07-18,5,bearish,23267.0,23267.5,23267.25,0.5,3,2025-07-20 21:27:00-04:00,2025-07-20,21,2,23267.75,1.0,filled,False,6.5,-4.25
2025-07-18,5,bearish,23267.0,23267.5,23267.25,0.5,4,2025-07-20 21:30:00-04:00,2025-07-20,21,2,23266.5,1.0,filled,False,5.25,-4.75
2025-07-18,5,bearish,23267.0,23267.5,23267.25,0.5,5,2025-07-20 21:33:00-04:00,2025-07-20,21,2,23264.0,1.0,filled,False,2.75,-7.25
2025-07-18,5,bearish,23267.0,23267.5,23267.25,0.5,6,2025-07-20 21:36:00-04:00,2025-07-20,21,2,23266.25,1.0,filled,False,8.0,-5.0
2025-07-21,5,bearish,23234.5,23236.0,23235.25,1.5,1,2025-07-22 09:46:00-04:00,2025-07-22,9,1,23232.5,1.0,filled,True,127.5,-25.5
2025-07-21,5,bearish,23234.5,23236.0,23235.25,1.5,2,2025-07-22 11:34:00-04:00,2025-07-22,11,1,23232.75,0.5,through_CE,True,69.25,-2.5
2025-07-21,5,bearish,23234.5,23236.0,23235.25,1.5,3,2025-07-22 11:48:00-04:00,2025-07-22,11,1,23226.5,0.16666666666666666,edge_near,True,67.25,-8.25
2025-07-21,5,bearish,23234.5,23236.0,23235.25,1.5,4,2025-07-22 13:28:00-04:00,2025-07-22,13,1,23246.75,1.0,filled,True,75.75,-3.75
2025-07-21,5,bearish,23234.5,23236.0,23235.25,1.5,5,2025-07-22 13:35:00-04:00,2025-07-22,13,1,23238.5,1.0,filled,True,67.5,-3.5
2025-07-21,5,bearish,23234.5,23236.0,23235.25,1.5,6,2025-07-22 13:39:00-04:00,2025-07-22,13,1,23236.5,1.0,filled,True,65.5,-10.5
2025-07-21,5,bullish,23234.25,23236.5,23235.375,2.25,1,2025-07-22 09:46:00-04:00,2025-07-22,9,1,23232.5,1.0,filled,True,25.5,-127.5
2025-07-21,5,bullish,23234.25,23236.5,23235.375,2.25,2,2025-07-22 11:34:00-04:00,2025-07-22,11,1,23232.75,1.0,filled,False,2.5,-69.25
2025-07-21,5,bullish,23234.25,23236.5,23235.375,2.25,3,2025-07-22 11:47:00-04:00,2025-07-22,11,1,23234.0,1.0,filled,False,0.75,-74.75
2025-07-21,5,bullish,23234.25,23236.5,23235.375,2.25,4,2025-07-22 13:28:00-04:00,2025-07-22,13,1,23246.75,1.0,filled,False,3.75,-75.75
2025-07-21,5,bullish,23234.25,23236.5,23235.375,2.25,5,2025-07-22 13:33:00-04:00,2025-07-22,13,1,23238.0,0.1111111111111111,edge_near,False,4.5,-67.0
2025-07-21,5,bullish,23234.25,23236.5,23235.375,2.25,6,2025-07-22 13:35:00-04:00,2025-07-22,13,1,23238.5,0.8888888888888888,filled,False,3.5,-67.5
2025-07-21,5,bullish,23241.5,23242.75,23242.125,1.25,1,2025-07-22 09:46:00-04:00,2025-07-22,9,1,23232.5,1.0,filled,True,25.5,-127.5
2025-07-21,5,bullish,23241.5,23242.75,23242.125,1.25,2,2025-07-22 13:28:00-04:00,2025-07-22,13,1,23246.75,1.0,filled,False,3.75,-75.75
2025-07-21,5,bullish,23241.5,23242.75,23242.125,1.25,3,2025-07-22 13:36:00-04:00,2025-07-22,13,1,23239.25,1.0,filled,False,7.25,-68.25
2025-07-21,5,bullish,23241.5,23242.75,23242.125,1.25,4,2025-07-22 14:36:00-04:00,2025-07-22,14,1,23241.5,1.0,filled,True,15.5,-11.25
2025-07-21,5,bullish,23241.5,23242.75,23242.125,1.25,5,2025-07-22 14:50:00-04:00,2025-07-22,14,1,23244.75,1.0,filled,True,12.25,-14.5
2025-07-21,5,bullish,23241.5,23242.75,23242.125,1.25,6,2025-07-22 15:04:00-04:00,2025-07-22,15,1,23242.0,1.0,filled,True,14.0,-48.75
2025-07-21,5,bullish,23246.75,23255.0,23250.875,8.25,1,2025-07-22 09:45:00-04:00,2025-07-22,9,1,23254.25,1.0,filled,True,25.0,-149.25
2025-07-21,5,bullish,23246.75,23255.0,23250.875,8.25,2,2025-07-22 13:28:00-04:00,2025-07-22,13,1,23246.75,1.0,filled,False,3.75,-75.75
2025-07-21,5,bullish,23246.75,23255.0,23250.875,8.25,3,2025-07-22 14:39:00-04:00,2025-07-22,14,1,23246.25,1.0,filled,True,10.75,-16.0
2025-07-21,5,bullish,23246.75,23255.0,23250.875,8.25,4,2025-07-22 14:51:00-04:00,2025-07-22,14,1,23243.75,1.0,filled,True,13.25,-13.5
2025-07-21,5,bullish,23246.75,23255.0,23250.875,8.25,5,2025-07-22 15:33:00-04:00,2025-07-22,15,1,23246.0,1.0,filled,True,10.0,-60.0
2025-07-21,5,bullish,23246.75,23255.0,23250.875,8.25,6,2025-07-22 15:58:00-04:00,2025-07-22,15,1,23244.25,1.0,filled,False,4.0,-58.25
2025-07-21,5,bullish,23258.0,23297.5,23277.75,39.5,1,2025-07-22 00:24:00-04:00,2025-07-22,0,1,23300.5,0.006329113924050633,edge_near,True,10.5,-3.25
2025-07-21,5,bullish,23258.0,23297.5,23277.75,39.5,2,2025-07-22 03:55:00-04:00,2025-07-22,3,1,23293.25,0.34177215189873417,approached_CE,True,28.0,-20.25
2025-07-21,5,bullish,23258.0,23297.5,23277.75,39.5,3,2025-07-22 04:00:00-04:00,2025-07-22,4,1,23279.75,0.5189873417721519,through_CE,True,36.5,-8.5
2025-07-21,5,bullish,23258.0,23297.5,23277.75,39.5,4,2025-07-22 04:22:00-04:00,2025-07-22,4,1,23298.0,0.7658227848101266,filled,False,5.0,-28.75
2025-07-21,5,bullish,23258.0,23297.5,23277.75,39.5,5,2025-07-22 06:13:00-04:00,2025-07-22,6,1,23294.0,0.5443037974683544,through_CE,True,30.25,-18.0
2025-07-21,5,bullish,23258.0,23297.5,23277.75,39.5,6,2025-07-22 09:31:00-04:00,2025-07-22,9,1,23294.25,0.46835443037974683,approached_CE,True,31.0,-189.25
2025-07-21,5,bullish,23300.75,23324.25,23312.5,23.5,1,2025-07-22 00:04:00-04:00,2025-07-22,0,1,23324.5,1.0,filled,False,1.25,-27.25
2025-07-21,5,bullish,23300.75,23324.25,23312.5,23.5,2,2025-07-22 03:07:00-04:00,2025-07-22,3,1,23326.5,0.0,edge_near,True,21.25,-49.5
2025-07-21,5,bullish,23300.75,23324.25,23312.5,23.5,3,2025-07-22 03:52:00-04:00,2025-07-22,3,1,23325.25,1.0,filled,False,1.75,-52.25
2025-07-21,5,bullish,23300.75,23324.25,23312.5,23.5,4,2025-07-22 03:59:00-04:00,2025-07-22,3,1,23304.5,1.0,filled,True,11.75,-33.25
2025-07-21,5,bullish,23300.75,23324.25,23312.5,23.5,5,2025-07-22 04:03:00-04:00,2025-07-22,4,1,23305.5,1.0,filled,True,10.75,-36.25
2025-07-21,5,bullish,23300.75,23324.25,23312.5,23.5,6,2025-07-22 06:12:00-04:00,2025-07-22,6,1,23299.25,1.0,filled,True,25.0,-23.25
2025-07-21,5,bullish,23330.75,23337.75,23334.25,7.0,1,2025-07-22 03:05:00-04:00,2025-07-22,3,1,23337.25,1.0,filled,True,10.5,-60.25
2025-07-21,5,bullish,23330.75,23337.75,23334.25,7.0,2,2025-07-22 03:10:00-04:00,2025-07-22,3,1,23344.5,1.0,filled,False,3.25,-67.5
2025-07-21,5,bullish,23330.75,23337.75,23334.25,7.0,3,2025-07-22 03:20:00-04:00,2025-07-22,3,1,23337.0,0.25,approached_CE,True,10.75,-60.0
2025-07-21,5,bullish,23330.75,23337.75,23334.25,7.0,4,2025-07-22 03:40:00-04:00,2025-07-22,3,1,23337.25,1.0,filled,True,10.0,-60.25
2025-07-21,5,bullish,23330.75,23337.75,23334.25,7.0,5,2025-07-22 07:56:00-04:00,2025-07-22,7,1,23326.0,1.0,filled,True,15.0,-6.0
2025-07-21,5,bullish,23330.75,23337.75,23334.25,7.0,6,2025-07-22 07:59:00-04:00,2025-07-22,7,1,23331.25,1.0,filled,False,9.75,-11.25
2025-07-21,5,bullish,23348.75,23365.25,23357.0,16.5,1,2025-07-22 09:30:00-04:00,2025-07-22,9,1,23318.75,1.0,filled,True,31.0,-213.75
2025-07-21,5,bullish,23348.75,23365.25,23357.0,16.5,2,2025-07-23 16:02:00-04:00,2025-07-23,16,2,23376.5,1.0,filled,True,40.0,-68.25
2025-07-21,5,bullish,23348.75,23365.25,23357.0,16.5,3,2025-07-23 16:07:00-04:00,2025-07-23,16,2,23350.0,1.0,filled,True,66.5,-20.0
2025-07-21,5,bullish,23348.75,23365.25,23357.0,16.5,4,2025-07-23 16:25:00-04:00,2025-07-23,16,2,23367.25,0.18181818181818182,edge_near,True,49.25,-5.0
2025-07-21,5,bullish,23348.75,23365.25,23357.0,16.5,5,2025-07-24 02:38:00-04:00,2025-07-24,2,3,23364.0,0.7727272727272727,filled,False,2.5,-11.5
2025-07-21,5,bullish,23348.75,23365.25,23357.0,16.5,6,2025-07-24 04:00:00-04:00,2025-07-24,4,3,23363.0,1.0,filled,True,28.25,-15.75
2025-07-22,5,bearish,23315.0,23328.0,23321.5,13.0,1,2025-07-23 14:25:00-04:00,2025-07-23,14,1,23322.0,0.6923076923076923,through_CE,True,37.0,-2.0
2025-07-22,5,bearish,23315.0,23328.0,23321.5,13.0,2,2025-07-23 15:59:00-04:00,2025-07-23,15,1,23324.5,1.0,filled,True,29.25,-92.0
2025-07-22,5,bearish,23315.0,23328.0,23321.5,13.0,3,2025-07-23 16:04:00-04:00,2025-07-23,16,1,23335.25,1.0,filled,False,7.5,-81.25
2025-07-22,5,bearish,23315.0,23328.0,23321.5,13.0,4,2025-07-24 08:47:00-04:00,2025-07-24,8,2,23328.0,1.0,filled,False,1.25,-71.5
2025-07-22,5,bearish,23315.0,23328.0,23321.5,13.0,5,2025-07-24 10:09:00-04:00,2025-07-24,10,2,23329.25,1.0,filled,True,30.75,-58.75
2025-07-22,5,bearish,23315.0,23328.0,23321.5,13.0,6,2025-07-24 10:14:00-04:00,2025-07-24,10,2,23312.75,1.0,filled,True,13.0,-78.25
2025-07-22,5,bearish,23279.25,23287.0,23283.125,7.75,1,2025-07-23 04:22:00-04:00,2025-07-23,4,1,23268.25,0.06451612903225806,edge_near,False,6.0,-15.0
2025-07-22,5,bearish,23279.25,23287.0,23283.125,7.75,2,2025-07-23 04:25:00-04:00,2025-07-23,4,1,23275.75,0.0,edge_near,True,13.25,-7.5
2025-07-22,5,bearish,23279.25,23287.0,23283.125,7.75,3,2025-07-23 04:27:00-04:00,2025-07-23,4,1,23277.5,0.03225806451612903,edge_near,True,15.0,-5.75
2025-07-22,5,bearish,23279.25,23287.0,23283.125,7.75,4,2025-07-23 04:48:00-04:00,2025-07-23,4,1,23277.0,0.3548387096774194,approached_CE,True,18.25,-6.25
2025-07-22,5,bearish,23279.25,23287.0,23283.125,7.75,5,2025-07-23 04:58:00-04:00,2025-07-23,4,1,23280.5,0.5161290322580645,through_CE,True,21.75,-2.75
2025-07-22,5,bearish,23279.25,23287.0,23283.125,7.75,6,2025-07-23 05:05:00-04:00,2025-07-23,5,1,23278.5,0.1935483870967742,edge_near,True,19.75,-2.25
2025-07-22,5,bearish,23221.5,23258.75,23240.125,37.25,1,2025-07-23 00:00:00-04:00,2025-07-23,0,1,23237.5,1.0,filled,False,5.0,-14.25
2025-07-22,5,bearish,23221.5,23258.75,23240.125,37.25,2,2025-07-23 03:25:00-04:00,2025-07-23,3,1,23259.75,1.0,filled,True,15.5,-20.0
2025-07-22,5,bearish,23221.5,23258.75,23240.125,37.25,3,2025-07-23 04:00:00-04:00,2025-07-23,4,1,23263.0,1.0,filled,False,6.5,-19.0
2025-07-22,5,bearish,23221.5,23258.75,23240.125,37.25,4,2025-07-23 04:02:00-04:00,2025-07-23,4,1,23257.25,1.0,filled,False,0.75,-24.75
2025-07-22,5,bearish,23221.5,23258.75,23240.125,37.25,5,2025-07-23 05:30:00-04:00,2025-07-23,5,1,23260.5,1.0,filled,False,1.75,-18.25
2025-07-22,5,bearish,23221.5,23258.75,23240.125,37.25,6,2025-07-23 05:35:00-04:00,2025-07-23,5,1,23260.75,1.0,filled,False,2.0,-20.75
2025-07-22,5,bearish,23172.75,23209.0,23190.875,36.25,1,2025-07-23 09:31:00-04:00,2025-07-23,9,1,23197.0,1.0,filled,True,54.5,-40.5
2025-07-22,5,bearish,23172.75,23209.0,23190.875,36.25,2,2025-07-23 09:41:00-04:00,2025-07-23,9,1,23209.25,1.0,filled,True,66.75,-13.0
2025-07-22,5,bearish,23172.75,23209.0,23190.875,36.25,3,2025-07-23 10:01:00-04:00,2025-07-23,10,1,23173.5,0.2482758620689655,edge_near,True,31.0,-44.75
2025-07-22,5,bearish,23172.75,23209.0,23190.875,36.25,4,2025-07-23 10:06:00-04:00,2025-07-23,10,1,23165.75,0.13793103448275862,edge_near,True,23.25,-52.5
2025-07-22,5,bearish,23172.75,23209.0,23190.875,36.25,5,2025-07-23 10:08:00-04:00,2025-07-23,10,1,23174.25,0.33793103448275863,approached_CE,True,31.75,-44.0
2025-07-22,5,bearish,23172.75,23209.0,23190.875,36.25,6,2025-07-23 10:15:00-04:00,2025-07-23,10,1,23174.5,0.6068965517241379,through_CE,True,26.5,-43.75
2025-07-23,5,bullish,23247.0,23254.25,23250.625,7.25,1,2025-07-31 18:41:00-04:00,2025-07-31,18,8,23249.5,1.0,filled,True,60.25,-7.75
2025-07-23,5,bullish,23247.0,23254.25,23250.625,7.25,2,2025-07-31 20:26:00-04:00,2025-07-31,20,8,23250.75,1.0,filled,True,67.0,-19.25
2025-07-23,5,bullish,23247.0,23254.25,23250.625,7.25,3,2025-07-31 20:29:00-04:00,2025-07-31,20,8,23247.75,1.0,filled,True,72.25,-12.75
2025-07-23,5,bullish,23247.0,23254.25,23250.625,7.25,4,2025-08-01 03:03:00-04:00,2025-08-01,3,9,23255.25,1.0,filled,False,5.25,-127.25
2025-07-23,5,bullish,23247.0,23254.25,23250.625,7.25,5,2025-08-04 09:58:00-04:00,2025-08-04,9,12,23245.25,1.0,filled,True,18.5,-51.25
2025-07-23,5,bullish,23247.0,23254.25,23250.625,7.25,6,2025-08-04 10:12:00-04:00,2025-08-04,10,12,23242.0,1.0,filled,True,19.75,-54.5
2025-07-23,5,bearish,23237.5,23254.25,23245.875,16.75,1,2025-07-31 18:41:00-04:00,2025-07-31,18,8,23249.5,1.0,filled,False,7.75,-60.25
2025-07-23,5,bearish,23237.5,23254.25,23245.875,16.75,2,2025-07-31 20:26:00-04:00,2025-07-31,20,8,23250.75,1.0,filled,True,19.25,-67.0
2025-07-23,5,bearish,23237.5,23254.25,23245.875,16.75,3,2025-08-01 03:03:00-04:00,2025-08-01,3,9,23255.25,1.0,filled,True,127.25,-5.25
2025-07-23,5,bearish,23237.5,23254.25,23245.875,16.75,4,2025-08-01 03:11:00-04:00,2025-08-01,3,9,23233.25,0.373134328358209,approached_CE,True,105.25,-10.5
2025-07-23,5,bearish,23237.5,23254.25,23245.875,16.75,5,2025-08-04 09:55:00-04:00,2025-08-04,9,12,23228.0,0.07462686567164178,edge_near,True,34.0,-35.75
2025-07-23,5,bearish,23237.5,23254.25,23245.875,16.75,6,2025-08-04 09:57:00-04:00,2025-08-04,9,12,23236.75,1.0,filled,True,42.75,-27.0
2025-07-23,5,bearish,23210.75,23212.25,23211.5,1.5,1,2025-08-01 03:19:00-04:00,2025-08-01,3,9,23206.5,1.0,filled,True,78.5,-11.0
2025-07-23,5,bearish,23210.75,23212.25,23211.5,1.5,2,2025-08-01 03:25:00-04:00,2025-08-01,3,9,23216.5,1.0,filled,True,100.75,-1.0
2025-07-23,5,bearish,23210.75,23212.25,23211.5,1.5,3,2025-08-04 09:45:00-04:00,2025-08-04,9,12,23213.75,1.0,filled,True,24.25,-50.0
2025-07-23,5,bearish,23210.75,23212.25,23211.5,1.5,4,2025-08-04 09:49:00-04:00,2025-08-04,9,12,23216.75,1.0,filled,True,18.25,-47.0
2025-07-23,5,bearish,23210.75,23212.25,23211.5,1.5,5,2025-08-04 09:56:00-04:00,2025-08-04,9,12,23217.75,1.0,filled,True,23.75,-46.0
2025-07-23,5,bearish,23210.75,23212.25,23211.5,1.5,6,2025-08-04 10:45:00-04:00,2025-08-04,10,12,23215.25,1.0,filled,True,27.75,-38.25
2025-07-24,5,bullish,23359.0,23367.0,23363.0,8.0,1,2025-07-25 03:30:00-04:00,2025-07-25,3,1,23370.25,0.0625,edge_near,False,7.75,-21.5
2025-07-24,5,bullish,23359.0,23367.0,23363.0,8.0,2,2025-07-25 03:33:00-04:00,2025-07-25,3,1,23370.0,0.59375,through_CE,False,9.0,-21.25
2025-07-24,5,bullish,23359.0,23367.0,23363.0,8.0,3,2025-07-25 03:44:00-04:00,2025-07-25,3,1,23364.25,1.0,filled,True,15.5,-15.5
2025-07-24,5,bullish,23359.0,23367.0,23363.0,8.0,4,2025-07-25 03:55:00-04:00,2025-07-25,3,1,23362.0,1.0,filled,True,19.25,-13.25
2025-07-24,5,bullish,23359.0,23367.0,23363.0,8.0,5,2025-07-25 04:02:00-04:00,2025-07-25,4,1,23366.5,0.53125,through_CE,True,14.75,-17.75
2025-07-24,5,bullish,23359.0,23367.0,23363.0,8.0,6,2025-07-25 04:14:00-04:00,2025-07-25,4,1,23368.25,1.0,filled,True,13.0,-19.5
2025-07-25,5,bullish,23366.5,23372.75,23369.625,6.25,1,2025-07-30 15:00:00-04:00,2025-07-30,15,5,23389.75,1.0,filled,True,106.5,-34.75
2025-07-25,5,bullish,23366.5,23372.75,23369.625,6.25,2,2025-07-30 15:05:00-04:00,2025-07-30,15,5,23371.25,1.0,filled,True,242.75,-13.25
2025-07-25,5,bullish,23366.5,23372.75,23369.625,6.25,3,2025-07-30 15:08:00-04:00,2025-07-30,15,5,23397.0,0.68,through_CE,True,261.75,-28.5
2025-07-25,5,bullish,23366.5,23372.75,23369.625,6.25,4,2025-07-31 13:58:00-04:00,2025-07-31,13,6,23367.0,1.0,filled,True,98.25,-61.25
2025-07-25,5,bullish,23366.5,23372.75,23369.625,6.25,5,2025-07-31 14:06:00-04:00,2025-07-31,14,6,23366.75,1.0,filled,True,98.5,-61.0
2025-07-25,5,bullish,23366.5,23372.75,23369.625,6.25,6,2025-07-31 14:20:00-04:00,2025-07-31,14,6,23371.0,1.0,filled,True,94.25,-22.25
2025-07-28,5,bearish,23498.25,23511.5,23504.875,13.25,1,2025-07-29 11:05:00-04:00,2025-07-29,11,1,23508.75,1.0,filled,True,70.75,-23.0
2025-07-28,5,bearish,23498.25,23511.5,23504.875,13.25,2,2025-07-29 11:14:00-04:00,2025-07-29,11,1,23510.5,1.0,filled,True,72.5,-11.0
2025-07-28,5,bearish,23498.25,23511.5,23504.875,13.25,3,2025-07-29 11:49:00-04:00,2025-07-29,11,1,23498.0,1.0,filled,True,49.25,-21.75
2025-07-28,5,bearish,23498.25,23511.5,23504.875,13.25,4,2025-07-29 12:56:00-04:00,2025-07-29,12,1,23499.75,1.0,filled,True,37.75,-24.5
2025-07-28,5,bearish,23498.25,23511.5,23504.875,13.25,5,2025-07-29 13:13:00-04:00,2025-07-29,13,1,23514.5,1.0,filled,True,52.5,-9.75
2025-07-28,5,bearish,23498.25,23511.5,23504.875,13.25,6,2025-07-29 13:18:00-04:00,2025-07-29,13,1,23511.5,1.0,filled,True,49.5,-12.75
2025-07-28,5,bearish,23487.25,23496.25,23491.75,9.0,1,2025-07-29 11:16:00-04:00,2025-07-29,11,1,23503.0,1.0,filled,True,65.0,-16.75
2025-07-28,5,bearish,23487.25,23496.25,23491.75,9.0,2,2025-07-29 11:18:00-04:00,2025-07-29,11,1,23495.5,1.0,filled,True,57.5,-24.25
2025-07-28,5,bearish,23487.25,23496.25,23491.75,9.0,3,2025-07-29 11:33:00-04:00,2025-07-29,11,1,23490.25,0.6388888888888888,through_CE,True,52.25,-29.5
2025-07-28,5,bearish,23487.25,23496.25,23491.75,9.0,4,2025-07-29 11:47:00-04:00,2025-07-29,11,1,23489.25,1.0,filled,True,40.5,-30.5
2025-07-28,5,bearish,23487.25,23496.25,23491.75,9.0,5,2025-07-29 12:03:00-04:00,2025-07-29,12,1,23499.25,1.0,filled,True,50.5,-18.0
2025-07-28,5,bearish,23487.25,23496.25,23491.75,9.0,6,2025-07-29 12:07:00-04:00,2025-07-29,12,1,23488.25,1.0,filled,True,39.5,-29.0
2025-07-29,5,bullish,23601.5,23625.25,23613.375,23.75,1,2025-07-30 16:02:00-04:00,2025-07-30,16,1,23556.0,1.0,filled,True,132.0,-65.5
2025-07-29,5,bullish,23601.5,23625.25,23613.375,23.75,2,2025-07-30 16:05:00-04:00,2025-07-30,16,1,23612.25,1.0,filled,True,75.75,-45.5
2025-07-29,5,bullish,23601.5,23625.25,23613.375,23.75,3,2025-07-31 09:43:00-04:00,2025-07-31,9,2,23629.75,0.7157894736842105,through_CE,True,75.25,-29.75
2025-07-29,5,bullish,23601.5,23625.25,23613.375,23.75,4,2025-07-31 10:26:00-04:00,2025-07-31,10,2,23624.25,0.14736842105263157,edge_near,True,32.75,-140.5
2025-07-29,5,bullish,23601.5,23625.25,23613.375,23.75,5,2025-07-31 10:33:00-04:00,2025-07-31,10,2,23624.75,1.0,filled,True,22.25,-141.0
2025-07-29,5,bullish,23601.5,23625.25,23613.375,23.75,6,2025-07-31 10:47:00-04:00,2025-07-31,10,2,23605.0,1.0,filled,False,5.5,-121.25
2025-07-29,5,bearish,23592.5,23615.0,23603.75,22.5,1,2025-07-30 16:02:00-04:00,2025-07-30,16,1,23556.0,1.0,filled,True,65.5,-132.0
2025-07-29,5,bearish,23592.5,23615.0,23603.75,22.5,2,2025-07-31 09:45:00-04:00,2025-07-31,9,2,23618.25,1.0,filled,True,26.25,-86.75
2025-07-29,5,bearish,23592.5,23615.0,23603.75,22.5,3,2025-07-31 10:35:00-04:00,2025-07-31,10,2,23620.75,1.0,filled,True,137.0,-13.25
2025-07-29,5,bearish,23592.5,23615.0,23603.75,22.5,4,2025-07-31 10:41:00-04:00,2025-07-31,10,2,23616.5,1.0,filled,True,132.75,-9.0
2025-07-29,5,bearish,23592.5,23615.0,23603.75,22.5,5,2025-07-31 12:02:00-04:00,2025-07-31,12,2,23593.0,0.044444444444444446,edge_near,True,49.75,-24.0
2025-07-29,5,bearish,23592.5,23615.0,23603.75,22.5,6,2025-07-31 12:09:00-04:00,2025-07-31,12,2,23594.25,1.0,filled,True,52.25,-22.75
2025-07-30,5,bearish,23483.25,23489.25,23486.25,6.0,1,2025-07-31 11:16:00-04:00,2025-07-31,11,1,23484.25,1.0,filled,False,0.5,-119.75
2025-07-30,5,bearish,23483.25,23489.25,23486.25,6.0,2,2025-07-31 13:25:00-04:00,2025-07-31,13,1,23475.75,1.0,filled,True,170.0,-21.75
2025-07-30,5,bearish,23483.25,23489.25,23486.25,6.0,3,2025-07-31 13:45:00-04:00,2025-07-31,13,1,23491.5,1.0,filled,True,185.75,-4.0
2025-07-30,5,bearish,23483.25,23489.25,23486.25,6.0,4,2025-08-06 20:25:00-04:00,2025-08-06,20,7,23484.5,1.0,filled,False,7.0,-18.0
2025-07-30,5,bearish,23483.25,23489.25,23486.25,6.0,5,2025-08-06 20:33:00-04:00,2025-08-06,20,7,23488.0,1.0,filled,False,6.75,-14.5
2025-07-30,5,bearish,23483.25,23489.25,23486.25,6.0,6,2025-08-06 20:44:00-04:00,2025-08-06,20,7,23491.25,1.0,filled,True,12.5,-19.75
2025-07-31,5,bearish,23783.25,23791.75,23787.5,8.5,1,2025-08-11 12:08:00-04:00,2025-08-11,12,11,23789.25,1.0,filled,True,59.25,-15.25
2025-07-31,5,bearish,23783.25,23791.75,23787.5,8.5,2,2025-08-11 12:12:00-04:00,2025-08-11,12,11,23790.5,1.0,filled,True,60.5,-13.25
2025-07-31,5,bearish,23783.25,23791.75,23787.5,8.5,3,2025-08-11 12:20:00-04:00,2025-08-11,12,11,23778.0,0.029411764705882353,edge_near,True,53.5,-11.5
2025-07-31,5,bearish,23783.25,23791.75,23787.5,8.5,4,2025-08-11 12:22:00-04:00,2025-08-11,12,11,23784.25,0.47058823529411764,approached_CE,True,59.75,-5.25
2025-07-31,5,bearish,23783.25,23791.75,23787.5,8.5,5,2025-08-11 12:29:00-04:00,2025-08-11,12,11,23785.5,0.7352941176470589,through_CE,True,62.0,-4.0
2025-07-31,5,bearish,23783.25,23791.75,23787.5,8.5,6,2025-08-12 08:35:00-04:00,2025-08-12,8,12,23782.25,1.0,filled,True,72.25,-40.0
2025-07-31,5,bearish,23774.75,23779.5,23777.125,4.75,1,2025-08-11 12:07:00-04:00,2025-08-11,12,11,23779.25,1.0,filled,True,49.25,-25.25
2025-07-31,5,bearish,23774.75,23779.5,23777.125,4.75,2,2025-08-11 12:19:00-04:00,2025-08-11,12,11,23779.0,1.0,filled,True,54.5,-10.5
2025-07-31,5,bearish,23774.75,23779.5,23777.125,4.75,3,2025-08-11 12:25:00-04:00,2025-08-11,12,11,23777.0,1.0,filled,True,52.5,-12.5
2025-07-31,5,bearish,23774.75,23779.5,23777.125,4.75,4,2025-08-11 12:34:00-04:00,2025-08-11,12,11,23779.25,1.0,filled,True,55.75,-2.75
2025-07-31,5,bearish,23774.75,23779.5,23777.125,4.75,5,2025-08-12 08:35:00-04:00,2025-08-12,8,12,23782.25,1.0,filled,True,72.25,-40.0
2025-07-31,5,bearish,23774.75,23779.5,23777.125,4.75,6,2025-08-12 08:45:00-04:00,2025-08-12,8,12,23782.75,1.0,filled,True,72.75,-25.75
2025-07-31,5,bearish,23752.25,23773.0,23762.625,20.75,1,2025-08-08 16:13:00-04:00,2025-08-08,16,8,23751.75,0.6144578313253012,through_CE,False,9.0,-16.75
2025-07-31,5,bearish,23752.25,23773.0,23762.625,20.75,2,2025-08-08 16:52:00-04:00,2025-08-08,16,8,23751.5,0.8554216867469879,filled,False,1.25,-17.0
2025-07-31,5,bearish,23752.25,23773.0,23762.625,20.75,3,2025-08-10 21:39:00-04:00,2025-08-10,21,10,23761.25,0.4939759036144578,approached_CE,True,13.25,-9.75
2025-07-31,5,bearish,23752.25,23773.0,23762.625,20.75,4,2025-08-10 21:49:00-04:00,2025-08-10,21,10,23751.5,1.0,filled,False,2.5,-19.5
2025-07-31,5,bearish,23752.25,23773.0,23762.625,20.75,5,2025-08-11 00:04:00-04:00,2025-08-11,0,11,23752.25,0.0963855421686747,edge_near,True,17.75,-6.75
2025-07-31,5,bearish,23752.25,23773.0,23762.625,20.75,6,2025-08-11 00:09:00-04:00,2025-08-11,0,11,23752.25,0.3253012048192771,approached_CE,True,17.75,-6.75
2025-07-31,5,bearish,23680.75,23743.0,23711.875,62.25,1,2025-08-08 10:27:00-04:00,2025-08-08,10,8,23679.75,0.09236947791164658,edge_near,True,36.75,-23.0
2025-07-31,5,bearish,23680.75,23743.0,23711.875,62.25,2,2025-08-08 10:30:00-04:00,2025-08-08,10,8,23684.0,0.3534136546184739,approached_CE,True,41.0,-18.75
2025-07-31,5,bearish,23680.75,23743.0,23711.875,62.25,3,2025-08-08 11:09:00-04:00,2025-08-08,11,8,23673.25,0.01606425702811245,edge_near,True,61.25,-23.5
2025-07-31,5,bearish,23680.75,23743.0,23711.875,62.25,4,2025-08-08 11:15:00-04:00,2025-08-08,11,8,23680.25,0.004016064257028112,edge_near,True,68.25,-16.5
2025-07-31,5,bearish,23680.75,23743.0,23711.875,62.25,5,2025-08-08 11:18:00-04:00,2025-08-08,11,8,23676.25,0.01606425702811245,edge_near,True,64.25,-30.5
2025-07-31,5,bearish,23680.75,23743.0,23711.875,62.25,6,2025-08-08 11:56:00-04:00,2025-08-08,11,8,23677.75,0.012048192771084338,edge_near,False,4.5,-29.0
2025-07-31,5,bullish,23661.25,23666.75,23664.0,5.5,1,2025-08-07 10:00:00-04:00,2025-08-07,10,7,23654.25,1.0,filled,True,17.0,-136.0
2025-07-31,5,bullish,23661.25,23666.75,23664.0,5.5,2,2025-08-08 10:06:00-04:00,2025-08-08,10,8,23662.75,1.0,filled,True,40.0,-36.5
2025-07-31,5,bullish,23661.25,23666.75,23664.0,5.5,3,2025-08-08 10:09:00-04:00,2025-08-08,10,8,23667.0,1.0,filled,True,35.75,-40.75
2025-07-31,5,bullish,23661.25,23666.75,23664.0,5.5,4,2025-08-08 10:19:00-04:00,2025-08-08,10,8,23656.25,1.0,filled,True,46.5,-13.25
2025-07-31,5,bullish,23661.25,23666.75,23664.0,5.5,5,2025-08-08 10:21:00-04:00,2025-08-08,10,8,23652.0,1.0,filled,True,50.75,-9.0
2025-07-31,5,bullish,23661.25,23666.75,23664.0,5.5,6,2025-08-08 10:51:00-04:00,2025-08-08,10,8,23670.75,1.0,filled,True,11.0,-58.75
2025-08-01,5,bearish,23032.75,23046.25,23039.5,13.5,1,2025-08-04 03:33:00-04:00,2025-08-04,3,3,23033.0,0.9444444444444444,filled,True,27.75,-19.75
2025-08-01,5,bearish,23032.75,23046.25,23039.5,13.5,2,2025-08-04 04:07:00-04:00,2025-08-04,4,3,23030.75,0.3888888888888889,approached_CE,False,7.5,-37.75
2025-08-01,5,bearish,23032.75,23046.25,23039.5,13.5,3,2025-08-04 04:12:00-04:00,2025-08-04,4,3,23037.0,1.0,filled,False,7.0,-31.5
2025-08-01,5,bearish,23032.75,23046.25,23039.5,13.5,4,2025-08-04 04:19:00-04:00,2025-08-04,4,3,23045.25,1.0,filled,True,15.25,-27.5
2025-08-01,5,bearish,23032.75,23046.25,23039.5,13.5,5,2025-08-04 07:02:00-04:00,2025-08-04,7,3,23041.25,1.0,filled,False,9.75,-35.75
2025-08-01,5,bearish,23032.75,23046.25,23039.5,13.5,6,2025-08-04 07:56:00-04:00,2025-08-04,7,3,23042.75,1.0,filled,False,6.25,-49.25
2025-08-01,5,bearish,22992.25,23000.5,22996.375,8.25,1,2025-08-04 01:31:00-04:00,2025-08-04,1,3,22992.0,0.42424242424242425,approached_CE,True,26.25,-9.25
2025-08-01,5,bearish,22992.25,23000.5,22996.375,8.25,2,2025-08-04 01:36:00-04:00,2025-08-04,1,3,22992.25,0.36363636363636365,approached_CE,True,35.0,-9.0
2025-08-01,5,bearish,22992.25,23000.5,22996.375,8.25,3,2025-08-04 01:41:00-04:00,2025-08-04,1,3,22992.25,0.3939393939393939,approached_CE,True,44.75,-9.0
2025-08-01,5,bearish,22992.25,23000.5,22996.375,8.25,4,2025-08-04 01:48:00-04:00,2025-08-04,1,3,22991.5,0.030303030303030304,edge_near,True,44.0,-9.75
2025-08-01,5,bearish,22992.25,23000.5,22996.375,8.25,5,2025-08-04 01:50:00-04:00,2025-08-04,1,3,22995.0,0.42424242424242425,approached_CE,True,47.5,-6.25
2025-08-01,5,bearish,22992.25,23000.5,22996.375,8.25,6,2025-08-04 02:02:00-04:00,2025-08-04,2,3,22993.0,0.6666666666666666,through_CE,True,45.5,-8.25
2025-08-01,5,bearish,22929.5,22976.25,22952.875,46.75,1,2025-08-03 19:22:00-04:00,2025-08-03,19,2,22928.0,0.0106951871657754,edge_near,True,44.0,-16.5
2025-08-01,5,bearish,22929.5,22976.25,22952.875,46.75,2,2025-08-03 19:26:00-04:00,2025-08-03,19,2,22924.25,0.0427807486631016,edge_near,True,40.25,-20.25
2025-08-01,5,bearish,22929.5,22976.25,22952.875,46.75,3,2025-08-03 20:03:00-04:00,2025-08-03,20,2,22923.0,0.0,edge_near,False,6.25,-42.0
2025-08-01,5,bearish,22929.5,22976.25,22952.875,46.75,4,2025-08-03 20:08:00-04:00,2025-08-03,20,2,22923.25,0.0,edge_near,False,4.5,-42.0
2025-08-01,5,bearish,22929.5,22976.25,22952.875,46.75,5,2025-08-03 20:10:00-04:00,2025-08-03,20,2,22936.25,0.32085561497326204,approached_CE,True,16.0,-29.0
2025-08-01,5,bearish,22929.5,22976.25,22952.875,46.75,6,2025-08-03 20:36:00-04:00,2025-08-03,20,2,22931.25,0.13903743315508021,edge_near,False,8.5,-35.25
2025-08-01,5,bearish,22909.25,22917.75,22913.5,8.5,1,2025-08-03 18:53:00-04:00,2025-08-03,18,2,22908.25,0.7352941176470589,through_CE,True,26.0,-23.25
2025-08-01,5,bearish,22909.25,22917.75,22913.5,8.5,2,2025-08-03 19:15:00-04:00,2025-08-03,19,2,22908.0,1.0,filled,True,24.0,-31.25
2025-08-01,5,bearish,22909.25,22917.75,22913.5,8.5,3,2025-08-03 19:29:00-04:00,2025-08-03,19,2,22921.25,1.0,filled,True,37.25,-23.25
2025-08-01,5,bearish,22909.25,22917.75,22913.5,8.5,4,2025-08-03 19:47:00-04:00,2025-08-03,19,2,22910.0,1.0,filled,False,8.25,-39.0
2025-08-01,5,bearish,22909.25,22917.75,22913.5,8.5,5,2025-08-03 19:57:00-04:00,2025-08-03,19,2,22916.25,1.0,filled,False,6.0,-47.0
2025-08-01,5,bearish,22909.25,22917.75,22913.5,8.5,6,2025-08-03 20:04:00-04:00,2025-08-03,20,2,22919.75,1.0,filled,False,3.0,-45.5
2025-08-04,5,bullish,23088.25,23088.75,23088.5,0.5,1,2025-08-05 16:32:00-04:00,2025-08-05,16,1,23088.0,1.0,filled,True,19.75,-6.0
2025-08-04,5,bullish,23088.25,23088.75,23088.5,0.5,2,2025-08-05 16:56:00-04:00,2025-08-05,16,1,23086.25,1.0,filled,False,9.5,-4.25
2025-08-04,5,bullish,23088.25,23088.75,23088.5,0.5,3,2025-08-05 19:03:00-04:00,2025-08-05,19,1,23084.0,1.0,filled,True,13.75,-35.0
2025-08-04,5,bullish,23088.25,23088.75,23088.5,0.5,4,2025-08-05 19:05:00-04:00,2025-08-05,19,1,23087.0,1.0,filled,True,10.75,-38.0
2025-08-04,5,bullish,23088.25,23088.75,23088.5,0.5,5,2025-08-05 19:07:00-04:00,2025-08-05,19,1,23083.0,1.0,filled,True,14.75,-34.0
2025-08-04,5,bullish,23088.25,23088.75,23088.5,0.5,6,2025-08-05 19:13:00-04:00,2025-08-05,19,1,23084.75,1.0,filled,True,13.0,-35.75
2025-08-04,5,bullish,23097.25,23127.25,23112.25,30.0,1,2025-08-05 11:35:00-04:00,2025-08-05,11,1,23124.5,0.20833333333333334,edge_near,True,101.25,-11.0
2025-08-04,5,bullish,23097.25,23127.25,23112.25,30.0,2,2025-08-05 11:40:00-04:00,2025-08-05,11,1,23126.0,0.4583333333333333,approached_CE,True,99.75,-12.5
2025-08-04,5,bullish,23097.25,23127.25,23112.25,30.0,3,2025-08-05 11:50:00-04:00,2025-08-05,11,1,23125.25,0.24166666666666667,edge_near,True,100.5,-5.25
2025-08-04,5,bullish,23097.25,23127.25,23112.25,30.0,4,2025-08-05 14:52:00-04:00,2025-08-05,14,1,23122.75,0.4,approached_CE,True,54.5,-7.5
2025-08-04,5,bullish,23097.25,23127.25,23112.25,30.0,5,2025-08-05 14:55:00-04:00,2025-08-05,14,1,23123.75,0.24166666666666667,edge_near,True,53.5,-3.75
2025-08-04,5,bullish,23097.25,23127.25,23112.25,30.0,6,2025-08-05 15:58:00-04:00,2025-08-05,15,1,23122.75,0.2,edge_near,True,44.25,-38.0
2025-08-04,5,bullish,23130.75,23149.5,23140.125,18.75,1,2025-08-05 10:48:00-04:00,2025-08-05,10,1,23142.0,0.5733333333333334,through_CE,True,78.0,-28.5
2025-08-04,5,bullish,23130.75,23149.5,23140.125,18.75,2,2025-08-05 11:35:00-04:00,2025-08-05,11,1,23124.5,1.0,filled,True,101.25,-11.0
2025-08-04,5,bullish,23130.75,23149.5,23140.125,18.75,3,2025-08-05 11:42:00-04:00,2025-08-05,11,1,23135.25,1.0,filled,True,90.5,-20.5
2025-08-04,5,bullish,23130.75,23149.5,23140.125,18.75,4,2025-08-05 11:49:00-04:00,2025-08-05,11,1,23136.5,1.0,filled,True,89.25,-16.5
2025-08-04,5,bullish,23130.75,23149.5,23140.125,18.75,5,2025-08-05 12:45:00-04:00,2025-08-05,12,1,23150.5,0.68,through_CE,True,73.25,-13.75
2025-08-04,5,bullish,23130.75,23149.5,23140.125,18.75,6,2025-08-05 14:44:00-04:00,2025-08-05,14,1,23163.25,0.38666666666666666,approached_CE,True,14.0,-48.0
2025-08-04,5,bullish,23173.5,23189.5,23181.5,16.0,1,2025-08-05 10:44:00-04:00,2025-08-05,10,1,23187.5,1.0,filled,True,32.5,-74.0
2025-08-04,5,bullish,23173.5,23189.5,23181.5,16.0,2,2025-08-05 10:53:00-04:00,2025-08-05,10,1,23173.75,1.0,filled,True,46.25,-60.25
2025-08-04,5,bullish,23173.5,23189.5,23181.5,16.0,3,2025-08-05 10:57:00-04:00,2025-08-05,10,1,23176.75,1.0,filled,True,43.25,-63.25
2025-08-04,5,bullish,23173.5,23189.5,23181.5,16.0,4,2025-08-05 11:10:00-04:00,2025-08-05,11,1,23167.0,1.0,filled,True,53.0,-53.5
2025-08-04,5,bullish,23173.5,23189.5,23181.5,16.0,5,2025-08-05 11:16:00-04:00,2025-08-05,11,1,23192.5,0.828125,filled,True,12.25,-79.0
2025-08-04,5,bullish,23173.5,23189.5,23181.5,16.0,6,2025-08-05 11:21:00-04:00,2025-08-05,11,1,23186.0,1.0,filled,True,23.25,-72.5
2025-08-04,5,bullish,23197.0,23198.5,23197.75,1.5,1,2025-08-05 10:43:00-04:00,2025-08-05,10,1,23191.5,1.0,filled,True,28.5,-78.0
2025-08-04,5,bullish,23197.0,23198.5,23197.75,1.5,2,2025-08-05 11:02:00-04:00,2025-08-05,11,1,23200.25,1.0,filled,True,19.75,-86.75
2025-08-04,5,bullish,23197.0,23198.5,23197.75,1.5,3,2025-08-05 11:09:00-04:00,2025-08-05,11,1,23200.0,1.0,filled,True,20.0,-86.5
2025-08-04,5,bullish,23197.0,23198.5,23197.75,1.5,4,2025-08-05 11:13:00-04:00,2025-08-05,11,1,23206.5,1.0,filled,True,13.5,-93.0
2025-08-04,5,bullish,23197.0,23198.5,23197.75,1.5,5,2025-08-05 11:16:00-04:00,2025-08-05,11,1,23192.5,1.0,filled,True,12.25,-79.0
2025-08-04,5,bullish,23197.0,23198.5,23197.75,1.5,6,2025-08-05 11:18:00-04:00,2025-08-05,11,1,23202.5,1.0,filled,False,2.25,-89.0
2025-08-04,5,bullish,23229.5,23239.25,23234.375,9.75,1,2025-08-05 10:36:00-04:00,2025-08-05,10,1,23245.25,1.0,filled,False,4.25,-124.25
2025-08-04,5,bullish,23229.5,23239.25,23234.375,9.75,2,2025-08-05 13:46:00-04:00,2025-08-05,13,1,23227.25,1.0,filled,True,24.75,-85.0
2025-08-04,5,bullish,23229.5,23239.25,23234.375,9.75,3,2025-08-05 13:59:00-04:00,2025-08-05,13,1,23241.0,1.0,filled,True,11.0,-125.75
2025-08-04,5,bullish,23229.5,23239.25,23234.375,9.75,4,2025-08-05 14:05:00-04:00,2025-08-05,14,1,23234.0,0.7435897435897436,through_CE,True,14.25,-118.75
2025-08-04,5,bullish,23229.5,23239.25,23234.375,9.75,5,2025-08-05 14:09:00-04:00,2025-08-05,14,1,23235.5,1.0,filled,True,12.75,-120.25
2025-08-04,5,bullish,23229.5,23239.25,23234.375,9.75,6,2025-08-06 09:48:00-04:00,2025-08-06,9,2,23235.25,1.0,filled,True,49.75,-71.0
2025-08-05,5,bearish,23362.25,23362.5,23362.375,0.25,1,2025-08-06 11:51:00-04:00,2025-08-06,11,1,23368.25,1.0,filled,True,22.25,-21.25
2025-08-05,5,bearish,23362.25,23362.5,23362.375,0.25,2,2025-08-06 11:55:00-04:00,2025-08-06,11,1,23374.0,1.0,filled,True,28.0,-15.5
2025-08-05,5,bearish,23362.25,23362.5,23362.375,0.25,3,2025-08-06 12:00:00-04:00,2025-08-06,12,1,23359.25,1.0,filled,True,13.25,-30.25
2025-08-05,5,bearish,23362.25,23362.5,23362.375,0.25,4,2025-08-06 12:13:00-04:00,2025-08-06,12,1,23365.0,1.0,filled,True,19.0,-24.5
2025-08-05,5,bearish,23362.25,23362.5,23362.375,0.25,5,2025-08-06 12:26:00-04:00,2025-08-06,12,1,23366.5,1.0,filled,True,20.5,-23.0
2025-08-05,5,bearish,23362.25,23362.5,23362.375,0.25,6,2025-08-06 12:42:00-04:00,2025-08-06,12,1,23362.0,1.0,filled,True,16.0,-34.5
2025-08-06,5,bullish,23183.75,23185.0,23184.375,1.25,1,2025-08-20 09:53:00-04:00,2025-08-20,9,14,23187.0,1.0,filled,True,45.0,-151.75
2025-08-06,5,bullish,23183.75,23185.0,23184.375,1.25,2,2025-08-20 10:04:00-04:00,2025-08-20,10,14,23170.75,1.0,filled,True,33.75,-135.5
2025-08-06,5,bullish,23183.75,23185.0,23184.375,1.25,3,2025-08-20 11:20:00-04:00,2025-08-20,11,14,23184.5,1.0,filled,True,93.75,-32.0
2025-08-06,5,bullish,23183.75,23185.0,23184.375,1.25,4,2025-08-20 11:52:00-04:00,2025-08-20,11,14,23173.75,1.0,filled,True,130.0,-21.25
2025-08-06,5,bullish,23183.75,23185.0,23184.375,1.25,5,2025-08-20 12:01:00-04:00,2025-08-20,12,14,23197.25,1.0,filled,True,106.5,-19.0
2025-08-06,5,bullish,23183.75,23185.0,23184.375,1.25,6,2025-08-21 09:46:00-04:00,2025-08-21,9,15,23181.25,1.0,filled,True,167.0,-26.0
2025-08-06,5,bearish,23178.75,23185.0,23181.875,6.25,1,2025-08-20 09:53:00-04:00,2025-08-20,9,14,23187.0,1.0,filled,True,151.75,-45.0
2025-08-06,5,bearish,23178.75,23185.0,23181.875,6.25,2,2025-08-20 10:04:00-04:00,2025-08-20,10,14,23170.75,1.0,filled,True,135.5,-33.75
2025-08-06,5,bearish,23178.75,23185.0,23181.875,6.25,3,2025-08-20 11:20:00-04:00,2025-08-20,11,14,23184.5,1.0,filled,True,32.0,-93.75
2025-08-06,5,bearish,23178.75,23185.0,23181.875,6.25,4,2025-08-20 11:52:00-04:00,2025-08-20,11,14,23173.75,1.0,filled,True,21.25,-130.0
2025-08-06,5,bearish,23178.75,23185.0,23181.875,6.25,5,2025-08-20 11:55:00-04:00,2025-08-20,11,14,23175.25,0.6,through_CE,True,22.75,-128.5
2025-08-06,5,bearish,23178.75,23185.0,23181.875,6.25,6,2025-08-20 12:00:00-04:00,2025-08-20,12,14,23179.5,1.0,filled,True,10.75,-124.25
2025-08-08,5,bullish,23579.75,23604.0,23591.875,24.25,1,2025-08-11 15:53:00-04:00,2025-08-11,15,3,23603.0,0.7010309278350515,through_CE,True,45.5,-16.0
2025-08-08,5,bullish,23579.75,23604.0,23591.875,24.25,2,2025-08-12 01:03:00-04:00,2025-08-12,1,4,23616.25,0.08247422680412371,edge_near,True,36.25,-20.25
2025-08-08,5,bullish,23579.75,23604.0,23591.875,24.25,3,2025-08-12 01:39:00-04:00,2025-08-12,1,4,23603.25,0.32989690721649484,approached_CE,True,66.0,-7.25
2025-08-08,5,bullish,23579.75,23604.0,23591.875,24.25,4,2025-08-19 10:38:00-04:00,2025-08-19,10,11,23603.25,0.24742268041237114,edge_near,True,18.5,-89.25
2025-08-08,5,bullish,23579.75,23604.0,23591.875,24.25,5,2025-08-19 10:41:00-04:00,2025-08-19,10,11,23598.25,1.0,filled,True,23.5,-84.25
2025-08-08,5,bullish,23579.75,23604.0,23591.875,24.25,6,2025-08-19 10:50:00-04:00,2025-08-19,10,11,23569.75,1.0,filled,True,30.25,-55.75
2025-08-11,5,bullish,23719.0,23721.5,23720.25,2.5,1,2025-08-12 08:30:00-04:00,2025-08-12,8,1,23742.5,1.0,filled,True,79.75,-81.25
2025-08-11,5,bullish,23719.0,23721.5,23720.25,2.5,2,2025-08-12 08:33:00-04:00,2025-08-12,8,1,23734.0,1.0,filled,True,88.25,-24.0
2025-08-11,5,bullish,23719.0,23721.5,23720.25,2.5,3,2025-08-12 09:31:00-04:00,2025-08-12,9,1,23711.75,1.0,filled,True,96.75,-89.75
2025-08-11,5,bullish,23719.0,23721.5,23720.25,2.5,4,2025-08-12 09:44:00-04:00,2025-08-12,9,1,23737.75,1.0,filled,True,56.5,-115.75
2025-08-11,5,bullish,23719.0,23721.5,23720.25,2.5,5,2025-08-12 09:48:00-04:00,2025-08-12,9,1,23705.25,1.0,filled,True,62.25,-83.25
2025-08-11,5,bullish,23719.0,23721.5,23720.25,2.5,6,2025-08-12 09:55:00-04:00,2025-08-12,9,1,23717.75,1.0,filled,True,64.0,-95.75
2025-08-12,5,bearish,23749.5,23767.5,23758.5,18.0,1,2025-08-15 10:00:00-04:00,2025-08-15,10,3,23795.75,1.0,filled,True,29.75,-87.5
2025-08-12,5,bearish,23749.5,23767.5,23758.5,18.0,2,2025-08-15 11:40:00-04:00,2025-08-15,11,3,23762.5,1.0,filled,True,27.75,-57.0
2025-08-12,5,bearish,23749.5,23767.5,23758.5,18.0,3,2025-08-15 12:03:00-04:00,2025-08-15,12,3,23772.5,1.0,filled,False,9.5,-53.5
2025-08-12,5,bearish,23749.5,23767.5,23758.5,18.0,4,2025-08-15 12:28:00-04:00,2025-08-15,12,3,23773.5,1.0,filled,True,10.5,-52.5
2025-08-12,5,bearish,23749.5,23767.5,23758.5,18.0,5,2025-08-18 04:14:00-04:00,2025-08-18,4,6,23770.0,1.0,filled,True,26.5,-26.5
2025-08-12,5,bearish,23749.5,23767.5,23758.5,18.0,6,2025-08-18 04:22:00-04:00,2025-08-18,4,6,23767.25,1.0,filled,True,23.75,-29.25
2025-08-12,5,bullish,23741.75,23755.0,23748.375,13.25,1,2025-08-15 11:42:00-04:00,2025-08-15,11,3,23748.75,1.0,filled,True,70.75,-14.0
2025-08-12,5,bullish,23741.75,23755.0,23748.375,13.25,2,2025-08-18 04:26:00-04:00,2025-08-18,4,6,23744.0,0.8679245283018868,filled,True,52.5,-1.0
2025-08-12,5,bullish,23741.75,23755.0,23748.375,13.25,3,2025-08-18 05:21:00-04:00,2025-08-18,5,6,23753.25,1.0,filled,True,21.5,-14.5
2025-08-12,5,bullish,23741.75,23755.0,23748.375,13.25,4,2025-08-18 05:33:00-04:00,2025-08-18,5,6,23757.75,0.11320754716981132,edge_near,True,17.0,-4.25
2025-08-12,5,bullish,23741.75,23755.0,23748.375,13.25,5,2025-08-18 05:39:00-04:00,2025-08-18,5,6,23757.75,0.0,edge_near,True,19.0,-3.75
2025-08-12,5,bullish,23741.75,23755.0,23748.375,13.25,6,2025-08-18 05:50:00-04:00,2025-08-18,5,6,23756.5,0.07547169811320754,edge_near,True,34.75,-2.5
2025-08-12,5,bearish,23714.0,23714.75,23714.375,0.75,1,2025-08-19 09:32:00-04:00,2025-08-19,9,7,23692.75,1.0,filled,True,80.0,-38.25
2025-08-12,5,bearish,23714.0,23714.75,23714.375,0.75,2,2025-08-19 09:40:00-04:00,2025-08-19,9,7,23708.75,1.0,filled,True,110.75,-22.25
2025-08-12,5,bearish,23714.0,23714.75,23714.375,0.75,3,2025-08-19 10:04:00-04:00,2025-08-19,10,7,23721.5,1.0,filled,True,207.5,-6.5
2025-08-12,5,bearish,23714.0,23714.75,23714.375,0.75,4,2025-08-19 10:12:00-04:00,2025-08-19,10,7,23713.75,1.0,filled,True,199.75,-12.25
2025-08-12,5,bearish,23714.0,23714.75,23714.375,0.75,5,2025-08-28 09:31:00-04:00,2025-08-28,9,16,23721.25,1.0,filled,True,148.75,-22.0
2025-08-12,5,bearish,23714.0,23714.75,23714.375,0.75,6,2025-08-28 09:35:00-04:00,2025-08-28,9,16,23694.0,1.0,filled,True,121.5,-42.75
2025-08-12,5,bearish,23666.75,23667.0,23666.875,0.25,1,2025-08-19 09:34:00-04:00,2025-08-19,9,7,23667.0,1.0,filled,True,54.25,-64.0
2025-08-12,5,bearish,23666.75,23667.0,23666.875,0.25,2,2025-08-19 09:45:00-04:00,2025-08-19,9,7,23663.25,1.0,filled,True,100.75,-64.75
2025-08-12,5,bearish,23666.75,23667.0,23666.875,0.25,3,2025-08-19 09:52:00-04:00,2025-08-19,9,7,23663.5,1.0,filled,True,105.75,-64.5
2025-08-12,5,bearish,23666.75,23667.0,23666.875,0.25,4,2025-08-19 10:27:00-04:00,2025-08-19,10,7,23651.0,1.0,filled,True,137.0,-23.5
2025-08-12,5,bearish,23666.75,23667.0,23666.875,0.25,5,2025-08-27 16:20:00-04:00,2025-08-27,16,15,23581.75,1.0,filled,True,152.75,-103.25
2025-08-12,5,bearish,23666.75,23667.0,23666.875,0.25,6,2025-08-28 09:30:00-04:00,2025-08-28,9,16,23705.25,1.0,filled,True,132.75,-38.0
2025-08-14,5,bullish,23834.75,23841.25,23838.0,6.5,1,2025-08-15 09:41:00-04:00,2025-08-15,9,1,23836.75,1.0,filled,True,46.5,-70.75
2025-08-14,5,bullish,23834.75,23841.25,23838.0,6.5,2,2025-08-15 09:45:00-04:00,2025-08-15,9,1,23814.25,1.0,filled,True,69.0,-48.25
2025-08-14,5,bullish,23834.75,23841.25,23838.0,6.5,3,2025-08-15 10:01:00-04:00,2025-08-15,10,1,23835.75,1.0,filled,True,47.5,-49.0
2025-08-14,5,bullish,23834.75,23841.25,23838.0,6.5,4,2025-08-15 10:06:00-04:00,2025-08-15,10,1,23850.25,0.07692307692307693,edge_near,True,33.0,-63.5
2025-08-14,5,bullish,23834.75,23841.25,23838.0,6.5,5,2025-08-15 10:25:00-04:00,2025-08-15,10,1,23839.0,0.34615384615384615,approached_CE,True,38.0,-52.25
2025-08-14,5,bullish,23834.75,23841.25,23838.0,6.5,6,2025-08-15 10:33:00-04:00,2025-08-15,10,1,23837.75,1.0,filled,True,18.0,-51.0
2025-08-14,5,bullish,23861.0,23896.0,23878.5,35.0,1,2025-08-15 04:47:00-04:00,2025-08-15,4,1,23892.25,0.7,through_CE,True,10.0,-15.0
2025-08-14,5,bullish,23861.0,23896.0,23878.5,35.0,2,2025-08-15 08:23:00-04:00,2025-08-15,8,1,23902.75,0.3357142857142857,approached_CE,True,14.25,-18.5
2025-08-14,5,bullish,23861.0,23896.0,23878.5,35.0,3,2025-08-15 08:30:00-04:00,2025-08-15,8,1,23913.75,0.32142857142857145,approached_CE,True,10.5,-53.5
2025-08-14,5,bullish,23861.0,23896.0,23878.5,35.0,4,2025-08-15 08:38:00-04:00,2025-08-15,8,1,23894.5,0.1,edge_near,True,29.75,-44.5
2025-08-14,5,bullish,23861.0,23896.0,23878.5,35.0,5,2025-08-15 09:02:00-04:00,2025-08-15,9,1,23898.5,0.007142857142857143,edge_near,True,25.75,-132.5
2025-08-14,5,bullish,23861.0,23896.0,23878.5,35.0,6,2025-08-15 09:08:00-04:00,2025-08-15,9,1,23896.25,0.1,edge_near,True,28.0,-130.25
2025-08-15,5,bearish,23805.75,23834.75,23820.25,29.0,1,2025-08-17 18:00:00-04:00,2025-08-17,18,2,23820.75,1.0,filled,True,28.75,-33.5
2025-08-15,5,bearish,23805.75,23834.75,23820.25,29.0,2,2025-08-17 18:08:00-04:00,2025-08-17,18,2,23840.5,1.0,filled,False,7.5,-13.75
2025-08-15,5,bearish,23805.75,23834.75,23820.25,29.0,3,2025-08-17 18:16:00-04:00,2025-08-17,18,2,23843.75,1.0,filled,True,10.75,-10.5
2025-08-15,5,bearish,23805.75,23834.75,23820.25,29.0,4,2025-08-17 18:20:00-04:00,2025-08-17,18,2,23837.5,1.0,filled,False,2.75,-16.75
2025-08-15,5,bearish,23805.75,23834.75,23820.25,29.0,5,2025-08-18 02:12:00-04:00,2025-08-18,2,3,23833.75,1.0,filled,True,61.25,-4.0
2025-08-15,5,bearish,23805.75,23834.75,23820.25,29.0,6,2025-08-18 02:30:00-04:00,2025-08-18,2,3,23811.25,0.6206896551724138,through_CE,True,38.75,-12.5
2025-08-18,5,bullish,23777.0,23777.5,23777.25,0.5,1,2025-08-19 04:00:00-04:00,2025-08-19,4,1,23777.0,1.0,filled,True,11.0,-31.5
2025-08-18,5,bullish,23777.0,23777.5,23777.25,0.5,2,2025-08-19 04:47:00-04:00,2025-08-19,4,1,23778.5,1.0,filled,True,26.5,-1.75
2025-08-18,5,bullish,23777.0,23777.5,23777.25,0.5,3,2025-08-19 06:01:00-04:00,2025-08-19,6,1,23777.0,1.0,filled,True,13.25,-26.0
2025-08-18,5,bullish,23777.0,23777.5,23777.25,0.5,4,2025-08-19 06:17:00-04:00,2025-08-19,6,1,23781.5,1.0,filled,False,0.75,-30.5
2025-08-18,5,bullish,23777.0,23777.5,23777.25,0.5,5,2025-08-19 06:19:00-04:00,2025-08-19,6,1,23779.0,0.5,through_CE,False,3.0,-28.0
2025-08-18,5,bullish,23777.0,23777.5,23777.25,0.5,6,2025-08-19 06:21:00-04:00,2025-08-19,6,1,23778.75,0.5,through_CE,False,3.25,-27.75
2025-08-18,5,bearish,23773.5,23777.5,23775.5,4.0,1,2025-08-19 04:00:00-04:00,2025-08-19,4,1,23777.0,1.0,filled,True,31.5,-11.0
2025-08-18,5,bearish,23773.5,23777.5,23775.5,4.0,2,2025-08-19 04:43:00-04:00,2025-08-19,4,1,23775.5,1.0,filled,False,4.25,-29.5
2025-08-18,5,bearish,23773.5,23777.5,23775.5,4.0,3,2025-08-19 06:01:00-04:00,2025-08-19,6,1,23777.0,1.0,filled,True,26.0,-13.25
2025-08-18,5,bearish,23773.5,23777.5,23775.5,4.0,4,2025-08-19 06:17:00-04:00,2025-08-19,6,1,23781.5,1.0,filled,True,30.5,-0.75
2025-08-18,5,bearish,23773.5,23777.5,23775.5,4.0,5,2025-08-19 06:19:00-04:00,2025-08-19,6,1,23779.0,1.0,filled,True,28.0,-3.0
2025-08-18,5,bearish,23773.5,23777.5,23775.5,4.0,6,2025-08-19 06:21:00-04:00,2025-08-19,6,1,23778.75,1.0,filled,True,27.75,-3.25
2025-08-18,5,bullish,23778.25,23787.75,23783.0,9.5,1,2025-08-19 04:00:00-04:00,2025-08-19,4,1,23777.0,1.0,filled,True,11.0,-31.5
2025-08-18,5,bullish,23778.25,23787.75,23783.0,9.5,2,2025-08-19 04:47:00-04:00,2025-08-19,4,1,23778.5,1.0,filled,True,26.5,-1.75
2025-08-18,5,bullish,23778.25,23787.75,23783.0,9.5,3,2025-08-19 05:12:00-04:00,2025-08-19,5,1,23788.0,0.4473684210526316,approached_CE,True,17.0,-15.5
2025-08-18,5,bullish,23778.25,23787.75,23783.0,9.5,4,2025-08-19 05:53:00-04:00,2025-08-19,5,1,23788.75,0.18421052631578946,edge_near,False,3.5,-37.75
2025-08-18,5,bullish,23778.25,23787.75,23783.0,9.5,5,2025-08-19 05:57:00-04:00,2025-08-19,5,1,23786.0,1.0,filled,False,4.25,-35.0
2025-08-18,5,bullish,23778.25,23787.75,23783.0,9.5,6,2025-08-19 06:26:00-04:00,2025-08-19,6,1,23776.0,1.0,filled,False,6.0,-25.0
2025-08-18,5,bearish,23769.5,23772.0,23770.75,2.5,1,2025-08-19 03:04:00-04:00,2025-08-19,3,1,23769.25,0.5,through_CE,True,21.5,-15.0
2025-08-18,5,bearish,23769.5,23772.0,23770.75,2.5,2,2025-08-19 03:48:00-04:00,2025-08-19,3,1,23770.75,1.0,filled,True,25.25,-13.5
2025-08-18,5,bearish,23769.5,23772.0,23770.75,2.5,3,2025-08-19 03:54:00-04:00,2025-08-19,3,1,23768.75,0.7,through_CE,True,23.25,-18.5
2025-08-18,5,bearish,23769.5,23772.0,23770.75,2.5,4,2025-08-19 03:59:00-04:00,2025-08-19,3,1,23769.75,1.0,filled,True,24.25,-18.25
2025-08-18,5,bearish,23769.5,23772.0,23770.75,2.5,5,2025-08-19 04:04:00-04:00,2025-08-19,4,1,23771.5,1.0,filled,True,26.0,-16.5
2025-08-18,5,bearish,23769.5,23772.0,23770.75,2.5,6,2025-08-19 04:28:00-04:00,2025-08-19,4,1,23767.5,0.9,filled,False,5.0,-37.5
2025-08-19,5,bullish,23747.25,23747.75,23747.5,0.5,1,2025-08-28 11:16:00-04:00,2025-08-28,11,9,23748.75,1.0,filled,False,5.5,-84.0
2025-08-19,5,bullish,23747.25,23747.75,23747.5,0.5,2,2025-08-28 12:26:00-04:00,2025-08-28,12,9,23746.5,1.0,filled,True,19.5,-24.25
2025-08-19,5,bullish,23747.25,23747.75,23747.5,0.5,3,2025-08-28 12:30:00-04:00,2025-08-28,12,9,23740.0,1.0,filled,True,32.0,-17.75
2025-08-19,5,bullish,23747.25,23747.75,23747.5,0.5,4,2025-08-28 12:45:00-04:00,2025-08-28,12,9,23749.0,1.0,filled,True,23.0,-26.75
2025-08-19,5,bullish,23747.25,23747.75,23747.5,0.5,5,2025-08-28 12:55:00-04:00,2025-08-28,12,9,23745.0,1.0,filled,True,29.5,-22.75
2025-08-19,5,bullish,23747.25,23747.75,23747.5,0.5,6,2025-08-28 13:23:00-04:00,2025-08-28,13,9,23745.25,1.0,filled,True,32.0,-4.0
2025-08-19,5,bearish,23704.0,23747.75,23725.875,43.75,1,2025-08-28 09:30:00-04:00,2025-08-28,9,9,23705.25,0.8971428571428571,filled,True,132.75,-38.0
2025-08-19,5,bearish,23704.0,23747.75,23725.875,43.75,2,2025-08-28 10:47:00-04:00,2025-08-28,10,9,23714.25,1.0,filled,True,49.5,-40.0
2025-08-19,5,bearish,23704.0,23747.75,23725.875,43.75,3,2025-08-28 11:32:00-04:00,2025-08-28,11,9,23702.25,0.35428571428571426,approached_CE,True,27.5,-63.75
2025-08-19,5,bearish,23704.0,23747.75,23725.875,43.75,4,2025-08-28 12:08:00-04:00,2025-08-28,12,9,23704.5,0.045714285714285714,edge_near,False,7.0,-61.5
2025-08-19,5,bearish,23704.0,23747.75,23725.875,43.75,5,2025-08-28 12:11:00-04:00,2025-08-28,12,9,23704.75,1.0,filled,False,3.25,-61.25
2025-08-19,5,bearish,23704.0,23747.75,23725.875,43.75,6,2025-08-28 12:30:00-04:00,2025-08-28,12,9,23740.0,1.0,filled,True,17.75,-32.0
2025-08-20,5,bearish,23418.0,23420.0,23419.0,2.0,1,2025-08-22 10:00:00-04:00,2025-08-22,10,2,23457.75,1.0,filled,True,188.25,-186.25
2025-08-20,5,bearish,23418.0,23420.0,23419.0,2.0,2,2025-08-25 20:03:00-04:00,2025-08-25,20,5,23461.75,1.0,filled,True,90.5,-47.75
2025-08-20,5,bearish,23418.0,23420.0,23419.0,2.0,3,2025-08-25 20:40:00-04:00,2025-08-25,20,5,23412.0,1.0,filled,True,40.75,-44.75
2025-08-20,5,bearish,23418.0,23420.0,23419.0,2.0,4,2025-08-25 20:56:00-04:00,2025-08-25,20,5,23417.0,1.0,filled,False,7.75,-39.75
2025-08-20,5,bearish,23418.0,23420.0,23419.0,2.0,5,2025-08-25 21:53:00-04:00,2025-08-25,21,5,23420.25,1.0,filled,False,5.5,-55.25
2025-08-20,5,bearish,23418.0,23420.0,23419.0,2.0,6,2025-08-26 03:12:00-04:00,2025-08-26,3,6,23419.5,1.0,filled,False,4.25,-49.75
2025-08-20,5,bearish,23415.0,23415.25,23415.125,0.25,1,2025-08-22 10:00:00-04:00,2025-08-22,10,2,23457.75,1.0,filled,True,188.25,-186.25
2025-08-20,5,bearish,23415.0,23415.25,23415.125,0.25,2,2025-08-25 20:03:00-04:00,2025-08-25,20,5,23461.75,1.0,filled,True,90.5,-47.75
2025-08-20,5,bearish,23415.0,23415.25,23415.125,0.25,3,2025-08-25 20:40:00-04:00,2025-08-25,20,5,23412.0,1.0,filled,True,40.75,-44.75
2025-08-20,5,bearish,23415.0,23415.25,23415.125,0.25,4,2025-08-25 20:55:00-04:00,2025-08-25,20,5,23411.75,1.0,filled,False,8.25,-45.0
2025-08-20,5,bearish,23415.0,23415.25,23415.125,0.25,5,2025-08-25 21:00:00-04:00,2025-08-25,21,5,23411.75,1.0,filled,False,1.75,-45.0
2025-08-20,5,bearish,23415.0,23415.25,23415.125,0.25,6,2025-08-25 21:53:00-04:00,2025-08-25,21,5,23420.25,1.0,filled,False,5.5,-55.25
2025-08-20,5,bearish,23393.25,23402.5,23397.875,9.25,1,2025-08-22 10:00:00-04:00,2025-08-22,10,2,23457.75,1.0,filled,True,188.25,-186.25
2025-08-20,5,bearish,23393.25,23402.5,23397.875,9.25,2,2025-08-25 20:40:00-04:00,2025-08-25,20,5,23412.0,1.0,filled,True,40.75,-44.75
2025-08-20,5,bearish,23393.25,23402.5,23397.875,9.25,3,2025-08-25 20:42:00-04:00,2025-08-25,20,5,23381.0,1.0,filled,False,9.75,-75.75
2025-08-20,5,bearish,23393.25,23402.5,23397.875,9.25,4,2025-08-25 20:44:00-04:00,2025-08-25,20,5,23388.0,0.40540540540540543,approached_CE,True,16.75,-68.75
2025-08-20,5,bearish,23393.25,23402.5,23397.875,9.25,5,2025-08-25 20:49:00-04:00,2025-08-25,20,5,23390.75,1.0,filled,False,5.25,-66.0
2025-08-20,5,bearish,23393.25,23402.5,23397.875,9.25,6,2025-08-29 13:17:00-04:00,2025-08-29,13,9,23403.75,1.0,filled,False,2.25,-72.75
2025-08-20,5,bearish,23324.25,23357.0,23340.625,32.75,1,2025-08-21 00:00:00-04:00,2025-08-21,0,1,23338.25,0.7862595419847328,filled,False,8.0,-9.0
2025-08-20,5,bearish,23324.25,23357.0,23340.625,32.75,2,2025-08-21 01:14:00-04:00,2025-08-21,1,1,23323.75,0.3893129770992366,approached_CE,True,12.25,-33.25
2025-08-20,5,bearish,23324.25,23357.0,23340.625,32.75,3,2025-08-21 01:46:00-04:00,2025-08-21,1,1,23323.25,0.022900763358778626,edge_near,False,7.5,-45.0
2025-08-20,5,bearish,23324.25,23357.0,23340.625,32.75,4,2025-08-21 01:53:00-04:00,2025-08-21,1,1,23328.5,1.0,filled,False,7.5,-39.75
2025-08-20,5,bearish,23324.25,23357.0,23340.625,32.75,5,2025-08-21 02:24:00-04:00,2025-08-21,2,1,23358.0,1.0,filled,True,36.5,-9.0
2025-08-20,5,bearish,23324.25,23357.0,23340.625,32.75,6,2025-08-21 02:39:00-04:00,2025-08-21,2,1,23356.0,1.0,filled,True,34.5,-9.0
2025-08-20,5,bearish,23265.25,23322.5,23293.875,57.25,1,2025-08-21 01:07:00-04:00,2025-08-21,1,1,23323.75,1.0,filled,True,12.25,-20.5
2025-08-20,5,bearish,23265.25,23322.5,23293.875,57.25,2,2025-08-21 01:26:00-04:00,2025-08-21,1,1,23319.25,1.0,filled,False,7.75,-49.0
2025-08-20,5,bearish,23265.25,23322.5,23293.875,57.25,3,2025-08-21 03:17:00-04:00,2025-08-21,3,1,23324.75,1.0,filled,False,3.25,-32.75
2025-08-20,5,bearish,23265.25,23322.5,23293.875,57.25,4,2025-08-21 04:18:00-04:00,2025-08-21,4,1,23322.5,1.0,filled,True,32.75,-28.75
2025-08-20,5,bearish,23265.25,23322.5,23293.875,57.25,5,2025-08-21 04:51:00-04:00,2025-08-21,4,1,23322.5,1.0,filled,True,32.75,-6.25
2025-08-20,5,bearish,23265.25,23322.5,23293.875,57.25,6,2025-08-21 05:46:00-04:00,2025-08-21,5,1,23322.25,1.0,filled,True,49.5,-6.5
2025-08-20,5,bearish,23205.75,23264.75,23235.25,59.0,1,2025-08-21 07:49:00-04:00,2025-08-21,7,1,23269.0,1.0,filled,True,56.25,-18.25
2025-08-20,5,bearish,23205.75,23264.75,23235.25,59.0,2,2025-08-21 08:03:00-04:00,2025-08-21,8,1,23268.25,1.0,filled,True,60.75,-5.25
2025-08-20,5,bearish,23205.75,23264.75,23235.25,59.0,3,2025-08-21 08:08:00-04:00,2025-08-21,8,1,23263.25,1.0,filled,True,55.75,-6.0
2025-08-20,5,bearish,23205.75,23264.75,23235.25,59.0,4,2025-08-21 09:40:00-04:00,2025-08-21,9,1,23244.5,1.0,filled,True,89.25,-103.75
2025-08-20,5,bearish,23205.75,23264.75,23235.25,59.0,5,2025-08-21 10:00:00-04:00,2025-08-21,10,1,23217.0,1.0,filled,True,61.75,-131.25
2025-08-20,5,bearish,23205.75,23264.75,23235.25,59.0,6,2025-08-21 10:39:00-04:00,2025-08-21,10,1,23258.25,1.0,filled,True,54.25,-54.5
2025-08-22,5,bullish,23249.5,23252.0,23250.75,2.5,1,2025-09-02 06:28:00-04:00,2025-09-02,6,11,23250.25,1.0,filled,True,17.25,-27.25
2025-08-22,5,bullish,23249.5,23252.0,23250.75,2.5,2,2025-09-02 06:42:00-04:00,2025-09-02,6,11,23239.0,1.0,filled,True,21.75,-16.0
2025-08-22,5,bullish,23249.5,23252.0,23250.75,2.5,3,2025-09-02 06:44:00-04:00,2025-09-02,6,11,23256.75,1.0,filled,False,4.0,-33.75
2025-08-22,5,bullish,23249.5,23252.0,23250.75,2.5,4,2025-09-02 06:47:00-04:00,2025-09-02,6,11,23256.0,0.1,edge_near,False,4.75,-33.0
2025-08-22,5,bullish,23249.5,23252.0,23250.75,2.5,5,2025-09-02 06:49:00-04:00,2025-09-02,6,11,23249.25,1.0,filled,True,11.5,-26.25
2025-08-22,5,bullish,23249.5,23252.0,23250.75,2.5,6,2025-09-02 06:52:00-04:00,2025-09-02,6,11,23249.5,1.0,filled,True,11.25,-35.0
2025-08-22,5,bullish,23284.0,23294.0,23289.0,10.0,1,2025-09-02 03:51:00-04:00,2025-09-02,3,11,23295.5,1.0,filled,True,38.25,-28.0
2025-08-22,5,bullish,23284.0,23294.0,23289.0,10.0,2,2025-09-02 04:12:00-04:00,2025-09-02,4,11,23298.0,1.0,filled,True,35.75,-15.75
2025-08-22,5,bullish,23284.0,23294.0,23289.0,10.0,3,2025-09-02 05:53:00-04:00,2025-09-02,5,11,23293.0,0.55,through_CE,True,18.5,-61.75
2025-08-22,5,bullish,23284.0,23294.0,23289.0,10.0,4,2025-09-02 06:18:00-04:00,2025-09-02,6,11,23289.25,1.0,filled,False,8.0,-66.25
2025-08-22,5,bullish,23284.0,23294.0,23289.0,10.0,5,2025-09-02 15:54:00-04:00,2025-09-02,15,11,23279.5,1.0,filled,True,107.0,-17.75
2025-08-22,5,bullish,23284.0,23294.0,23289.0,10.0,6,2025-09-02 16:07:00-04:00,2025-09-02,16,11,23306.5,1.0,filled,True,80.0,-27.0
2025-08-25,5,bullish,23496.25,23504.5,23500.375,8.25,1,2025-08-26 06:28:00-04:00,2025-08-26,6,1,23495.0,1.0,filled,True,10.75,-27.25
2025-08-25,5,bullish,23496.25,23504.5,23500.375,8.25,2,2025-08-26 06:48:00-04:00,2025-08-26,6,1,23496.5,1.0,filled,False,2.75,-53.25
2025-08-25,5,bullish,23496.25,23504.5,23500.375,8.25,3,2025-08-26 09:31:00-04:00,2025-08-26,9,1,23496.25,1.0,filled,True,52.75,-69.5
2025-08-25,5,bullish,23496.25,23504.5,23500.375,8.25,4,2025-08-26 09:40:00-04:00,2025-08-26,9,1,23499.0,1.0,filled,True,50.0,-72.25
2025-08-25,5,bullish,23496.25,23504.5,23500.375,8.25,5,2025-08-26 09:53:00-04:00,2025-08-26,9,1,23495.0,1.0,filled,True,56.5,-31.25
2025-08-25,5,bullish,23496.25,23504.5,23500.375,8.25,6,2025-08-26 10:00:00-04:00,2025-08-26,10,1,23503.25,1.0,filled,True,48.25,-21.25
2025-08-27,5,bearish,23573.5,23575.5,23574.5,2.0,1,2025-08-28 00:00:00-04:00,2025-08-28,0,1,23574.25,1.0,filled,True,16.75,-1.25
2025-08-27,5,bearish,23573.5,23575.5,23574.5,2.0,2,2025-08-28 00:28:00-04:00,2025-08-28,0,1,23571.5,0.25,approached_CE,True,15.25,-3.5
2025-08-27,5,bearish,23573.5,23575.5,23574.5,2.0,3,2025-08-28 00:31:00-04:00,2025-08-28,0,1,23573.0,0.125,edge_near,True,16.75,-2.0
2025-08-27,5,bearish,23573.5,23575.5,23574.5,2.0,4,2025-08-28 00:36:00-04:00,2025-08-28,0,1,23573.5,0.75,filled,True,18.25,-1.5
2025-08-27,5,bearish,23573.5,23575.5,23574.5,2.0,5,2025-08-28 00:43:00-04:00,2025-08-28,0,1,23572.0,0.125,edge_near,True,17.75,-1.75
2025-08-27,5,bearish,23573.5,23575.5,23574.5,2.0,6,2025-08-28 00:45:00-04:00,2025-08-28,0,1,23571.5,0.125,edge_near,True,26.5,-2.25
2025-08-27,5,bearish,23530.5,23535.75,23533.125,5.25,1,2025-08-29 09:50:00-04:00,2025-08-29,9,2,23543.25,1.0,filled,True,119.75,-32.5
2025-08-27,5,bearish,23530.5,23535.75,23533.125,5.25,2,2025-08-29 09:55:00-04:00,2025-08-29,9,2,23532.25,1.0,filled,True,112.0,-28.25
2025-08-27,5,bearish,23530.5,23535.75,23533.125,5.25,3,2025-08-29 09:59:00-04:00,2025-08-29,9,2,23519.25,1.0,filled,True,105.75,-32.5
2025-08-27,5,bearish,23530.5,23535.75,23533.125,5.25,4,2025-08-31 18:51:00-04:00,2025-08-31,18,4,23530.0,1.0,filled,False,3.75,-16.0
2025-08-27,5,bearish,23530.5,23535.75,23533.125,5.25,5,2025-08-31 19:09:00-04:00,2025-08-31,19,4,23538.0,1.0,filled,False,9.25,-11.0
2025-08-27,5,bearish,23530.5,23535.75,23533.125,5.25,6,2025-08-31 19:11:00-04:00,2025-08-31,19,4,23536.0,1.0,filled,False,7.25,-13.0
2025-08-28,5,bullish,23645.25,23649.25,23647.25,4.0,1,2025-08-29 04:51:00-04:00,2025-08-29,4,1,23645.0,1.0,filled,True,21.25,-33.0
2025-08-28,5,bullish,23645.25,23649.25,23647.25,4.0,2,2025-08-29 04:54:00-04:00,2025-08-29,4,1,23643.25,1.0,filled,True,17.0,-31.25
2025-08-28,5,bullish,23645.25,23649.25,23647.25,4.0,3,2025-08-29 05:11:00-04:00,2025-08-29,5,1,23645.75,1.0,filled,True,14.75,-12.25
2025-08-28,5,bullish,23645.25,23649.25,23647.25,4.0,4,2025-08-29 05:19:00-04:00,2025-08-29,5,1,23648.75,0.6875,through_CE,True,13.0,-15.25
2025-08-28,5,bullish,23645.25,23649.25,23647.25,4.0,5,2025-08-29 05:42:00-04:00,2025-08-29,5,1,23649.25,0.375,approached_CE,True,12.5,-15.75
2025-08-28,5,bullish,23645.25,23649.25,23647.25,4.0,6,2025-08-29 05:53:00-04:00,2025-08-29,5,1,23649.0,1.0,filled,True,12.75,-18.25
2025-08-28,5,bullish,23652.25,23680.5,23666.375,28.25,1,2025-08-29 04:00:00-04:00,2025-08-29,4,1,23691.25,0.04424778761061947,edge_near,False,5.75,-66.75
2025-08-28,5,bullish,23652.25,23680.5,23666.375,28.25,2,2025-08-29 04:04:00-04:00,2025-08-29,4,1,23677.25,1.0,filled,True,13.0,-65.25
2025-08-28,5,bullish,23652.25,23680.5,23666.375,28.25,3,2025-08-29 05:16:00-04:00,2025-08-29,5,1,23654.75,1.0,filled,False,7.0,-21.25
2025-08-28,5,bullish,23652.25,23680.5,23666.375,28.25,4,2025-08-29 05:21:00-04:00,2025-08-29,5,1,23653.0,1.0,filled,False,8.75,-19.5
2025-08-28,5,bullish,23652.25,23680.5,23666.375,28.25,5,2025-08-29 05:56:00-04:00,2025-08-29,5,1,23652.5,1.0,filled,False,9.25,-29.75
2025-08-28,5,bullish,23652.25,23680.5,23666.375,28.25,6,2025-08-29 06:10:00-04:00,2025-08-29,6,1,23656.0,1.0,filled,False,5.75,-33.25
2025-08-28,5,bearish,23663.75,23688.75,23676.25,25.0,1,2025-08-29 03:53:00-04:00,2025-08-29,3,1,23689.25,1.0,filled,True,50.25,-7.75
2025-08-28,5,bearish,23663.75,23688.75,23676.25,25.0,2,2025-08-29 04:03:00-04:00,2025-08-29,4,1,23689.25,1.0,filled,True,77.25,-7.75
2025-08-28,5,bearish,23663.75,23688.75,23676.25,25.0,3,2025-08-29 04:15:00-04:00,2025-08-29,4,1,23657.5,0.05,edge_near,True,45.5,-21.5
2025-08-28,5,bearish,23663.75,23688.75,23676.25,25.0,4,2025-08-29 04:17:00-04:00,2025-08-29,4,1,23666.25,0.61,through_CE,True,54.25,-12.75
2025-08-28,5,bearish,23663.75,23688.75,23676.25,25.0,5,2025-08-29 04:48:00-04:00,2025-08-29,4,1,23663.25,0.1,edge_near,True,51.25,-3.0
2025-08-28,5,bearish,23663.75,23688.75,23676.25,25.0,6,2025-08-29 08:30:00-04:00,2025-08-29,8,1,23670.75,0.68,through_CE,True,43.75,-10.0
2025-08-28,5,bearish,23629.0,23655.0,23642.0,26.0,1,2025-08-29 04:16:00-04:00,2025-08-29,4,1,23659.25,1.0,filled,True,47.25,-19.75
2025-08-28,5,bearish,23629.0,23655.0,23642.0,26.0,2,2025-08-29 04:51:00-04:00,2025-08-29,4,1,23645.0,1.0,filled,True,33.0,-21.25
2025-08-28,5,bearish,23629.0,23655.0,23642.0,26.0,3,2025-08-29 05:03:00-04:00,2025-08-29,5,1,23627.75,1.0,filled,False,7.75,-32.5
2025-08-28,5,bearish,23629.0,23655.0,23642.0,26.0,4,2025-08-29 05:40:00-04:00,2025-08-29,5,1,23658.25,1.0,filled,True,24.75,-3.5
2025-08-28,5,bearish,23629.0,23655.0,23642.0,26.0,5,2025-08-29 05:49:00-04:00,2025-08-29,5,1,23655.25,1.0,filled,True,24.5,-6.5
2025-08-28,5,bearish,23629.0,23655.0,23642.0,26.0,6,2025-08-29 06:14:00-04:00,2025-08-29,6,1,23651.25,1.0,filled,True,28.5,-5.5
2025-08-29,5,bearish,23645.0,23648.25,23646.625,3.25,1,2025-09-04 15:51:00-04:00,2025-09-04,15,6,23641.75,1.0,filled,False,7.0,-67.25
2025-08-29,5,bearish,23645.0,23648.25,23646.625,3.25,2,2025-09-05 10:26:00-04:00,2025-09-05,10,7,23656.25,1.0,filled,True,151.25,-28.5
2025-08-29,5,bearish,23645.0,23648.25,23646.625,3.25,3,2025-09-05 10:28:00-04:00,2025-09-05,10,7,23633.5,1.0,filled,True,128.5,-42.5
2025-08-29,5,bearish,23645.0,23648.25,23646.625,3.25,4,2025-09-05 11:35:00-04:00,2025-09-05,11,7,23644.75,1.0,filled,True,50.5,-24.25
2025-08-29,5,bearish,23645.0,23648.25,23646.625,3.25,5,2025-09-05 11:45:00-04:00,2025-09-05,11,7,23634.25,1.0,filled,True,40.0,-28.5
2025-08-29,5,bearish,23645.0,23648.25,23646.625,3.25,6,2025-09-05 11:47:00-04:00,2025-09-05,11,7,23642.5,0.15384615384615385,edge_near,True,48.25,-16.0
2025-08-29,5,bearish,23625.75,23630.25,23628.0,4.5,1,2025-09-04 15:01:00-04:00,2025-09-04,15,6,23624.25,0.05555555555555555,edge_near,False,7.75,-56.25
2025-08-29,5,bearish,23625.75,23630.25,23628.0,4.5,2,2025-09-04 15:11:00-04:00,2025-09-04,15,6,23626.0,1.0,filled,False,5.5,-67.25
2025-08-29,5,bearish,23625.75,23630.25,23628.0,4.5,3,2025-09-04 15:17:00-04:00,2025-09-04,15,6,23633.75,1.0,filled,True,12.0,-75.25
2025-08-29,5,bearish,23625.75,23630.25,23628.0,4.5,4,2025-09-04 15:28:00-04:00,2025-09-04,15,6,23628.0,1.0,filled,False,6.25,-81.0
2025-08-29,5,bearish,23625.75,23630.25,23628.0,4.5,5,2025-09-04 15:48:00-04:00,2025-09-04,15,6,23628.5,1.0,filled,False,4.5,-80.5
2025-08-29,5,bearish,23625.75,23630.25,23628.0,4.5,6,2025-09-05 10:28:00-04:00,2025-09-05,10,7,23633.5,1.0,filled,True,128.5,-42.5
2025-08-29,5,bearish,23575.75,23585.25,23580.5,9.5,1,2025-09-04 13:07:00-04:00,2025-09-04,13,6,23573.25,0.2631578947368421,approached_CE,True,23.25,-31.0
2025-08-29,5,bearish,23575.75,23585.25,23580.5,9.5,2,2025-09-04 13:21:00-04:00,2025-09-04,13,6,23576.0,0.21052631578947367,edge_near,True,12.0,-35.0
2025-08-29,5,bearish,23575.75,23585.25,23580.5,9.5,3,2025-09-04 13:27:00-04:00,2025-09-04,13,6,23579.25,0.4473684210526316,approached_CE,True,13.25,-31.75
2025-08-29,5,bearish,23575.75,23585.25,23580.5,9.5,4,2025-09-04 13:36:00-04:00,2025-09-04,13,6,23577.0,0.2631578947368421,approached_CE,True,11.0,-40.0
2025-08-29,5,bearish,23575.75,23585.25,23580.5,9.5,5,2025-09-04 13:41:00-04:00,2025-09-04,13,6,23579.25,1.0,filled,False,9.0,-40.75
2025-08-29,5,bearish,23575.75,23585.25,23580.5,9.5,6,2025-09-04 13:58:00-04:00,2025-09-04,13,6,23583.0,1.0,filled,False,3.5,-41.5
2025-09-01,5,bearish,23477.25,23478.0,23477.625,0.75,1,2025-09-03 10:35:00-04:00,2025-09-03,10,2,23477.5,1.0,filled,True,71.25,-48.5
2025-09-01,5,bearish,23477.25,23478.0,23477.625,0.75,2,2025-09-03 11:17:00-04:00,2025-09-03,11,2,23477.25,1.0,filled,True,77.25,-11.5
2025-09-01,5,bearish,23477.25,23478.0,23477.625,0.75,3,2025-09-03 11:20:00-04:00,2025-09-03,11,2,23477.75,1.0,filled,True,77.75,-11.0
2025-09-01,5,bearish,23477.25,23478.0,23477.625,0.75,4,2025-09-03 16:32:00-04:00,2025-09-03,16,2,23470.5,1.0,filled,True,19.25,-9.5
2025-09-01,5,bearish,23477.25,23478.0,23477.625,0.75,5,2025-09-03 20:18:00-04:00,2025-09-03,20,2,23477.5,1.0,filled,False,7.0,-37.75
2025-09-01,5,bearish,23477.25,23478.0,23477.625,0.75,6,2025-09-03 22:59:00-04:00,2025-09-03,22,2,23480.5,1.0,filled,True,22.0,-4.0
2025-09-01,5,bullish,23486.25,23486.75,23486.5,0.5,1,2025-09-03 10:40:00-04:00,2025-09-03,10,2,23490.25,1.0,filled,True,35.75,-84.0
2025-09-01,5,bullish,23486.25,23486.75,23486.5,0.5,2,2025-09-03 10:42:00-04:00,2025-09-03,10,2,23494.5,1.0,filled,True,31.5,-88.25
2025-09-01,5,bullish,23486.25,23486.75,23486.5,0.5,3,2025-09-03 11:16:00-04:00,2025-09-03,11,2,23480.25,1.0,filled,True,13.0,-80.25
2025-09-01,5,bullish,23486.25,23486.75,23486.5,0.5,4,2025-09-03 11:19:00-04:00,2025-09-03,11,2,23484.0,1.0,filled,False,4.75,-84.0
2025-09-01,5,bullish,23486.25,23486.75,23486.5,0.5,5,2025-09-03 20:19:00-04:00,2025-09-03,20,2,23497.75,1.0,filled,True,17.5,-21.0
2025-09-01,5,bullish,23486.25,23486.75,23486.5,0.5,6,2025-09-03 21:39:00-04:00,2025-09-03,21,2,23489.0,1.0,filled,True,43.5,-4.25
2025-09-03,5,bullish,23430.25,23430.5,23430.375,0.25,1,2025-09-04 10:04:00-04:00,2025-09-04,10,1,23432.25,1.0,filled,True,102.5,-22.25
2025-09-03,5,bullish,23430.25,23430.5,23430.375,0.25,2,2025-09-04 10:15:00-04:00,2025-09-04,10,1,23419.5,1.0,filled,True,121.75,-9.5
2025-09-03,5,bullish,23430.25,23430.5,23430.375,0.25,3,2025-09-04 10:19:00-04:00,2025-09-04,10,1,23443.5,1.0,filled,True,97.75,-16.75
2025-09-03,5,bullish,23434.25,23438.25,23436.25,4.0,1,2025-09-04 10:03:00-04:00,2025-09-04,10,1,23439.25,1.0,filled,True,95.5,-29.25
2025-09-03,5,bullish,23434.25,23438.25,23436.25,4.0,2,2025-09-04 10:09:00-04:00,2025-09-04,10,1,23441.25,1.0,filled,True,100.0,-31.25
2025-09-03,5,bullish,23434.25,23438.25,23436.25,4.0,3,2025-09-04 10:14:00-04:00,2025-09-04,10,1,23436.75,1.0,filled,True,104.5,-26.75
2025-09-03,5,bullish,23434.25,23438.25,23436.25,4.0,4,2025-09-04 10:19:00-04:00,2025-09-04,10,1,23443.5,1.0,filled,True,97.75,-16.75
2025-09-03,5,bearish,23419.75,23421.25,23420.5,1.5,1,2025-09-04 10:15:00-04:00,2025-09-04,10,1,23419.5,1.0,filled,False,9.5,-121.75
2025-09-05,5,bullish,23877.0,23882.0,23879.5,5.0,1,2025-09-08 10:32:00-04:00,2025-09-08,10,3,23865.5,1.0,filled,True,22.5,-21.5
2025-09-05,5,bullish,23877.0,23882.0,23879.5,5.0,2,2025-09-08 10:38:00-04:00,2025-09-08,10,3,23874.5,1.0,filled,True,13.5,-30.5
2025-09-05,5,bullish,23877.0,23882.0,23879.5,5.0,3,2025-09-08 10:41:00-04:00,2025-09-08,10,3,23878.25,1.0,filled,False,9.75,-34.25
2025-09-05,5,bullish,23877.0,23882.0,23879.5,5.0,4,2025-09-08 10:56:00-04:00,2025-09-08,10,3,23876.0,1.0,filled,False,8.75,-46.25
2025-09-05,5,bullish,23877.0,23882.0,23879.5,5.0,5,2025-09-08 11:11:00-04:00,2025-09-08,11,3,23875.25,1.0,filled,False,9.5,-45.5
2025-09-05,5,bullish,23877.0,23882.0,23879.5,5.0,6,2025-09-08 11:14:00-04:00,2025-09-08,11,3,23873.5,1.0,filled,True,11.25,-43.75
2025-09-05,5,bearish,23856.0,23870.0,23863.0,14.0,1,2025-09-08 09:51:00-04:00,2025-09-08,9,3,23857.5,1.0,filled,True,51.25,-30.5
2025-09-05,5,bearish,23856.0,23870.0,23863.0,14.0,2,2025-09-08 10:04:00-04:00,2025-09-08,10,3,23857.0,1.0,filled,True,50.75,-31.0
2025-09-05,5,bearish,23856.0,23870.0,23863.0,14.0,3,2025-09-08 10:27:00-04:00,2025-09-08,10,3,23851.0,1.0,filled,True,13.0,-37.0
2025-09-05,5,bearish,23856.0,23870.0,23863.0,14.0,4,2025-09-08 10:50:00-04:00,2025-09-08,10,3,23869.0,1.0,filled,True,39.25,-15.75
2025-09-05,5,bearish,23856.0,23870.0,23863.0,14.0,5,2025-09-08 10:58:00-04:00,2025-09-08,10,3,23862.75,1.0,filled,True,33.0,-22.0
2025-09-05,5,bearish,23856.0,23870.0,23863.0,14.0,6,2025-09-08 11:15:00-04:00,2025-09-08,11,3,23863.25,1.0,filled,True,33.5,-21.5
2025-09-08,5,bullish,23782.5,23782.75,23782.625,0.25,1,2025-09-09 10:03:00-04:00,2025-09-09,10,1,23784.5,1.0,filled,True,66.25,-58.0
2025-09-08,5,bullish,23782.5,23782.75,23782.625,0.25,2,2025-09-09 10:32:00-04:00,2025-09-09,10,1,23771.25,1.0,filled,True,35.5,-44.75
2025-09-08,5,bullish,23782.5,23782.75,23782.625,0.25,3,2025-09-09 10:53:00-04:00,2025-09-09,10,1,23781.25,1.0,filled,True,25.5,-29.25
2025-09-08,5,bullish,23782.5,23782.75,23782.625,0.25,4,2025-09-09 11:00:00-04:00,2025-09-09,11,1,23786.0,1.0,filled,True,26.75,-34.0
2025-09-08,5,bullish,23782.5,23782.75,23782.625,0.25,5,2025-09-09 11:12:00-04:00,2025-09-09,11,1,23781.75,1.0,filled,True,36.0,-27.75
2025-09-08,5,bullish,23782.5,23782.75,23782.625,0.25,6,2025-09-09 11:15:00-04:00,2025-09-09,11,1,23788.5,1.0,filled,True,39.5,-34.5
2025-09-09,5,bearish,23828.25,23837.75,23833.0,9.5,1,2025-09-10 14:53:00-04:00,2025-09-10,14,1,23842.5,1.0,filled,True,57.5,-38.75
2025-09-09,5,bearish,23828.25,23837.75,23833.0,9.5,2,2025-09-10 15:06:00-04:00,2025-09-10,15,1,23835.25,1.0,filled,True,50.25,-57.5
2025-09-09,5,bearish,23828.25,23837.75,23833.0,9.5,3,2025-09-10 15:32:00-04:00,2025-09-10,15,1,23834.5,1.0,filled,True,26.25,-58.25
2025-09-09,5,bearish,23828.25,23837.75,23833.0,9.5,4,2025-09-10 15:41:00-04:00,2025-09-10,15,1,23835.25,1.0,filled,True,16.5,-57.5
2025-09-10,5,bearish,23991.5,23997.0,23994.25,5.5,1,2025-09-11 09:30:00-04:00,2025-09-11,9,1,23980.0,1.0,filled,True,70.25,-23.25
2025-09-10,5,bearish,23991.5,23997.0,23994.25,5.5,2,2025-09-11 10:06:00-04:00,2025-09-11,10,1,23995.5,1.0,filled,True,48.75,-26.5
2025-09-10,5,bearish,23991.5,23997.0,23994.25,5.5,3,2025-09-11 10:34:00-04:00,2025-09-11,10,1,23997.75,1.0,filled,True,22.5,-51.0
2025-09-10,5,bearish,23991.5,23997.0,23994.25,5.5,4,2025-09-11 10:47:00-04:00,2025-09-11,10,1,24003.0,1.0,filled,True,27.75,-45.75
2025-09-10,5,bearish,23991.5,23997.0,23994.25,5.5,5,2025-09-11 10:50:00-04:00,2025-09-11,10,1,23996.0,1.0,filled,True,20.75,-52.75
2025-09-10,5,bearish,23991.5,23997.0,23994.25,5.5,6,2025-09-11 10:54:00-04:00,2025-09-11,10,1,23991.25,0.8181818181818182,filled,True,16.0,-57.5
2025-09-10,5,bullish,23991.5,23996.75,23994.125,5.25,1,2025-09-11 09:30:00-04:00,2025-09-11,9,1,23980.0,1.0,filled,True,23.25,-70.25
2025-09-10,5,bullish,23991.5,23996.75,23994.125,5.25,2,2025-09-11 10:06:00-04:00,2025-09-11,10,1,23995.5,1.0,filled,True,26.5,-48.75
2025-09-10,5,bullish,23991.5,23996.75,23994.125,5.25,3,2025-09-11 10:34:00-04:00,2025-09-11,10,1,23997.75,1.0,filled,True,51.0,-22.5
2025-09-10,5,bullish,23991.5,23996.75,23994.125,5.25,4,2025-09-11 10:47:00-04:00,2025-09-11,10,1,24003.0,0.047619047619047616,edge_near,True,45.75,-27.75
2025-09-10,5,bullish,23991.5,23996.75,23994.125,5.25,5,2025-09-11 10:50:00-04:00,2025-09-11,10,1,23996.0,1.0,filled,True,52.75,-20.75
2025-09-10,5,bullish,23991.5,23996.75,23994.125,5.25,6,2025-09-11 10:54:00-04:00,2025-09-11,10,1,23991.25,1.0,filled,True,57.5,-16.0
2025-09-10,5,bullish,24002.0,24004.0,24003.0,2.0,1,2025-09-11 10:06:00-04:00,2025-09-11,10,1,23995.5,1.0,filled,True,26.5,-48.75
2025-09-10,5,bullish,24002.0,24004.0,24003.0,2.0,2,2025-09-11 10:08:00-04:00,2025-09-11,10,1,24001.5,1.0,filled,True,20.5,-54.75
2025-09-10,5,bullish,24002.0,24004.0,24003.0,2.0,3,2025-09-11 10:35:00-04:00,2025-09-11,10,1,24005.5,1.0,filled,True,43.25,-30.25
2025-09-10,5,bullish,24002.0,24004.0,24003.0,2.0,4,2025-09-11 10:45:00-04:00,2025-09-11,10,1,24002.0,1.0,filled,True,46.75,-26.75
2025-09-10,5,bullish,24002.0,24004.0,24003.0,2.0,5,2025-09-11 10:59:00-04:00,2025-09-11,10,1,24004.0,1.0,filled,True,44.75,-11.25
2025-09-10,5,bullish,24002.0,24004.0,24003.0,2.0,6,2025-09-11 11:05:00-04:00,2025-09-11,11,1,24009.0,1.0,filled,True,39.75,-8.75
2025-09-10,5,bearish,24000.75,24004.0,24002.375,3.25,1,2025-09-11 10:06:00-04:00,2025-09-11,10,1,23995.5,0.5384615384615384,through_CE,True,48.75,-26.5
2025-09-10,5,bearish,24000.75,24004.0,24002.375,3.25,2,2025-09-11 10:08:00-04:00,2025-09-11,10,1,24001.5,0.7692307692307693,filled,True,54.75,-20.5
2025-09-10,5,bearish,24000.75,24004.0,24002.375,3.25,3,2025-09-11 10:35:00-04:00,2025-09-11,10,1,24005.5,1.0,filled,True,30.25,-43.25
2025-09-10,5,bearish,24000.75,24004.0,24002.375,3.25,4,2025-09-11 10:45:00-04:00,2025-09-11,10,1,24002.0,1.0,filled,True,26.75,-46.75
2025-09-10,5,bearish,24000.75,24004.0,24002.375,3.25,5,2025-09-11 10:59:00-04:00,2025-09-11,10,1,24004.0,1.0,filled,True,11.25,-44.75
2025-09-10,5,bearish,24000.75,24004.0,24002.375,3.25,6,2025-09-11 11:05:00-04:00,2025-09-11,11,1,24009.0,1.0,filled,False,8.75,-39.75
2025-09-10,5,bearish,23975.75,23996.0,23985.875,20.25,1,2025-09-11 08:31:00-04:00,2025-09-11,8,1,23956.75,0.024691358024691357,edge_near,True,75.5,-39.75
2025-09-10,5,bearish,23975.75,23996.0,23985.875,20.25,2,2025-09-11 09:29:00-04:00,2025-09-11,9,1,23977.0,1.0,filled,True,67.25,-26.25
2025-09-10,5,bearish,23975.75,23996.0,23985.875,20.25,3,2025-09-11 09:53:00-04:00,2025-09-11,9,1,23974.75,0.6049382716049383,through_CE,True,28.0,-47.25
2025-09-10,5,bearish,23975.75,23996.0,23985.875,20.25,4,2025-09-11 10:02:00-04:00,2025-09-11,10,1,23964.5,1.0,filled,True,17.75,-57.5
2025-09-10,5,bearish,23975.75,23996.0,23985.875,20.25,5,2025-09-11 10:17:00-04:00,2025-09-11,10,1,23975.25,0.19753086419753085,edge_near,True,28.5,-58.75
2025-09-10,5,bearish,23975.75,23996.0,23985.875,20.25,6,2025-09-11 10:31:00-04:00,2025-09-11,10,1,23975.0,1.0,filled,False,9.75,-73.75
2025-09-12,5,bearish,24035.5,24037.75,24036.625,2.25,1,2025-09-17 14:46:00-04:00,2025-09-17,14,5,24044.75,1.0,filled,True,41.25,-263.25
2025-09-12,5,bearish,24035.5,24037.75,24036.625,2.25,2,2025-09-17 14:52:00-04:00,2025-09-17,14,5,24034.25,1.0,filled,True,30.75,-273.75
2025-09-15,5,bullish,24183.25,24196.0,24189.625,12.75,1,2025-09-17 10:28:00-04:00,2025-09-17,10,2,24199.25,0.0,edge_near,True,20.25,-35.0
2025-09-15,5,bullish,24183.25,24196.0,24189.625,12.75,2,2025-09-17 10:30:00-04:00,2025-09-17,10,2,24200.75,0.0392156862745098,edge_near,True,18.75,-36.5
2025-09-15,5,bullish,24183.25,24196.0,24189.625,12.75,3,2025-09-17 10:36:00-04:00,2025-09-17,10,2,24194.0,0.3333333333333333,approached_CE,True,14.75,-29.75
2025-09-15,5,bullish,24183.25,24196.0,24189.625,12.75,4,2025-09-17 10:41:00-04:00,2025-09-17,10,2,24196.5,1.0,filled,True,12.25,-32.25
2025-09-15,5,bullish,24183.25,24196.0,24189.625,12.75,5,2025-09-17 10:53:00-04:00,2025-09-17,10,2,24183.0,1.0,filled,True,20.25,-21.75
2025-09-15,5,bullish,24183.25,24196.0,24189.625,12.75,6,2025-09-17 11:12:00-04:00,2025-09-17,11,2,24183.75,1.0,filled,True,19.5,-30.25
2025-09-15,5,bullish,24234.5,24238.75,24236.625,4.25,1,2025-09-17 04:36:00-04:00,2025-09-17,4,2,24242.0,1.0,filled,True,46.75,-24.25
2025-09-15,5,bullish,24234.5,24238.75,24236.625,4.25,2,2025-09-17 04:41:00-04:00,2025-09-17,4,2,24233.75,1.0,filled,True,55.0,-16.0
2025-09-15,5,bullish,24234.5,24238.75,24236.625,4.25,3,2025-09-17 04:44:00-04:00,2025-09-17,4,2,24246.5,1.0,filled,True,42.25,-17.5
2025-09-15,5,bullish,24234.5,24238.75,24236.625,4.25,4,2025-09-17 09:39:00-04:00,2025-09-17,9,2,24241.25,1.0,filled,True,39.5,-49.5
2025-09-15,5,bullish,24234.5,24238.75,24236.625,4.25,5,2025-09-17 09:59:00-04:00,2025-09-17,9,2,24237.0,1.0,filled,True,11.75,-66.25
2025-09-15,5,bullish,24234.5,24238.75,24236.625,4.25,6,2025-09-17 10:04:00-04:00,2025-09-17,10,2,24231.5,1.0,filled,False,8.5,-61.25
2025-09-16,5,bearish,24335.0,24342.75,24338.875,7.75,1,2025-09-17 19:17:00-04:00,2025-09-17,19,1,24335.0,0.06451612903225806,edge_near,False,9.5,-10.0
2025-09-16,5,bearish,24335.0,24342.75,24338.875,7.75,2,2025-09-17 19:30:00-04:00,2025-09-17,19,1,24335.0,0.8709677419354839,filled,True,18.0,-10.0
2025-09-16,5,bearish,24335.0,24342.75,24338.875,7.75,3,2025-09-17 19:48:00-04:00,2025-09-17,19,1,24338.5,1.0,filled,True,21.5,-6.5
2025-09-16,5,bearish,24335.0,24342.75,24338.875,7.75,4,2025-09-17 20:07:00-04:00,2025-09-17,20,1,24333.0,0.03225806451612903,edge_near,True,16.0,-9.5
2025-09-16,5,bearish,24335.0,24342.75,24338.875,7.75,5,2025-09-17 20:12:00-04:00,2025-09-17,20,1,24335.5,0.2903225806451613,approached_CE,True,18.5,-14.5
2025-09-16,5,bearish,24335.0,24342.75,24338.875,7.75,6,2025-09-17 21:06:00-04:00,2025-09-17,21,1,24337.25,1.0,filled,True,13.25,-16.75
2025-09-18,5,bearish,24436.5,24446.25,24441.375,9.75,1,2025-09-19 00:13:00-04:00,2025-09-19,0,1,24448.25,1.0,filled,True,10.5,-31.0
2025-09-18,5,bearish,24436.5,24446.25,24441.375,9.75,2,2025-09-19 00:15:00-04:00,2025-09-19,0,1,24445.0,1.0,filled,False,7.25,-34.25
2025-09-18,5,bearish,24436.5,24446.25,24441.375,9.75,3,2025-09-19 00:18:00-04:00,2025-09-19,0,1,24445.5,1.0,filled,False,7.75,-33.75
2025-09-18,5,bearish,24436.5,24446.25,24441.375,9.75,4,2025-09-19 00:24:00-04:00,2025-09-19,0,1,24444.75,1.0,filled,False,1.5,-34.5
2025-09-18,5,bearish,24436.5,24446.25,24441.375,9.75,5,2025-09-19 02:22:00-04:00,2025-09-19,2,1,24445.0,1.0,filled,True,34.0,-15.25
2025-09-18,5,bearish,24436.5,24446.25,24441.375,9.75,6,2025-09-19 02:48:00-04:00,2025-09-19,2,1,24440.25,1.0,filled,True,29.25,-11.25
2025-09-18,5,bearish,24414.25,24422.75,24418.5,8.5,1,2025-09-19 03:05:00-04:00,2025-09-19,3,1,24424.0,1.0,filled,True,13.0,-28.5
2025-09-18,5,bearish,24414.25,24422.75,24418.5,8.5,2,2025-09-25 09:44:00-04:00,2025-09-25,9,7,24427.5,1.0,filled,False,5.5,-220.0
2025-09-19,5,bullish,24501.5,24505.5,24503.5,4.0,1,2025-09-25 09:35:00-04:00,2025-09-25,9,6,24506.5,1.0,filled,True,135.25,-84.5
2025-09-19,5,bullish,24501.5,24505.5,24503.5,4.0,2,2025-09-25 09:50:00-04:00,2025-09-25,9,6,24506.0,1.0,filled,True,150.75,-76.0
2025-09-19,5,bullish,24501.5,24505.5,24503.5,4.0,3,2025-09-25 10:02:00-04:00,2025-09-25,10,6,24488.25,1.0,filled,True,168.5,-6.0
2025-09-19,5,bullish,24501.5,24505.5,24503.5,4.0,4,2025-09-25 14:00:00-04:00,2025-09-25,14,6,24497.5,1.0,filled,True,142.75,-44.0
2025-09-19,5,bullish,24501.5,24505.5,24503.5,4.0,5,2025-09-25 14:10:00-04:00,2025-09-25,14,6,24507.0,1.0,filled,True,133.25,-13.5
2025-09-19,5,bullish,24508.0,24517.0,24512.5,9.0,1,2025-09-25 09:34:00-04:00,2025-09-25,9,6,24519.25,1.0,filled,True,122.5,-97.25
2025-09-19,5,bullish,24508.0,24517.0,24512.5,9.0,2,2025-09-25 09:50:00-04:00,2025-09-25,9,6,24506.0,1.0,filled,True,150.75,-76.0
2025-09-19,5,bullish,24508.0,24517.0,24512.5,9.0,3,2025-09-25 10:04:00-04:00,2025-09-25,10,6,24518.0,1.0,filled,True,138.75,-14.75
2025-09-19,5,bullish,24508.0,24517.0,24512.5,9.0,4,2025-09-25 13:58:00-04:00,2025-09-25,13,6,24516.75,1.0,filled,True,123.5,-63.25
2025-09-19,5,bullish,24508.0,24517.0,24512.5,9.0,5,2025-09-25 14:10:00-04:00,2025-09-25,14,6,24507.0,1.0,filled,True,133.25,-13.5
2025-09-19,5,bullish,24526.5,24527.75,24527.125,1.25,1,2025-09-25 09:34:00-04:00,2025-09-25,9,6,24519.25,1.0,filled,True,122.5,-97.25
2025-09-19,5,bullish,24526.5,24527.75,24527.125,1.25,2,2025-09-25 10:05:00-04:00,2025-09-25,10,6,24539.75,1.0,filled,True,117.0,-24.0
2025-09-19,5,bullish,24526.5,24527.75,24527.125,1.25,3,2025-09-25 13:57:00-04:00,2025-09-25,13,6,24521.75,1.0,filled,True,118.5,-68.25
2025-09-19,5,bullish,24526.5,24527.75,24527.125,1.25,4,2025-09-25 14:12:00-04:00,2025-09-25,14,6,24524.5,1.0,filled,True,115.75,-14.5
2025-09-19,5,bullish,24526.5,24527.75,24527.125,1.25,5,2025-09-25 14:14:00-04:00,2025-09-25,14,6,24532.25,1.0,filled,True,108.0,-18.0
2025-09-19,5,bullish,24526.5,24527.75,24527.125,1.25,6,2025-09-26 10:27:00-04:00,2025-09-26,10,7,24531.75,1.0,filled,True,111.0,-11.75
2025-09-22,5,bullish,24822.25,24830.0,24826.125,7.75,1,2025-09-23 13:37:00-04:00,2025-09-23,13,1,24830.5,1.0,filled,True,15.5,-51.25
2025-09-22,5,bullish,24822.25,24830.0,24826.125,7.75,2,2025-09-23 13:48:00-04:00,2025-09-23,13,1,24829.5,1.0,filled,True,16.5,-40.25
2025-09-22,5,bullish,24822.25,24830.0,24826.125,7.75,3,2025-09-23 14:00:00-04:00,2025-09-23,14,1,24830.25,0.9032258064516129,filled,True,15.75,-46.25
2025-09-22,5,bullish,24822.25,24830.0,24826.125,7.75,4,2025-09-23 14:03:00-04:00,2025-09-23,14,1,24817.25,1.0,filled,True,19.25,-33.25
2025-09-22,5,bullish,24822.25,24830.0,24826.125,7.75,5,2025-09-23 14:26:00-04:00,2025-09-23,14,1,24823.5,1.0,filled,True,13.0,-39.5
2025-09-22,5,bullish,24822.25,24830.0,24826.125,7.75,6,2025-09-23 14:31:00-04:00,2025-09-23,14,1,24827.5,1.0,filled,False,9.0,-43.5
2025-09-22,5,bullish,24849.0,24855.25,24852.125,6.25,1,2025-09-23 13:35:00-04:00,2025-09-23,13,1,24850.25,1.0,filled,True,19.5,-71.0
2025-09-22,5,bullish,24849.0,24855.25,24852.125,6.25,2,2025-09-23 16:02:00-04:00,2025-09-23,16,1,24855.0,1.0,filled,False,1.25,-29.75
2025-09-22,5,bullish,24849.0,24855.25,24852.125,6.25,3,2025-09-23 18:00:00-04:00,2025-09-23,18,1,24850.0,1.0,filled,True,13.0,-10.5
2025-09-22,5,bullish,24849.0,24855.25,24852.125,6.25,4,2025-09-23 18:13:00-04:00,2025-09-23,18,1,24856.0,1.0,filled,False,6.75,-10.25
2025-09-22,5,bullish,24849.0,24855.25,24852.125,6.25,5,2025-09-23 18:30:00-04:00,2025-09-23,18,1,24847.5,1.0,filled,True,10.5,-1.75
2025-09-22,5,bullish,24849.0,24855.25,24852.125,6.25,6,2025-09-23 18:53:00-04:00,2025-09-23,18,1,24854.5,1.0,filled,False,1.5,-12.25
2025-09-23,5,bearish,24995.75,24996.0,24995.875,0.25,1,2025-10-01 14:00:00-04:00,2025-10-01,14,8,25002.0,1.0,filled,True,24.5,-35.0
2025-09-23,5,bearish,24995.75,24996.0,24995.875,0.25,2,2025-10-01 14:02:00-04:00,2025-10-01,14,8,24982.25,1.0,filled,False,4.75,-54.75
2025-09-23,5,bearish,24995.75,24996.0,24995.875,0.25,3,2025-10-01 14:05:00-04:00,2025-10-01,14,8,25000.25,1.0,filled,False,7.0,-36.75
2025-09-23,5,bearish,24995.75,24996.0,24995.875,0.25,4,2025-10-01 16:01:00-04:00,2025-10-01,16,8,24999.25,1.0,filled,False,6.5,-14.75
2025-09-23,5,bearish,24995.75,24996.0,24995.875,0.25,5,2025-10-01 16:05:00-04:00,2025-10-01,16,8,24999.25,1.0,filled,False,6.5,-14.75
2025-09-23,5,bearish,24995.75,24996.0,24995.875,0.25,6,2025-10-01 16:07:00-04:00,2025-10-01,16,8,24997.75,1.0,filled,False,5.0,-16.25
2025-09-23,5,bearish,24985.0,24986.0,24985.5,1.0,1,2025-10-01 13:26:00-04:00,2025-10-01,13,8,24981.5,0.0,edge_near,True,17.5,-42.0
2025-09-23,5,bearish,24985.0,24986.0,24985.5,1.0,2,2025-10-01 13:28:00-04:00,2025-10-01,13,8,24988.5,1.0,filled,True,24.5,-35.0
2025-09-23,5,bearish,24985.0,24986.0,24985.5,1.0,3,2025-10-01 13:33:00-04:00,2025-10-01,13,8,24986.0,1.0,filled,True,22.0,-37.5
2025-09-23,5,bearish,24985.0,24986.0,24985.5,1.0,4,2025-10-01 14:00:00-04:00,2025-10-01,14,8,25002.0,1.0,filled,True,24.5,-35.0
2025-09-23,5,bearish,24985.0,24986.0,24985.5,1.0,5,2025-10-01 14:02:00-04:00,2025-10-01,14,8,24982.25,1.0,filled,False,4.75,-54.75
2025-09-23,5,bearish,24985.0,24986.0,24985.5,1.0,6,2025-10-03 13:46:00-04:00,2025-10-03,13,10,24987.5,1.0,filled,True,64.5,-57.25
2025-09-24,5,bearish,24856.5,24873.25,24864.875,16.75,1,2025-09-29 03:30:00-04:00,2025-09-29,3,5,24856.0,0.05970149253731343,edge_near,False,9.75,-22.5
2025-09-24,5,bearish,24856.5,24873.25,24864.875,16.75,2,2025-09-29 03:35:00-04:00,2025-09-29,3,5,24858.25,0.44776119402985076,approached_CE,True,12.0,-20.75
2025-09-24,5,bearish,24856.5,24873.25,24864.875,16.75,3,2025-09-29 03:48:00-04:00,2025-09-29,3,5,24856.0,0.31343283582089554,approached_CE,False,7.0,-35.5
2025-09-24,5,bearish,24856.5,24873.25,24864.875,16.75,4,2025-09-29 04:00:00-04:00,2025-09-29,4,5,24854.5,1.0,filled,False,3.0,-41.0
2025-09-24,5,bearish,24856.5,24873.25,24864.875,16.75,5,2025-09-29 04:34:00-04:00,2025-09-29,4,5,24873.5,1.0,filled,False,1.0,-22.25
2025-09-24,5,bearish,24856.5,24873.25,24864.875,16.75,6,2025-09-29 05:57:00-04:00,2025-09-29,5,5,24874.5,1.0,filled,False,9.0,-27.25
2025-09-24,5,bearish,24818.0,24829.25,24823.625,11.25,1,2025-09-28 23:37:00-04:00,2025-09-28,23,4,24815.75,0.0,edge_near,False,5.5,-19.0
2025-09-24,5,bearish,24818.0,24829.25,24823.625,11.25,2,2025-09-29 00:04:00-04:00,2025-09-29,0,5,24818.75,1.0,filled,False,2.25,-16.0
2025-09-24,5,bearish,24818.0,24829.25,24823.625,11.25,3,2025-09-29 00:50:00-04:00,2025-09-29,0,5,24830.5,1.0,filled,False,9.25,-7.25
2025-09-24,5,bearish,24818.0,24829.25,24823.625,11.25,4,2025-09-29 00:58:00-04:00,2025-09-29,0,5,24829.0,1.0,filled,False,7.75,-8.75
2025-09-24,5,bearish,24818.0,24829.25,24823.625,11.25,5,2025-09-29 01:06:00-04:00,2025-09-29,1,5,24828.0,1.0,filled,True,14.25,-9.75
2025-09-24,5,bearish,24818.0,24829.25,24823.625,11.25,6,2025-09-29 01:42:00-04:00,2025-09-29,1,5,24829.0,1.0,filled,True,16.5,-22.5
2025-09-25,5,bullish,24560.0,24576.25,24568.125,16.25,1,2025-09-26 00:00:00-04:00,2025-09-26,0,1,24583.25,0.06153846153846154,edge_near,True,31.0,-8.0
2025-09-25,5,bullish,24560.0,24576.25,24568.125,16.25,2,2025-09-26 05:01:00-04:00,2025-09-26,5,1,24577.5,0.49230769230769234,approached_CE,True,50.25,-9.25
2025-09-25,5,bullish,24560.0,24576.25,24568.125,16.25,3,2025-09-26 10:24:00-04:00,2025-09-26,10,1,24570.75,1.0,filled,True,72.0,-50.75
2025-09-25,5,bullish,24560.0,24576.25,24568.125,16.25,4,2025-09-26 10:29:00-04:00,2025-09-26,10,1,24569.25,1.0,filled,True,73.5,-30.25
2025-09-25,5,bullish,24560.0,24576.25,24568.125,16.25,5,2025-09-26 10:32:00-04:00,2025-09-26,10,1,24548.5,1.0,filled,True,94.25,-9.5
2025-09-25,5,bullish,24560.0,24576.25,24568.125,16.25,6,2025-09-26 10:35:00-04:00,2025-09-26,10,1,24556.25,1.0,filled,True,86.5,-16.5
2025-09-25,5,bearish,24526.0,24565.0,24545.5,39.0,1,2025-09-26 10:25:00-04:00,2025-09-26,10,1,24547.25,1.0,filled,True,27.25,-95.5
2025-09-25,5,bearish,24526.0,24565.0,24545.5,39.0,2,2025-09-26 10:49:00-04:00,2025-09-26,10,1,24564.75,1.0,filled,True,19.25,-72.25
2025-09-25,5,bearish,24526.0,24565.0,24545.5,39.0,3,2025-09-26 10:59:00-04:00,2025-09-26,10,1,24565.5,1.0,filled,True,20.0,-71.5
2025-09-25,5,bearish,24526.0,24565.0,24545.5,39.0,4,2025-09-26 11:11:00-04:00,2025-09-26,11,1,24565.0,1.0,filled,True,19.5,-72.0
2025-09-25,5,bearish,24526.0,24565.0,24545.5,39.0,5,2025-10-10 15:12:00-04:00,2025-10-10,15,15,24564.75,1.0,filled,True,180.5,-25.75
2025-09-25,5,bearish,24526.0,24565.0,24545.5,39.0,6,2025-10-10 15:15:00-04:00,2025-10-10,15,15,24579.0,1.0,filled,True,194.75,-11.5
2025-09-25,5,bearish,24477.0,24516.25,24496.625,39.25,1,2025-10-10 15:28:00-04:00,2025-10-10,15,15,24517.0,1.0,filled,True,132.75,-40.0
2025-09-25,5,bearish,24477.0,24516.25,24496.625,39.25,2,2025-10-10 15:33:00-04:00,2025-10-10,15,15,24514.25,1.0,filled,True,130.0,-42.75
2025-09-25,5,bearish,24477.0,24516.25,24496.625,39.25,3,2025-10-10 15:40:00-04:00,2025-10-10,15,15,24491.5,1.0,filled,True,107.25,-65.5
2025-09-25,5,bearish,24477.0,24516.25,24496.625,39.25,4,2025-10-10 15:50:00-04:00,2025-10-10,15,15,24507.0,1.0,filled,True,257.0,-24.25
2025-09-25,5,bearish,24477.0,24516.25,24496.625,39.25,5,2025-10-12 18:00:00-04:00,2025-10-12,18,17,24736.75,1.0,filled,True,254.75,-37.25
2025-09-25,5,bearish,24477.0,24516.25,24496.625,39.25,6,2025-10-14 06:45:00-04:00,2025-10-14,6,19,24526.25,1.0,filled,True,23.75,-129.0
2025-09-26,5,bearish,24678.5,24682.0,24680.25,3.5,1,2025-10-01 02:47:00-04:00,2025-10-01,2,5,24669.75,1.0,filled,True,36.0,-25.0
2025-09-26,5,bearish,24678.5,24682.0,24680.25,3.5,2,2025-10-01 03:04:00-04:00,2025-10-01,3,5,24677.5,1.0,filled,True,28.25,-11.75
2025-09-26,5,bearish,24678.5,24682.0,24680.25,3.5,3,2025-10-01 03:18:00-04:00,2025-10-01,3,5,24672.25,0.5,through_CE,True,20.75,-15.5
2025-09-26,5,bearish,24678.5,24682.0,24680.25,3.5,4,2025-10-01 03:30:00-04:00,2025-10-01,3,5,24681.0,1.0,filled,True,28.0,-8.75
2025-09-26,5,bearish,24678.5,24682.0,24680.25,3.5,5,2025-10-01 03:57:00-04:00,2025-10-01,3,5,24676.75,0.2857142857142857,approached_CE,True,23.75,-55.5
2025-09-26,5,bearish,24678.5,24682.0,24680.25,3.5,6,2025-10-01 04:27:00-04:00,2025-10-01,4,5,24672.75,0.0,edge_near,False,3.25,-94.0
2025-09-29,5,bearish,24892.0,24894.25,24893.125,2.25,1,2025-09-30 15:51:00-04:00,2025-09-30,15,1,24888.5,1.0,filled,True,54.0,-25.25
2025-09-29,5,bearish,24892.0,24894.25,24893.125,2.25,2,2025-09-30 15:59:00-04:00,2025-09-30,15,1,24897.75,1.0,filled,True,63.25,-15.5
2025-09-29,5,bearish,24892.0,24894.25,24893.125,2.25,3,2025-10-01 10:29:00-04:00,2025-10-01,10,2,24884.0,0.6666666666666666,through_CE,False,9.25,-36.75
2025-09-29,5,bearish,24892.0,24894.25,24893.125,2.25,4,2025-10-01 10:34:00-04:00,2025-10-01,10,2,24897.0,1.0,filled,True,21.0,-23.75
2025-09-29,5,bearish,24892.0,24894.25,24893.125,2.25,5,2025-10-01 10:39:00-04:00,2025-10-01,10,2,24895.75,1.0,filled,True,19.75,-35.25
2025-09-29,5,bearish,24892.0,24894.25,24893.125,2.25,6,2025-10-01 10:47:00-04:00,2025-10-01,10,2,24884.75,1.0,filled,False,8.75,-51.5
2025-09-29,5,bullish,24892.75,24913.0,24902.875,20.25,1,2025-09-30 15:51:00-04:00,2025-09-30,15,1,24888.5,1.0,filled,True,25.25,-54.0
2025-09-29,5,bullish,24892.75,24913.0,24902.875,20.25,2,2025-10-01 10:29:00-04:00,2025-10-01,10,2,24884.0,1.0,filled,True,36.75,-9.25
2025-09-29,5,bullish,24892.75,24913.0,24902.875,20.25,3,2025-10-01 10:34:00-04:00,2025-10-01,10,2,24897.0,1.0,filled,True,23.75,-21.0
2025-09-29,5,bullish,24892.75,24913.0,24902.875,20.25,4,2025-10-01 10:47:00-04:00,2025-10-01,10,2,24884.75,1.0,filled,True,51.5,-8.75
2025-09-29,5,bullish,24892.75,24913.0,24902.875,20.25,5,2025-10-01 10:51:00-04:00,2025-10-01,10,2,24894.75,1.0,filled,True,41.5,-18.75
2025-09-29,5,bullish,24892.75,24913.0,24902.875,20.25,6,2025-10-01 11:03:00-04:00,2025-10-01,11,2,24908.5,1.0,filled,True,34.5,-32.5
2025-09-29,5,bullish,24916.0,24921.75,24918.875,5.75,1,2025-10-01 11:01:00-04:00,2025-10-01,11,2,24918.25,1.0,filled,True,22.0,-42.25
2025-09-29,5,bullish,24916.0,24921.75,24918.875,5.75,2,2025-10-01 11:36:00-04:00,2025-10-01,11,2,24918.5,1.0,filled,True,34.75,-7.5
2025-09-29,5,bullish,24916.0,24921.75,24918.875,5.75,3,2025-10-01 11:39:00-04:00,2025-10-01,11,2,24927.5,0.30434782608695654,approached_CE,True,25.75,-7.5
2025-09-29,5,bullish,24916.0,24921.75,24918.875,5.75,4,2025-10-01 11:49:00-04:00,2025-10-01,11,2,24925.0,0.30434782608695654,approached_CE,True,28.25,-5.0
2025-09-29,5,bullish,24916.0,24921.75,24918.875,5.75,5,2025-10-10 11:19:00-04:00,2025-10-10,11,11,24951.0,1.0,filled,True,16.5,-283.75
2025-09-29,5,bullish,24916.0,24921.75,24918.875,5.75,6,2025-10-13 03:23:00-04:00,2025-10-13,3,14,24916.25,1.0,filled,True,28.75,-49.25
2025-09-30,5,bearish,24827.75,24831.0,24829.375,3.25,1,2025-10-01 09:33:00-04:00,2025-10-01,9,1,24827.25,1.0,filled,True,101.25,-66.25
2025-09-30,5,bearish,24827.75,24831.0,24829.375,3.25,2,2025-10-01 09:44:00-04:00,2025-10-01,9,1,24829.0,1.0,filled,True,103.0,-83.0
2025-09-30,5,bearish,24827.75,24831.0,24829.375,3.25,3,2025-10-01 10:12:00-04:00,2025-10-01,10,1,24823.75,1.0,filled,False,5.5,-97.0
2025-09-30,5,bearish,24827.75,24831.0,24829.375,3.25,4,2025-10-10 11:24:00-04:00,2025-10-10,11,10,24823.5,1.0,filled,True,156.25,-85.25
2025-09-30,5,bearish,24827.75,24831.0,24829.375,3.25,5,2025-10-10 11:44:00-04:00,2025-10-10,11,10,24861.0,1.0,filled,True,138.25,-47.75
2025-09-30,5,bearish,24827.75,24831.0,24829.375,3.25,6,2025-10-10 11:47:00-04:00,2025-10-10,11,10,24826.5,1.0,filled,True,111.25,-82.25
2025-09-30,5,bearish,24785.0,24812.5,24798.75,27.5,1,2025-10-01 07:33:00-04:00,2025-10-01,7,1,24783.0,0.23636363636363636,edge_near,True,37.0,-22.5
2025-09-30,5,bearish,24785.0,24812.5,24798.75,27.5,2,2025-10-01 07:41:00-04:00,2025-10-01,7,1,24784.5,0.02727272727272727,edge_near,True,38.5,-21.0
2025-09-30,5,bearish,24785.0,24812.5,24798.75,27.5,3,2025-10-01 07:45:00-04:00,2025-10-01,7,1,24785.0,0.7454545454545455,through_CE,True,39.0,-20.5
2025-09-30,5,bearish,24785.0,24812.5,24798.75,27.5,4,2025-10-01 08:10:00-04:00,2025-10-01,8,1,24785.5,0.15454545454545454,edge_near,True,39.5,-13.0
2025-09-30,5,bearish,24785.0,24812.5,24798.75,27.5,5,2025-10-01 08:21:00-04:00,2025-10-01,8,1,24791.25,0.4909090909090909,approached_CE,True,26.75,-7.25
2025-09-30,5,bearish,24785.0,24812.5,24798.75,27.5,6,2025-10-01 08:39:00-04:00,2025-10-01,8,1,24783.25,0.20909090909090908,edge_near,True,39.75,-58.25
2025-10-01,5,bullish,24784.5,24805.5,24795.0,21.0,1,2025-10-10 11:26:00-04:00,2025-10-10,11,9,24839.0,0.13095238095238096,edge_near,True,69.75,-171.75
2025-10-01,5,bullish,24784.5,24805.5,24795.0,21.0,2,2025-10-10 11:30:00-04:00,2025-10-10,11,9,24756.5,1.0,filled,True,152.25,-89.25
2025-10-01,5,bullish,24784.5,24805.5,24795.0,21.0,3,2025-10-10 11:37:00-04:00,2025-10-10,11,9,24786.0,1.0,filled,True,122.75,-101.75
2025-10-01,5,bullish,24784.5,24805.5,24795.0,21.0,4,2025-10-10 11:42:00-04:00,2025-10-10,11,9,24780.5,1.0,filled,True,128.25,-48.5
2025-10-01,5,bullish,24784.5,24805.5,24795.0,21.0,5,2025-10-10 11:56:00-04:00,2025-10-10,11,9,24802.75,1.0,filled,True,44.75,-142.75
2025-10-01,5,bullish,24784.5,24805.5,24795.0,21.0,6,2025-10-10 12:19:00-04:00,2025-10-10,12,9,24776.25,1.0,filled,True,71.25,-172.75
2025-10-01,5,bearish,24782.0,24804.5,24793.25,22.5,1,2025-10-10 11:26:00-04:00,2025-10-10,11,9,24839.0,1.0,filled,True,171.75,-69.75
2025-10-01,5,bearish,24782.0,24804.5,24793.25,22.5,2,2025-10-10 11:30:00-04:00,2025-10-10,11,9,24756.5,1.0,filled,True,89.25,-152.25
2025-10-01,5,bearish,24782.0,24804.5,24793.25,22.5,3,2025-10-10 11:37:00-04:00,2025-10-10,11,9,24786.0,0.36666666666666664,approached_CE,True,101.75,-122.75
2025-10-01,5,bearish,24782.0,24804.5,24793.25,22.5,4,2025-10-10 11:42:00-04:00,2025-10-10,11,9,24780.5,1.0,filled,True,48.5,-128.25
2025-10-01,5,bearish,24782.0,24804.5,24793.25,22.5,5,2025-10-10 11:56:00-04:00,2025-10-10,11,9,24802.75,1.0,filled,True,142.75,-44.75
2025-10-01,5,bearish,24782.0,24804.5,24793.25,22.5,6,2025-10-10 12:19:00-04:00,2025-10-10,12,9,24776.25,0.3333333333333333,approached_CE,True,172.75,-71.25
2025-10-02,5,bullish,25164.0,25172.75,25168.375,8.75,1,2025-10-03 00:00:00-04:00,2025-10-03,0,1,25169.25,0.4857142857142857,approached_CE,False,7.25,-2.75
2025-10-02,5,bullish,25164.0,25172.75,25168.375,8.75,2,2025-10-03 00:10:00-04:00,2025-10-03,0,1,25173.0,0.7142857142857143,through_CE,True,10.5,-6.5
2025-10-02,5,bullish,25164.0,25172.75,25168.375,8.75,3,2025-10-03 00:46:00-04:00,2025-10-03,0,1,25172.25,0.2857142857142857,approached_CE,True,20.0,-2.0
2025-10-02,5,bullish,25164.0,25172.75,25168.375,8.75,4,2025-10-03 00:58:00-04:00,2025-10-03,0,1,25173.25,0.02857142857142857,edge_near,True,19.0,-0.75
2025-10-02,5,bullish,25164.0,25172.75,25168.375,8.75,5,2025-10-03 01:59:00-04:00,2025-10-03,1,1,25171.0,1.0,filled,True,20.75,-15.25
2025-10-02,5,bullish,25164.0,25172.75,25168.375,8.75,6,2025-10-03 02:05:00-04:00,2025-10-03,2,1,25164.75,1.0,filled,True,27.0,-3.5
2025-10-02,5,bearish,25129.5,25162.25,25145.875,32.75,1,2025-10-03 02:01:00-04:00,2025-10-03,2,1,25164.25,1.0,filled,False,8.5,-27.5
2025-10-02,5,bearish,25129.5,25162.25,25145.875,32.75,2,2025-10-03 06:38:00-04:00,2025-10-03,6,1,25159.25,1.0,filled,True,27.75,-13.75
2025-10-02,5,bearish,25129.5,25162.25,25145.875,32.75,3,2025-10-03 06:59:00-04:00,2025-10-03,6,1,25162.5,1.0,filled,True,33.75,-8.5
2025-10-02,5,bearish,25129.5,25162.25,25145.875,32.75,4,2025-10-03 07:04:00-04:00,2025-10-03,7,1,25161.5,1.0,filled,True,32.75,-7.0
2025-10-02,5,bearish,25129.5,25162.25,25145.875,32.75,5,2025-10-03 07:08:00-04:00,2025-10-03,7,1,25163.75,1.0,filled,True,35.0,-2.5
2025-10-02,5,bearish,25129.5,25162.25,25145.875,32.75,6,2025-10-03 07:11:00-04:00,2025-10-03,7,1,25164.25,1.0,filled,True,35.5,-1.75
2025-10-02,5,bearish,25081.75,25113.25,25097.5,31.5,1,2025-10-03 08:45:00-04:00,2025-10-03,8,1,25113.75,1.0,filled,True,10.5,-53.0
2025-10-02,5,bearish,25081.75,25113.25,25097.5,31.5,2,2025-10-03 09:56:00-04:00,2025-10-03,9,1,25107.25,1.0,filled,True,56.25,-22.0
2025-10-02,5,bearish,25081.75,25113.25,25097.5,31.5,3,2025-10-03 10:13:00-04:00,2025-10-03,10,1,25078.5,0.1984126984126984,edge_near,True,19.75,-50.0
2025-10-02,5,bearish,25081.75,25113.25,25097.5,31.5,4,2025-10-03 10:15:00-04:00,2025-10-03,10,1,25082.5,0.6111111111111112,through_CE,True,23.75,-48.25
2025-10-02,5,bearish,25081.75,25113.25,25097.5,31.5,5,2025-10-03 10:25:00-04:00,2025-10-03,10,1,25084.5,1.0,filled,True,12.25,-58.5
2025-10-02,5,bearish,25081.75,25113.25,25097.5,31.5,6,2025-10-03 10:42:00-04:00,2025-10-03,10,1,25117.0,1.0,filled,True,25.75,-26.0
2025-10-02,5,bearish,25071.25,25076.0,25073.625,4.75,1,2025-10-03 10:01:00-04:00,2025-10-03,10,1,25081.25,1.0,filled,True,30.25,-47.25
2025-10-02,5,bearish,25071.25,25076.0,25073.625,4.75,2,2025-10-03 10:08:00-04:00,2025-10-03,10,1,25061.5,1.0,filled,True,10.5,-67.0
2025-10-02,5,bearish,25071.25,25076.0,25073.625,4.75,3,2025-10-03 10:14:00-04:00,2025-10-03,10,1,25076.0,1.0,filled,True,17.25,-52.5
2025-10-02,5,bearish,25071.25,25076.0,25073.625,4.75,4,2025-10-03 10:19:00-04:00,2025-10-03,10,1,25074.75,1.0,filled,True,16.0,-57.75
2025-10-02,5,bearish,25071.25,25076.0,25073.625,4.75,5,2025-10-03 13:02:00-04:00,2025-10-03,13,1,25072.5,1.0,filled,True,149.5,-21.75
2025-10-02,5,bearish,25071.25,25076.0,25073.625,4.75,6,2025-10-03 13:11:00-04:00,2025-10-03,13,1,25078.75,1.0,filled,True,155.75,-15.5
2025-10-03,5,bearish,25110.25,25135.25,25122.75,25.0,1,2025-10-06 04:06:00-04:00,2025-10-06,4,3,25104.5,0.21,edge_near,True,10.75,-11.0
2025-10-03,5,bearish,25110.25,25135.25,25122.75,25.0,2,2025-10-06 04:12:00-04:00,2025-10-06,4,3,25107.75,0.05,edge_near,True,14.0,-4.25
2025-10-03,5,bearish,25110.25,25135.25,25122.75,25.0,3,2025-10-06 05:05:00-04:00,2025-10-06,5,3,25108.75,0.01,edge_near,False,4.75,-31.0
2025-10-03,5,bearish,25110.25,25135.25,25122.75,25.0,4,2025-10-06 05:07:00-04:00,2025-10-06,5,3,25109.75,0.07,edge_near,False,5.75,-33.0
2025-10-03,5,bearish,25110.25,25135.25,25122.75,25.0,5,2025-10-06 05:14:00-04:00,2025-10-06,5,3,25111.25,1.0,filled,False,2.75,-31.5
2025-10-03,5,bearish,25110.25,25135.25,25122.75,25.0,6,2025-10-06 06:10:00-04:00,2025-10-06,6,3,25133.75,1.0,filled,False,9.25,-51.0
2025-10-07,5,bullish,25257.5,25260.25,25258.875,2.75,1,2025-10-08 11:50:00-04:00,2025-10-08,11,1,25255.25,1.0,filled,True,21.25,-21.75
2025-10-07,5,bullish,25257.5,25260.25,25258.875,2.75,2,2025-10-08 11:52:00-04:00,2025-10-08,11,1,25257.5,1.0,filled,True,19.0,-24.0
2025-10-07,5,bullish,25257.5,25260.25,25258.875,2.75,3,2025-10-08 12:06:00-04:00,2025-10-08,12,1,25256.0,1.0,filled,True,20.5,-22.5
2025-10-07,5,bullish,25257.5,25260.25,25258.875,2.75,4,2025-10-08 12:25:00-04:00,2025-10-08,12,1,25255.5,1.0,filled,False,9.75,-22.0
2025-10-07,5,bullish,25257.5,25260.25,25258.875,2.75,5,2025-10-08 12:27:00-04:00,2025-10-08,12,1,25251.5,1.0,filled,True,14.5,-18.0
2025-10-07,5,bullish,25257.5,25260.25,25258.875,2.75,6,2025-10-08 13:17:00-04:00,2025-10-08,13,1,25257.0,1.0,filled,True,40.0,-6.5
2025-10-07,5,bearish,25246.5,25260.25,25253.375,13.75,1,2025-10-08 11:27:00-04:00,2025-10-08,11,1,25242.75,0.0,edge_near,True,13.25,-33.75
2025-10-07,5,bearish,25246.5,25260.25,25253.375,13.75,2,2025-10-08 11:41:00-04:00,2025-10-08,11,1,25244.5,0.10909090909090909,edge_near,True,11.75,-32.0
2025-10-07,5,bearish,25246.5,25260.25,25253.375,13.75,3,2025-10-08 11:49:00-04:00,2025-10-08,11,1,25244.5,1.0,filled,False,8.5,-32.0
2025-10-07,5,bearish,25246.5,25260.25,25253.375,13.75,4,2025-10-08 12:25:00-04:00,2025-10-08,12,1,25255.5,1.0,filled,True,22.0,-9.75
2025-10-07,5,bearish,25246.5,25260.25,25253.375,13.75,5,2025-10-08 12:58:00-04:00,2025-10-08,12,1,25246.25,0.7272727272727273,through_CE,False,6.5,-38.0
2025-10-07,5,bearish,25246.5,25260.25,25253.375,13.75,6,2025-10-08 13:13:00-04:00,2025-10-08,13,1,25246.0,1.0,filled,False,4.5,-48.75
2025-10-07,5,bearish,25241.0,25241.25,25241.125,0.25,1,2025-10-08 11:25:00-04:00,2025-10-08,11,1,25243.25,1.0,filled,True,21.5,-33.25
2025-10-07,5,bearish,25241.0,25241.25,25241.125,0.25,2,2025-10-08 11:37:00-04:00,2025-10-08,11,1,25242.0,1.0,filled,False,9.25,-34.5
2025-10-07,5,bearish,25241.0,25241.25,25241.125,0.25,3,2025-10-08 11:42:00-04:00,2025-10-08,11,1,25234.25,1.0,filled,False,1.5,-42.25
2025-10-07,5,bearish,25241.0,25241.25,25241.125,0.25,4,2025-10-08 11:45:00-04:00,2025-10-08,11,1,25239.75,1.0,filled,False,2.5,-36.75
2025-10-07,5,bearish,25241.0,25241.25,25241.125,0.25,5,2025-10-08 12:47:00-04:00,2025-10-08,12,1,25244.0,1.0,filled,True,10.5,-29.25
2025-10-07,5,bearish,25241.0,25241.25,25241.125,0.25,6,2025-10-08 12:51:00-04:00,2025-10-08,12,1,25241.75,1.0,filled,False,7.75,-42.5
2025-10-08,5,bullish,25066.0,25069.25,25067.625,3.25,1,2025-10-10 11:00:00-04:00,2025-10-10,11,2,25108.25,1.0,filled,True,87.5,-441.0
2025-10-08,5,bullish,25066.0,25069.25,25067.625,3.25,2,2025-10-10 11:10:00-04:00,2025-10-10,11,2,25064.5,1.0,filled,True,36.25,-397.25
2025-10-08,5,bullish,25066.0,25069.25,25067.625,3.25,3,2025-10-10 11:13:00-04:00,2025-10-10,11,2,25075.25,1.0,filled,True,13.75,-408.0
2025-10-08,5,bullish,25066.0,25069.25,25067.625,3.25,4,2025-10-15 10:06:00-04:00,2025-10-15,10,7,25063.75,1.0,filled,True,54.0,-12.25
2025-10-08,5,bullish,25066.0,25069.25,25067.625,3.25,5,2025-10-15 11:11:00-04:00,2025-10-15,11,7,25066.75,1.0,filled,True,21.75,-190.25
2025-10-08,5,bullish,25066.0,25069.25,25067.625,3.25,6,2025-10-15 11:16:00-04:00,2025-10-15,11,7,25060.5,1.0,filled,True,23.25,-184.0
2025-10-08,5,bullish,25071.75,25074.75,25073.25,3.0,1,2025-10-10 11:00:00-04:00,2025-10-10,11,2,25108.25,1.0,filled,True,87.5,-441.0
2025-10-08,5,bullish,25071.75,25074.75,25073.25,3.0,2,2025-10-10 11:11:00-04:00,2025-10-10,11,2,25061.0,1.0,filled,True,39.75,-393.75
2025-10-08,5,bullish,25071.75,25074.75,25073.25,3.0,3,2025-10-10 11:13:00-04:00,2025-10-10,11,2,25075.25,1.0,filled,True,13.75,-408.0
2025-10-08,5,bullish,25071.75,25074.75,25073.25,3.0,4,2025-10-15 10:07:00-04:00,2025-10-15,10,7,25083.0,1.0,filled,True,34.75,-22.5
2025-10-08,5,bullish,25071.75,25074.75,25073.25,3.0,5,2025-10-15 10:14:00-04:00,2025-10-15,10,7,25078.5,1.0,filled,True,39.25,-21.5
2025-10-08,5,bullish,25071.75,25074.75,25073.25,3.0,6,2025-10-15 10:18:00-04:00,2025-10-15,10,7,25077.5,0.75,filled,True,40.25,-25.5
2025-10-08,5,bullish,25078.25,25080.5,25079.375,2.25,1,2025-10-10 11:00:00-04:00,2025-10-10,11,2,25108.25,1.0,filled,True,87.5,-441.0
2025-10-08,5,bullish,25078.25,25080.5,25079.375,2.25,2,2025-10-10 11:06:00-04:00,2025-10-10,11,2,25067.0,1.0,filled,True,33.75,-399.75
2025-10-08,5,bullish,25078.25,25080.5,25079.375,2.25,3,2025-10-10 11:11:00-04:00,2025-10-10,11,2,25061.0,1.0,filled,True,39.75,-393.75
2025-10-08,5,bullish,25078.25,25080.5,25079.375,2.25,4,2025-10-10 11:13:00-04:00,2025-10-10,11,2,25075.25,1.0,filled,True,13.75,-408.0
2025-10-08,5,bullish,25078.25,25080.5,25079.375,2.25,5,2025-10-15 10:07:00-04:00,2025-10-15,10,7,25083.0,1.0,filled,True,34.75,-22.5
2025-10-08,5,bullish,25078.25,25080.5,25079.375,2.25,6,2025-10-15 10:12:00-04:00,2025-10-15,10,7,25086.75,1.0,filled,True,31.0,-29.75
2025-10-08,5,bullish,25100.0,25111.5,25105.75,11.5,1,2025-10-10 11:00:00-04:00,2025-10-10,11,2,25108.25,1.0,filled,True,87.5,-441.0
2025-10-08,5,bullish,25100.0,25111.5,25105.75,11.5,2,2025-10-10 11:06:00-04:00,2025-10-10,11,2,25067.0,1.0,filled,True,33.75,-399.75
2025-10-08,5,bullish,25100.0,25111.5,25105.75,11.5,3,2025-10-10 11:11:00-04:00,2025-10-10,11,2,25061.0,1.0,filled,True,39.75,-393.75
2025-10-08,5,bullish,25100.0,25111.5,25105.75,11.5,4,2025-10-15 10:10:00-04:00,2025-10-15,10,7,25103.5,1.0,filled,True,14.25,-32.75
2025-10-08,5,bullish,25100.0,25111.5,25105.75,11.5,5,2025-10-15 10:16:00-04:00,2025-10-15,10,7,25090.75,1.0,filled,True,27.0,-36.5
2025-10-08,5,bullish,25100.0,25111.5,25105.75,11.5,6,2025-10-15 10:23:00-04:00,2025-10-15,10,7,25101.0,1.0,filled,True,16.75,-51.75
2025-10-08,5,bullish,25169.0,25174.0,25171.5,5.0,1,2025-10-09 13:29:00-04:00,2025-10-09,13,1,25176.25,1.0,filled,True,58.25,-15.5
2025-10-08,5,bullish,25169.0,25174.0,25171.5,5.0,2,2025-10-09 13:33:00-04:00,2025-10-09,13,1,25174.75,0.3,approached_CE,True,59.75,-14.0
2025-10-08,5,bullish,25169.0,25174.0,25171.5,5.0,3,2025-10-09 13:35:00-04:00,2025-10-09,13,1,25162.25,1.0,filled,True,72.25,-1.5
2025-10-08,5,bullish,25169.0,25174.0,25171.5,5.0,4,2025-10-10 10:59:00-04:00,2025-10-10,10,2,25194.0,1.0,filled,True,25.0,-526.75
2025-10-08,5,bullish,25169.0,25174.0,25171.5,5.0,5,2025-10-16 10:42:00-04:00,2025-10-16,10,8,25172.0,1.0,filled,False,7.75,-190.0
2025-10-08,5,bullish,25169.0,25174.0,25171.5,5.0,6,2025-10-20 09:30:00-04:00,2025-10-20,9,12,25173.25,1.0,filled,True,111.75,-58.5
2025-10-09,5,bearish,25324.5,25325.0,25324.75,0.5,1,2025-10-10 00:16:00-04:00,2025-10-10,0,1,25322.5,0.0,edge_near,True,26.25,-4.75
2025-10-09,5,bearish,25324.5,25325.0,25324.75,0.5,2,2025-10-10 00:24:00-04:00,2025-10-10,0,1,25325.25,1.0,filled,True,29.0,-2.0
2025-10-09,5,bearish,25324.5,25325.0,25324.75,0.5,3,2025-10-10 00:34:00-04:00,2025-10-10,0,1,25323.0,1.0,filled,True,26.75,-2.0
2025-10-09,5,bearish,25324.5,25325.0,25324.75,0.5,4,2025-10-10 01:32:00-04:00,2025-10-10,1,1,25321.5,0.5,through_CE,False,1.25,-32.75
2025-10-09,5,bearish,25324.5,25325.0,25324.75,0.5,5,2025-10-10 01:34:00-04:00,2025-10-10,1,1,25324.75,1.0,filled,False,4.5,-29.5
2025-10-09,5,bearish,25324.5,25325.0,25324.75,0.5,6,2025-10-10 01:43:00-04:00,2025-10-10,1,1,25327.0,1.0,filled,True,26.5,-27.25
2025-10-09,5,bearish,25315.0,25316.75,25315.875,1.75,1,2025-10-10 00:00:00-04:00,2025-10-10,0,1,25319.25,1.0,filled,True,19.5,-8.0
2025-10-09,5,bearish,25315.0,25316.75,25315.875,1.75,2,2025-10-10 00:02:00-04:00,2025-10-10,0,1,25317.5,1.0,filled,True,17.75,-9.75
2025-10-09,5,bearish,25315.0,25316.75,25315.875,1.75,3,2025-10-10 00:21:00-04:00,2025-10-10,0,1,25316.0,1.0,filled,True,19.75,-11.25
2025-10-09,5,bearish,25315.0,25316.75,25315.875,1.75,4,2025-10-10 00:45:00-04:00,2025-10-10,0,1,25318.5,1.0,filled,True,22.25,-27.5
2025-10-09,5,bearish,25315.0,25316.75,25315.875,1.75,5,2025-10-10 00:50:00-04:00,2025-10-10,0,1,25316.5,1.0,filled,True,20.25,-29.5
2025-10-09,5,bearish,25315.0,25316.75,25315.875,1.75,6,2025-10-10 01:15:00-04:00,2025-10-10,1,1,25314.5,1.0,filled,False,4.0,-37.5
2025-10-10,5,bullish,25300.5,25307.75,25304.125,7.25,1,2025-10-20 10:43:00-04:00,2025-10-20,10,10,25299.0,1.0,filled,True,34.0,-14.5
2025-10-10,5,bullish,25300.5,25307.75,25304.125,7.25,2,2025-10-20 10:45:00-04:00,2025-10-20,10,10,25304.75,1.0,filled,True,28.25,-15.5
2025-10-10,5,bullish,25300.5,25307.75,25304.125,7.25,3,2025-10-20 11:00:00-04:00,2025-10-20,11,10,25304.5,0.9310344827586207,filled,True,41.0,-15.25
2025-10-10,5,bullish,25300.5,25307.75,25304.125,7.25,4,2025-10-20 11:04:00-04:00,2025-10-20,11,10,25310.0,0.7241379310344828,through_CE,True,35.5,-20.75
2025-10-10,5,bullish,25300.5,25307.75,25304.125,7.25,5,2025-10-20 11:12:00-04:00,2025-10-20,11,10,25310.0,1.0,filled,True,35.5,-20.75
2025-10-10,5,bullish,25300.5,25307.75,25304.125,7.25,6,2025-10-20 11:38:00-04:00,2025-10-20,11,10,25314.0,0.10344827586206896,edge_near,True,31.5,-24.0
2025-10-10,5,bullish,25318.0,25320.25,25319.125,2.25,1,2025-10-20 10:53:00-04:00,2025-10-20,10,10,25317.0,1.0,filled,True,28.5,-27.75
2025-10-10,5,bullish,25318.0,25320.25,25319.125,2.25,2,2025-10-20 10:59:00-04:00,2025-10-20,10,10,25314.25,1.0,filled,True,31.25,-25.0
2025-10-10,5,bullish,25318.0,25320.25,25319.125,2.25,3,2025-10-20 11:07:00-04:00,2025-10-20,11,10,25319.75,1.0,filled,True,25.75,-30.5
2025-10-10,5,bullish,25318.0,25320.25,25319.125,2.25,4,2025-10-20 11:18:00-04:00,2025-10-20,11,10,25317.75,1.0,filled,True,27.75,-22.25
2025-10-10,5,bullish,25318.0,25320.25,25319.125,2.25,5,2025-10-20 11:27:00-04:00,2025-10-20,11,10,25313.75,1.0,filled,True,31.75,-18.25
2025-10-10,5,bullish,25318.0,25320.25,25319.125,2.25,6,2025-10-20 11:29:00-04:00,2025-10-20,11,10,25321.0,1.0,filled,True,24.5,-25.5
2025-10-10,5,bullish,25346.75,25353.75,25350.25,7.0,1,2025-10-20 13:19:00-04:00,2025-10-20,13,10,25346.5,1.0,filled,False,8.5,-16.0
2025-10-10,5,bullish,25346.75,25353.75,25350.25,7.0,2,2025-10-20 13:41:00-04:00,2025-10-20,13,10,25346.25,1.0,filled,False,8.75,-23.5
2025-10-10,5,bullish,25346.75,25353.75,25350.25,7.0,3,2025-10-20 14:05:00-04:00,2025-10-20,14,10,25344.0,1.0,filled,False,9.0,-37.5
2025-10-10,5,bullish,25346.75,25353.75,25350.25,7.0,4,2025-10-20 21:00:00-04:00,2025-10-20,21,10,25347.0,1.0,filled,True,11.25,-17.0
2025-10-10,5,bullish,25346.75,25353.75,25350.25,7.0,5,2025-10-20 21:09:00-04:00,2025-10-20,21,10,25345.75,1.0,filled,True,12.5,-15.75
2025-10-10,5,bullish,25346.75,25353.75,25350.25,7.0,6,2025-10-20 21:11:00-04:00,2025-10-20,21,10,25347.25,1.0,filled,True,11.0,-17.25
2025-10-13,5,bullish,24815.25,24856.5,24835.875,41.25,1,2025-10-14 00:09:00-04:00,2025-10-14,0,1,24856.5,1.0,filled,True,22.75,-106.5
2025-10-13,5,bullish,24815.25,24856.5,24835.875,41.25,2,2025-10-14 00:25:00-04:00,2025-10-14,0,1,24817.5,1.0,filled,False,2.0,-67.5
2025-10-13,5,bullish,24815.25,24856.5,24835.875,41.25,3,2025-10-14 11:51:00-04:00,2025-10-14,11,1,24817.5,1.0,filled,True,126.5,-55.0
2025-10-13,5,bullish,24815.25,24856.5,24835.875,41.25,4,2025-10-14 12:00:00-04:00,2025-10-14,12,1,24805.75,1.0,filled,True,141.5,-43.25
2025-10-13,5,bullish,24815.25,24856.5,24835.875,41.25,5,2025-10-14 12:18:00-04:00,2025-10-14,12,1,24817.0,1.0,filled,True,130.25,-14.0
2025-10-13,5,bullish,24815.25,24856.5,24835.875,41.25,6,2025-10-14 12:22:00-04:00,2025-10-14,12,1,24851.25,0.4666666666666667,approached_CE,True,96.0,-14.0
2025-10-13,5,bearish,24775.0,24820.75,24797.875,45.75,1,2025-10-14 00:16:00-04:00,2025-10-14,0,1,24817.75,1.0,filled,True,67.75,-15.5
2025-10-13,5,bearish,24775.0,24820.75,24797.875,45.75,2,2025-10-14 00:33:00-04:00,2025-10-14,0,1,24779.75,0.6666666666666666,through_CE,True,20.75,-35.0
2025-10-13,5,bearish,24775.0,24820.75,24797.875,45.75,3,2025-10-14 00:52:00-04:00,2025-10-14,0,1,24779.5,0.8688524590163934,filled,True,128.25,-35.25
2025-10-13,5,bearish,24775.0,24820.75,24797.875,45.75,4,2025-10-14 11:44:00-04:00,2025-10-14,11,1,24777.25,1.0,filled,True,20.5,-140.25
2025-10-13,5,bearish,24775.0,24820.75,24797.875,45.75,5,2025-10-14 12:10:00-04:00,2025-10-14,12,1,24773.0,1.0,filled,False,7.5,-174.25
2025-10-13,5,bearish,24775.0,24820.75,24797.875,45.75,6,2025-10-14 15:37:00-04:00,2025-10-14,15,1,24786.25,1.0,filled,True,100.25,-90.75
2025-10-13,5,bullish,24829.75,24835.75,24832.75,6.0,1,2025-10-14 00:13:00-04:00,2025-10-14,0,1,24840.0,1.0,filled,False,5.25,-90.0
2025-10-13,5,bullish,24829.75,24835.75,24832.75,6.0,2,2025-10-14 11:53:00-04:00,2025-10-14,11,1,24830.75,1.0,filled,True,116.5,-68.25
2025-10-13,5,bullish,24829.75,24835.75,24832.75,6.0,3,2025-10-14 12:19:00-04:00,2025-10-14,12,1,24827.0,1.0,filled,True,120.25,-14.0
2025-10-13,5,bullish,24829.75,24835.75,24832.75,6.0,4,2025-10-14 15:37:00-04:00,2025-10-14,15,1,24786.25,1.0,filled,True,90.75,-100.25
2025-10-13,5,bullish,24829.75,24835.75,24832.75,6.0,5,2025-10-14 15:39:00-04:00,2025-10-14,15,1,24827.25,1.0,filled,False,5.75,-141.25
2025-10-13,5,bullish,24829.75,24835.75,24832.75,6.0,6,2025-10-14 22:16:00-04:00,2025-10-14,22,1,24828.5,1.0,filled,True,27.25,-23.25
2025-10-14,5,bullish,24625.25,24644.5,24634.875,19.25,1,2025-10-16 14:34:00-04:00,2025-10-16,14,2,24655.0,0.06493506493506493,edge_near,True,163.5,-11.75
2025-10-14,5,bullish,24625.25,24644.5,24634.875,19.25,2,2025-10-17 01:37:00-04:00,2025-10-17,1,3,24646.0,1.0,filled,True,45.0,-54.5
2025-10-14,5,bullish,24625.25,24644.5,24634.875,19.25,3,2025-10-17 02:20:00-04:00,2025-10-17,2,3,24647.75,0.6883116883116883,through_CE,False,9.5,-196.25
2025-10-14,5,bullish,24625.25,24644.5,24634.875,19.25,4,2025-10-17 02:25:00-04:00,2025-10-17,2,3,24644.0,1.0,filled,False,5.75,-192.5
2025-10-14,5,bullish,24625.25,24644.5,24634.875,19.25,5,2025-10-17 07:09:00-04:00,2025-10-17,7,3,24635.0,1.0,filled,True,155.0,-63.75
2025-10-14,5,bearish,24634.25,24637.0,24635.625,2.75,1,2025-10-17 01:38:00-04:00,2025-10-17,1,3,24631.25,1.0,filled,True,45.25,-59.75
2025-10-14,5,bearish,24634.25,24637.0,24635.625,2.75,2,2025-10-17 01:40:00-04:00,2025-10-17,1,3,24633.75,1.0,filled,True,47.75,-57.25
2025-10-14,5,bearish,24634.25,24637.0,24635.625,2.75,3,2025-10-17 01:47:00-04:00,2025-10-17,1,3,24631.5,1.0,filled,True,45.5,-59.5
2025-10-14,5,bearish,24634.25,24637.0,24635.625,2.75,4,2025-10-17 02:21:00-04:00,2025-10-17,2,3,24638.75,1.0,filled,True,187.25,-16.5
2025-10-14,5,bearish,24634.25,24637.0,24635.625,2.75,5,2025-10-17 02:27:00-04:00,2025-10-17,2,3,24635.75,1.0,filled,True,184.25,-11.75
2025-10-14,5,bearish,24634.25,24637.0,24635.625,2.75,6,2025-10-17 02:32:00-04:00,2025-10-17,2,3,24635.25,1.0,filled,True,183.75,-10.5
2025-10-14,5,bearish,24562.25,24604.75,24583.5,42.5,1,2025-10-17 02:36:00-04:00,2025-10-17,2,3,24606.25,1.0,filled,True,176.25,-17.0
2025-10-14,5,bearish,24562.25,24604.75,24583.5,42.5,2,2025-10-17 02:46:00-04:00,2025-10-17,2,3,24599.75,1.0,filled,True,169.75,-8.25
2025-10-14,5,bearish,24562.25,24604.75,24583.5,42.5,3,2025-10-17 03:04:00-04:00,2025-10-17,3,3,24560.0,0.18235294117647058,edge_near,True,130.0,-10.0
2025-10-14,5,bearish,24562.25,24604.75,24583.5,42.5,4,2025-10-17 03:06:00-04:00,2025-10-17,3,3,24557.75,0.07058823529411765,edge_near,True,140.0,-7.5
2025-10-14,5,bearish,24562.25,24604.75,24583.5,42.5,5,2025-10-17 06:45:00-04:00,2025-10-17,6,3,24560.25,0.14705882352941177,edge_near,True,54.0,-174.75
2025-10-14,5,bearish,24562.25,24604.75,24583.5,42.5,6,2025-10-17 06:56:00-04:00,2025-10-17,6,3,24557.5,1.0,filled,False,6.0,-177.5
2025-10-14,5,bearish,24519.5,24559.5,24539.5,40.0,1,2025-10-17 03:02:00-04:00,2025-10-17,3,3,24560.0,1.0,filled,True,130.0,-10.0
2025-10-14,5,bearish,24519.5,24559.5,24539.5,40.0,2,2025-10-17 03:25:00-04:00,2025-10-17,3,3,24525.5,0.2125,edge_near,True,115.25,-2.5
2025-10-14,5,bearish,24519.5,24559.5,24539.5,40.0,3,2025-10-17 04:36:00-04:00,2025-10-17,4,3,24522.0,0.20625,edge_near,True,48.0,-39.5
2025-10-14,5,bearish,24519.5,24559.5,24539.5,40.0,4,2025-10-17 05:01:00-04:00,2025-10-17,5,3,24519.0,0.10625,edge_near,True,27.25,-42.5
2025-10-14,5,bearish,24519.5,24559.5,24539.5,40.0,5,2025-10-17 05:11:00-04:00,2025-10-17,5,3,24517.5,0.0125,edge_near,True,25.75,-44.0
2025-10-14,5,bearish,24519.5,24559.5,24539.5,40.0,6,2025-10-17 05:13:00-04:00,2025-10-17,5,3,24528.25,1.0,filled,True,36.5,-33.25
2025-10-14,5,bullish,24513.0,24539.0,24526.0,26.0,1,2025-10-17 03:08:00-04:00,2025-10-17,3,3,24531.75,1.0,filled,True,26.25,-114.0
2025-10-14,5,bullish,24513.0,24539.0,24526.0,26.0,2,2025-10-17 03:25:00-04:00,2025-10-17,3,3,24525.5,1.0,filled,False,2.5,-115.25
2025-10-14,5,bullish,24513.0,24539.0,24526.0,26.0,3,2025-10-17 03:53:00-04:00,2025-10-17,3,3,24512.75,1.0,filled,True,15.0,-102.5
2025-10-14,5,bullish,24513.0,24539.0,24526.0,26.0,4,2025-10-17 04:34:00-04:00,2025-10-17,4,3,24511.0,1.0,filled,True,50.5,-37.0
2025-10-14,5,bullish,24513.0,24539.0,24526.0,26.0,5,2025-10-17 04:41:00-04:00,2025-10-17,4,3,24509.25,1.0,filled,True,52.25,-35.25
2025-10-14,5,bullish,24513.0,24539.0,24526.0,26.0,6,2025-10-17 05:01:00-04:00,2025-10-17,5,3,24519.0,1.0,filled,True,42.5,-27.25
2025-10-15,5,bullish,24988.5,25013.25,25000.875,24.75,1,2025-10-16 02:06:00-04:00,2025-10-16,2,1,24988.75,1.0,filled,True,53.25,-34.0
2025-10-15,5,bullish,24988.5,25013.25,25000.875,24.75,2,2025-10-16 02:16:00-04:00,2025-10-16,2,1,24979.5,1.0,filled,True,62.5,-8.0
2025-10-15,5,bullish,24988.5,25013.25,25000.875,24.75,3,2025-10-16 02:25:00-04:00,2025-10-16,2,1,24985.25,1.0,filled,True,56.75,-4.5
2025-10-15,5,bullish,24988.5,25013.25,25000.875,24.75,4,2025-10-16 02:51:00-04:00,2025-10-16,2,1,25013.5,0.16161616161616163,edge_near,True,28.5,-40.25
2025-10-15,5,bullish,24988.5,25013.25,25000.875,24.75,5,2025-10-16 03:09:00-04:00,2025-10-16,3,1,25014.0,0.7575757575757576,filled,True,42.0,-40.75
2025-10-15,5,bullish,24988.5,25013.25,25000.875,24.75,6,2025-10-16 03:18:00-04:00,2025-10-16,3,1,25008.0,1.0,filled,True,49.5,-34.75
2025-10-16,5,bearish,25069.5,25072.0,25070.75,2.5,1,2025-10-19 18:00:00-04:00,2025-10-19,18,3,25079.0,1.0,filled,True,39.5,-21.0
2025-10-16,5,bearish,25069.5,25072.0,25070.75,2.5,2,2025-10-19 18:05:00-04:00,2025-10-19,18,3,25072.25,1.0,filled,True,32.75,-7.0
2025-10-16,5,bearish,25069.5,25072.0,25070.75,2.5,3,2025-10-19 18:09:00-04:00,2025-10-19,18,3,25068.75,1.0,filled,True,34.5,-10.5
2025-10-16,5,bearish,25069.5,25072.0,25070.75,2.5,4,2025-10-19 21:20:00-04:00,2025-10-19,21,3,25066.25,1.0,filled,True,38.25,-10.5
2025-10-16,5,bearish,25069.5,25072.0,25070.75,2.5,5,2025-10-19 23:36:00-04:00,2025-10-19,23,3,25070.0,1.0,filled,False,4.75,-50.0
2025-10-16,5,bearish,25069.5,25072.0,25070.75,2.5,6,2025-10-19 23:43:00-04:00,2025-10-19,23,3,25072.0,1.0,filled,False,0.25,-48.0
2025-10-17,5,bullish,24786.5,24814.0,24800.25,27.5,1,2025-10-22 13:53:00-04:00,2025-10-22,13,5,24832.75,0.3181818181818182,approached_CE,True,114.0,-27.5
2025-10-20,5,bullish,25132.5,25133.75,25133.125,1.25,1,2025-10-22 10:29:00-04:00,2025-10-22,10,2,25125.25,1.0,filled,True,66.5,-102.25
2025-10-20,5,bullish,25132.5,25133.75,25133.125,1.25,2,2025-10-22 10:51:00-04:00,2025-10-22,10,2,25128.75,1.0,filled,True,63.0,-125.75
2025-10-20,5,bullish,25132.5,25133.75,25133.125,1.25,3,2025-10-22 11:12:00-04:00,2025-10-22,11,2,25129.75,1.0,filled,True,23.25,-126.75
2025-10-20,5,bullish,25132.5,25133.75,25133.125,1.25,4,2025-10-22 11:16:00-04:00,2025-10-22,11,2,25124.0,1.0,filled,True,24.75,-121.0
2025-10-20,5,bullish,25132.5,25133.75,25133.125,1.25,5,2025-10-22 11:18:00-04:00,2025-10-22,11,2,25125.0,1.0,filled,False,9.5,-122.0
2025-10-20,5,bullish,25132.5,25133.75,25133.125,1.25,6,2025-10-23 09:49:00-04:00,2025-10-23,9,3,25137.25,1.0,filled,True,62.0,-53.5
2025-10-20,5,bullish,25142.0,25178.0,25160.0,36.0,1,2025-10-22 09:35:00-04:00,2025-10-22,9,2,25188.25,0.14583333333333334,edge_near,True,101.25,-101.25
2025-10-20,5,bullish,25142.0,25178.0,25160.0,36.0,2,2025-10-22 09:37:00-04:00,2025-10-22,9,2,25191.5,0.020833333333333332,edge_near,True,98.0,-104.5
2025-10-20,5,bullish,25142.0,25178.0,25160.0,36.0,3,2025-10-22 10:26:00-04:00,2025-10-22,10,2,25177.0,1.0,filled,True,26.0,-149.5
2025-10-20,5,bullish,25142.0,25178.0,25160.0,36.0,4,2025-10-22 10:30:00-04:00,2025-10-22,10,2,25110.0,1.0,filled,True,81.75,-106.75
2025-10-20,5,bullish,25142.0,25178.0,25160.0,36.0,5,2025-10-22 10:56:00-04:00,2025-10-22,10,2,25149.25,1.0,filled,True,42.5,-146.25
2025-10-20,5,bullish,25142.0,25178.0,25160.0,36.0,6,2025-10-23 09:50:00-04:00,2025-10-23,9,3,25161.5,1.0,filled,True,37.75,-77.75
2025-10-21,5,bearish,25291.0,25297.0,25294.0,6.0,1,2025-10-22 00:00:00-04:00,2025-10-22,0,1,25296.75,1.0,filled,False,7.25,-36.25
2025-10-21,5,bearish,25291.0,25297.0,25294.0,6.0,2,2025-10-22 02:00:00-04:00,2025-10-22,2,1,25298.75,1.0,filled,False,4.75,-39.75
2025-10-21,5,bearish,25291.0,25297.0,25294.0,6.0,3,2025-10-22 03:02:00-04:00,2025-10-22,3,1,25298.0,1.0,filled,True,27.25,-8.25
2025-10-21,5,bearish,25291.0,25297.0,25294.0,6.0,4,2025-10-22 03:09:00-04:00,2025-10-22,3,1,25289.5,0.5833333333333334,through_CE,True,18.75,-16.5
2025-10-21,5,bearish,25291.0,25297.0,25294.0,6.0,5,2025-10-22 03:19:00-04:00,2025-10-22,3,1,25288.25,1.0,filled,True,32.25,-17.75
2025-10-21,5,bearish,25291.0,25297.0,25294.0,6.0,6,2025-10-22 03:34:00-04:00,2025-10-22,3,1,25297.0,1.0,filled,True,41.5,-9.0
2025-10-21,5,bearish,25262.25,25269.25,25265.75,7.0,1,2025-10-22 04:12:00-04:00,2025-10-22,4,1,25266.25,1.0,filled,True,26.5,-13.0
2025-10-21,5,bearish,25262.25,25269.25,25265.75,7.0,2,2025-10-22 04:32:00-04:00,2025-10-22,4,1,25272.0,1.0,filled,True,41.0,-2.0
2025-10-21,5,bearish,25262.25,25269.25,25265.75,7.0,3,2025-10-22 04:37:00-04:00,2025-10-22,4,1,25270.0,1.0,filled,True,39.0,-3.25
2025-10-21,5,bearish,25262.25,25269.25,25265.75,7.0,4,2025-10-22 04:55:00-04:00,2025-10-22,4,1,25264.75,1.0,filled,True,33.75,-8.5
2025-10-21,5,bearish,25262.25,25269.25,25265.75,7.0,5,2025-10-22 05:29:00-04:00,2025-10-22,5,1,25258.0,0.03571428571428571,edge_near,True,12.0,-31.25
2025-10-21,5,bearish,25262.25,25269.25,25265.75,7.0,6,2025-10-22 05:36:00-04:00,2025-10-22,5,1,25262.5,0.8928571428571429,filled,True,16.5,-28.0
2025-10-22,5,bullish,25260.75,25269.25,25265.0,8.5,1,2025-10-23 13:38:00-04:00,2025-10-23,13,1,25262.75,1.0,filled,True,25.5,-17.25
2025-10-22,5,bullish,25260.75,25269.25,25265.0,8.5,2,2025-10-23 14:01:00-04:00,2025-10-23,14,1,25266.5,1.0,filled,True,21.75,-21.0
2025-10-22,5,bullish,25260.75,25269.25,25265.0,8.5,3,2025-10-23 14:24:00-04:00,2025-10-23,14,1,25272.25,0.11764705882352941,edge_near,True,16.0,-18.0
2025-10-22,5,bullish,25260.75,25269.25,25265.0,8.5,4,2025-10-23 14:26:00-04:00,2025-10-23,14,1,25268.0,0.3235294117647059,approached_CE,True,20.25,-13.75
2025-10-22,5,bullish,25260.75,25269.25,25265.0,8.5,5,2025-10-23 14:34:00-04:00,2025-10-23,14,1,25269.0,1.0,filled,True,13.75,-14.75
2025-10-22,5,bullish,25260.75,25269.25,25265.0,8.5,6,2025-10-23 14:49:00-04:00,2025-10-23,14,1,25261.5,1.0,filled,True,21.25,-8.0
2025-10-22,5,bearish,25226.5,25261.0,25243.75,34.5,1,2025-10-23 12:15:00-04:00,2025-10-23,12,1,25223.75,0.021739130434782608,edge_near,True,39.25,-23.25
2025-10-22,5,bearish,25226.5,25261.0,25243.75,34.5,2,2025-10-23 12:43:00-04:00,2025-10-23,12,1,25222.5,0.5942028985507246,through_CE,True,33.0,-52.0
2025-10-22,5,bearish,25226.5,25261.0,25243.75,34.5,3,2025-10-23 13:10:00-04:00,2025-10-23,13,1,25224.25,0.5217391304347826,through_CE,True,25.5,-59.25
2025-10-22,5,bearish,25226.5,25261.0,25243.75,34.5,4,2025-10-23 13:33:00-04:00,2025-10-23,13,1,25224.5,1.0,filled,False,8.25,-63.75
2025-10-22,5,bearish,25226.5,25261.0,25243.75,34.5,5,2025-10-23 13:40:00-04:00,2025-10-23,13,1,25256.25,1.0,filled,True,10.75,-32.0
2025-10-22,5,bearish,25226.5,25261.0,25243.75,34.5,6,2025-10-23 13:43:00-04:00,2025-10-23,13,1,25261.25,1.0,filled,True,15.75,-27.0
2025-10-22,5,bullish,25226.5,25235.75,25231.125,9.25,1,2025-10-23 12:15:00-04:00,2025-10-23,12,1,25223.75,1.0,filled,True,23.25,-39.25
2025-10-22,5,bullish,25226.5,25235.75,25231.125,9.25,2,2025-10-23 12:43:00-04:00,2025-10-23,12,1,25222.5,1.0,filled,True,52.0,-33.0
2025-10-22,5,bullish,25226.5,25235.75,25231.125,9.25,3,2025-10-23 13:03:00-04:00,2025-10-23,13,1,25237.5,1.0,filled,True,46.0,-48.0
2025-10-22,5,bullish,25226.5,25235.75,25231.125,9.25,4,2025-10-23 13:10:00-04:00,2025-10-23,13,1,25224.25,1.0,filled,True,59.25,-25.5
2025-10-22,5,bullish,25226.5,25235.75,25231.125,9.25,5,2025-10-23 13:14:00-04:00,2025-10-23,13,1,25236.25,1.0,filled,True,47.25,-37.5
2025-10-22,5,bullish,25226.5,25235.75,25231.125,9.25,6,2025-10-23 13:33:00-04:00,2025-10-23,13,1,25224.5,1.0,filled,True,63.75,-8.25
2025-10-23,5,bearish,24981.75,24999.0,24990.375,17.25,1,2025-11-07 09:36:00-05:00,2025-11-07,9,15,25001.0,1.0,filled,True,119.25,-44.5
2025-10-23,5,bearish,24981.75,24999.0,24990.375,17.25,2,2025-11-07 09:43:00-05:00,2025-11-07,9,15,24987.5,0.855072463768116,filled,True,114.0,-58.0
2025-10-23,5,bearish,24981.75,24999.0,24990.375,17.25,3,2025-11-07 09:48:00-05:00,2025-11-07,9,15,24987.5,0.9420289855072463,filled,True,144.25,-58.0
2025-10-23,5,bearish,24981.75,24999.0,24990.375,17.25,4,2025-11-07 09:51:00-05:00,2025-11-07,9,15,24962.25,1.0,filled,True,119.0,-83.25
2025-10-23,5,bearish,24981.75,24999.0,24990.375,17.25,5,2025-11-07 10:00:00-05:00,2025-11-07,10,15,24973.5,1.0,filled,True,153.5,-71.5
2025-10-23,5,bearish,24981.75,24999.0,24990.375,17.25,6,2025-11-07 10:02:00-05:00,2025-11-07,10,15,24974.0,0.5217391304347826,through_CE,True,154.0,-71.0
2025-10-23,5,bullish,24981.75,24986.75,24984.25,5.0,1,2025-11-07 09:37:00-05:00,2025-11-07,9,15,24951.0,1.0,filled,True,94.5,-69.25
2025-10-23,5,bullish,24981.75,24986.75,24984.25,5.0,2,2025-11-07 09:43:00-05:00,2025-11-07,9,15,24987.5,1.0,filled,True,58.0,-114.0
2025-10-23,5,bullish,24981.75,24986.75,24984.25,5.0,3,2025-11-07 09:48:00-05:00,2025-11-07,9,15,24987.5,1.0,filled,True,58.0,-144.25
2025-10-23,5,bullish,24981.75,24986.75,24984.25,5.0,4,2025-11-07 09:51:00-05:00,2025-11-07,9,15,24962.25,1.0,filled,True,83.25,-119.0
2025-10-23,5,bullish,24981.75,24986.75,24984.25,5.0,5,2025-11-07 10:00:00-05:00,2025-11-07,10,15,24973.5,1.0,filled,True,71.5,-153.5
2025-10-23,5,bullish,24981.75,24986.75,24984.25,5.0,6,2025-11-07 10:02:00-05:00,2025-11-07,10,15,24974.0,1.0,filled,True,71.0,-154.0
2025-10-23,5,bullish,24993.25,24998.25,24995.75,5.0,1,2025-11-07 09:36:00-05:00,2025-11-07,9,15,25001.0,1.0,filled,True,44.5,-119.25
2025-10-23,5,bullish,24993.25,24998.25,24995.75,5.0,2,2025-11-07 09:44:00-05:00,2025-11-07,9,15,24975.25,1.0,filled,True,70.25,-114.25
2025-10-23,5,bullish,24993.25,24998.25,24995.75,5.0,3,2025-11-07 09:46:00-05:00,2025-11-07,9,15,24943.0,1.0,filled,True,102.5,-99.75
2025-10-23,5,bullish,24993.25,24998.25,24995.75,5.0,4,2025-11-07 09:48:00-05:00,2025-11-07,9,15,24987.5,1.0,filled,True,58.0,-144.25
2025-10-23,5,bullish,24993.25,24998.25,24995.75,5.0,5,2025-11-07 09:52:00-05:00,2025-11-07,9,15,24998.0,1.0,filled,True,47.5,-154.75
2025-10-23,5,bullish,24993.25,24998.25,24995.75,5.0,6,2025-11-07 10:00:00-05:00,2025-11-07,10,15,24973.5,1.0,filled,True,71.5,-153.5
2025-10-23,5,bullish,25047.75,25056.5,25052.125,8.75,1,2025-11-07 09:30:00-05:00,2025-11-07,9,15,25046.25,1.0,filled,True,65.25,-164.5
2025-10-23,5,bullish,25047.75,25056.5,25052.125,8.75,2,2025-11-07 14:40:00-05:00,2025-11-07,14,15,25067.75,1.0,filled,True,59.25,-44.0
2025-10-23,5,bullish,25047.75,25056.5,25052.125,8.75,3,2025-11-07 14:47:00-05:00,2025-11-07,14,15,25063.25,1.0,filled,True,73.5,-39.5
2025-10-23,5,bullish,25047.75,25056.5,25052.125,8.75,4,2025-11-07 15:19:00-05:00,2025-11-07,15,15,25073.0,1.0,filled,True,146.5,-49.25
2025-10-23,5,bullish,25047.75,25056.5,25052.125,8.75,5,2025-11-07 15:27:00-05:00,2025-11-07,15,15,25061.5,1.0,filled,True,158.0,-31.0
2025-10-23,5,bullish,25077.5,25091.25,25084.375,13.75,1,2025-11-07 06:32:00-05:00,2025-11-07,6,15,25090.5,0.509090909090909,through_CE,True,105.25,-6.25
2025-10-23,5,bullish,25077.5,25091.25,25084.375,13.75,2,2025-11-07 06:38:00-05:00,2025-11-07,6,15,25113.0,0.0,edge_near,True,82.75,-21.75
2025-10-23,5,bullish,25077.5,25091.25,25084.375,13.75,3,2025-11-07 07:48:00-05:00,2025-11-07,7,15,25089.0,1.0,filled,True,58.0,-27.0
2025-10-23,5,bullish,25077.5,25091.25,25084.375,13.75,4,2025-11-07 07:56:00-05:00,2025-11-07,7,15,25081.75,1.0,filled,True,65.25,-15.25
2025-10-23,5,bullish,25077.5,25091.25,25084.375,13.75,5,2025-11-07 08:27:00-05:00,2025-11-07,8,15,25082.25,1.0,filled,True,59.75,-15.75
2025-10-23,5,bullish,25077.5,25091.25,25084.375,13.75,6,2025-11-07 09:02:00-05:00,2025-11-07,9,15,25094.5,0.16363636363636364,edge_near,True,29.75,-177.0
2025-10-23,5,bullish,25092.75,25137.5,25115.125,44.75,1,2025-11-07 06:14:00-05:00,2025-11-07,6,15,25124.5,0.776536312849162,filled,True,67.25,-40.25
2025-10-23,5,bullish,25092.75,25137.5,25115.125,44.75,2,2025-11-07 06:22:00-05:00,2025-11-07,6,15,25140.75,1.0,filled,True,55.0,-56.5
2025-10-23,5,bullish,25092.75,25137.5,25115.125,44.75,3,2025-11-07 07:33:00-05:00,2025-11-07,7,15,25133.25,1.0,filled,True,13.75,-71.25
2025-10-23,5,bullish,25092.75,25137.5,25115.125,44.75,4,2025-11-07 07:57:00-05:00,2025-11-07,7,15,25092.75,1.0,filled,True,54.25,-26.25
2025-10-23,5,bullish,25092.75,25137.5,25115.125,44.75,5,2025-11-07 08:04:00-05:00,2025-11-07,8,15,25092.25,1.0,filled,True,54.75,-25.75
2025-10-23,5,bullish,25092.75,25137.5,25115.125,44.75,6,2025-11-07 08:30:00-05:00,2025-11-07,8,15,25092.25,1.0,filled,True,49.75,-46.75
2025-10-23,5,bullish,25139.25,25147.25,25143.25,8.0,1,2025-11-07 06:14:00-05:00,2025-11-07,6,15,25124.5,1.0,filled,True,67.25,-40.25
2025-10-23,5,bullish,25139.25,25147.25,25143.25,8.0,2,2025-11-07 06:20:00-05:00,2025-11-07,6,15,25143.25,1.0,filled,True,52.5,-59.0
2025-10-23,5,bullish,25139.25,25147.25,25143.25,8.0,3,2025-11-07 06:44:00-05:00,2025-11-07,6,15,25138.75,1.0,filled,True,57.0,-32.0
2025-10-23,5,bullish,25139.25,25147.25,25143.25,8.0,4,2025-11-07 07:22:00-05:00,2025-11-07,7,15,25148.75,0.25,approached_CE,True,33.5,-86.75
2025-10-23,5,bullish,25139.25,25147.25,25143.25,8.0,5,2025-11-07 07:30:00-05:00,2025-11-07,7,15,25149.0,1.0,filled,True,12.0,-87.0
2025-10-23,5,bullish,25139.25,25147.25,25143.25,8.0,6,2025-11-07 07:37:00-05:00,2025-11-07,7,15,25136.5,1.0,filled,True,10.5,-74.5
2025-10-24,5,bullish,25466.0,25467.25,25466.625,1.25,1,2025-11-04 19:04:00-05:00,2025-11-04,19,11,25470.5,1.0,filled,True,27.0,-91.0
2025-10-24,5,bullish,25466.0,25467.25,25466.625,1.25,2,2025-11-04 19:06:00-05:00,2025-11-04,19,11,25458.25,1.0,filled,True,39.25,-99.25
2025-10-24,5,bullish,25466.0,25467.25,25466.625,1.25,3,2025-11-04 19:25:00-05:00,2025-11-04,19,11,25461.5,1.0,filled,True,15.0,-142.75
2025-10-24,5,bullish,25466.0,25467.25,25466.625,1.25,4,2025-11-04 22:05:00-05:00,2025-11-04,22,11,25453.75,1.0,filled,True,64.75,-22.25
2025-10-24,5,bullish,25466.0,25467.25,25466.625,1.25,5,2025-11-04 22:14:00-05:00,2025-11-04,22,11,25466.25,1.0,filled,True,52.25,-34.75
2025-10-24,5,bullish,25466.0,25467.25,25466.625,1.25,6,2025-11-04 22:28:00-05:00,2025-11-04,22,11,25469.25,1.0,filled,True,49.25,-20.0
2025-10-27,5,bullish,25833.75,25835.5,25834.625,1.75,1,2025-11-04 00:41:00-05:00,2025-11-04,0,8,25840.0,1.0,filled,False,9.75,-95.75
2025-10-27,5,bullish,25833.75,25835.5,25834.625,1.75,2,2025-11-04 00:48:00-05:00,2025-11-04,0,8,25823.0,1.0,filled,True,19.0,-78.75
2025-10-27,5,bullish,25833.75,25835.5,25834.625,1.75,3,2025-11-04 09:53:00-05:00,2025-11-04,9,8,25835.25,1.0,filled,True,58.5,-31.25
2025-10-27,5,bullish,25833.75,25835.5,25834.625,1.75,4,2025-11-04 10:10:00-05:00,2025-11-04,10,8,25845.75,1.0,filled,True,48.0,-82.0
2025-10-27,5,bullish,25833.75,25835.5,25834.625,1.75,5,2025-11-04 10:48:00-05:00,2025-11-04,10,8,25830.75,1.0,filled,True,11.25,-93.0
2025-10-27,5,bullish,25833.75,25835.5,25834.625,1.75,6,2025-11-05 13:17:00-05:00,2025-11-05,13,9,25825.5,1.0,filled,True,47.25,-15.5
2025-10-27,5,bearish,25829.5,25833.5,25831.5,4.0,1,2025-11-04 00:41:00-05:00,2025-11-04,0,8,25840.0,1.0,filled,True,95.75,-9.75
2025-10-27,5,bearish,25829.5,25833.5,25831.5,4.0,2,2025-11-04 00:43:00-05:00,2025-11-04,0,8,25830.75,1.0,filled,True,86.5,-19.0
2025-10-27,5,bearish,25829.5,25833.5,25831.5,4.0,3,2025-11-04 00:48:00-05:00,2025-11-04,0,8,25823.0,1.0,filled,True,78.75,-19.0
2025-10-27,5,bearish,25829.5,25833.5,25831.5,4.0,4,2025-11-04 00:50:00-05:00,2025-11-04,0,8,25828.25,0.75,filled,True,84.0,-4.25
2025-10-27,5,bearish,25829.5,25833.5,25831.5,4.0,5,2025-11-04 09:53:00-05:00,2025-11-04,9,8,25835.25,1.0,filled,True,31.25,-58.5
2025-10-27,5,bearish,25829.5,25833.5,25831.5,4.0,6,2025-11-04 10:10:00-05:00,2025-11-04,10,8,25845.75,1.0,filled,True,82.0,-48.0
2025-10-28,5,bullish,26013.5,26039.0,26026.25,25.5,1,2025-10-30 09:35:00-04:00,2025-10-30,9,2,26023.75,1.0,filled,True,155.75,-82.25
2025-10-28,5,bullish,26013.5,26039.0,26026.25,25.5,2,2025-10-30 09:46:00-04:00,2025-10-30,9,2,26030.75,1.0,filled,True,148.75,-38.5
2025-10-28,5,bullish,26013.5,26039.0,26026.25,25.5,3,2025-10-30 10:17:00-04:00,2025-10-30,10,2,26047.5,0.0196078431372549,edge_near,True,51.0,-68.75
2025-10-28,5,bullish,26013.5,26039.0,26026.25,25.5,4,2025-10-30 10:20:00-04:00,2025-10-30,10,2,26040.5,0.13725490196078433,edge_near,True,58.0,-61.75
2025-10-28,5,bullish,26013.5,26039.0,26026.25,25.5,5,2025-10-30 10:23:00-04:00,2025-10-30,10,2,26022.25,1.0,filled,True,76.25,-43.5
2025-10-28,5,bullish,26013.5,26039.0,26026.25,25.5,6,2025-10-30 10:33:00-04:00,2025-10-30,10,2,26034.0,0.19607843137254902,edge_near,True,64.5,-55.25
2025-10-30,5,bearish,26044.25,26098.75,26071.5,54.5,1,2025-10-31 09:45:00-04:00,2025-10-31,9,1,26096.25,1.0,filled,True,39.25,-77.5
2025-10-30,5,bearish,26044.25,26098.75,26071.5,54.5,2,2025-10-31 09:54:00-04:00,2025-10-31,9,1,26111.0,1.0,filled,True,54.0,-70.5
2025-10-30,5,bearish,26044.25,26098.75,26071.5,54.5,3,2025-10-31 09:57:00-04:00,2025-10-31,9,1,26089.5,1.0,filled,True,32.5,-92.0
2025-10-30,5,bearish,26044.25,26098.75,26071.5,54.5,4,2025-10-31 10:21:00-04:00,2025-10-31,10,1,26068.0,1.0,filled,True,11.0,-115.0
2025-10-30,5,bearish,26044.25,26098.75,26071.5,54.5,5,2025-10-31 10:28:00-04:00,2025-10-31,10,1,26102.25,1.0,filled,False,5.0,-80.75
2025-10-30,5,bearish,26044.25,26098.75,26071.5,54.5,6,2025-10-31 11:39:00-04:00,2025-10-31,11,1,26098.75,1.0,filled,True,143.25,-59.0
2025-10-30,5,bearish,25996.0,26043.0,26019.5,47.0,1,2025-10-31 12:00:00-04:00,2025-10-31,12,1,26021.75,1.0,filled,True,90.25,-32.0
2025-10-30,5,bearish,25996.0,26043.0,26019.5,47.0,2,2025-10-31 12:24:00-04:00,2025-10-31,12,1,25995.25,0.8670212765957447,filled,True,102.5,-41.5
2025-10-30,5,bearish,25996.0,26043.0,26019.5,47.0,3,2025-10-31 12:42:00-04:00,2025-10-31,12,1,25988.5,0.047872340425531915,edge_near,True,100.75,-12.0
2025-10-30,5,bearish,25996.0,26043.0,26019.5,47.0,4,2025-10-31 12:46:00-04:00,2025-10-31,12,1,25991.25,0.0425531914893617,edge_near,True,103.5,-9.25
2025-10-30,5,bearish,25996.0,26043.0,26019.5,47.0,5,2025-10-31 12:49:00-04:00,2025-10-31,12,1,25993.25,0.09574468085106383,edge_near,True,105.5,-7.25
2025-10-30,5,bearish,25996.0,26043.0,26019.5,47.0,6,2025-10-31 14:11:00-04:00,2025-10-31,14,1,25995.0,0.0851063829787234,edge_near,True,24.0,-40.25
2025-10-30,5,bullish,25996.0,26053.25,26024.625,57.25,1,2025-10-31 11:56:00-04:00,2025-10-31,11,1,26072.0,0.056768558951965066,edge_near,False,0.5,-124.75
2025-10-30,5,bullish,25996.0,26053.25,26024.625,57.25,2,2025-10-31 11:59:00-04:00,2025-10-31,11,1,26051.75,1.0,filled,False,8.75,-120.25
2025-10-30,5,bullish,25996.0,26053.25,26024.625,57.25,3,2025-10-31 12:24:00-04:00,2025-10-31,12,1,25995.25,1.0,filled,True,41.5,-102.5
2025-10-30,5,bullish,25996.0,26053.25,26024.625,57.25,4,2025-10-31 12:42:00-04:00,2025-10-31,12,1,25988.5,1.0,filled,True,12.0,-100.75
2025-10-30,5,bullish,25996.0,26053.25,26024.625,57.25,5,2025-10-31 12:46:00-04:00,2025-10-31,12,1,25991.25,1.0,filled,False,9.25,-103.5
2025-10-30,5,bullish,25996.0,26053.25,26024.625,57.25,6,2025-10-31 12:49:00-04:00,2025-10-31,12,1,25993.25,1.0,filled,False,7.25,-105.5
2025-10-30,5,bullish,26078.0,26110.5,26094.25,32.5,1,2025-10-31 09:44:00-04:00,2025-10-31,9,1,26118.5,0.6923076923076923,through_CE,True,49.25,-61.5
2025-10-30,5,bullish,26078.0,26110.5,26094.25,32.5,2,2025-10-31 09:49:00-04:00,2025-10-31,9,1,26108.75,1.0,filled,True,72.75,-51.75
2025-10-30,5,bullish,26078.0,26110.5,26094.25,32.5,3,2025-10-31 11:37:00-04:00,2025-10-31,11,1,26100.5,1.0,filled,True,57.25,-145.0
2025-10-30,5,bullish,26078.0,26110.5,26094.25,32.5,4,2025-10-31 15:27:00-04:00,2025-10-31,15,1,26080.0,1.0,filled,True,38.25,-112.75
2025-10-30,5,bullish,26078.0,26110.5,26094.25,32.5,5,2025-10-31 15:50:00-04:00,2025-10-31,15,1,26086.25,1.0,filled,False,8.5,-119.0
2025-10-30,5,bullish,26078.0,26110.5,26094.25,32.5,6,2025-11-02 18:33:00-05:00,2025-11-02,18,3,26077.75,1.0,filled,True,36.25,-8.75
2025-10-31,5,bearish,26174.5,26191.25,26182.875,16.75,1,2025-11-03 06:19:00-05:00,2025-11-03,6,3,26175.5,0.2537313432835821,approached_CE,True,25.5,-6.5
2025-10-31,5,bearish,26174.5,26191.25,26182.875,16.75,2,2025-11-03 07:09:00-05:00,2025-11-03,7,3,26172.75,0.44776119402985076,approached_CE,True,39.25,-9.25
2025-10-31,5,bearish,26174.5,26191.25,26182.875,16.75,3,2025-11-03 07:18:00-05:00,2025-11-03,7,3,26173.75,0.1044776119402985,edge_near,True,40.25,-2.5
2025-10-31,5,bearish,26174.5,26191.25,26182.875,16.75,4,2025-11-03 08:35:00-05:00,2025-11-03,8,3,26173.75,0.14925373134328357,edge_near,True,13.0,-92.0
2025-10-31,5,bearish,26174.5,26191.25,26182.875,16.75,5,2025-11-03 08:42:00-05:00,2025-11-03,8,3,26180.5,0.3582089552238806,approached_CE,True,25.5,-85.25
2025-10-31,5,bearish,26174.5,26191.25,26182.875,16.75,6,2025-11-03 08:53:00-05:00,2025-11-03,8,3,26175.0,1.0,filled,True,55.5,-90.75
2025-10-31,5,bearish,26133.5,26139.0,26136.25,5.5,1,2025-11-03 04:19:00-05:00,2025-11-03,4,3,26129.75,0.0,edge_near,False,6.0,-26.0
2025-10-31,5,bearish,26133.5,26139.0,26136.25,5.5,2,2025-11-03 04:22:00-05:00,2025-11-03,4,3,26135.0,1.0,filled,True,11.25,-20.75
2025-10-31,5,bearish,26133.5,26139.0,26136.25,5.5,3,2025-11-03 04:34:00-05:00,2025-11-03,4,3,26139.25,1.0,filled,True,15.5,-11.5
2025-10-31,5,bearish,26133.5,26139.0,26136.25,5.5,4,2025-11-03 04:47:00-05:00,2025-11-03,4,3,26137.5,1.0,filled,True,13.75,-17.25
2025-10-31,5,bearish,26133.5,26139.0,26136.25,5.5,5,2025-11-03 04:58:00-05:00,2025-11-03,4,3,26134.5,0.36363636363636365,approached_CE,True,10.75,-28.75
2025-10-31,5,bearish,26133.5,26139.0,26136.25,5.5,6,2025-11-03 05:09:00-05:00,2025-11-03,5,3,26135.25,1.0,filled,False,7.75,-32.25
2025-11-04,5,bearish,25705.0,25709.25,25707.125,4.25,1,2025-11-05 10:06:00-05:00,2025-11-05,10,1,25704.25,1.0,filled,True,85.75,-32.25
2025-11-04,5,bearish,25705.0,25709.25,25707.125,4.25,2,2025-11-05 10:27:00-05:00,2025-11-05,10,1,25708.25,1.0,filled,True,50.0,-32.0
2025-11-04,5,bearish,25705.0,25709.25,25707.125,4.25,3,2025-11-05 10:33:00-05:00,2025-11-05,10,1,25705.25,1.0,filled,True,47.0,-44.25
2025-11-04,5,bearish,25705.0,25709.25,25707.125,4.25,4,2025-11-05 10:40:00-05:00,2025-11-05,10,1,25706.75,1.0,filled,True,48.5,-42.75
2025-11-04,5,bearish,25705.0,25709.25,25707.125,4.25,5,2025-11-05 10:49:00-05:00,2025-11-05,10,1,25703.25,1.0,filled,True,45.0,-82.25
2025-11-04,5,bearish,25705.0,25709.25,25707.125,4.25,6,2025-11-05 10:54:00-05:00,2025-11-05,10,1,25704.5,0.47058823529411764,approached_CE,True,46.25,-81.0
2025-11-04,5,bullish,25705.0,25716.5,25710.75,11.5,1,2025-11-05 10:06:00-05:00,2025-11-05,10,1,25704.25,1.0,filled,True,32.25,-85.75
2025-11-04,5,bullish,25705.0,25716.5,25710.75,11.5,2,2025-11-05 10:27:00-05:00,2025-11-05,10,1,25708.25,1.0,filled,True,32.0,-50.0
2025-11-04,5,bullish,25705.0,25716.5,25710.75,11.5,3,2025-11-05 10:33:00-05:00,2025-11-05,10,1,25705.25,1.0,filled,True,44.25,-47.0
2025-11-04,5,bullish,25705.0,25716.5,25710.75,11.5,4,2025-11-05 10:40:00-05:00,2025-11-05,10,1,25706.75,1.0,filled,True,42.75,-48.5
2025-11-04,5,bullish,25705.0,25716.5,25710.75,11.5,5,2025-11-05 10:54:00-05:00,2025-11-05,10,1,25704.5,1.0,filled,True,81.0,-46.25
2025-11-04,5,bullish,25705.0,25716.5,25710.75,11.5,6,2025-11-05 10:57:00-05:00,2025-11-05,10,1,25702.25,1.0,filled,True,86.75,-44.0
2025-11-04,5,bullish,25725.75,25726.25,25726.0,0.5,1,2025-11-05 10:41:00-05:00,2025-11-05,10,1,25706.5,1.0,filled,True,43.0,-48.25
2025-11-04,5,bullish,25725.75,25726.25,25726.0,0.5,2,2025-11-05 10:47:00-05:00,2025-11-05,10,1,25724.25,1.0,filled,True,51.75,-66.0
2025-11-04,5,bullish,25725.75,25726.25,25726.0,0.5,3,2025-11-05 11:01:00-05:00,2025-11-05,11,1,25725.75,1.0,filled,True,63.25,-67.5
2025-11-04,5,bullish,25725.75,25726.25,25726.0,0.5,4,2025-11-05 11:06:00-05:00,2025-11-05,11,1,25706.75,1.0,filled,True,82.25,-48.5
2025-11-04,5,bullish,25725.75,25726.25,25726.0,0.5,5,2025-11-05 11:26:00-05:00,2025-11-05,11,1,25735.5,1.0,filled,True,53.5,-20.25
2025-11-04,5,bullish,25725.75,25726.25,25726.0,0.5,6,2025-11-05 16:00:00-05:00,2025-11-05,16,1,25724.75,1.0,filled,True,38.75,-30.5
2025-11-04,5,bearish,25722.0,25726.0,25724.0,4.0,1,2025-11-05 10:41:00-05:00,2025-11-05,10,1,25706.5,1.0,filled,True,48.25,-43.0
2025-11-04,5,bearish,25722.0,25726.0,25724.0,4.0,2,2025-11-05 10:46:00-05:00,2025-11-05,10,1,25719.0,1.0,filled,True,60.75,-57.0
2025-11-04,5,bearish,25722.0,25726.0,25724.0,4.0,3,2025-11-05 10:59:00-05:00,2025-11-05,10,1,25719.75,1.0,filled,True,61.5,-69.25
2025-11-04,5,bearish,25722.0,25726.0,25724.0,4.0,4,2025-11-05 11:05:00-05:00,2025-11-05,11,1,25717.75,1.0,filled,True,59.5,-71.25
2025-11-04,5,bearish,25722.0,25726.0,25724.0,4.0,5,2025-11-05 11:25:00-05:00,2025-11-05,11,1,25722.25,1.0,filled,True,14.75,-66.75
2025-11-04,5,bearish,25722.0,25726.0,25724.0,4.0,6,2025-11-05 16:00:00-05:00,2025-11-05,16,1,25724.75,1.0,filled,True,30.5,-38.75
2025-11-04,5,bullish,25722.0,25735.0,25728.5,13.0,1,2025-11-05 10:41:00-05:00,2025-11-05,10,1,25706.5,1.0,filled,True,43.0,-48.25
2025-11-04,5,bullish,25722.0,25735.0,25728.5,13.0,2,2025-11-05 10:46:00-05:00,2025-11-05,10,1,25719.0,1.0,filled,True,57.0,-60.75
2025-11-04,5,bullish,25722.0,25735.0,25728.5,13.0,3,2025-11-05 10:59:00-05:00,2025-11-05,10,1,25719.75,1.0,filled,True,69.25,-61.5
2025-11-04,5,bullish,25722.0,25735.0,25728.5,13.0,4,2025-11-05 11:05:00-05:00,2025-11-05,11,1,25717.75,1.0,filled,True,71.25,-59.5
2025-11-04,5,bullish,25722.0,25735.0,25728.5,13.0,5,2025-11-05 11:25:00-05:00,2025-11-05,11,1,25722.25,1.0,filled,True,66.75,-14.75
2025-11-04,5,bullish,25722.0,25735.0,25728.5,13.0,6,2025-11-05 11:35:00-05:00,2025-11-05,11,1,25734.0,0.6538461538461539,through_CE,True,80.75,-7.5
2025-11-04,5,bullish,25785.0,25848.0,25816.5,63.0,1,2025-11-05 11:49:00-05:00,2025-11-05,11,1,25778.25,1.0,filled,True,50.0,-38.25
2025-11-04,5,bullish,25785.0,25848.0,25816.5,63.0,2,2025-11-05 11:55:00-05:00,2025-11-05,11,1,25782.5,1.0,filled,True,45.75,-42.5
2025-11-04,5,bullish,25785.0,25848.0,25816.5,63.0,3,2025-11-05 12:27:00-05:00,2025-11-05,12,1,25789.0,1.0,filled,True,45.0,-10.25
2025-11-04,5,bullish,25785.0,25848.0,25816.5,63.0,4,2025-11-05 14:01:00-05:00,2025-11-05,14,1,25847.5,0.3968253968253968,approached_CE,True,31.0,-24.5
2025-11-04,5,bullish,25785.0,25848.0,25816.5,63.0,5,2025-11-05 15:20:00-05:00,2025-11-05,15,1,25852.0,0.011904761904761904,edge_near,False,5.5,-157.75
2025-11-04,5,bullish,25785.0,25848.0,25816.5,63.0,6,2025-11-05 15:23:00-05:00,2025-11-05,15,1,25847.0,1.0,filled,False,8.25,-152.75
2025-11-04,5,bullish,25855.75,25863.75,25859.75,8.0,1,2025-11-05 13:37:00-05:00,2025-11-05,13,1,25854.5,1.0,filled,True,18.25,-31.5
2025-11-04,5,bullish,25855.75,25863.75,25859.75,8.0,2,2025-11-05 13:56:00-05:00,2025-11-05,13,1,25868.75,1.0,filled,False,9.75,-45.75
2025-11-04,5,bullish,25855.75,25863.75,25859.75,8.0,3,2025-11-05 14:10:00-05:00,2025-11-05,14,1,25856.5,1.0,filled,True,22.0,-23.0
2025-11-04,5,bullish,25855.75,25863.75,25859.75,8.0,4,2025-11-05 14:16:00-05:00,2025-11-05,14,1,25854.25,1.0,filled,True,24.25,-7.0
2025-11-04,5,bullish,25855.75,25863.75,25859.75,8.0,5,2025-11-05 14:26:00-05:00,2025-11-05,14,1,25856.75,1.0,filled,True,21.75,-21.5
2025-11-04,5,bullish,25855.75,25863.75,25859.75,8.0,6,2025-11-05 14:29:00-05:00,2025-11-05,14,1,25853.25,1.0,filled,True,25.25,-24.75
2025-11-05,5,bullish,25563.75,25600.25,25582.0,36.5,1,2025-11-06 09:41:00-05:00,2025-11-06,9,1,25598.25,0.3972602739726027,approached_CE,True,74.75,-259.0
2025-11-05,5,bullish,25563.75,25600.25,25582.0,36.5,2,2025-11-06 09:50:00-05:00,2025-11-06,9,1,25599.75,1.0,filled,True,52.75,-286.5
2025-11-05,5,bullish,25563.75,25600.25,25582.0,36.5,3,2025-11-10 04:17:00-05:00,2025-11-10,4,5,25563.25,1.0,filled,False,6.25,-34.0
2025-11-05,5,bullish,25563.75,25600.25,25582.0,36.5,4,2025-11-10 04:20:00-05:00,2025-11-10,4,5,25558.75,1.0,filled,True,10.75,-29.5
2025-11-05,5,bullish,25563.75,25600.25,25582.0,36.5,5,2025-11-10 09:30:00-05:00,2025-11-10,9,5,25564.0,1.0,filled,True,102.5,-40.0
2025-11-05,5,bullish,25563.75,25600.25,25582.0,36.5,6,2025-11-10 09:50:00-05:00,2025-11-10,9,5,25597.25,0.3219178082191781,approached_CE,True,69.25,-23.25
2025-11-05,5,bullish,25620.25,25650.25,25635.25,30.0,1,2025-11-06 02:40:00-05:00,2025-11-06,2,1,25646.75,0.25,approached_CE,True,31.25,-18.5
2025-11-05,5,bullish,25620.25,25650.25,25635.25,30.0,2,2025-11-06 02:54:00-05:00,2025-11-06,2,1,25647.5,0.25833333333333336,approached_CE,True,36.25,-19.25
2025-11-05,5,bullish,25620.25,25650.25,25635.25,30.0,3,2025-11-06 02:59:00-05:00,2025-11-06,2,1,25646.25,0.7333333333333333,through_CE,True,37.5,-18.0
2025-11-05,5,bullish,25620.25,25650.25,25635.25,30.0,4,2025-11-06 03:45:00-05:00,2025-11-06,3,1,25649.75,0.11666666666666667,edge_near,True,92.25,-3.0
2025-11-05,5,bullish,25620.25,25650.25,25635.25,30.0,5,2025-11-06 09:30:00-05:00,2025-11-06,9,1,25652.25,1.0,filled,True,32.5,-248.0
2025-11-05,5,bullish,25620.25,25650.25,25635.25,30.0,6,2025-11-06 09:45:00-05:00,2025-11-06,9,1,25642.25,1.0,filled,True,30.75,-322.5
2025-11-06,5,bearish,25747.75,25761.5,25754.625,13.75,1,2025-11-10 15:48:00-05:00,2025-11-10,15,4,25750.25,0.8363636363636363,filled,True,42.5,-9.75
2025-11-06,5,bearish,25747.75,25761.5,25754.625,13.75,2,2025-11-10 15:53:00-05:00,2025-11-10,15,4,25750.0,0.8909090909090909,filled,True,42.25,-10.0
2025-11-06,5,bearish,25747.75,25761.5,25754.625,13.75,3,2025-11-10 18:58:00-05:00,2025-11-10,18,4,25744.0,0.0,edge_near,True,15.0,-24.75
2025-11-06,5,bearish,25747.75,25761.5,25754.625,13.75,4,2025-11-10 19:01:00-05:00,2025-11-10,19,4,25745.0,1.0,filled,True,16.0,-23.75
2025-11-06,5,bearish,25747.75,25761.5,25754.625,13.75,5,2025-11-10 19:14:00-05:00,2025-11-10,19,4,25747.75,0.16363636363636364,edge_near,True,18.75,-8.0
2025-11-06,5,bearish,25747.75,25761.5,25754.625,13.75,6,2025-11-10 19:29:00-05:00,2025-11-10,19,4,25749.5,0.12727272727272726,edge_near,True,19.5,-18.5
2025-11-06,5,bearish,25726.0,25744.0,25735.0,18.0,1,2025-11-10 15:13:00-05:00,2025-11-10,15,4,25727.25,0.125,edge_near,True,30.75,-32.75
2025-11-06,5,bearish,25726.0,25744.0,25735.0,18.0,2,2025-11-10 15:37:00-05:00,2025-11-10,15,4,25730.5,1.0,filled,True,22.75,-29.5
2025-11-06,5,bearish,25726.0,25744.0,25735.0,18.0,3,2025-11-10 15:50:00-05:00,2025-11-10,15,4,25739.0,1.0,filled,True,31.25,-21.0
2025-11-06,5,bearish,25726.0,25744.0,25735.0,18.0,4,2025-11-10 15:55:00-05:00,2025-11-10,15,4,25718.5,1.0,filled,True,10.75,-31.5
2025-11-06,5,bearish,25726.0,25744.0,25735.0,18.0,5,2025-11-10 15:57:00-05:00,2025-11-10,15,4,25725.0,0.3472222222222222,approached_CE,True,17.25,-21.0
2025-11-06,5,bearish,25726.0,25744.0,25735.0,18.0,6,2025-11-10 16:02:00-05:00,2025-11-10,16,4,25729.0,1.0,filled,True,15.75,-17.0
2025-11-06,5,bearish,25701.75,25704.75,25703.25,3.0,1,2025-11-10 14:44:00-05:00,2025-11-10,14,4,25698.5,0.16666666666666666,edge_near,False,4.5,-39.5
2025-11-06,5,bearish,25701.75,25704.75,25703.25,3.0,2,2025-11-10 14:46:00-05:00,2025-11-10,14,4,25699.5,1.0,filled,False,4.75,-45.0
2025-11-06,5,bearish,25701.75,25704.75,25703.25,3.0,3,2025-11-10 14:50:00-05:00,2025-11-10,14,4,25696.5,1.0,filled,False,0.75,-62.75
2025-11-06,5,bearish,25701.75,25704.75,25703.25,3.0,4,2025-11-10 14:57:00-05:00,2025-11-10,14,4,25706.0,1.0,filled,False,9.5,-54.0
2025-11-06,5,bearish,25701.75,25704.75,25703.25,3.0,5,2025-11-10 15:02:00-05:00,2025-11-10,15,4,25711.5,1.0,filled,True,15.0,-48.5
2025-11-06,5,bearish,25701.75,25704.75,25703.25,3.0,6,2025-11-10 15:05:00-05:00,2025-11-10,15,4,25707.5,1.0,filled,True,11.0,-52.5
2025-11-06,5,bearish,25565.75,25602.5,25584.125,36.75,1,2025-11-10 04:17:00-05:00,2025-11-10,4,4,25563.25,0.006802721088435374,edge_near,True,34.0,-6.25
2025-11-06,5,bearish,25565.75,25602.5,25584.125,36.75,2,2025-11-10 04:20:00-05:00,2025-11-10,4,4,25558.75,0.10204081632653061,edge_near,True,29.5,-10.75
2025-11-06,5,bearish,25565.75,25602.5,25584.125,36.75,3,2025-11-10 09:30:00-05:00,2025-11-10,9,4,25564.0,1.0,filled,True,40.0,-102.5
2025-11-06,5,bearish,25565.75,25602.5,25584.125,36.75,4,2025-11-10 09:50:00-05:00,2025-11-10,9,4,25597.25,1.0,filled,True,23.25,-69.25
2025-11-06,5,bearish,25565.75,25602.5,25584.125,36.75,5,2025-11-10 10:48:00-05:00,2025-11-10,10,4,25605.5,1.0,filled,True,153.25,-13.75
2025-11-06,5,bearish,25565.75,25602.5,25584.125,36.75,6,2025-11-10 12:06:00-05:00,2025-11-10,12,4,25570.0,0.2789115646258503,approached_CE,True,62.5,-82.75
2025-11-06,5,bearish,25513.5,25553.5,25533.5,40.0,1,2025-11-10 03:34:00-05:00,2025-11-10,3,4,25510.25,0.025,edge_near,True,18.5,-59.25
2025-11-06,5,bearish,25513.5,25553.5,25533.5,40.0,2,2025-11-10 03:37:00-05:00,2025-11-10,3,4,25512.5,0.0375,edge_near,True,10.25,-57.0
2025-11-06,5,bearish,25513.5,25553.5,25533.5,40.0,3,2025-11-10 03:42:00-05:00,2025-11-10,3,4,25513.75,0.04375,edge_near,False,6.0,-55.75
2025-11-06,5,bearish,25513.5,25553.5,25533.5,40.0,4,2025-11-10 03:48:00-05:00,2025-11-10,3,4,25515.5,1.0,filled,False,7.25,-54.0
2025-11-06,5,bearish,25513.5,25553.5,25533.5,40.0,5,2025-11-10 04:22:00-05:00,2025-11-10,4,4,25550.75,1.0,filled,True,21.5,-8.75
2025-11-06,5,bearish,25513.5,25553.5,25533.5,40.0,6,2025-11-10 06:26:00-05:00,2025-11-10,6,4,25508.5,0.1375,edge_near,False,3.75,-43.0
2025-11-07,5,bearish,25102.75,25109.5,25106.125,6.75,1,2025-11-13 13:17:00-05:00,2025-11-13,13,6,25109.5,1.0,filled,True,97.0,-19.25
2025-11-07,5,bearish,25102.75,25109.5,25106.125,6.75,2,2025-11-13 14:25:00-05:00,2025-11-13,14,6,25111.25,1.0,filled,True,109.25,-21.25
2025-11-07,5,bearish,25102.75,25109.5,25106.125,6.75,3,2025-11-13 14:38:00-05:00,2025-11-13,14,6,25084.5,1.0,filled,True,82.5,-38.0
2025-11-07,5,bearish,25102.75,25109.5,25106.125,6.75,4,2025-11-13 14:45:00-05:00,2025-11-13,14,6,25078.25,0.1111111111111111,edge_near,True,76.25,-66.5
2025-11-07,5,bearish,25102.75,25109.5,25106.125,6.75,5,2025-11-13 15:35:00-05:00,2025-11-13,15,6,25117.25,1.0,filled,True,83.75,-49.75
2025-11-07,5,bearish,25102.75,25109.5,25106.125,6.75,6,2025-11-13 15:43:00-05:00,2025-11-13,15,6,25106.75,1.0,filled,True,73.25,-60.25
2025-11-07,5,bearish,25088.25,25095.5,25091.875,7.25,1,2025-11-13 13:21:00-05:00,2025-11-13,13,6,25103.5,1.0,filled,True,91.0,-25.25
2025-11-07,5,bearish,25088.25,25095.5,25091.875,7.25,2,2025-11-13 13:25:00-05:00,2025-11-13,13,6,25072.5,1.0,filled,True,60.0,-40.75
2025-11-07,5,bearish,25088.25,25095.5,25091.875,7.25,3,2025-11-13 14:25:00-05:00,2025-11-13,14,6,25111.25,1.0,filled,True,109.25,-21.25
2025-11-07,5,bearish,25088.25,25095.5,25091.875,7.25,4,2025-11-13 14:30:00-05:00,2025-11-13,14,6,25095.25,1.0,filled,True,93.25,-37.25
2025-11-07,5,bearish,25088.25,25095.5,25091.875,7.25,5,2025-11-13 14:38:00-05:00,2025-11-13,14,6,25084.5,1.0,filled,True,82.5,-38.0
2025-11-07,5,bearish,25088.25,25095.5,25091.875,7.25,6,2025-11-13 14:43:00-05:00,2025-11-13,14,6,25096.5,1.0,filled,True,94.5,-48.25
2025-11-07,5,bearish,25061.25,25075.5,25068.375,14.25,1,2025-11-13 13:25:00-05:00,2025-11-13,13,6,25072.5,1.0,filled,True,60.0,-40.75
2025-11-07,5,bearish,25061.25,25075.5,25068.375,14.25,2,2025-11-13 13:44:00-05:00,2025-11-13,13,6,25061.25,1.0,filled,True,43.25,-71.25
2025-11-07,5,bearish,25061.25,25075.5,25068.375,14.25,3,2025-11-13 13:48:00-05:00,2025-11-13,13,6,25053.0,0.7017543859649122,through_CE,True,35.0,-79.5
2025-11-07,5,bearish,25061.25,25075.5,25068.375,14.25,4,2025-11-13 13:51:00-05:00,2025-11-13,13,6,25059.75,0.45614035087719296,approached_CE,True,41.75,-72.75
2025-11-07,5,bearish,25061.25,25075.5,25068.375,14.25,5,2025-11-13 13:53:00-05:00,2025-11-13,13,6,25062.5,1.0,filled,True,44.5,-70.0
2025-11-07,5,bearish,25061.25,25075.5,25068.375,14.25,6,2025-11-13 14:22:00-05:00,2025-11-13,14,6,25076.75,1.0,filled,True,74.75,-55.75
2025-11-07,5,bearish,24995.0,25045.25,25020.125,50.25,1,2025-11-13 13:35:00-05:00,2025-11-13,13,6,25040.5,1.0,filled,True,28.0,-87.5
2025-11-07,5,bearish,24995.0,25045.25,25020.125,50.25,2,2025-11-13 13:46:00-05:00,2025-11-13,13,6,25041.75,1.0,filled,True,23.75,-90.75
2025-11-07,5,bearish,24995.0,25045.25,25020.125,50.25,3,2025-11-13 13:49:00-05:00,2025-11-13,13,6,25050.25,1.0,filled,True,32.25,-82.25
2025-11-07,5,bearish,24995.0,25045.25,25020.125,50.25,4,2025-11-13 14:01:00-05:00,2025-11-13,14,6,25048.25,1.0,filled,True,46.25,-84.25
2025-11-07,5,bearish,24995.0,25045.25,25020.125,50.25,5,2025-11-13 14:53:00-05:00,2025-11-13,14,6,25042.25,1.0,filled,True,40.25,-102.5
2025-11-07,5,bearish,24995.0,25045.25,25020.125,50.25,6,2025-11-13 15:03:00-05:00,2025-11-13,15,6,25065.0,1.0,filled,True,49.5,-85.0
2025-11-10,5,bullish,25557.25,25569.0,25563.125,11.75,1,2025-11-11 09:50:00-05:00,2025-11-11,9,1,25578.75,0.723404255319149,through_CE,True,56.75,-78.5
2025-11-10,5,bullish,25557.25,25569.0,25563.125,11.75,2,2025-11-11 10:06:00-05:00,2025-11-11,10,1,25547.5,1.0,filled,True,50.25,-61.5
2025-11-10,5,bullish,25557.25,25569.0,25563.125,11.75,3,2025-11-11 10:13:00-05:00,2025-11-11,10,1,25575.25,1.0,filled,False,8.0,-89.25
2025-11-10,5,bullish,25557.25,25569.0,25563.125,11.75,4,2025-11-11 10:20:00-05:00,2025-11-11,10,1,25557.0,1.0,filled,True,22.75,-71.0
2025-11-10,5,bullish,25557.25,25569.0,25563.125,11.75,5,2025-11-11 11:19:00-05:00,2025-11-11,11,1,25558.5,1.0,filled,True,33.0,-80.0
2025-11-10,5,bullish,25557.25,25569.0,25563.125,11.75,6,2025-11-11 11:25:00-05:00,2025-11-11,11,1,25562.25,1.0,filled,True,34.25,-83.75
2025-11-10,5,bullish,25591.75,25608.75,25600.25,17.0,1,2025-11-11 04:41:00-05:00,2025-11-11,4,1,25606.75,0.35294117647058826,approached_CE,True,27.25,-10.5
2025-11-10,5,bullish,25591.75,25608.75,25600.25,17.0,2,2025-11-11 04:47:00-05:00,2025-11-11,4,1,25611.0,0.029411764705882353,edge_near,True,23.0,-14.75
2025-11-10,5,bullish,25591.75,25608.75,25600.25,17.0,3,2025-11-11 04:52:00-05:00,2025-11-11,4,1,25604.25,0.7352941176470589,through_CE,True,29.75,-8.0
2025-11-10,5,bullish,25591.75,25608.75,25600.25,17.0,4,2025-11-11 05:15:00-05:00,2025-11-11,5,1,25608.0,0.058823529411764705,edge_near,True,37.25,-0.25
2025-11-10,5,bullish,25591.75,25608.75,25600.25,17.0,5,2025-11-11 06:50:00-05:00,2025-11-11,6,1,25609.5,0.058823529411764705,edge_near,True,29.5,-26.75
2025-11-10,5,bullish,25591.75,25608.75,25600.25,17.0,6,2025-11-11 07:36:00-05:00,2025-11-11,7,1,25604.25,1.0,filled,True,21.75,-31.75
2025-11-10,5,bullish,25619.25,25620.75,25620.0,1.5,1,2025-11-11 04:35:00-05:00,2025-11-11,4,1,25622.0,1.0,filled,True,12.0,-25.75
2025-11-10,5,bullish,25619.25,25620.75,25620.0,1.5,2,2025-11-11 04:49:00-05:00,2025-11-11,4,1,25625.75,1.0,filled,False,8.25,-29.5
2025-11-10,5,bullish,25619.25,25620.75,25620.0,1.5,3,2025-11-11 05:19:00-05:00,2025-11-11,5,1,25619.25,1.0,filled,True,26.0,-8.75
2025-11-10,5,bullish,25619.25,25620.75,25620.0,1.5,4,2025-11-11 05:22:00-05:00,2025-11-11,5,1,25617.5,1.0,filled,True,27.75,-7.0
2025-11-10,5,bullish,25619.25,25620.75,25620.0,1.5,5,2025-11-11 05:33:00-05:00,2025-11-11,5,1,25621.0,1.0,filled,True,24.25,-10.5
2025-11-10,5,bullish,25619.25,25620.75,25620.0,1.5,6,2025-11-11 05:36:00-05:00,2025-11-11,5,1,25616.75,1.0,filled,True,28.5,-6.25
2025-11-11,5,bullish,25607.25,25615.75,25611.5,8.5,1,2025-11-12 09:46:00-05:00,2025-11-12,9,1,25596.5,1.0,filled,True,63.25,-65.0
2025-11-11,5,bullish,25607.25,25615.75,25611.5,8.5,2,2025-11-12 09:53:00-05:00,2025-11-12,9,1,25612.5,1.0,filled,True,47.25,-81.0
2025-11-11,5,bullish,25607.25,25615.75,25611.5,8.5,3,2025-11-12 10:00:00-05:00,2025-11-12,10,1,25614.0,1.0,filled,True,45.75,-82.5
2025-11-11,5,bullish,25607.25,25615.75,25611.5,8.5,4,2025-11-12 10:05:00-05:00,2025-11-12,10,1,25605.25,1.0,filled,True,54.5,-73.75
2025-11-11,5,bullish,25607.25,25615.75,25611.5,8.5,5,2025-11-12 10:12:00-05:00,2025-11-12,10,1,25617.0,1.0,filled,True,37.25,-116.0
2025-11-11,5,bullish,25607.25,25615.75,25611.5,8.5,6,2025-11-12 10:16:00-05:00,2025-11-12,10,1,25602.5,1.0,filled,True,25.75,-105.5
2025-11-11,5,bullish,25587.25,25593.75,25590.5,6.5,1,2025-11-12 09:47:00-05:00,2025-11-12,9,1,25598.0,1.0,filled,True,61.75,-66.5
2025-11-11,5,bullish,25587.25,25593.75,25590.5,6.5,2,2025-11-12 09:58:00-05:00,2025-11-12,9,1,25597.5,1.0,filled,True,62.25,-66.0
2025-11-11,5,bullish,25587.25,25593.75,25590.5,6.5,3,2025-11-12 10:13:00-05:00,2025-11-12,10,1,25600.0,1.0,filled,True,28.25,-99.0
2025-11-11,5,bullish,25587.25,25593.75,25590.5,6.5,4,2025-11-12 10:18:00-05:00,2025-11-12,10,1,25592.0,1.0,filled,True,36.25,-95.0
2025-11-11,5,bullish,25587.25,25593.75,25590.5,6.5,5,2025-11-12 10:25:00-05:00,2025-11-12,10,1,25591.75,0.6538461538461539,through_CE,True,36.5,-94.75
2025-11-11,5,bullish,25587.25,25593.75,25590.5,6.5,6,2025-11-12 10:31:00-05:00,2025-11-12,10,1,25596.25,1.0,filled,True,26.0,-99.25
2025-11-12,5,bearish,25704.5,25772.0,25738.25,67.5,1,2025-11-13 00:10:00-05:00,2025-11-13,0,1,25704.5,0.007407407407407408,edge_near,True,25.5,-6.75
2025-11-12,5,bearish,25704.5,25772.0,25738.25,67.5,2,2025-11-13 00:22:00-05:00,2025-11-13,0,1,25706.0,0.08148148148148149,edge_near,True,27.0,-5.25
2025-11-12,5,bearish,25704.5,25772.0,25738.25,67.5,3,2025-11-13 00:36:00-05:00,2025-11-13,0,1,25708.5,0.07407407407407407,edge_near,True,29.5,-9.0
2025-11-12,5,bearish,25704.5,25772.0,25738.25,67.5,4,2025-11-13 00:49:00-05:00,2025-11-13,0,1,25702.5,0.0,edge_near,True,23.5,-18.75
2025-11-12,5,bearish,25704.5,25772.0,25738.25,67.5,5,2025-11-13 00:57:00-05:00,2025-11-13,0,1,25702.75,0.022222222222222223,edge_near,True,23.75,-18.5
2025-11-12,5,bearish,25704.5,25772.0,25738.25,67.5,6,2025-11-13 01:08:00-05:00,2025-11-13,1,1,25707.0,0.1,edge_near,True,15.0,-14.25
2025-11-12,5,bearish,25657.75,25669.75,25663.75,12.0,1,2025-11-13 02:54:00-05:00,2025-11-13,2,1,25671.0,1.0,filled,True,28.0,-16.25
2025-11-12,5,bearish,25657.75,25669.75,25663.75,12.0,2,2025-11-13 02:59:00-05:00,2025-11-13,2,1,25666.75,1.0,filled,True,23.75,-20.5
2025-11-12,5,bearish,25657.75,25669.75,25663.75,12.0,3,2025-11-13 03:08:00-05:00,2025-11-13,3,1,25671.25,1.0,filled,True,67.5,-16.0
2025-11-12,5,bearish,25657.75,25669.75,25663.75,12.0,4,2025-11-13 03:15:00-05:00,2025-11-13,3,1,25657.75,0.16666666666666666,edge_near,True,75.25,-29.5
2025-11-12,5,bearish,25657.75,25669.75,25663.75,12.0,5,2025-11-13 03:19:00-05:00,2025-11-13,3,1,25656.0,1.0,filled,True,73.5,-31.25
2025-11-12,5,bearish,25657.75,25669.75,25663.75,12.0,6,2025-11-13 03:28:00-05:00,2025-11-13,3,1,25666.25,1.0,filled,True,101.0,-21.0
2025-11-12,5,bearish,25616.0,25637.25,25626.625,21.25,1,2025-11-13 04:07:00-05:00,2025-11-13,4,1,25613.75,1.0,filled,True,83.0,-32.5
2025-11-12,5,bearish,25616.0,25637.25,25626.625,21.25,2,2025-11-13 05:34:00-05:00,2025-11-13,5,1,25616.25,0.611764705882353,through_CE,True,54.5,-12.75
2025-11-12,5,bearish,25616.0,25637.25,25626.625,21.25,3,2025-11-13 06:06:00-05:00,2025-11-13,6,1,25614.5,0.5176470588235295,through_CE,True,66.5,-12.5
2025-11-12,5,bearish,25616.0,25637.25,25626.625,21.25,4,2025-12-02 10:00:00-05:00,2025-12-02,10,20,25619.25,1.0,filled,True,91.25,-50.75
2025-11-12,5,bearish,25616.0,25637.25,25626.625,21.25,5,2025-12-02 10:09:00-05:00,2025-12-02,10,20,25638.0,1.0,filled,True,110.0,-32.0
2025-11-12,5,bearish,25616.0,25637.25,25626.625,21.25,6,2025-12-02 10:42:00-05:00,2025-12-02,10,20,25613.25,1.0,filled,True,199.5,-56.75
2025-11-13,5,bearish,25473.0,25482.0,25477.5,9.0,1,2025-11-28 12:58:00-05:00,2025-11-28,12,15,25480.5,1.0,filled,True,15.5,-19.75
2025-11-13,5,bearish,25473.0,25482.0,25477.5,9.0,2,2025-11-28 13:04:00-05:00,2025-11-28,13,15,25481.0,1.0,filled,True,13.0,-12.0
2025-11-13,5,bearish,25473.0,25482.0,25477.5,9.0,3,2025-11-30 18:03:00-05:00,2025-11-30,18,17,25476.75,1.0,filled,True,34.0,-47.25
2025-11-13,5,bearish,25473.0,25482.0,25477.5,9.0,4,2025-11-30 18:12:00-05:00,2025-11-30,18,17,25494.25,1.0,filled,True,93.0,-29.75
2025-11-13,5,bearish,25473.0,25482.0,25477.5,9.0,5,2025-11-30 18:30:00-05:00,2025-11-30,18,17,25481.75,1.0,filled,True,124.75,-18.5
2025-11-13,5,bearish,25473.0,25482.0,25477.5,9.0,6,2025-11-30 18:36:00-05:00,2025-11-30,18,17,25473.5,0.6666666666666666,through_CE,True,116.5,-5.5
2025-11-13,5,bearish,25444.75,25450.5,25447.625,5.75,1,2025-11-28 12:55:00-05:00,2025-11-28,12,15,25448.5,1.0,filled,True,14.25,-51.75
2025-11-13,5,bearish,25444.75,25450.5,25447.625,5.75,2,2025-11-30 18:40:00-05:00,2025-11-30,18,17,25452.75,1.0,filled,True,95.75,-25.0
2025-11-13,5,bearish,25444.75,25450.5,25447.625,5.75,3,2025-11-30 18:43:00-05:00,2025-11-30,18,17,25450.0,1.0,filled,True,104.0,-27.75
2025-11-13,5,bearish,25444.75,25450.5,25447.625,5.75,4,2025-11-30 19:02:00-05:00,2025-11-30,19,17,25449.0,1.0,filled,True,157.25,-14.5
2025-11-13,5,bearish,25444.75,25450.5,25447.625,5.75,5,2025-12-01 11:47:00-05:00,2025-12-01,11,18,25444.75,0.43478260869565216,approached_CE,True,30.5,-51.0
2025-11-13,5,bearish,25444.75,25450.5,25447.625,5.75,6,2025-12-01 11:50:00-05:00,2025-12-01,11,18,25439.5,1.0,filled,True,25.25,-56.25
2025-11-13,5,bearish,25376.0,25426.25,25401.125,50.25,1,2025-11-28 08:30:00-05:00,2025-11-28,8,15,25379.25,0.8756218905472637,filled,True,35.25,-40.75
2025-11-13,5,bearish,25376.0,25426.25,25401.125,50.25,2,2025-11-28 08:35:00-05:00,2025-11-28,8,15,25378.5,0.43283582089552236,approached_CE,True,34.5,-19.5
2025-11-13,5,bearish,25376.0,25426.25,25401.125,50.25,3,2025-11-28 09:16:00-05:00,2025-11-28,9,15,25377.25,0.05970149253731343,edge_near,True,47.75,-44.25
2025-11-13,5,bearish,25376.0,25426.25,25401.125,50.25,4,2025-11-28 09:26:00-05:00,2025-11-28,9,15,25371.0,0.01990049751243781,edge_near,True,41.5,-50.5
2025-11-13,5,bearish,25376.0,25426.25,25401.125,50.25,5,2025-11-28 09:31:00-05:00,2025-11-28,9,15,25364.5,0.9054726368159204,filled,True,35.0,-57.0
2025-11-13,5,bearish,25376.0,25426.25,25401.125,50.25,6,2025-11-28 09:43:00-05:00,2025-11-28,9,15,25377.5,0.029850746268656716,edge_near,True,35.75,-27.5
2025-11-13,5,bearish,25343.75,25353.5,25348.625,9.75,1,2025-11-17 03:21:00-05:00,2025-11-17,3,4,25349.0,0.8974358974358975,filled,True,51.75,-13.0
2025-11-13,5,bearish,25343.75,25353.5,25348.625,9.75,2,2025-11-17 03:33:00-05:00,2025-11-17,3,4,25343.5,1.0,filled,True,46.25,-18.5
2025-11-13,5,bearish,25343.75,25353.5,25348.625,9.75,3,2025-11-17 03:58:00-05:00,2025-11-17,3,4,25357.0,1.0,filled,True,93.0,-4.0
2025-11-13,5,bearish,25343.75,25353.5,25348.625,9.75,4,2025-11-26 11:36:00-05:00,2025-11-26,11,13,25348.25,1.0,filled,True,35.25,-27.25
2025-11-13,5,bearish,25343.75,25353.5,25348.625,9.75,5,2025-11-26 11:46:00-05:00,2025-11-26,11,13,25355.75,1.0,filled,True,42.75,-13.5
2025-11-13,5,bearish,25343.75,25353.5,25348.625,9.75,6,2025-11-26 11:58:00-05:00,2025-11-26,11,13,25353.75,1.0,filled,True,40.75,-16.0
2025-11-13,5,bullish,25343.75,25350.0,25346.875,6.25,1,2025-11-17 03:21:00-05:00,2025-11-17,3,4,25349.0,1.0,filled,True,13.0,-51.75
2025-11-13,5,bullish,25343.75,25350.0,25346.875,6.25,2,2025-11-17 03:33:00-05:00,2025-11-17,3,4,25343.5,1.0,filled,True,18.5,-46.25
2025-11-13,5,bullish,25343.75,25350.0,25346.875,6.25,3,2025-11-17 03:44:00-05:00,2025-11-17,3,4,25348.75,1.0,filled,True,13.25,-84.75
2025-11-13,5,bullish,25343.75,25350.0,25346.875,6.25,4,2025-11-17 03:54:00-05:00,2025-11-17,3,4,25347.0,0.64,through_CE,True,15.0,-83.0
2025-11-13,5,bullish,25343.75,25350.0,25346.875,6.25,5,2025-11-17 04:01:00-05:00,2025-11-17,4,4,25330.75,1.0,filled,True,20.75,-66.75
2025-11-13,5,bullish,25343.75,25350.0,25346.875,6.25,6,2025-11-26 11:36:00-05:00,2025-11-26,11,13,25348.25,1.0,filled,True,27.25,-35.25
2025-11-14,5,bullish,24730.0,24734.75,24732.375,4.75,1,2025-11-17 15:03:00-05:00,2025-11-17,15,3,24741.75,0.5789473684210527,through_CE,True,172.5,-9.75
2025-11-14,5,bullish,24730.0,24734.75,24732.375,4.75,2,2025-11-17 23:11:00-05:00,2025-11-17,23,3,24725.75,1.0,filled,True,38.0,-118.25
2025-11-14,5,bullish,24730.0,24734.75,24732.375,4.75,3,2025-11-17 23:55:00-05:00,2025-11-17,23,3,24734.0,1.0,filled,True,33.25,-43.75
2025-11-14,5,bullish,24730.0,24734.75,24732.375,4.75,4,2025-11-18 00:06:00-05:00,2025-11-18,0,4,24730.0,1.0,filled,True,37.25,-21.75
2025-11-14,5,bullish,24730.0,24734.75,24732.375,4.75,5,2025-11-18 00:09:00-05:00,2025-11-18,0,4,24736.5,0.6842105263157895,through_CE,True,30.75,-39.5
2025-11-14,5,bullish,24730.0,24734.75,24732.375,4.75,6,2025-11-18 00:18:00-05:00,2025-11-18,0,4,24748.75,0.3157894736842105,approached_CE,True,18.5,-51.75
2025-11-14,5,bullish,24760.75,24777.25,24769.0,16.5,1,2025-11-17 14:47:00-05:00,2025-11-17,14,3,24780.75,0.36363636363636365,approached_CE,True,64.0,-48.75
2025-11-14,5,bullish,24760.75,24777.25,24769.0,16.5,2,2025-11-17 14:56:00-05:00,2025-11-17,14,3,24772.5,1.0,filled,True,114.5,-40.5
2025-11-14,5,bullish,24760.75,24777.25,24769.0,16.5,3,2025-11-17 15:05:00-05:00,2025-11-17,15,3,24768.25,1.0,filled,True,146.0,-24.0
2025-11-14,5,bullish,24760.75,24777.25,24769.0,16.5,4,2025-11-17 15:19:00-05:00,2025-11-17,15,3,24769.5,0.9090909090909091,filled,True,156.5,-9.25
2025-11-14,5,bullish,24760.75,24777.25,24769.0,16.5,5,2025-11-17 15:28:00-05:00,2025-11-17,15,3,24778.75,0.2727272727272727,approached_CE,True,147.25,-18.5
2025-11-14,5,bullish,24760.75,24777.25,24769.0,16.5,6,2025-11-17 15:33:00-05:00,2025-11-17,15,3,24776.25,1.0,filled,True,149.75,-16.0
2025-11-14,5,bullish,24818.5,24819.0,24818.75,0.5,1,2025-11-17 14:34:00-05:00,2025-11-17,14,3,24830.75,1.0,filled,True,16.75,-98.75
2025-11-14,5,bullish,24818.5,24819.0,24818.75,0.5,2,2025-11-17 14:38:00-05:00,2025-11-17,14,3,24808.0,1.0,filled,True,24.5,-76.0
2025-11-14,5,bullish,24818.5,24819.0,24818.75,0.5,3,2025-11-17 14:44:00-05:00,2025-11-17,14,3,24818.75,1.0,filled,False,4.75,-86.75
2025-11-14,5,bullish,24818.5,24819.0,24818.75,0.5,4,2025-11-17 15:46:00-05:00,2025-11-17,15,3,24831.5,1.0,filled,True,94.5,-34.25
2025-11-14,5,bullish,24818.5,24819.0,24818.75,0.5,5,2025-11-17 22:06:00-05:00,2025-11-17,22,3,24821.25,1.0,filled,True,20.0,-64.75
2025-11-14,5,bullish,24818.5,24819.0,24818.75,0.5,6,2025-11-17 22:29:00-05:00,2025-11-17,22,3,24802.75,1.0,filled,True,28.25,-195.25
2025-11-14,5,bullish,24844.75,24859.25,24852.0,14.5,1,2025-11-17 14:03:00-05:00,2025-11-17,14,3,24857.0,0.5517241379310345,through_CE,True,54.5,-125.0
2025-11-14,5,bullish,24844.75,24859.25,24852.0,14.5,2,2025-11-17 14:16:00-05:00,2025-11-17,14,3,24867.5,0.2413793103448276,edge_near,True,18.0,-135.5
2025-11-14,5,bullish,24844.75,24859.25,24852.0,14.5,3,2025-11-17 14:18:00-05:00,2025-11-17,14,3,24859.5,0.7931034482758621,filled,True,26.0,-127.5
2025-11-14,5,bullish,24844.75,24859.25,24852.0,14.5,4,2025-11-17 14:22:00-05:00,2025-11-17,14,3,24857.0,1.0,filled,True,28.5,-125.0
2025-11-14,5,bullish,24844.75,24859.25,24852.0,14.5,5,2025-11-17 14:29:00-05:00,2025-11-17,14,3,24867.75,1.0,filled,True,17.75,-135.75
2025-11-14,5,bullish,24844.75,24859.25,24852.0,14.5,6,2025-11-17 14:36:00-05:00,2025-11-17,14,3,24842.25,1.0,filled,False,5.25,-110.25
2025-11-14,5,bullish,24916.5,24923.5,24920.0,7.0,1,2025-11-17 13:55:00-05:00,2025-11-17,13,3,24926.75,1.0,filled,True,39.25,-155.5
2025-11-14,5,bullish,24916.5,24923.5,24920.0,7.0,2,2025-11-17 16:10:00-05:00,2025-11-17,16,3,24915.5,1.0,filled,True,10.5,-38.25
2025-11-14,5,bullish,24916.5,24923.5,24920.0,7.0,3,2025-11-17 18:01:00-05:00,2025-11-17,18,3,24931.25,1.0,filled,True,23.25,-49.25
2025-11-14,5,bullish,24916.5,24923.5,24920.0,7.0,4,2025-11-17 18:08:00-05:00,2025-11-17,18,3,24924.75,1.0,filled,True,17.75,-42.75
2025-11-14,5,bullish,24916.5,24923.5,24920.0,7.0,5,2025-11-17 18:25:00-05:00,2025-11-17,18,3,24922.5,1.0,filled,True,20.0,-58.75
2025-11-14,5,bullish,24916.5,24923.5,24920.0,7.0,6,2025-11-17 18:43:00-05:00,2025-11-17,18,3,24923.5,1.0,filled,True,15.25,-87.25
2025-11-17,5,bullish,25033.25,25081.75,25057.5,48.5,1,2025-11-19 18:09:00-05:00,2025-11-19,18,2,25058.75,1.0,filled,True,58.5,-41.5
2025-11-17,5,bullish,25033.25,25081.75,25057.5,48.5,2,2025-11-19 18:41:00-05:00,2025-11-19,18,2,25075.25,0.24742268041237114,edge_near,True,75.75,-5.5
2025-11-17,5,bullish,25033.25,25081.75,25057.5,48.5,3,2025-11-20 04:29:00-05:00,2025-11-20,4,3,25074.25,0.3556701030927835,approached_CE,True,19.75,-52.25
2025-11-17,5,bullish,25033.25,25081.75,25057.5,48.5,4,2025-11-20 04:44:00-05:00,2025-11-20,4,3,25074.25,1.0,filled,True,28.75,-52.25
2025-11-17,5,bullish,25033.25,25081.75,25057.5,48.5,5,2025-11-20 05:32:00-05:00,2025-11-20,5,3,25086.75,0.08762886597938144,edge_near,True,39.0,-39.25
2025-11-17,5,bullish,25033.25,25081.75,25057.5,48.5,6,2025-11-20 06:03:00-05:00,2025-11-20,6,3,25074.25,0.4329896907216495,approached_CE,True,53.25,-26.75
2025-11-17,5,bullish,25098.5,25142.0,25120.25,43.5,1,2025-11-19 18:46:00-05:00,2025-11-19,18,2,25093.75,1.0,filled,True,67.75,-8.75
2025-11-17,5,bullish,25098.5,25142.0,25120.25,43.5,2,2025-11-19 18:51:00-05:00,2025-11-19,18,2,25097.75,1.0,filled,True,63.75,-12.75
2025-11-17,5,bullish,25098.5,25142.0,25120.25,43.5,3,2025-11-19 18:53:00-05:00,2025-11-19,18,2,25091.5,1.0,filled,True,70.0,-6.5
2025-11-17,5,bullish,25098.5,25142.0,25120.25,43.5,4,2025-11-19 18:55:00-05:00,2025-11-19,18,2,25096.0,1.0,filled,True,65.5,-8.75
2025-11-17,5,bullish,25098.5,25142.0,25120.25,43.5,5,2025-11-19 19:11:00-05:00,2025-11-19,19,2,25100.25,1.0,filled,True,61.25,-13.0
2025-11-17,5,bullish,25098.5,25142.0,25120.25,43.5,6,2025-11-19 19:34:00-05:00,2025-11-19,19,2,25141.75,0.19540229885057472,edge_near,True,19.75,-39.25
2025-11-17,5,bullish,25199.25,25214.5,25206.875,15.25,1,2025-11-20 00:05:00-05:00,2025-11-20,0,3,25198.75,1.0,filled,True,10.25,-44.0
2025-11-17,5,bullish,25199.25,25214.5,25206.875,15.25,2,2025-11-20 02:20:00-05:00,2025-11-20,2,3,25200.25,1.0,filled,False,6.75,-79.25
2025-11-17,5,bullish,25199.25,25214.5,25206.875,15.25,3,2025-11-20 02:25:00-05:00,2025-11-20,2,3,25198.0,1.0,filled,False,9.0,-77.0
2025-11-17,5,bullish,25199.25,25214.5,25206.875,15.25,4,2025-11-20 02:28:00-05:00,2025-11-20,2,3,25194.75,1.0,filled,True,12.25,-73.75
2025-11-17,5,bullish,25199.25,25214.5,25206.875,15.25,5,2025-11-20 02:31:00-05:00,2025-11-20,2,3,25196.0,1.0,filled,True,11.0,-75.0
2025-11-17,5,bullish,25199.25,25214.5,25206.875,15.25,6,2025-11-20 08:30:00-05:00,2025-11-20,8,3,25198.0,1.0,filled,True,67.0,-63.0
2025-11-18,5,bearish,24644.25,24646.75,24645.5,2.5,1,2025-11-19 03:31:00-05:00,2025-11-19,3,1,24648.25,1.0,filled,True,79.5,-3.75
2025-11-18,5,bearish,24644.25,24646.75,24645.5,2.5,2,2025-11-19 04:30:00-05:00,2025-11-19,4,1,24636.25,1.0,filled,True,19.5,-70.75
2025-11-18,5,bearish,24644.25,24646.75,24645.5,2.5,3,2025-11-19 04:44:00-05:00,2025-11-19,4,1,24644.5,1.0,filled,True,11.5,-62.5
2025-11-18,5,bearish,24644.25,24646.75,24645.5,2.5,4,2025-11-19 08:11:00-05:00,2025-11-19,8,1,24649.5,1.0,filled,True,23.5,-60.25
2025-11-18,5,bearish,24644.25,24646.75,24645.5,2.5,5,2025-11-19 09:07:00-05:00,2025-11-19,9,1,24646.75,1.0,filled,True,74.0,-293.75
2025-11-18,5,bearish,24644.25,24646.75,24645.5,2.5,6,2025-11-19 09:23:00-05:00,2025-11-19,9,1,24646.25,1.0,filled,True,73.5,-341.75
2025-11-18,5,bearish,24588.0,24615.5,24601.75,27.5,1,2025-11-19 02:05:00-05:00,2025-11-19,2,1,24592.5,1.0,filled,True,15.0,-34.0
2025-11-18,5,bearish,24588.0,24615.5,24601.75,27.5,2,2025-11-19 03:19:00-05:00,2025-11-19,3,1,24589.0,1.0,filled,True,20.25,-63.0
2025-11-18,5,bearish,24588.0,24615.5,24601.75,27.5,3,2025-11-19 03:38:00-05:00,2025-11-19,3,1,24616.75,1.0,filled,True,48.0,-31.75
2025-11-18,5,bearish,24588.0,24615.5,24601.75,27.5,4,2025-11-19 04:06:00-05:00,2025-11-19,4,1,24583.5,1.0,filled,True,14.75,-100.5
2025-11-18,5,bearish,24588.0,24615.5,24601.75,27.5,5,2025-11-19 09:27:00-05:00,2025-11-19,9,1,24619.25,1.0,filled,True,46.5,-368.75
2025-11-18,5,bearish,24588.0,24615.5,24601.75,27.5,6,2025-11-19 09:38:00-05:00,2025-11-19,9,1,24658.0,1.0,filled,True,52.5,-330.0
2025-11-18,5,bearish,24556.5,24568.0,24562.25,11.5,1,2025-11-19 00:22:00-05:00,2025-11-19,0,1,24553.5,0.043478260869565216,edge_near,True,107.0,-19.25
2025-11-18,5,bearish,24556.5,24568.0,24562.25,11.5,2,2025-11-19 00:55:00-05:00,2025-11-19,0,1,24556.5,0.17391304347826086,edge_near,True,35.5,-16.25
2025-11-18,5,bearish,24556.5,24568.0,24562.25,11.5,3,2025-11-19 01:16:00-05:00,2025-11-19,1,1,24566.0,1.0,filled,True,35.75,-60.5
2025-11-18,5,bearish,24556.5,24568.0,24562.25,11.5,4,2025-11-19 01:31:00-05:00,2025-11-19,1,1,24558.25,0.34782608695652173,approached_CE,True,28.0,-68.25
2025-11-18,5,bearish,24556.5,24568.0,24562.25,11.5,5,2025-11-19 01:34:00-05:00,2025-11-19,1,1,24553.75,0.6956521739130435,through_CE,True,23.5,-72.75
2025-11-18,5,bearish,24556.5,24568.0,24562.25,11.5,6,2025-11-19 01:52:00-05:00,2025-11-19,1,1,24546.25,0.13043478260869565,edge_near,True,14.25,-80.25
2025-11-19,5,bearish,24642.25,24656.0,24649.125,13.75,1,2025-11-20 11:54:00-05:00,2025-11-20,11,1,24651.0,1.0,filled,True,342.75,-85.5
2025-11-19,5,bearish,24642.25,24656.0,24649.125,13.75,2,2025-11-20 12:02:00-05:00,2025-11-20,12,1,24588.25,0.01818181818181818,edge_near,True,280.0,-54.25
2025-11-19,5,bearish,24642.25,24656.0,24649.125,13.75,3,2025-11-24 09:33:00-05:00,2025-11-24,9,5,24649.25,1.0,filled,True,70.0,-120.25
2025-11-19,5,bearish,24642.25,24656.0,24649.125,13.75,4,2025-11-24 09:39:00-05:00,2025-11-24,9,5,24654.25,1.0,filled,True,75.0,-142.5
2025-11-19,5,bearish,24642.25,24656.0,24649.125,13.75,5,2025-11-24 09:43:00-05:00,2025-11-24,9,5,24652.25,1.0,filled,True,73.0,-154.75
2025-11-19,5,bearish,24642.25,24656.0,24649.125,13.75,6,2025-11-24 09:49:00-05:00,2025-11-24,9,5,24617.75,1.0,filled,True,38.5,-199.25
2025-11-19,5,bullish,24652.0,24660.5,24656.25,8.5,1,2025-11-20 11:54:00-05:00,2025-11-20,11,1,24651.0,1.0,filled,True,85.5,-342.75
2025-11-19,5,bullish,24652.0,24660.5,24656.25,8.5,2,2025-11-24 09:33:00-05:00,2025-11-24,9,5,24649.25,1.0,filled,True,120.25,-70.0
2025-11-19,5,bullish,24652.0,24660.5,24656.25,8.5,3,2025-11-24 09:39:00-05:00,2025-11-24,9,5,24654.25,1.0,filled,True,142.5,-75.0
2025-11-19,5,bullish,24652.0,24660.5,24656.25,8.5,4,2025-11-24 09:43:00-05:00,2025-11-24,9,5,24652.25,1.0,filled,True,154.75,-73.0
2025-11-19,5,bullish,24652.0,24660.5,24656.25,8.5,5,2025-11-24 09:49:00-05:00,2025-11-24,9,5,24617.75,1.0,filled,True,199.25,-38.5
2025-11-19,5,bullish,24652.0,24660.5,24656.25,8.5,6,2025-11-24 09:52:00-05:00,2025-11-24,9,5,24641.25,1.0,filled,True,175.75,-25.25
2025-11-19,5,bullish,24693.75,24723.25,24708.5,29.5,1,2025-11-20 11:45:00-05:00,2025-11-20,11,1,24754.5,0.7711864406779662,filled,True,48.5,-446.25
2025-11-19,5,bullish,24693.75,24723.25,24708.5,29.5,2,2025-11-20 11:53:00-05:00,2025-11-20,11,1,24733.75,1.0,filled,True,33.75,-425.5
2025-11-19,5,bullish,24693.75,24723.25,24708.5,29.5,3,2025-11-24 09:35:00-05:00,2025-11-24,9,5,24703.5,1.0,filled,True,71.0,-124.25
2025-11-19,5,bullish,24693.75,24723.25,24708.5,29.5,4,2025-11-24 10:00:00-05:00,2025-11-24,10,5,24702.5,1.0,filled,True,114.5,-38.5
2025-11-19,5,bullish,24693.75,24723.25,24708.5,29.5,5,2025-11-24 10:08:00-05:00,2025-11-24,10,5,24726.25,1.0,filled,True,122.75,-62.25
2025-11-19,5,bullish,24693.75,24723.25,24708.5,29.5,6,2025-11-24 10:16:00-05:00,2025-11-24,10,5,24738.5,0.9491525423728814,filled,True,133.5,-57.5
2025-11-19,5,bullish,24779.5,24826.75,24803.125,47.25,1,2025-11-20 11:37:00-05:00,2025-11-20,11,1,24822.75,1.0,filled,True,27.5,-514.5
2025-11-19,5,bullish,24779.5,24826.75,24803.125,47.25,2,2025-11-20 11:43:00-05:00,2025-11-20,11,1,24791.25,1.0,filled,True,11.75,-483.0
2025-11-19,5,bullish,24779.5,24826.75,24803.125,47.25,3,2025-11-20 11:49:00-05:00,2025-11-20,11,1,24747.0,1.0,filled,True,56.0,-438.75
2025-11-19,5,bullish,24779.5,24826.75,24803.125,47.25,4,2025-11-20 11:51:00-05:00,2025-11-20,11,1,24792.0,1.0,filled,True,11.0,-483.75
2025-11-19,5,bullish,24779.5,24826.75,24803.125,47.25,5,2025-11-24 10:36:00-05:00,2025-11-24,10,5,24769.75,1.0,filled,True,112.75,-21.25
2025-11-19,5,bullish,24779.5,24826.75,24803.125,47.25,6,2025-11-24 10:39:00-05:00,2025-11-24,10,5,24793.0,1.0,filled,True,89.5,-31.5
2025-11-19,5,bullish,24845.0,24880.25,24862.625,35.25,1,2025-11-20 11:31:00-05:00,2025-11-20,11,1,24872.25,1.0,filled,True,56.0,-518.75
2025-11-19,5,bullish,24845.0,24880.25,24862.625,35.25,2,2025-11-24 11:08:00-05:00,2025-11-24,11,5,24844.5,1.0,filled,True,45.75,-12.0
2025-11-19,5,bullish,24845.0,24880.25,24862.625,35.25,3,2025-11-24 12:14:00-05:00,2025-11-24,12,5,24841.5,1.0,filled,True,112.75,-6.0
2025-11-19,5,bullish,24845.0,24880.25,24862.625,35.25,4,2025-11-25 03:51:00-05:00,2025-11-25,3,6,24883.5,0.6879432624113475,through_CE,True,15.5,-61.75
2025-11-19,5,bullish,24845.0,24880.25,24862.625,35.25,5,2025-11-25 04:08:00-05:00,2025-11-25,4,6,24886.25,1.0,filled,False,3.75,-64.5
2025-11-19,5,bullish,24845.0,24880.25,24862.625,35.25,6,2025-11-25 04:36:00-05:00,2025-11-25,4,6,24842.25,1.0,filled,True,34.0,-15.75
2025-11-20,5,bearish,25218.25,25222.5,25220.375,4.25,1,2025-11-26 01:49:00-05:00,2025-11-26,1,6,25217.75,0.17647058823529413,edge_near,False,9.25,-18.25
2025-11-20,5,bearish,25218.25,25222.5,25220.375,4.25,2,2025-11-26 01:53:00-05:00,2025-11-26,1,6,25219.25,0.7647058823529411,filled,True,10.75,-16.75
2025-11-20,5,bearish,25218.25,25222.5,25220.375,4.25,3,2025-11-26 02:01:00-05:00,2025-11-26,2,6,25218.0,0.35294117647058826,approached_CE,True,22.25,-18.0
2025-11-20,5,bearish,25218.25,25222.5,25220.375,4.25,4,2025-11-26 02:10:00-05:00,2025-11-26,2,6,25214.5,0.17647058823529413,edge_near,True,27.75,-21.5
2025-11-20,5,bearish,25218.25,25222.5,25220.375,4.25,5,2025-11-26 02:23:00-05:00,2025-11-26,2,6,25218.5,0.4117647058823529,approached_CE,True,36.75,-17.5
2025-11-20,5,bearish,25218.25,25222.5,25220.375,4.25,6,2025-11-26 02:26:00-05:00,2025-11-26,2,6,25220.0,1.0,filled,True,38.25,-16.0
2025-11-24,5,bullish,24535.75,24646.0,24590.875,110.25,1,2025-11-25 09:48:00-05:00,2025-11-25,9,1,24648.25,0.39909297052154197,approached_CE,True,225.25,-46.25
2025-11-25,5,bearish,24870.25,24876.75,24873.5,6.5,1,2025-12-15 20:39:00-05:00,2025-12-15,20,20,24882.25,1.0,filled,True,17.25,-56.5
2025-11-25,5,bearish,24870.25,24876.75,24873.5,6.5,2,2025-12-15 20:42:00-05:00,2025-12-15,20,20,24871.25,1.0,filled,False,6.25,-67.5
2025-11-25,5,bearish,24870.25,24876.75,24873.5,6.5,3,2025-12-15 20:48:00-05:00,2025-12-15,20,20,24885.25,1.0,filled,True,14.25,-53.5
2025-11-25,5,bearish,24870.25,24876.75,24873.5,6.5,4,2025-12-15 22:28:00-05:00,2025-12-15,22,20,24871.25,1.0,filled,True,15.5,-50.0
2025-11-25,5,bearish,24870.25,24876.75,24873.5,6.5,5,2025-12-15 22:39:00-05:00,2025-12-15,22,20,24877.75,1.0,filled,True,10.25,-44.5
2025-11-25,5,bearish,24870.25,24876.75,24873.5,6.5,6,2025-12-15 22:42:00-05:00,2025-12-15,22,20,24878.25,1.0,filled,True,10.75,-44.0
2025-11-26,5,bearish,25191.75,25200.5,25196.125,8.75,1,2025-12-01 00:36:00-05:00,2025-12-01,0,5,25200.25,1.0,filled,False,6.75,-67.75
2025-11-26,5,bearish,25191.75,25200.5,25196.125,8.75,2,2025-12-12 11:04:00-05:00,2025-12-12,11,16,25174.5,1.0,filled,True,56.75,-67.25
2025-11-26,5,bearish,25191.75,25200.5,25196.125,8.75,3,2025-12-12 11:08:00-05:00,2025-12-12,11,16,25202.75,1.0,filled,True,85.0,-57.25
2025-11-26,5,bearish,25191.75,25200.5,25196.125,8.75,4,2025-12-12 11:12:00-05:00,2025-12-12,11,16,25200.0,1.0,filled,True,82.25,-61.5
2025-11-26,5,bearish,25191.75,25200.5,25196.125,8.75,5,2025-12-12 11:26:00-05:00,2025-12-12,11,16,25191.75,1.0,filled,True,74.0,-108.25
2025-11-26,5,bearish,25191.75,25200.5,25196.125,8.75,6,2025-12-12 12:00:00-05:00,2025-12-12,12,16,25206.0,1.0,filled,True,43.25,-103.75
2025-11-26,5,bearish,25232.25,25232.75,25232.5,0.5,1,2025-11-30 23:55:00-05:00,2025-11-30,23,4,25232.25,1.0,filled,True,38.75,-9.0
2025-11-26,5,bearish,25232.25,25232.75,25232.5,0.5,2,2025-12-01 00:50:00-05:00,2025-12-01,0,5,25231.5,1.0,filled,False,4.5,-39.75
2025-11-26,5,bearish,25232.25,25232.75,25232.5,0.5,3,2025-12-01 01:05:00-05:00,2025-12-01,1,5,25234.5,1.0,filled,False,2.0,-42.0
2025-11-26,5,bearish,25232.25,25232.75,25232.5,0.5,4,2025-12-01 07:33:00-05:00,2025-12-01,7,5,25233.0,1.0,filled,True,22.25,-28.75
2025-11-26,5,bearish,25232.25,25232.75,25232.5,0.5,5,2025-12-01 07:46:00-05:00,2025-12-01,7,5,25237.5,1.0,filled,True,26.75,-26.0
2025-11-26,5,bearish,25232.25,25232.75,25232.5,0.5,6,2025-12-01 07:53:00-05:00,2025-12-01,7,5,25236.0,1.0,filled,True,22.0,-27.5
2025-11-26,5,bearish,25200.0,25222.25,25211.125,22.25,1,2025-12-01 00:00:00-05:00,2025-12-01,0,5,25226.75,1.0,filled,True,33.25,-32.5
2025-11-26,5,bearish,25200.0,25222.25,25211.125,22.25,2,2025-12-01 00:04:00-05:00,2025-12-01,0,5,25216.5,1.0,filled,True,23.0,-42.75
2025-11-26,5,bearish,25200.0,25222.25,25211.125,22.25,3,2025-12-01 00:12:00-05:00,2025-12-01,0,5,25228.75,1.0,filled,True,35.25,-30.5
2025-11-26,5,bearish,25200.0,25222.25,25211.125,22.25,4,2025-12-01 07:48:00-05:00,2025-12-01,7,5,25218.25,1.0,filled,False,7.5,-45.25
2025-11-26,5,bearish,25200.0,25222.25,25211.125,22.25,5,2025-12-01 07:55:00-05:00,2025-12-01,7,5,25222.0,1.0,filled,False,8.0,-41.5
2025-11-26,5,bearish,25200.0,25222.25,25211.125,22.25,6,2025-12-01 08:06:00-05:00,2025-12-01,8,5,25234.0,1.0,filled,True,12.5,-37.0
2025-12-01,5,bearish,25264.5,25266.0,25265.25,1.5,1,2025-12-12 10:58:00-05:00,2025-12-12,10,11,25232.25,1.0,filled,True,114.5,-83.75
2025-12-01,5,bearish,25264.5,25266.0,25265.25,1.5,2,2025-12-12 11:00:00-05:00,2025-12-12,11,11,25265.0,1.0,filled,True,147.25,-13.0
2025-12-01,5,bearish,25264.5,25266.0,25265.25,1.5,3,2025-12-12 12:15:00-05:00,2025-12-12,12,11,25260.0,1.0,filled,True,67.25,-99.5
2025-12-01,5,bearish,25264.5,25266.0,25265.25,1.5,4,2025-12-12 12:24:00-05:00,2025-12-12,12,11,25276.75,1.0,filled,True,84.0,-91.5
2025-12-01,5,bearish,25264.5,25266.0,25265.25,1.5,5,2025-12-12 12:38:00-05:00,2025-12-12,12,11,25262.25,1.0,filled,True,19.75,-106.0
2025-12-01,5,bearish,25264.5,25266.0,25265.25,1.5,6,2025-12-12 12:41:00-05:00,2025-12-12,12,11,25268.75,1.0,filled,False,6.25,-99.5
2025-12-01,5,bullish,25284.25,25293.0,25288.625,8.75,1,2025-12-12 10:58:00-05:00,2025-12-12,10,11,25232.25,1.0,filled,True,83.75,-114.5
2025-12-01,5,bullish,25284.25,25293.0,25288.625,8.75,2,2025-12-12 12:18:00-05:00,2025-12-12,12,11,25287.75,1.0,filled,True,80.5,-95.0
2025-12-01,5,bullish,25284.25,25293.0,25288.625,8.75,3,2025-12-12 12:40:00-05:00,2025-12-12,12,11,25282.25,1.0,filled,True,86.0,-19.75
2025-12-01,5,bullish,25284.25,25293.0,25288.625,8.75,4,2025-12-12 12:43:00-05:00,2025-12-12,12,11,25276.25,1.0,filled,True,92.0,-13.75
2025-12-01,5,bullish,25284.25,25293.0,25288.625,8.75,5,2025-12-12 12:46:00-05:00,2025-12-12,12,11,25297.75,1.0,filled,True,70.5,-35.25
2025-12-01,5,bullish,25284.25,25293.0,25288.625,8.75,6,2025-12-12 12:50:00-05:00,2025-12-12,12,11,25280.75,1.0,filled,True,87.5,-18.25
2025-12-01,5,bullish,25330.0,25333.5,25331.75,3.5,1,2025-12-02 03:08:00-05:00,2025-12-02,3,1,25333.75,1.0,filled,True,100.75,-9.75
2025-12-01,5,bullish,25330.0,25333.5,25331.75,3.5,2,2025-12-12 10:28:00-05:00,2025-12-12,10,11,25331.5,1.0,filled,True,70.0,-197.75
2025-12-01,5,bullish,25330.0,25333.5,25331.75,3.5,3,2025-12-12 10:31:00-05:00,2025-12-12,10,11,25344.0,1.0,filled,True,57.5,-210.25
2025-12-01,5,bullish,25330.0,25333.5,25331.75,3.5,4,2025-12-12 10:34:00-05:00,2025-12-12,10,11,25348.0,1.0,filled,True,53.5,-214.25
2025-12-01,5,bullish,25330.0,25333.5,25331.75,3.5,5,2025-12-12 10:54:00-05:00,2025-12-12,10,11,25330.25,1.0,filled,True,21.0,-212.5
2025-12-01,5,bullish,25330.0,25333.5,25331.75,3.5,6,2025-12-12 13:12:00-05:00,2025-12-12,13,11,25347.5,1.0,filled,True,20.75,-93.25
2025-12-02,5,bullish,25511.0,25520.5,25515.75,9.5,1,2025-12-03 09:04:00-05:00,2025-12-03,9,1,25522.0,1.0,filled,True,51.75,-101.25
2025-12-02,5,bullish,25511.0,25520.5,25515.75,9.5,2,2025-12-03 09:31:00-05:00,2025-12-03,9,1,25494.75,1.0,filled,True,79.5,-64.75
2025-12-02,5,bullish,25511.0,25520.5,25515.75,9.5,3,2025-12-03 09:36:00-05:00,2025-12-03,9,1,25512.75,1.0,filled,True,85.5,-82.75
2025-12-02,5,bullish,25511.0,25520.5,25515.75,9.5,4,2025-12-03 09:41:00-05:00,2025-12-03,9,1,25498.5,1.0,filled,True,103.5,-68.5
2025-12-02,5,bullish,25511.0,25520.5,25515.75,9.5,5,2025-12-03 10:00:00-05:00,2025-12-03,10,1,25517.25,1.0,filled,True,88.0,-28.5
2025-12-02,5,bullish,25511.0,25520.5,25515.75,9.5,6,2025-12-03 10:09:00-05:00,2025-12-03,10,1,25513.5,1.0,filled,True,91.75,-15.5
2025-12-02,5,bullish,25527.0,25575.75,25551.375,48.75,1,2025-12-03 09:02:00-05:00,2025-12-03,9,1,25566.0,1.0,filled,True,33.75,-145.25
2025-12-02,5,bullish,25527.0,25575.75,25551.375,48.75,2,2025-12-03 09:06:00-05:00,2025-12-03,9,1,25513.75,1.0,filled,True,60.5,-93.0
2025-12-02,5,bullish,25527.0,25575.75,25551.375,48.75,3,2025-12-03 09:31:00-05:00,2025-12-03,9,1,25494.75,1.0,filled,True,79.5,-64.75
2025-12-02,5,bullish,25527.0,25575.75,25551.375,48.75,4,2025-12-03 10:00:00-05:00,2025-12-03,10,1,25517.25,1.0,filled,True,88.0,-28.5
2025-12-02,5,bullish,25527.0,25575.75,25551.375,48.75,5,2025-12-03 10:02:00-05:00,2025-12-03,10,1,25552.0,1.0,filled,True,53.25,-54.0
2025-12-02,5,bullish,25527.0,25575.75,25551.375,48.75,6,2025-12-03 10:16:00-05:00,2025-12-03,10,1,25530.5,1.0,filled,True,74.75,-30.5
2025-12-03,5,bearish,25535.25,25646.25,25590.75,111.0,1,2025-12-04 00:00:00-05:00,2025-12-04,0,1,25640.5,1.0,filled,True,11.75,-9.0
2025-12-03,5,bearish,25535.25,25646.25,25590.75,111.0,2,2025-12-04 01:15:00-05:00,2025-12-04,1,1,25642.5,1.0,filled,False,3.0,-27.25
2025-12-03,5,bearish,25535.25,25646.25,25590.75,111.0,3,2025-12-04 01:20:00-05:00,2025-12-04,1,1,25643.75,1.0,filled,False,2.25,-26.0
2025-12-03,5,bearish,25535.25,25646.25,25590.75,111.0,4,2025-12-04 01:27:00-05:00,2025-12-04,1,1,25648.75,1.0,filled,False,2.5,-21.0
2025-12-03,5,bearish,25535.25,25646.25,25590.75,111.0,5,2025-12-04 03:00:00-05:00,2025-12-04,3,1,25642.0,1.0,filled,True,39.25,-15.75
2025-12-03,5,bearish,25535.25,25646.25,25590.75,111.0,6,2025-12-04 03:05:00-05:00,2025-12-04,3,1,25644.5,1.0,filled,True,41.75,-7.0
2025-12-03,5,bearish,25474.0,25512.5,25493.25,38.5,1,2025-12-04 11:05:00-05:00,2025-12-04,11,1,25515.0,1.0,filled,False,9.75,-139.25
2025-12-03,5,bearish,25474.0,25512.5,25493.25,38.5,2,2025-12-04 14:21:00-05:00,2025-12-04,14,1,25514.0,1.0,filled,True,27.0,-97.25
2025-12-03,5,bearish,25474.0,25512.5,25493.25,38.5,3,2025-12-10 22:02:00-05:00,2025-12-10,22,7,25487.75,1.0,filled,True,105.75,-36.75
2025-12-03,5,bearish,25474.0,25512.5,25493.25,38.5,4,2025-12-10 22:24:00-05:00,2025-12-10,22,7,25475.75,0.11038961038961038,edge_near,True,41.75,-57.25
2025-12-03,5,bearish,25474.0,25512.5,25493.25,38.5,5,2025-12-10 22:41:00-05:00,2025-12-10,22,7,25469.5,0.032467532467532464,edge_near,True,11.0,-63.5
2025-12-03,5,bearish,25474.0,25512.5,25493.25,38.5,6,2025-12-10 22:43:00-05:00,2025-12-10,22,7,25470.25,1.0,filled,False,7.5,-62.75
2025-12-04,5,bullish,25636.25,25666.75,25651.5,30.5,1,2025-12-05 08:33:00-05:00,2025-12-05,8,1,25665.5,1.0,filled,True,111.5,-86.5
2025-12-04,5,bullish,25636.25,25666.75,25651.5,30.5,2,2025-12-05 08:40:00-05:00,2025-12-05,8,1,25633.5,1.0,filled,True,144.25,-54.5
2025-12-04,5,bullish,25636.25,25666.75,25651.5,30.5,3,2025-12-05 09:08:00-05:00,2025-12-05,9,1,25643.0,1.0,filled,True,192.0,-9.5
2025-12-04,5,bullish,25636.25,25666.75,25651.5,30.5,4,2025-12-05 09:41:00-05:00,2025-12-05,9,1,25695.5,0.20491803278688525,edge_near,True,172.25,-35.0
2025-12-04,5,bullish,25636.25,25666.75,25651.5,30.5,5,2025-12-05 11:31:00-05:00,2025-12-05,11,1,25662.0,0.5163934426229508,through_CE,True,99.5,-11.0
2025-12-04,5,bullish,25636.25,25666.75,25651.5,30.5,6,2025-12-05 11:34:00-05:00,2025-12-05,11,1,25677.5,0.02459016393442623,edge_near,True,84.0,-11.5
2025-12-04,5,bullish,25684.5,25706.25,25695.375,21.75,1,2025-12-05 01:33:00-05:00,2025-12-05,1,1,25705.75,0.13793103448275862,edge_near,True,23.75,-2.5
2025-12-04,5,bullish,25684.5,25706.25,25695.375,21.75,2,2025-12-05 02:00:00-05:00,2025-12-05,2,1,25709.75,0.05747126436781609,edge_near,True,19.75,-4.75
2025-12-04,5,bullish,25684.5,25706.25,25695.375,21.75,3,2025-12-05 04:43:00-05:00,2025-12-05,4,1,25709.0,0.0,edge_near,True,24.25,-2.75
2025-12-04,5,bullish,25684.5,25706.25,25695.375,21.75,4,2025-12-05 06:00:00-05:00,2025-12-05,6,1,25705.75,0.08045977011494253,edge_near,True,21.25,-1.25
2025-12-04,5,bullish,25684.5,25706.25,25695.375,21.75,5,2025-12-05 07:15:00-05:00,2025-12-05,7,1,25707.75,0.08045977011494253,edge_near,True,10.0,-18.5
2025-12-04,5,bullish,25684.5,25706.25,25695.375,21.75,6,2025-12-05 07:19:00-05:00,2025-12-05,7,1,25705.25,0.7816091954022989,filled,True,12.5,-16.0
2025-12-04,5,bearish,25637.0,25689.25,25663.125,52.25,1,2025-12-05 07:22:00-05:00,2025-12-05,7,1,25692.25,1.0,filled,False,9.25,-25.5
2025-12-04,5,bearish,25637.0,25689.25,25663.125,52.25,2,2025-12-05 08:20:00-05:00,2025-12-05,8,1,25688.75,1.0,filled,True,109.75,-5.25
2025-12-04,5,bearish,25637.0,25689.25,25663.125,52.25,3,2025-12-05 08:41:00-05:00,2025-12-05,8,1,25630.5,0.0,edge_near,True,51.5,-147.25
2025-12-04,5,bearish,25637.0,25689.25,25663.125,52.25,4,2025-12-05 09:08:00-05:00,2025-12-05,9,1,25643.0,1.0,filled,False,9.5,-192.0
2025-12-04,5,bearish,25637.0,25689.25,25663.125,52.25,5,2025-12-05 09:41:00-05:00,2025-12-05,9,1,25695.5,1.0,filled,True,35.0,-172.25
2025-12-04,5,bearish,25637.0,25689.25,25663.125,52.25,6,2025-12-05 09:44:00-05:00,2025-12-05,9,1,25708.75,1.0,filled,True,21.5,-159.0
2025-12-05,5,bullish,25631.5,25638.0,25634.75,6.5,1,2025-12-08 11:01:00-05:00,2025-12-08,11,3,25633.75,1.0,filled,True,37.25,-17.75
2025-12-05,5,bullish,25631.5,25638.0,25634.75,6.5,2,2025-12-08 11:14:00-05:00,2025-12-08,11,3,25637.75,1.0,filled,True,33.25,-35.5
2025-12-05,5,bullish,25631.5,25638.0,25634.75,6.5,3,2025-12-08 11:34:00-05:00,2025-12-08,11,3,25642.5,0.38461538461538464,approached_CE,True,14.5,-48.75
2025-12-05,5,bullish,25631.5,25638.0,25634.75,6.5,4,2025-12-08 11:52:00-05:00,2025-12-08,11,3,25638.75,1.0,filled,True,12.0,-45.0
2025-12-05,5,bullish,25631.5,25638.0,25634.75,6.5,5,2025-12-08 11:55:00-05:00,2025-12-08,11,3,25638.75,0.2692307692307692,approached_CE,True,12.5,-45.0
2025-12-05,5,bullish,25631.5,25638.0,25634.75,6.5,6,2025-12-08 12:00:00-05:00,2025-12-08,12,3,25620.25,1.0,filled,True,76.25,-26.5
2025-12-05,5,bullish,25656.5,25676.5,25666.5,20.0,1,2025-12-08 10:26:00-05:00,2025-12-08,10,3,25668.5,0.9875,filled,True,55.75,-46.25
2025-12-05,5,bullish,25656.5,25676.5,25666.5,20.0,2,2025-12-08 10:50:00-05:00,2025-12-08,10,3,25678.0,0.075,edge_near,True,17.75,-55.75
2025-12-05,5,bullish,25656.5,25676.5,25666.5,20.0,3,2025-12-08 10:52:00-05:00,2025-12-08,10,3,25674.5,1.0,filled,True,13.25,-52.25
2025-12-05,5,bullish,25656.5,25676.5,25666.5,20.0,4,2025-12-08 11:06:00-05:00,2025-12-08,11,3,25637.5,1.0,filled,True,33.5,-35.25
2025-12-05,5,bullish,25656.5,25676.5,25666.5,20.0,5,2025-12-08 11:08:00-05:00,2025-12-08,11,3,25650.25,1.0,filled,True,20.75,-48.0
2025-12-05,5,bullish,25656.5,25676.5,25666.5,20.0,6,2025-12-08 11:10:00-05:00,2025-12-08,11,3,25643.5,1.0,filled,True,27.5,-41.25
2025-12-05,5,bullish,25684.25,25730.0,25707.125,45.75,1,2025-12-07 18:05:00-05:00,2025-12-07,18,2,25725.0,0.24043715846994534,edge_near,True,31.5,-16.75
2025-12-05,5,bullish,25684.25,25730.0,25707.125,45.75,2,2025-12-07 18:14:00-05:00,2025-12-07,18,2,25729.5,0.14754098360655737,edge_near,True,27.0,-29.5
2025-12-05,5,bullish,25684.25,25730.0,25707.125,45.75,3,2025-12-07 19:00:00-05:00,2025-12-07,19,2,25730.5,0.6557377049180327,through_CE,True,20.0,-30.5
2025-12-05,5,bullish,25684.25,25730.0,25707.125,45.75,4,2025-12-08 09:49:00-05:00,2025-12-08,9,3,25758.25,0.17486338797814208,edge_near,True,23.0,-101.5
2025-12-05,5,bullish,25684.25,25730.0,25707.125,45.75,5,2025-12-08 10:15:00-05:00,2025-12-08,10,3,25728.75,0.2185792349726776,edge_near,True,20.0,-101.0
2025-12-05,5,bullish,25684.25,25730.0,25707.125,45.75,6,2025-12-08 10:19:00-05:00,2025-12-08,10,3,25731.75,1.0,filled,False,9.5,-109.5
2025-12-05,5,bullish,25753.5,25766.5,25760.0,13.0,1,2025-12-07 18:00:00-05:00,2025-12-07,18,2,25753.0,1.0,filled,True,18.0,-34.0
2025-12-05,5,bullish,25753.5,25766.5,25760.0,13.0,2,2025-12-07 18:21:00-05:00,2025-12-07,18,2,25752.0,1.0,filled,False,4.5,-52.0
2025-12-05,5,bullish,25753.5,25766.5,25760.0,13.0,3,2025-12-07 18:24:00-05:00,2025-12-07,18,2,25748.5,1.0,filled,False,8.0,-48.5
2025-12-05,5,bullish,25753.5,25766.5,25760.0,13.0,4,2025-12-07 18:35:00-05:00,2025-12-07,18,2,25751.5,1.0,filled,False,5.0,-51.5
2025-12-05,5,bullish,25753.5,25766.5,25760.0,13.0,5,2025-12-07 18:55:00-05:00,2025-12-07,18,2,25751.5,1.0,filled,False,2.25,-51.5
2025-12-05,5,bullish,25753.5,25766.5,25760.0,13.0,6,2025-12-07 20:03:00-05:00,2025-12-07,20,2,25754.25,1.0,filled,True,17.5,-10.75
2025-12-08,5,bullish,25814.5,25816.5,25815.5,2.0,1,2025-12-10 14:57:00-05:00,2025-12-10,14,2,25810.0,1.0,filled,True,59.75,-22.0
2025-12-08,5,bullish,25814.5,25816.5,25815.5,2.0,2,2025-12-10 15:02:00-05:00,2025-12-10,15,2,25817.75,1.0,filled,True,52.0,-30.75
2025-12-08,5,bullish,25814.5,25816.5,25815.5,2.0,3,2025-12-10 15:07:00-05:00,2025-12-10,15,2,25835.25,1.0,filled,True,34.5,-66.0
2025-12-08,5,bullish,25814.5,25816.5,25815.5,2.0,4,2025-12-10 15:52:00-05:00,2025-12-10,15,2,25817.5,0.75,filled,True,21.5,-63.25
2025-12-08,5,bullish,25814.5,25816.5,25815.5,2.0,5,2025-12-10 15:57:00-05:00,2025-12-10,15,2,25810.0,1.0,filled,True,11.25,-55.75
2025-12-08,5,bullish,25814.5,25816.5,25815.5,2.0,6,2025-12-11 16:15:00-05:00,2025-12-11,16,3,25819.75,1.0,filled,True,42.75,-75.75
2025-12-10,5,bearish,25663.25,25671.5,25667.375,8.25,1,2025-12-11 07:20:00-05:00,2025-12-11,7,1,25661.25,1.0,filled,True,10.25,-39.5
2025-12-10,5,bearish,25663.25,25671.5,25667.375,8.25,2,2025-12-11 07:30:00-05:00,2025-12-11,7,1,25680.5,1.0,filled,True,17.25,-20.25
2025-12-10,5,bearish,25663.25,25671.5,25667.375,8.25,3,2025-12-11 08:06:00-05:00,2025-12-11,8,1,25668.25,1.0,filled,True,36.0,-16.25
2025-12-10,5,bearish,25663.25,25671.5,25667.375,8.25,4,2025-12-11 08:15:00-05:00,2025-12-11,8,1,25673.25,1.0,filled,True,41.0,-11.25
2025-12-10,5,bearish,25663.25,25671.5,25667.375,8.25,5,2025-12-11 08:25:00-05:00,2025-12-11,8,1,25673.0,1.0,filled,True,40.75,-7.75
2025-12-10,5,bearish,25663.25,25671.5,25667.375,8.25,6,2025-12-11 08:30:00-05:00,2025-12-11,8,1,25664.75,1.0,filled,True,76.25,-16.0
2025-12-10,5,bearish,25657.25,25657.5,25657.375,0.25,1,2025-12-11 07:20:00-05:00,2025-12-11,7,1,25661.25,1.0,filled,True,10.25,-39.5
2025-12-10,5,bearish,25657.25,25657.5,25657.375,0.25,2,2025-12-11 08:31:00-05:00,2025-12-11,8,1,25653.75,1.0,filled,True,77.75,-27.0
2025-12-10,5,bearish,25657.25,25657.5,25657.375,0.25,3,2025-12-11 08:40:00-05:00,2025-12-11,8,1,25658.5,1.0,filled,True,95.25,-22.25
2025-12-10,5,bearish,25657.25,25657.5,25657.375,0.25,4,2025-12-11 08:53:00-05:00,2025-12-11,8,1,25660.75,1.0,filled,True,219.25,-20.0
2025-12-10,5,bearish,25657.25,25657.5,25657.375,0.25,5,2025-12-11 08:55:00-05:00,2025-12-11,8,1,25654.5,1.0,filled,True,227.0,-26.25
2025-12-10,5,bearish,25657.25,25657.5,25657.375,0.25,6,2025-12-11 09:10:00-05:00,2025-12-11,9,1,25667.25,1.0,filled,True,277.0,-13.5
2025-12-11,5,bullish,25654.5,25662.5,25658.5,8.0,1,2025-12-12 00:00:00-05:00,2025-12-12,0,1,25660.5,0.6875,through_CE,True,38.75,-3.5
2025-12-11,5,bullish,25654.5,25662.5,25658.5,8.0,2,2025-12-12 00:13:00-05:00,2025-12-12,0,1,25662.5,0.4375,approached_CE,True,36.75,-3.5
2025-12-11,5,bullish,25654.5,25662.5,25658.5,8.0,3,2025-12-12 02:25:00-05:00,2025-12-12,2,1,25665.0,0.0625,edge_near,True,17.5,-12.5
2025-12-11,5,bullish,25654.5,25662.5,25658.5,8.0,4,2025-12-12 02:32:00-05:00,2025-12-12,2,1,25663.75,0.6875,through_CE,True,18.75,-11.25
2025-12-11,5,bullish,25654.5,25662.5,25658.5,8.0,5,2025-12-12 03:00:00-05:00,2025-12-12,3,1,25659.5,1.0,filled,True,23.25,-8.75
2025-12-11,5,bullish,25654.5,25662.5,25658.5,8.0,6,2025-12-12 03:45:00-05:00,2025-12-12,3,1,25665.0,1.0,filled,False,8.5,-101.75
2025-12-11,5,bearish,25649.75,25659.0,25654.375,9.25,1,2025-12-12 00:00:00-05:00,2025-12-12,0,1,25660.5,1.0,filled,False,3.5,-38.75
2025-12-11,5,bearish,25649.75,25659.0,25654.375,9.25,2,2025-12-12 00:13:00-05:00,2025-12-12,0,1,25662.5,1.0,filled,False,3.5,-36.75
2025-12-11,5,bearish,25649.75,25659.0,25654.375,9.25,3,2025-12-12 02:34:00-05:00,2025-12-12,2,1,25659.75,1.0,filled,False,7.25,-22.75
2025-12-11,5,bearish,25649.75,25659.0,25654.375,9.25,4,2025-12-12 03:00:00-05:00,2025-12-12,3,1,25659.5,1.0,filled,False,8.75,-23.25
2025-12-11,5,bearish,25649.75,25659.0,25654.375,9.25,5,2025-12-12 03:46:00-05:00,2025-12-12,3,1,25656.5,1.0,filled,True,94.25,-17.0
2025-12-11,5,bearish,25649.75,25659.0,25654.375,9.25,6,2025-12-12 04:00:00-05:00,2025-12-12,4,1,25658.75,1.0,filled,True,96.5,-8.75
2025-12-11,5,bearish,25630.0,25642.25,25636.125,12.25,1,2025-12-12 04:08:00-05:00,2025-12-12,4,1,25628.25,1.0,filled,True,66.0,-27.5
2025-12-11,5,bearish,25630.0,25642.25,25636.125,12.25,2,2025-12-12 04:13:00-05:00,2025-12-12,4,1,25632.25,1.0,filled,True,70.0,-10.75
2025-12-11,5,bearish,25630.0,25642.25,25636.125,12.25,3,2025-12-12 09:00:00-05:00,2025-12-12,9,1,25625.5,0.20408163265306123,edge_near,True,124.0,-7.0
2025-12-11,5,bearish,25630.0,25642.25,25636.125,12.25,4,2025-12-21 18:00:00-05:00,2025-12-21,18,10,25659.25,1.0,filled,True,27.75,-22.0
2025-12-11,5,bearish,25630.0,25642.25,25636.125,12.25,5,2025-12-21 18:03:00-05:00,2025-12-21,18,10,25641.75,1.0,filled,True,10.25,-40.25
2025-12-11,5,bearish,25630.0,25642.25,25636.125,12.25,6,2025-12-21 18:10:00-05:00,2025-12-21,18,10,25641.25,1.0,filled,False,9.75,-40.75
2025-12-11,5,bearish,25502.25,25555.75,25529.0,53.5,1,2025-12-12 06:36:00-05:00,2025-12-12,6,1,25557.25,1.0,filled,True,25.0,-25.75
2025-12-11,5,bearish,25502.25,25555.75,25529.0,53.5,2,2025-12-12 07:44:00-05:00,2025-12-12,7,1,25555.25,1.0,filled,False,4.75,-45.25
2025-12-11,5,bearish,25502.25,25555.75,25529.0,53.5,3,2025-12-12 09:30:00-05:00,2025-12-12,9,1,25550.0,1.0,filled,True,254.75,-70.5
2025-12-11,5,bearish,25502.25,25555.75,25529.0,53.5,4,2025-12-12 09:41:00-05:00,2025-12-12,9,1,25584.0,1.0,filled,True,288.75,-24.0
2025-12-11,5,bearish,25502.25,25555.75,25529.0,53.5,5,2025-12-31 03:35:00-05:00,2025-12-31,3,20,25557.0,1.0,filled,False,4.75,-27.75
2025-12-11,5,bearish,25502.25,25555.75,25529.0,53.5,6,2025-12-31 03:39:00-05:00,2025-12-31,3,20,25556.0,1.0,filled,False,3.75,-28.75
2025-12-11,5,bearish,25463.0,25483.5,25473.25,20.5,1,2025-12-12 10:04:00-05:00,2025-12-12,10,1,25486.0,1.0,filled,True,311.5,-27.0
2025-12-11,5,bearish,25463.0,25483.5,25473.25,20.5,2,2025-12-12 10:11:00-05:00,2025-12-12,10,1,25453.75,0.45121951219512196,approached_CE,True,300.25,-18.5
2025-12-11,5,bearish,25463.0,25483.5,25473.25,20.5,3,2025-12-31 15:21:00-05:00,2025-12-31,15,20,25483.0,1.0,filled,True,43.0,-31.0
2025-12-11,5,bearish,25463.0,25483.5,25473.25,20.5,4,2025-12-31 15:27:00-05:00,2025-12-31,15,20,25482.25,1.0,filled,True,42.25,-31.75
2025-12-11,5,bearish,25463.0,25483.5,25473.25,20.5,5,2025-12-31 15:49:00-05:00,2025-12-31,15,20,25480.25,1.0,filled,True,46.75,-17.75
2025-12-11,5,bearish,25463.0,25483.5,25473.25,20.5,6,2025-12-31 16:05:00-05:00,2025-12-31,16,20,25457.0,0.024390243902439025,edge_near,True,30.5,-6.5
2025-12-12,5,bearish,25605.0,25608.75,25606.875,3.75,1,2025-12-23 08:39:00-05:00,2025-12-23,8,11,25615.0,1.0,filled,False,6.5,-122.5
2025-12-12,5,bearish,25605.0,25608.75,25606.875,3.75,2,2025-12-30 19:53:00-05:00,2025-12-30,19,18,25611.75,1.0,filled,True,23.75,-13.0
2025-12-12,5,bearish,25605.0,25608.75,25606.875,3.75,3,2025-12-30 19:58:00-05:00,2025-12-30,19,18,25617.5,1.0,filled,True,29.5,-7.25
2025-12-12,5,bearish,25605.0,25608.75,25606.875,3.75,4,2025-12-30 20:00:00-05:00,2025-12-30,20,18,25597.0,1.0,filled,False,9.0,-27.75
2025-12-12,5,bearish,25605.0,25608.75,25606.875,3.75,5,2025-12-30 20:02:00-05:00,2025-12-30,20,18,25598.25,0.3333333333333333,approached_CE,False,7.75,-26.5
2025-12-12,5,bearish,25605.0,25608.75,25606.875,3.75,6,2025-12-30 20:05:00-05:00,2025-12-30,20,18,25605.0,1.0,filled,False,8.0,-23.75
2025-12-12,5,bearish,25587.5,25592.25,25589.875,4.75,1,2025-12-30 20:00:00-05:00,2025-12-30,20,18,25597.0,1.0,filled,False,9.0,-27.75
2025-12-12,5,bearish,25587.5,25592.25,25589.875,4.75,2,2025-12-30 20:02:00-05:00,2025-12-30,20,18,25598.25,1.0,filled,False,7.75,-26.5
2025-12-12,5,bearish,25587.5,25592.25,25589.875,4.75,3,2025-12-31 01:16:00-05:00,2025-12-31,1,19,25593.25,1.0,filled,True,18.0,-9.25
2025-12-12,5,bearish,25587.5,25592.25,25589.875,4.75,4,2025-12-31 01:29:00-05:00,2025-12-31,1,19,25585.75,1.0,filled,True,10.5,-16.75
2025-12-12,5,bearish,25587.5,25592.25,25589.875,4.75,5,2025-12-31 01:37:00-05:00,2025-12-31,1,19,25588.25,1.0,filled,True,13.0,-21.5
2025-12-12,5,bearish,25587.5,25592.25,25589.875,4.75,6,2025-12-31 01:52:00-05:00,2025-12-31,1,19,25592.0,1.0,filled,True,16.75,-17.75
2025-12-15,5,bearish,25369.0,25371.75,25370.375,2.75,1,2026-01-02 10:59:00-05:00,2026-01-02,10,18,25375.0,1.0,filled,True,81.0,-52.25
2025-12-15,5,bearish,25369.0,25371.75,25370.375,2.75,2,2026-01-02 11:04:00-05:00,2026-01-02,11,18,25351.5,1.0,filled,True,57.5,-75.75
2025-12-15,5,bearish,25369.0,25371.75,25370.375,2.75,3,2026-01-02 11:10:00-05:00,2026-01-02,11,18,25366.5,1.0,filled,True,72.5,-60.75
2025-12-15,5,bearish,25369.0,25371.75,25370.375,2.75,4,2026-01-02 11:14:00-05:00,2026-01-02,11,18,25379.0,1.0,filled,True,75.25,-48.25
2025-12-15,5,bearish,25369.0,25371.75,25370.375,2.75,5,2026-01-02 11:16:00-05:00,2026-01-02,11,18,25375.25,1.0,filled,True,71.5,-52.0
2025-12-15,5,bearish,25369.0,25371.75,25370.375,2.75,6,2026-01-02 11:18:00-05:00,2026-01-02,11,18,25335.25,1.0,filled,True,31.5,-92.0
2025-12-15,5,bearish,25229.25,25237.75,25233.5,8.5,1,2025-12-17 05:09:00-05:00,2025-12-17,5,2,25228.0,0.4411764705882353,approached_CE,False,7.75,-24.5
2025-12-15,5,bearish,25229.25,25237.75,25233.5,8.5,2,2025-12-17 05:13:00-05:00,2025-12-17,5,2,25237.5,1.0,filled,True,17.25,-18.25
2025-12-15,5,bearish,25229.25,25237.75,25233.5,8.5,3,2025-12-17 05:25:00-05:00,2025-12-17,5,2,25228.25,1.0,filled,False,8.0,-27.5
2025-12-15,5,bearish,25229.25,25237.75,25233.5,8.5,4,2025-12-17 05:43:00-05:00,2025-12-17,5,2,25241.0,1.0,filled,True,17.75,-14.75
2025-12-15,5,bearish,25229.25,25237.75,25233.5,8.5,5,2025-12-17 05:50:00-05:00,2025-12-17,5,2,25237.5,1.0,filled,True,14.25,-18.25
2025-12-15,5,bearish,25229.25,25237.75,25233.5,8.5,6,2025-12-17 06:00:00-05:00,2025-12-17,6,2,25235.0,1.0,filled,True,11.75,-20.75
2025-12-17,5,bearish,25165.75,25175.0,25170.375,9.25,1,2025-12-18 10:38:00-05:00,2025-12-18,10,1,25166.75,0.6486486486486487,through_CE,True,57.75,-11.5
2025-12-17,5,bearish,25165.75,25175.0,25170.375,9.25,2,2025-12-18 10:42:00-05:00,2025-12-18,10,1,25161.75,0.05405405405405406,edge_near,True,52.75,-16.5
2025-12-17,5,bearish,25165.75,25175.0,25170.375,9.25,3,2025-12-18 11:11:00-05:00,2025-12-18,11,1,25168.75,1.0,filled,True,175.75,-9.5
2025-12-17,5,bearish,25165.75,25175.0,25170.375,9.25,4,2025-12-18 11:17:00-05:00,2025-12-18,11,1,25167.5,0.4594594594594595,approached_CE,True,214.0,-9.5
2025-12-17,5,bearish,25165.75,25175.0,25170.375,9.25,5,2025-12-18 11:20:00-05:00,2025-12-18,11,1,25153.0,0.5405405405405406,through_CE,True,199.5,-24.0
2025-12-17,5,bearish,25165.75,25175.0,25170.375,9.25,6,2025-12-18 11:37:00-05:00,2025-12-18,11,1,25160.0,0.4864864864864865,approached_CE,True,206.5,-17.0
2025-12-17,5,bearish,25114.5,25152.5,25133.5,38.0,1,2025-12-18 10:32:00-05:00,2025-12-18,10,1,25108.5,1.0,filled,False,7.0,-69.75
2025-12-17,5,bearish,25114.5,25152.5,25133.5,38.0,2,2025-12-18 10:40:00-05:00,2025-12-18,10,1,25146.25,1.0,filled,True,37.25,-32.0
2025-12-17,5,bearish,25114.5,25152.5,25133.5,38.0,3,2025-12-18 11:14:00-05:00,2025-12-18,11,1,25142.25,1.0,filled,True,160.25,-34.75
2025-12-17,5,bearish,25114.5,25152.5,25133.5,38.0,4,2025-12-18 11:19:00-05:00,2025-12-18,11,1,25157.0,1.0,filled,True,203.5,-20.0
2025-12-17,5,bearish,25114.5,25152.5,25133.5,38.0,5,2025-12-18 11:22:00-05:00,2025-12-18,11,1,25151.75,1.0,filled,True,198.25,-25.25
2025-12-17,5,bearish,25114.5,25152.5,25133.5,38.0,6,2025-12-18 11:39:00-05:00,2025-12-18,11,1,25154.0,1.0,filled,True,200.5,-23.0
2025-12-22,5,bullish,25754.5,25758.75,25756.625,4.25,1,2025-12-23 11:28:00-05:00,2025-12-23,11,1,25752.0,1.0,filled,True,26.5,-20.5
2025-12-22,5,bullish,25754.5,25758.75,25756.625,4.25,2,2025-12-23 11:45:00-05:00,2025-12-23,11,1,25756.5,1.0,filled,True,22.0,-6.5
2025-12-22,5,bullish,25754.5,25758.75,25756.625,4.25,3,2025-12-23 12:33:00-05:00,2025-12-23,12,1,25755.5,1.0,filled,True,25.0,-4.75
2025-12-22,5,bullish,25754.5,25758.75,25756.625,4.25,4,2025-12-23 12:42:00-05:00,2025-12-23,12,1,25759.25,0.29411764705882354,approached_CE,True,21.25,-8.5
2025-12-22,5,bullish,25754.5,25758.75,25756.625,4.25,5,2025-12-23 12:47:00-05:00,2025-12-23,12,1,25757.0,1.0,filled,True,23.5,-6.25
2025-12-22,5,bullish,25754.5,25758.75,25756.625,4.25,6,2025-12-29 03:37:00-05:00,2025-12-29,3,7,25759.5,1.0,filled,True,11.25,-28.0
2025-12-22,5,bearish,25727.25,25766.0,25746.625,38.75,1,2025-12-23 04:42:00-05:00,2025-12-23,4,1,25728.0,0.03870967741935484,edge_near,True,29.0,-0.75
2025-12-22,5,bearish,25727.25,25766.0,25746.625,38.75,2,2025-12-23 09:31:00-05:00,2025-12-23,9,1,25732.5,0.2645161290322581,approached_CE,True,105.25,-18.75
2025-12-22,5,bearish,25727.25,25766.0,25746.625,38.75,3,2025-12-23 09:36:00-05:00,2025-12-23,9,1,25719.75,0.09032258064516129,edge_near,True,92.5,-31.5
2025-12-22,5,bearish,25727.25,25766.0,25746.625,38.75,4,2025-12-23 09:44:00-05:00,2025-12-23,9,1,25729.5,0.6193548387096774,through_CE,True,102.25,-21.75
2025-12-22,5,bearish,25727.25,25766.0,25746.625,38.75,5,2025-12-23 10:55:00-05:00,2025-12-23,10,1,25720.75,1.0,filled,False,2.75,-56.0
2025-12-22,5,bearish,25727.25,25766.0,25746.625,38.75,6,2025-12-23 12:01:00-05:00,2025-12-23,12,1,25764.5,1.0,filled,True,13.75,-14.0
2025-12-22,5,bullish,25733.0,25739.0,25736.0,6.0,1,2025-12-23 09:31:00-05:00,2025-12-23,9,1,25732.5,1.0,filled,True,18.75,-105.25
2025-12-22,5,bullish,25733.0,25739.0,25736.0,6.0,2,2025-12-23 09:45:00-05:00,2025-12-23,9,1,25729.75,1.0,filled,True,21.5,-102.5
2025-12-22,5,bullish,25733.0,25739.0,25736.0,6.0,3,2025-12-23 10:56:00-05:00,2025-12-23,10,1,25729.75,1.0,filled,True,47.0,-9.0
2025-12-22,5,bullish,25733.0,25739.0,25736.0,6.0,4,2025-12-23 10:58:00-05:00,2025-12-23,10,1,25737.75,1.0,filled,True,39.0,-11.5
2025-12-22,5,bullish,25733.0,25739.0,25736.0,6.0,5,2025-12-23 11:04:00-05:00,2025-12-23,11,1,25739.5,0.3333333333333333,approached_CE,True,37.25,-11.5
2025-12-22,5,bullish,25733.0,25739.0,25736.0,6.0,6,2025-12-23 11:08:00-05:00,2025-12-23,11,1,25737.25,1.0,filled,True,39.5,-9.25
2025-12-23,5,bullish,25649.5,25700.25,25674.875,50.75,1,2025-12-29 08:48:00-05:00,2025-12-29,8,6,25696.75,0.8719211822660099,filled,True,122.0,-40.75
2025-12-23,5,bullish,25649.5,25700.25,25674.875,50.75,2,2025-12-29 10:06:00-05:00,2025-12-29,10,6,25703.0,0.7635467980295566,filled,True,70.25,-41.5
2025-12-23,5,bullish,25649.5,25700.25,25674.875,50.75,3,2025-12-29 10:19:00-05:00,2025-12-29,10,6,25705.25,0.024630541871921183,edge_near,True,68.0,-31.0
2025-12-23,5,bullish,25649.5,25700.25,25674.875,50.75,4,2025-12-29 10:50:00-05:00,2025-12-29,10,6,25693.0,0.5123152709359606,through_CE,True,30.0,-18.75
2025-12-23,5,bullish,25649.5,25700.25,25674.875,50.75,5,2025-12-29 11:00:00-05:00,2025-12-29,11,6,25704.0,0.009852216748768473,edge_near,True,14.5,-24.0
2025-12-23,5,bullish,25649.5,25700.25,25674.875,50.75,6,2025-12-29 11:02:00-05:00,2025-12-29,11,6,25694.5,0.3891625615763547,approached_CE,True,24.0,-14.5
2025-12-23,5,bearish,25707.75,25720.75,25714.25,13.0,1,2025-12-29 08:47:00-05:00,2025-12-29,8,6,25715.5,1.0,filled,True,59.5,-103.25
2025-12-23,5,bearish,25707.75,25720.75,25714.25,13.0,2,2025-12-29 09:29:00-05:00,2025-12-29,9,6,25707.0,0.38461538461538464,approached_CE,True,45.5,-111.75
2025-12-23,5,bearish,25707.75,25720.75,25714.25,13.0,3,2025-12-29 09:32:00-05:00,2025-12-29,9,6,25708.5,1.0,filled,True,47.0,-110.25
2025-12-23,5,bearish,25707.75,25720.75,25714.25,13.0,4,2025-12-29 09:51:00-05:00,2025-12-29,9,6,25716.25,1.0,filled,True,54.75,-57.0
2025-12-23,5,bearish,25707.75,25720.75,25714.25,13.0,5,2025-12-29 09:58:00-05:00,2025-12-29,9,6,25716.5,1.0,filled,True,55.0,-56.75
2025-12-23,5,bearish,25707.75,25720.75,25714.25,13.0,6,2025-12-29 10:03:00-05:00,2025-12-29,10,6,25717.5,1.0,filled,True,56.0,-55.75
2025-12-23,5,bearish,25696.0,25700.0,25698.0,4.0,1,2025-12-29 08:48:00-05:00,2025-12-29,8,6,25696.75,1.0,filled,True,40.75,-122.0
2025-12-23,5,bearish,25696.0,25700.0,25698.0,4.0,2,2025-12-29 08:57:00-05:00,2025-12-29,8,6,25696.0,1.0,filled,True,40.0,-122.75
2025-12-23,5,bearish,25696.0,25700.0,25698.0,4.0,3,2025-12-29 09:01:00-05:00,2025-12-29,9,6,25697.25,1.0,filled,True,41.25,-121.5
2025-12-23,5,bearish,25696.0,25700.0,25698.0,4.0,4,2025-12-29 09:14:00-05:00,2025-12-29,9,6,25695.75,1.0,filled,True,39.75,-123.0
2025-12-23,5,bearish,25696.0,25700.0,25698.0,4.0,5,2025-12-29 09:28:00-05:00,2025-12-29,9,6,25698.25,1.0,filled,True,36.75,-120.5
2025-12-23,5,bearish,25696.0,25700.0,25698.0,4.0,6,2025-12-29 10:06:00-05:00,2025-12-29,10,6,25703.0,1.0,filled,True,41.5,-70.25
2025-12-24,5,bearish,25816.0,25817.5,25816.75,1.5,1,2025-12-29 01:00:00-05:00,2025-12-29,1,5,25817.75,1.0,filled,False,7.5,-25.25
2025-12-24,5,bearish,25816.0,25817.5,25816.75,1.5,2,2025-12-29 01:41:00-05:00,2025-12-29,1,5,25819.75,1.0,filled,True,34.75,-4.5
2025-12-24,5,bearish,25816.0,25817.5,25816.75,1.5,3,2025-12-29 01:51:00-05:00,2025-12-29,1,5,25816.25,1.0,filled,True,31.25,-6.5
2025-12-24,5,bearish,25816.0,25817.5,25816.75,1.5,4,2025-12-29 09:37:00-05:00,2025-12-29,9,5,25803.0,1.0,filled,True,141.5,-15.75
2025-12-24,5,bearish,25816.0,25817.5,25816.75,1.5,5,2026-01-06 14:32:00-05:00,2026-01-06,14,13,25817.0,1.0,filled,True,15.75,-13.0
2025-12-24,5,bearish,25816.0,25817.5,25816.75,1.5,6,2026-01-06 14:40:00-05:00,2026-01-06,14,13,25815.75,1.0,filled,True,14.5,-14.25
2025-12-26,5,bullish,25897.25,25902.25,25899.75,5.0,1,2026-01-07 10:35:00-05:00,2026-01-07,10,12,25898.0,1.0,filled,True,32.0,-89.0
2025-12-26,5,bullish,25897.25,25902.25,25899.75,5.0,2,2026-01-07 10:49:00-05:00,2026-01-07,10,12,25898.0,1.0,filled,True,65.5,-18.75
2025-12-26,5,bullish,25897.25,25902.25,25899.75,5.0,3,2026-01-07 10:54:00-05:00,2026-01-07,10,12,25906.0,1.0,filled,True,57.5,-26.75
2025-12-26,5,bullish,25897.25,25902.25,25899.75,5.0,4,2026-01-07 11:23:00-05:00,2026-01-07,11,12,25902.25,1.0,filled,True,87.5,-23.0
2025-12-26,5,bullish,25897.25,25902.25,25899.75,5.0,5,2026-01-07 11:30:00-05:00,2026-01-07,11,12,25892.0,1.0,filled,True,99.0,-2.5
2025-12-26,5,bullish,25897.25,25902.25,25899.75,5.0,6,2026-01-07 11:36:00-05:00,2026-01-07,11,12,25901.5,1.0,filled,True,89.5,-5.5
2025-12-26,5,bearish,25891.5,25909.25,25900.375,17.75,1,2025-12-28 19:58:00-05:00,2025-12-28,19,2,25890.5,0.11267605633802817,edge_near,True,55.25,-3.0
2025-12-26,5,bearish,25891.5,25909.25,25900.375,17.75,2,2026-01-07 10:35:00-05:00,2026-01-07,10,12,25898.0,0.5915492957746479,through_CE,True,89.0,-32.0
2025-12-26,5,bearish,25891.5,25909.25,25900.375,17.75,3,2026-01-07 10:48:00-05:00,2026-01-07,10,12,25894.0,1.0,filled,True,14.75,-69.5
2025-12-26,5,bearish,25891.5,25909.25,25900.375,17.75,4,2026-01-07 11:20:00-05:00,2026-01-07,11,12,25911.75,1.0,filled,True,32.5,-76.75
2025-12-26,5,bearish,25891.5,25909.25,25900.375,17.75,5,2026-01-07 14:13:00-05:00,2026-01-07,14,12,25913.5,1.0,filled,True,42.75,-8.25
2025-12-26,5,bearish,25891.5,25909.25,25900.375,17.75,6,2026-01-07 14:15:00-05:00,2026-01-07,14,12,25905.25,1.0,filled,True,48.25,-16.5
2025-12-29,5,bullish,25712.75,25718.0,25715.375,5.25,1,2025-12-30 01:27:00-05:00,2025-12-30,1,1,25719.0,0.2857142857142857,approached_CE,True,12.75,-35.0
2025-12-29,5,bullish,25712.75,25718.0,25715.375,5.25,2,2025-12-30 01:29:00-05:00,2025-12-30,1,1,25716.25,0.47619047619047616,approached_CE,True,15.5,-32.25
2025-12-29,5,bullish,25712.75,25718.0,25715.375,5.25,3,2025-12-30 02:01:00-05:00,2025-12-30,2,1,25718.5,1.0,filled,False,3.5,-34.5
2025-12-29,5,bullish,25712.75,25718.0,25715.375,5.25,4,2025-12-30 03:02:00-05:00,2025-12-30,3,1,25715.25,1.0,filled,True,25.5,-10.75
2025-12-29,5,bullish,25712.75,25718.0,25715.375,5.25,5,2025-12-30 03:21:00-05:00,2025-12-30,3,1,25723.0,0.09523809523809523,edge_near,True,25.25,-5.5
2025-12-29,5,bullish,25712.75,25718.0,25715.375,5.25,6,2025-12-30 06:07:00-05:00,2025-12-30,6,1,25714.5,1.0,filled,True,25.75,-12.5
2025-12-29,5,bullish,25726.75,25779.5,25753.125,52.75,1,2025-12-30 00:00:00-05:00,2025-12-30,0,1,25753.25,1.0,filled,False,1.75,-31.75
2025-12-29,5,bullish,25726.75,25779.5,25753.125,52.75,2,2025-12-30 01:37:00-05:00,2025-12-30,1,1,25727.0,1.0,filled,False,4.75,-43.0
2025-12-29,5,bullish,25726.75,25779.5,25753.125,52.75,3,2025-12-30 01:44:00-05:00,2025-12-30,1,1,25727.0,1.0,filled,False,4.75,-43.0
2025-12-29,5,bullish,25726.75,25779.5,25753.125,52.75,4,2025-12-30 03:07:00-05:00,2025-12-30,3,1,25724.0,1.0,filled,True,24.25,-6.5
2025-12-29,5,bullish,25726.75,25779.5,25753.125,52.75,5,2025-12-30 03:10:00-05:00,2025-12-30,3,1,25727.25,1.0,filled,True,21.0,-9.75
2025-12-29,5,bullish,25726.75,25779.5,25753.125,52.75,6,2025-12-30 03:22:00-05:00,2025-12-30,3,1,25728.25,1.0,filled,True,20.0,-8.0
2025-12-29,5,bearish,25760.5,25779.5,25770.0,19.0,1,2025-12-30 09:56:00-05:00,2025-12-30,9,1,25767.5,0.75,filled,True,89.25,-7.25
2025-12-29,5,bearish,25760.5,25779.5,25770.0,19.0,2,2025-12-30 11:04:00-05:00,2025-12-30,11,1,25760.75,0.27631578947368424,approached_CE,True,51.75,-33.25
2025-12-29,5,bearish,25760.5,25779.5,25770.0,19.0,3,2025-12-30 11:12:00-05:00,2025-12-30,11,1,25753.25,1.0,filled,True,44.25,-40.75
2025-12-29,5,bearish,25760.5,25779.5,25770.0,19.0,4,2025-12-30 11:23:00-05:00,2025-12-30,11,1,25780.5,1.0,filled,True,81.0,-6.5
2025-12-29,5,bearish,25760.5,25779.5,25770.0,19.0,5,2025-12-30 11:25:00-05:00,2025-12-30,11,1,25779.25,1.0,filled,True,79.75,-3.5
2025-12-29,5,bearish,25760.5,25779.5,25770.0,19.0,6,2026-01-02 09:48:00-05:00,2026-01-02,9,4,25762.75,1.0,filled,True,305.5,-40.75
2025-12-30,5,bearish,25708.5,25714.0,25711.25,5.5,1,2025-12-31 08:52:00-05:00,2025-12-31,8,1,25708.5,1.0,filled,True,126.75,-9.75
2025-12-30,5,bearish,25708.5,25714.0,25711.25,5.5,2,2025-12-31 09:00:00-05:00,2025-12-31,9,1,25707.0,1.0,filled,True,125.25,-11.25
2025-12-30,5,bearish,25708.5,25714.0,25711.25,5.5,3,2026-01-02 03:52:00-05:00,2026-01-02,3,3,25712.0,1.0,filled,False,7.75,-26.75
2025-12-30,5,bearish,25708.5,25714.0,25711.25,5.5,4,2026-01-02 04:03:00-05:00,2026-01-02,4,3,25714.0,1.0,filled,False,4.0,-24.75
2025-12-30,5,bearish,25708.5,25714.0,25711.25,5.5,5,2026-01-02 04:07:00-05:00,2026-01-02,4,3,25713.5,1.0,filled,False,1.5,-25.25
2025-12-30,5,bearish,25708.5,25714.0,25711.25,5.5,6,2026-01-02 05:23:00-05:00,2026-01-02,5,3,25714.25,1.0,filled,False,6.5,-29.75
2025-12-30,5,bullish,25706.0,25725.75,25715.875,19.75,1,2025-12-31 08:52:00-05:00,2025-12-31,8,1,25708.5,1.0,filled,False,9.75,-126.75
2025-12-30,5,bullish,25706.0,25725.75,25715.875,19.75,2,2025-12-31 09:00:00-05:00,2025-12-31,9,1,25707.0,1.0,filled,True,11.25,-125.25
2025-12-30,5,bullish,25706.0,25725.75,25715.875,19.75,3,2026-01-02 03:51:00-05:00,2026-01-02,3,3,25706.0,1.0,filled,True,32.75,-5.5
2025-12-30,5,bullish,25706.0,25725.75,25715.875,19.75,4,2026-01-02 04:15:00-05:00,2026-01-02,4,3,25726.0,0.4936708860759494,approached_CE,True,11.75,-10.0
2025-12-30,5,bullish,25706.0,25725.75,25715.875,19.75,5,2026-01-02 04:31:00-05:00,2026-01-02,4,3,25727.0,0.08860759493670886,edge_near,True,10.75,-15.5
2025-12-30,5,bullish,25706.0,25725.75,25715.875,19.75,6,2026-01-02 04:34:00-05:00,2026-01-02,4,3,25727.5,0.0,edge_near,True,10.25,-19.75
2025-12-30,5,bullish,25738.0,25742.5,25740.25,4.5,1,2026-01-02 04:12:00-05:00,2026-01-02,4,3,25733.5,1.0,filled,False,5.25,-17.5
2025-12-30,5,bullish,25738.0,25742.5,25740.25,4.5,2,2026-01-02 06:02:00-05:00,2026-01-02,6,3,25741.0,1.0,filled,False,3.0,-40.75
2025-12-30,5,bullish,25738.0,25742.5,25740.25,4.5,3,2026-01-02 06:05:00-05:00,2026-01-02,6,3,25737.5,1.0,filled,False,1.0,-39.75
2025-12-30,5,bullish,25738.0,25742.5,25740.25,4.5,4,2026-01-02 06:13:00-05:00,2026-01-02,6,3,25736.25,1.0,filled,False,1.75,-56.0
2025-12-30,5,bullish,25738.0,25742.5,25740.25,4.5,5,2026-01-02 09:47:00-05:00,2026-01-02,9,3,25758.0,1.0,filled,True,45.5,-300.75
2025-12-30,5,bullish,25738.0,25742.5,25740.25,4.5,6,2026-01-02 09:53:00-05:00,2026-01-02,9,3,25744.0,1.0,filled,True,36.0,-301.5
2025-12-31,5,bearish,25702.75,25703.0,25702.875,0.25,1,2026-01-02 03:49:00-05:00,2026-01-02,3,2,25700.25,1.0,filled,False,3.5,-38.5
2025-12-31,5,bearish,25702.75,25703.0,25702.875,0.25,2,2026-01-02 07:02:00-05:00,2026-01-02,7,2,25702.25,1.0,filled,True,22.0,-11.25
2025-12-31,5,bearish,25702.75,25703.0,25702.875,0.25,3,2026-01-02 07:31:00-05:00,2026-01-02,7,2,25702.0,1.0,filled,True,14.25,-9.0
2025-12-31,5,bearish,25702.75,25703.0,25702.875,0.25,4,2026-01-02 07:43:00-05:00,2026-01-02,7,2,25703.5,1.0,filled,True,15.0,-7.5
2025-12-31,5,bearish,25702.75,25703.0,25702.875,0.25,5,2026-01-02 07:52:00-05:00,2026-01-02,7,2,25697.0,1.0,filled,True,12.5,-14.0
2025-12-31,5,bearish,25702.75,25703.0,25702.875,0.25,6,2026-01-02 07:56:00-05:00,2026-01-02,7,2,25697.5,1.0,filled,True,19.5,-13.5
2025-12-31,5,bearish,25692.25,25693.75,25693.0,1.5,1,2026-01-02 03:14:00-05:00,2026-01-02,3,2,25688.75,0.6666666666666666,through_CE,True,12.75,-50.0
2025-12-31,5,bearish,25692.25,25693.75,25693.0,1.5,2,2026-01-02 03:20:00-05:00,2026-01-02,3,2,25695.5,1.0,filled,True,19.5,-43.25
2025-12-31,5,bearish,25692.25,25693.75,25693.0,1.5,3,2026-01-02 03:22:00-05:00,2026-01-02,3,2,25691.25,1.0,filled,True,15.25,-47.5
2025-12-31,5,bearish,25692.25,25693.75,25693.0,1.5,4,2026-01-02 03:26:00-05:00,2026-01-02,3,2,25692.0,1.0,filled,True,16.0,-46.75
2025-12-31,5,bearish,25692.25,25693.75,25693.0,1.5,5,2026-01-02 03:33:00-05:00,2026-01-02,3,2,25691.25,0.8333333333333334,filled,True,10.0,-47.5
2025-12-31,5,bearish,25692.25,25693.75,25693.0,1.5,6,2026-01-02 03:43:00-05:00,2026-01-02,3,2,25694.25,1.0,filled,False,5.75,-44.5
2025-12-31,5,bearish,25632.75,25651.0,25641.875,18.25,1,2026-01-01 23:14:00-05:00,2026-01-01,23,1,25628.5,0.0273972602739726,edge_near,True,16.25,-8.75
2025-12-31,5,bearish,25632.75,25651.0,25641.875,18.25,2,2026-01-01 23:24:00-05:00,2026-01-01,23,1,25632.5,0.2465753424657534,edge_near,True,20.25,-4.75
2025-12-31,5,bearish,25632.75,25651.0,25641.875,18.25,3,2026-01-01 23:43:00-05:00,2026-01-01,23,1,25631.5,0.1506849315068493,edge_near,True,19.25,-4.0
2025-12-31,5,bearish,25632.75,25651.0,25641.875,18.25,4,2026-01-01 23:51:00-05:00,2026-01-01,23,1,25631.5,0.0410958904109589,edge_near,True,19.25,-2.0
2025-12-31,5,bearish,25632.75,25651.0,25641.875,18.25,5,2026-01-02 00:24:00-05:00,2026-01-02,0,2,25631.75,0.0,edge_near,True,10.5,-12.5
2025-12-31,5,bearish,25632.75,25651.0,25641.875,18.25,6,2026-01-02 00:50:00-05:00,2026-01-02,0,2,25632.5,0.0136986301369863,edge_near,False,2.5,-17.5
2026-01-02,5,bearish,25682.25,25687.0,25684.625,4.75,1,2026-01-05 10:28:00-05:00,2026-01-05,10,3,25676.25,0.3684210526315789,approached_CE,True,39.5,-20.5
2026-01-02,5,bearish,25682.25,25687.0,25684.625,4.75,2,2026-01-05 10:32:00-05:00,2026-01-05,10,3,25683.25,1.0,filled,True,46.5,-13.5
2026-01-02,5,bearish,25682.25,25687.0,25684.625,4.75,3,2026-01-05 11:08:00-05:00,2026-01-05,11,3,25684.5,1.0,filled,True,35.5,-23.5
2026-01-02,5,bearish,25682.25,25687.0,25684.625,4.75,4,2026-01-05 11:13:00-05:00,2026-01-05,11,3,25682.25,1.0,filled,True,39.75,-25.75
2026-01-02,5,bearish,25682.25,25687.0,25684.625,4.75,5,2026-01-05 11:16:00-05:00,2026-01-05,11,3,25685.75,0.7894736842105263,filled,True,43.25,-22.25
2026-01-02,5,bearish,25682.25,25687.0,25684.625,4.75,6,2026-01-05 11:20:00-05:00,2026-01-05,11,3,25683.0,1.0,filled,True,43.75,-25.0
2026-01-02,5,bullish,25696.75,25730.5,25713.625,33.75,1,2026-01-05 11:11:00-05:00,2026-01-05,11,3,25695.75,1.0,filled,True,12.25,-53.25
2026-01-02,5,bullish,25696.75,25730.5,25713.625,33.75,2,2026-01-05 11:47:00-05:00,2026-01-05,11,3,25693.0,1.0,filled,True,15.0,-85.5
2026-01-02,5,bullish,25696.75,25730.5,25713.625,33.75,3,2026-01-06 09:46:00-05:00,2026-01-06,9,4,25695.25,1.0,filled,True,83.5,-10.5
2026-01-02,5,bullish,25696.75,25730.5,25713.625,33.75,4,2026-01-06 10:11:00-05:00,2026-01-06,10,4,25734.25,0.1259259259259259,edge_near,True,44.5,-95.25
2026-01-02,5,bullish,25696.75,25730.5,25713.625,33.75,5,2026-01-06 10:41:00-05:00,2026-01-06,10,4,25735.75,0.037037037037037035,edge_near,True,10.75,-96.75
2026-01-02,5,bullish,25696.75,25730.5,25713.625,33.75,6,2026-01-06 10:44:00-05:00,2026-01-06,10,4,25723.5,1.0,filled,True,13.25,-84.5
2026-01-05,5,bullish,25591.5,25592.75,25592.125,1.25,1,2026-01-06 03:14:00-05:00,2026-01-06,3,1,25588.75,1.0,filled,False,7.5,-61.75
2026-01-05,5,bullish,25591.5,25592.75,25592.125,1.25,2,2026-01-06 03:17:00-05:00,2026-01-06,3,1,25588.75,1.0,filled,False,3.5,-61.75
2026-01-05,5,bullish,25591.5,25592.75,25592.125,1.25,3,2026-01-06 04:54:00-05:00,2026-01-06,4,1,25593.75,1.0,filled,True,14.5,-22.5
2026-01-05,5,bullish,25591.5,25592.75,25592.125,1.25,4,2026-01-06 04:56:00-05:00,2026-01-06,4,1,25589.0,1.0,filled,False,9.25,-17.75
2026-01-05,5,bullish,25591.5,25592.75,25592.125,1.25,5,2026-01-06 05:11:00-05:00,2026-01-06,5,1,25588.5,1.0,filled,True,16.5,-17.25
2026-01-05,5,bullish,25591.5,25592.75,25592.125,1.25,6,2026-01-06 05:40:00-05:00,2026-01-06,5,1,25591.75,1.0,filled,True,13.25,-8.0
2026-01-05,5,bullish,25612.75,25614.75,25613.75,2.0,1,2026-01-06 03:10:00-05:00,2026-01-06,3,1,25614.5,1.0,filled,False,7.25,-87.5
2026-01-05,5,bullish,25612.75,25614.75,25613.75,2.0,2,2026-01-06 06:56:00-05:00,2026-01-06,6,1,25609.0,1.0,filled,True,35.0,-17.5
2026-01-05,5,bullish,25612.75,25614.75,25613.75,2.0,3,2026-01-06 07:12:00-05:00,2026-01-06,7,1,25613.5,1.0,filled,True,39.25,-6.5
2026-01-05,5,bullish,25612.75,25614.75,25613.75,2.0,4,2026-01-06 07:22:00-05:00,2026-01-06,7,1,25613.5,1.0,filled,True,39.25,-5.0
2026-01-05,5,bullish,25612.75,25614.75,25613.75,2.0,5,2026-01-06 07:32:00-05:00,2026-01-06,7,1,25613.75,1.0,filled,True,39.0,-2.25
2026-01-05,5,bullish,25612.75,25614.75,25613.75,2.0,6,2026-01-06 07:39:00-05:00,2026-01-06,7,1,25617.5,0.25,approached_CE,True,35.25,-3.25
2026-01-05,5,bearish,25607.0,25617.0,25612.0,10.0,1,2026-01-06 03:10:00-05:00,2026-01-06,3,1,25614.5,1.0,filled,True,87.5,-7.25
2026-01-05,5,bearish,25607.0,25617.0,25612.0,10.0,2,2026-01-06 04:54:00-05:00,2026-01-06,4,1,25593.75,0.125,edge_near,True,22.5,-14.5
2026-01-05,5,bearish,25607.0,25617.0,25612.0,10.0,3,2026-01-06 06:56:00-05:00,2026-01-06,6,1,25609.0,0.725,through_CE,True,17.5,-35.0
2026-01-05,5,bearish,25607.0,25617.0,25612.0,10.0,4,2026-01-06 07:07:00-05:00,2026-01-06,7,1,25606.75,1.0,filled,False,2.5,-46.0
2026-01-05,5,bearish,25607.0,25617.0,25612.0,10.0,5,2026-01-06 07:38:00-05:00,2026-01-06,7,1,25615.75,1.0,filled,False,1.5,-37.0
2026-01-05,5,bearish,25607.0,25617.0,25612.0,10.0,6,2026-01-06 08:46:00-05:00,2026-01-06,8,1,25616.25,1.0,filled,True,25.75,-83.75
2026-01-06,5,bearish,25612.0,25612.75,25612.375,0.75,1,2026-01-08 09:45:00-05:00,2026-01-08,9,2,25618.0,1.0,filled,True,48.5,-95.5
2026-01-06,5,bearish,25612.0,25612.75,25612.375,0.75,2,2026-01-08 09:57:00-05:00,2026-01-08,9,2,25629.0,1.0,filled,True,59.5,-84.5
2026-01-06,5,bearish,25612.0,25612.75,25612.375,0.75,3,2026-01-08 09:59:00-05:00,2026-01-08,9,2,25603.5,1.0,filled,True,34.0,-110.0
2026-01-06,5,bearish,25612.0,25612.75,25612.375,0.75,4,2026-01-08 10:04:00-05:00,2026-01-08,10,2,25609.25,1.0,filled,True,30.75,-104.25
2026-01-06,5,bearish,25612.0,25612.75,25612.375,0.75,5,2026-01-08 10:56:00-05:00,2026-01-08,10,2,25622.0,1.0,filled,True,38.25,-64.75
2026-01-06,5,bearish,25612.0,25612.75,25612.375,0.75,6,2026-01-08 11:30:00-05:00,2026-01-08,11,2,25627.5,1.0,filled,True,43.75,-52.5
2026-01-06,5,bullish,25618.0,25631.5,25624.75,13.5,1,2026-01-08 09:42:00-05:00,2026-01-08,9,2,25639.0,1.0,filled,True,74.5,-69.5
2026-01-06,5,bullish,25618.0,25631.5,25624.75,13.5,2,2026-01-08 09:50:00-05:00,2026-01-08,9,2,25636.0,0.9629629629629629,filled,True,77.5,-66.5
2026-01-06,5,bullish,25618.0,25631.5,25624.75,13.5,3,2026-01-08 09:56:00-05:00,2026-01-08,9,2,25625.25,1.0,filled,True,88.25,-55.75
2026-01-06,5,bullish,25618.0,25631.5,25624.75,13.5,4,2026-01-08 10:05:00-05:00,2026-01-08,10,2,25637.75,1.0,filled,True,75.75,-36.0
2026-01-06,5,bullish,25618.0,25631.5,25624.75,13.5,5,2026-01-08 10:37:00-05:00,2026-01-08,10,2,25630.25,0.48148148148148145,approached_CE,True,68.5,-46.5
2026-01-06,5,bullish,25618.0,25631.5,25624.75,13.5,6,2026-01-08 10:53:00-05:00,2026-01-08,10,2,25632.0,1.0,filled,True,54.75,-48.25
2026-01-06,5,bullish,25666.25,25706.75,25686.5,40.5,1,2026-01-08 01:04:00-05:00,2026-01-08,1,2,25706.5,0.8827160493827161,filled,False,6.0,-35.5
2026-01-06,5,bullish,25666.25,25706.75,25686.5,40.5,2,2026-01-08 09:34:00-05:00,2026-01-08,9,2,25705.75,1.0,filled,True,32.5,-136.25
2026-01-06,5,bullish,25666.25,25706.75,25686.5,40.5,3,2026-01-08 09:47:00-05:00,2026-01-08,9,2,25672.5,1.0,filled,True,41.0,-103.0
2026-01-06,5,bullish,25666.25,25706.75,25686.5,40.5,4,2026-01-08 09:52:00-05:00,2026-01-08,9,2,25660.0,1.0,filled,True,53.5,-90.5
2026-01-06,5,bullish,25666.25,25706.75,25686.5,40.5,5,2026-01-08 09:54:00-05:00,2026-01-08,9,2,25652.0,1.0,filled,True,61.5,-82.5
2026-01-06,5,bullish,25666.25,25706.75,25686.5,40.5,6,2026-01-08 10:08:00-05:00,2026-01-08,10,2,25671.75,1.0,filled,True,41.75,-61.75
2026-01-06,5,bullish,25719.0,25724.75,25721.875,5.75,1,2026-01-08 01:01:00-05:00,2026-01-08,1,2,25720.5,1.0,filled,True,19.0,-49.5
2026-01-06,5,bullish,25719.0,25724.75,25721.875,5.75,2,2026-01-08 02:15:00-05:00,2026-01-08,2,2,25717.25,1.0,filled,True,87.25,-7.75
2026-01-06,5,bullish,25719.0,25724.75,25721.875,5.75,3,2026-01-08 02:20:00-05:00,2026-01-08,2,2,25719.5,1.0,filled,True,85.0,-10.0
2026-01-06,5,bullish,25719.0,25724.75,25721.875,5.75,4,2026-01-08 09:33:00-05:00,2026-01-08,9,2,25731.75,1.0,filled,True,28.0,-162.25
2026-01-06,5,bullish,25719.0,25724.75,25721.875,5.75,5,2026-01-08 16:39:00-05:00,2026-01-08,16,2,25725.25,1.0,filled,True,16.5,-18.75
2026-01-06,5,bullish,25719.0,25724.75,25721.875,5.75,6,2026-01-08 16:55:00-05:00,2026-01-08,16,2,25717.25,1.0,filled,True,10.75,-10.75
2026-01-07,5,bearish,25776.5,25783.0,25779.75,6.5,1,2026-01-08 00:00:00-05:00,2026-01-08,0,1,25782.0,1.0,filled,True,44.5,-2.5
2026-01-07,5,bearish,25776.5,25783.0,25779.75,6.5,2,2026-01-08 02:23:00-05:00,2026-01-08,2,1,25770.5,1.0,filled,True,61.0,-34.0
2026-01-07,5,bearish,25776.5,25783.0,25779.75,6.5,3,2026-01-08 02:37:00-05:00,2026-01-08,2,1,25778.5,0.46153846153846156,approached_CE,True,30.75,-20.0
2026-01-07,5,bearish,25776.5,25783.0,25779.75,6.5,4,2026-01-08 02:41:00-05:00,2026-01-08,2,1,25776.5,0.23076923076923078,edge_near,True,28.75,-24.5
2026-01-07,5,bearish,25776.5,25783.0,25779.75,6.5,5,2026-01-08 03:13:00-05:00,2026-01-08,3,1,25775.75,0.6153846153846154,through_CE,False,6.0,-27.25
2026-01-07,5,bearish,25776.5,25783.0,25779.75,6.5,6,2026-01-08 03:24:00-05:00,2026-01-08,3,1,25777.0,1.0,filled,True,15.0,-26.0
2026-01-07,5,bullish,25791.5,25797.25,25794.375,5.75,1,2026-01-08 02:24:00-05:00,2026-01-08,2,1,25786.25,1.0,filled,True,18.25,-44.75
2026-01-07,5,bullish,25791.5,25797.25,25794.375,5.75,2,2026-01-08 03:31:00-05:00,2026-01-08,3,1,25785.5,1.0,filled,True,17.5,-23.5
2026-01-07,5,bullish,25791.5,25797.25,25794.375,5.75,3,2026-01-08 03:34:00-05:00,2026-01-08,3,1,25797.25,1.0,filled,False,5.75,-35.25
2026-01-07,5,bullish,25791.5,25797.25,25794.375,5.75,4,2026-01-08 04:03:00-05:00,2026-01-08,4,1,25794.5,1.0,filled,False,1.0,-43.5
2026-01-07,5,bullish,25791.5,25797.25,25794.375,5.75,5,2026-01-08 08:18:00-05:00,2026-01-08,8,1,25799.75,1.0,filled,True,19.0,-18.5
2026-01-07,5,bullish,25791.5,25797.25,25794.375,5.75,6,2026-01-08 08:32:00-05:00,2026-01-08,8,1,25795.25,1.0,filled,True,15.75,-66.25
2026-01-07,5,bullish,25836.0,25840.5,25838.25,4.5,1,2026-01-09 10:27:00-05:00,2026-01-09,10,2,25839.0,1.0,filled,True,62.5,-78.0
2026-01-07,5,bullish,25836.0,25840.5,25838.25,4.5,2,2026-01-09 10:30:00-05:00,2026-01-09,10,2,25847.75,1.0,filled,True,53.75,-86.75
2026-01-07,5,bullish,25836.0,25840.5,25838.25,4.5,3,2026-01-09 10:40:00-05:00,2026-01-09,10,2,25823.5,1.0,filled,True,78.0,-62.5
2026-01-07,5,bullish,25836.0,25840.5,25838.25,4.5,4,2026-01-09 11:02:00-05:00,2026-01-09,11,2,25851.5,1.0,filled,True,69.0,-23.0
2026-01-07,5,bullish,25836.0,25840.5,25838.25,4.5,5,2026-01-11 19:32:00-05:00,2026-01-11,19,4,25846.5,1.0,filled,False,3.5,-113.5
2026-01-07,5,bullish,25836.0,25840.5,25838.25,4.5,6,2026-01-12 09:32:00-05:00,2026-01-12,9,5,25830.5,1.0,filled,True,102.75,-10.75
2026-01-08,5,bearish,25791.25,25793.0,25792.125,1.75,1,2026-01-09 08:35:00-05:00,2026-01-09,8,1,25801.75,1.0,filled,True,153.5,-23.0
2026-01-08,5,bearish,25791.25,25793.0,25792.125,1.75,2,2026-01-09 08:47:00-05:00,2026-01-09,8,1,25792.0,1.0,filled,True,143.75,-32.75
2026-01-08,5,bearish,25791.25,25793.0,25792.125,1.75,3,2026-01-09 09:08:00-05:00,2026-01-09,9,1,25796.5,1.0,filled,True,180.75,-7.0
2026-01-08,5,bearish,25791.25,25793.0,25792.125,1.75,4,2026-01-09 09:11:00-05:00,2026-01-09,9,1,25772.5,1.0,filled,True,156.75,-24.0
2026-01-08,5,bearish,25791.25,25793.0,25792.125,1.75,5,2026-01-09 10:22:00-05:00,2026-01-09,10,1,25804.5,1.0,filled,True,43.5,-97.0
2026-01-08,5,bearish,25791.25,25793.0,25792.125,1.75,6,2026-01-09 10:44:00-05:00,2026-01-09,10,1,25780.75,1.0,filled,True,19.75,-120.75
2026-01-08,5,bearish,25729.75,25774.0,25751.875,44.25,1,2026-01-09 05:02:00-05:00,2026-01-09,5,1,25729.25,0.0,edge_near,True,12.5,-8.5
2026-01-08,5,bearish,25729.75,25774.0,25751.875,44.25,2,2026-01-09 05:18:00-05:00,2026-01-09,5,1,25725.5,0.0,edge_near,False,4.25,-12.25
2026-01-08,5,bearish,25729.75,25774.0,25751.875,44.25,3,2026-01-09 05:21:00-05:00,2026-01-09,5,1,25732.5,0.1807909604519774,edge_near,True,11.25,-5.25
2026-01-08,5,bearish,25729.75,25774.0,25751.875,44.25,4,2026-01-09 05:38:00-05:00,2026-01-09,5,1,25728.25,0.04519774011299435,edge_near,False,7.0,-31.5
2026-01-08,5,bearish,25729.75,25774.0,25751.875,44.25,5,2026-01-09 05:47:00-05:00,2026-01-09,5,1,25729.25,0.13559322033898305,edge_near,False,8.0,-37.75
2026-01-08,5,bearish,25729.75,25774.0,25751.875,44.25,6,2026-01-09 06:05:00-05:00,2026-01-09,6,1,25732.5,0.096045197740113,edge_near,False,8.75,-34.5
2026-01-08,5,bearish,25676.25,25676.5,25676.375,0.25,1,2026-01-09 00:03:00-05:00,2026-01-09,0,1,25676.0,1.0,filled,False,9.25,-26.0
2026-01-08,5,bearish,25676.25,25676.5,25676.375,0.25,2,2026-01-09 00:13:00-05:00,2026-01-09,0,1,25677.25,1.0,filled,True,10.5,-24.75
2026-01-08,5,bearish,25676.25,25676.5,25676.375,0.25,3,2026-01-09 00:21:00-05:00,2026-01-09,0,1,25678.0,1.0,filled,True,11.25,-24.0
2026-01-08,5,bearish,25676.25,25676.5,25676.375,0.25,4,2026-01-09 00:30:00-05:00,2026-01-09,0,1,25678.0,1.0,filled,True,11.25,-24.0
2026-01-08,5,bearish,25676.25,25676.5,25676.375,0.25,5,2026-01-09 00:33:00-05:00,2026-01-09,0,1,25675.75,1.0,filled,False,9.0,-26.25
2026-01-08,5,bearish,25676.25,25676.5,25676.375,0.25,6,2026-01-09 00:42:00-05:00,2026-01-09,0,1,25672.25,1.0,filled,False,5.0,-29.75
2026-01-08,5,bearish,25615.0,25618.5,25616.75,3.5,1,2026-01-09 10:08:00-05:00,2026-01-09,10,1,25638.75,1.0,filled,True,23.0,-240.25
2026-01-08,5,bearish,25615.0,25618.5,25616.75,3.5,2,2026-01-14 09:45:00-05:00,2026-01-14,9,6,25617.0,1.0,filled,True,84.0,-78.0
2026-01-08,5,bearish,25615.0,25618.5,25616.75,3.5,3,2026-01-14 09:53:00-05:00,2026-01-14,9,6,25620.25,1.0,filled,True,150.75,-74.75
2026-01-08,5,bearish,25615.0,25618.5,25616.75,3.5,4,2026-01-14 09:55:00-05:00,2026-01-14,9,6,25622.75,1.0,filled,True,153.25,-72.25
2026-01-08,5,bearish,25615.0,25618.5,25616.75,3.5,5,2026-01-14 10:11:00-05:00,2026-01-14,10,6,25613.0,1.0,filled,True,143.5,-82.0
2026-01-08,5,bearish,25615.0,25618.5,25616.75,3.5,6,2026-01-14 10:29:00-05:00,2026-01-14,10,6,25613.0,1.0,filled,True,143.5,-21.25
2026-01-09,5,bearish,25803.25,25803.5,25803.375,0.25,1,2026-01-11 19:38:00-05:00,2026-01-11,19,2,25783.0,1.0,filled,True,59.5,-51.25
2026-01-09,5,bearish,25803.25,25803.5,25803.375,0.25,2,2026-01-11 19:42:00-05:00,2026-01-11,19,2,25799.25,1.0,filled,True,75.75,-16.5
2026-01-09,5,bearish,25803.25,25803.5,25803.375,0.25,3,2026-01-11 19:46:00-05:00,2026-01-11,19,2,25807.5,1.0,filled,True,84.0,-6.25
2026-01-09,5,bearish,25803.25,25803.5,25803.375,0.25,4,2026-01-11 19:49:00-05:00,2026-01-11,19,2,25804.5,1.0,filled,True,81.0,-6.0
2026-01-09,5,bearish,25803.25,25803.5,25803.375,0.25,5,2026-01-12 09:31:00-05:00,2026-01-12,9,3,25825.5,1.0,filled,True,42.25,-107.75
2026-01-09,5,bearish,25803.25,25803.5,25803.375,0.25,6,2026-01-13 15:33:00-05:00,2026-01-13,15,4,25806.75,1.0,filled,False,3.5,-120.0
2026-01-09,5,bearish,25773.5,25792.5,25783.0,19.0,1,2026-01-11 19:38:00-05:00,2026-01-11,19,2,25783.0,1.0,filled,True,59.5,-51.25
2026-01-09,5,bearish,25773.5,25792.5,25783.0,19.0,2,2026-01-11 19:50:00-05:00,2026-01-11,19,2,25793.5,1.0,filled,True,70.0,-11.25
2026-01-09,5,bearish,25773.5,25792.5,25783.0,19.0,3,2026-01-11 20:45:00-05:00,2026-01-11,20,2,25777.75,0.6052631578947368,through_CE,True,46.75,-7.25
2026-01-09,5,bearish,25773.5,25792.5,25783.0,19.0,4,2026-01-12 09:30:00-05:00,2026-01-12,9,3,25792.5,1.0,filled,True,48.75,-140.75
2026-01-09,5,bearish,25773.5,25792.5,25783.0,19.0,5,2026-01-14 05:21:00-05:00,2026-01-14,5,5,25792.5,1.0,filled,True,81.0,-21.75
2026-01-09,5,bearish,25773.5,25792.5,25783.0,19.0,6,2026-01-14 05:29:00-05:00,2026-01-14,5,5,25770.5,0.07894736842105263,edge_near,True,59.0,-4.5
2026-01-09,5,bearish,25736.5,25752.75,25744.625,16.25,1,2026-01-11 20:24:00-05:00,2026-01-11,20,2,25759.5,1.0,filled,True,36.0,-25.5
2026-01-09,5,bearish,25736.5,25752.75,25744.625,16.25,2,2026-01-11 20:26:00-05:00,2026-01-11,20,2,25750.25,1.0,filled,True,26.75,-34.75
2026-01-09,5,bearish,25736.5,25752.75,25744.625,16.25,3,2026-01-11 20:30:00-05:00,2026-01-11,20,2,25738.5,1.0,filled,True,15.0,-46.5
2026-01-09,5,bearish,25736.5,25752.75,25744.625,16.25,4,2026-01-11 21:09:00-05:00,2026-01-11,21,2,25754.0,1.0,filled,True,23.0,-10.5
2026-01-09,5,bearish,25736.5,25752.75,25744.625,16.25,5,2026-01-11 21:39:00-05:00,2026-01-11,21,2,25753.75,1.0,filled,True,16.0,-10.75
2026-01-09,5,bearish,25736.5,25752.75,25744.625,16.25,6,2026-01-11 21:52:00-05:00,2026-01-11,21,2,25751.75,1.0,filled,True,41.75,-8.75
2026-01-09,5,bullish,25715.25,25730.75,25723.0,15.5,1,2026-01-11 20:35:00-05:00,2026-01-11,20,2,25741.25,0.46774193548387094,approached_CE,True,43.75,-17.75
2026-01-09,5,bullish,25715.25,25730.75,25723.0,15.5,2,2026-01-11 22:47:00-05:00,2026-01-11,22,2,25715.5,1.0,filled,True,24.75,-5.5
2026-01-09,5,bullish,25715.25,25730.75,25723.0,15.5,3,2026-01-11 23:03:00-05:00,2026-01-11,23,2,25726.5,1.0,filled,True,11.75,-11.5
2026-01-09,5,bullish,25715.25,25730.75,25723.0,15.5,4,2026-01-11 23:35:00-05:00,2026-01-11,23,2,25730.5,0.14516129032258066,edge_near,True,12.5,-43.25
2026-01-09,5,bullish,25715.25,25730.75,25723.0,15.5,5,2026-01-11 23:40:00-05:00,2026-01-11,23,2,25732.25,0.03225806451612903,edge_near,True,10.75,-45.0
2026-01-09,5,bullish,25715.25,25730.75,25723.0,15.5,6,2026-01-11 23:43:00-05:00,2026-01-11,23,2,25732.0,0.27419354838709675,approached_CE,True,11.0,-44.75
2026-01-12,5,bullish,25750.75,25844.5,25797.625,93.75,1,2026-01-13 10:21:00-05:00,2026-01-13,10,1,25847.5,0.06933333333333333,edge_near,True,77.0,-41.5
2026-01-12,5,bullish,25750.75,25844.5,25797.625,93.75,2,2026-01-13 10:24:00-05:00,2026-01-13,10,1,25837.5,0.34933333333333333,approached_CE,True,87.0,-31.5
2026-01-12,5,bullish,25750.75,25844.5,25797.625,93.75,3,2026-01-13 10:37:00-05:00,2026-01-13,10,1,25855.25,0.4106666666666667,approached_CE,True,98.0,-49.25
2026-01-12,5,bullish,25750.75,25844.5,25797.625,93.75,4,2026-01-13 13:50:00-05:00,2026-01-13,13,1,25844.0,0.07733333333333334,edge_near,True,29.0,-22.5
2026-01-12,5,bullish,25750.75,25844.5,25797.625,93.75,5,2026-01-13 13:55:00-05:00,2026-01-13,13,1,25838.25,0.24533333333333332,edge_near,True,44.25,-16.75
2026-01-12,5,bullish,25750.75,25844.5,25797.625,93.75,6,2026-01-13 14:24:00-05:00,2026-01-13,14,1,25853.0,0.04533333333333334,edge_near,True,32.5,-19.25
2026-01-12,5,bullish,25875.0,25890.0,25882.5,15.0,1,2026-01-13 00:00:00-05:00,2026-01-13,0,1,25885.0,0.8333333333333334,filled,True,22.5,-7.5
2026-01-12,5,bullish,25875.0,25890.0,25882.5,15.0,2,2026-01-13 00:33:00-05:00,2026-01-13,0,1,25890.0,0.4166666666666667,approached_CE,True,35.25,-6.25
2026-01-12,5,bullish,25875.0,25890.0,25882.5,15.0,3,2026-01-13 04:43:00-05:00,2026-01-13,4,1,25897.5,0.16666666666666666,edge_near,True,18.25,-30.25
2026-01-12,5,bullish,25875.0,25890.0,25882.5,15.0,4,2026-01-13 05:10:00-05:00,2026-01-13,5,1,25891.75,0.25,approached_CE,False,7.0,-24.5
2026-01-12,5,bullish,25875.0,25890.0,25882.5,15.0,5,2026-01-13 05:13:00-05:00,2026-01-13,5,1,25885.5,1.0,filled,True,10.5,-18.25
2026-01-12,5,bullish,25875.0,25890.0,25882.5,15.0,6,2026-01-13 05:41:00-05:00,2026-01-13,5,1,25887.0,0.9833333333333333,filled,False,8.5,-16.25
2026-01-14,5,bearish,25674.25,25688.25,25681.25,14.0,1,2026-01-15 01:15:00-05:00,2026-01-15,1,1,25690.25,1.0,filled,True,46.0,-32.5
2026-01-14,5,bearish,25674.25,25688.25,25681.25,14.0,2,2026-01-15 01:31:00-05:00,2026-01-15,1,1,25691.25,1.0,filled,True,12.75,-31.5
2026-01-14,5,bearish,25674.25,25688.25,25681.25,14.0,3,2026-01-15 01:35:00-05:00,2026-01-15,1,1,25691.0,1.0,filled,True,12.5,-31.75
2026-01-14,5,bearish,25674.25,25688.25,25681.25,14.0,4,2026-01-15 01:37:00-05:00,2026-01-15,1,1,25687.5,1.0,filled,False,9.0,-35.25
2026-01-14,5,bearish,25674.25,25688.25,25681.25,14.0,5,2026-01-15 02:05:00-05:00,2026-01-15,2,1,25688.5,1.0,filled,True,15.0,-14.5
2026-01-14,5,bearish,25674.25,25688.25,25681.25,14.0,6,2026-01-15 02:18:00-05:00,2026-01-15,2,1,25679.0,1.0,filled,False,5.5,-68.5
2026-01-14,5,bearish,25589.5,25610.0,25599.75,20.5,1,2026-01-15 00:04:00-05:00,2026-01-15,0,1,25589.5,1.0,filled,False,2.25,-58.25
2026-01-14,5,bearish,25589.5,25610.0,25599.75,20.5,2,2026-01-15 00:20:00-05:00,2026-01-15,0,1,25612.25,1.0,filled,False,7.75,-102.0
2026-01-14,5,bearish,25589.5,25610.0,25599.75,20.5,3,2026-01-15 00:24:00-05:00,2026-01-15,0,1,25610.25,1.0,filled,False,5.75,-104.5
2026-01-14,5,bearish,25589.5,25610.0,25599.75,20.5,4,2026-01-15 00:35:00-05:00,2026-01-15,0,1,25610.25,1.0,filled,False,1.75,-109.5
2026-01-14,5,bearish,25589.5,25610.0,25599.75,20.5,5,2026-01-16 10:41:00-05:00,2026-01-16,10,2,25606.5,1.0,filled,True,16.25,-131.75
2026-01-14,5,bearish,25589.5,25610.0,25599.75,20.5,6,2026-01-16 10:46:00-05:00,2026-01-16,10,2,25610.75,1.0,filled,True,10.5,-142.5
2026-01-15,5,bullish,25902.0,25906.0,25904.0,4.0,1,2026-01-26 11:27:00-05:00,2026-01-26,11,11,25901.25,1.0,filled,True,31.25,-13.5
2026-01-15,5,bullish,25902.0,25906.0,25904.0,4.0,2,2026-01-26 11:34:00-05:00,2026-01-26,11,11,25903.0,1.0,filled,True,29.5,-15.25
2026-01-15,5,bullish,25902.0,25906.0,25904.0,4.0,3,2026-01-26 11:39:00-05:00,2026-01-26,11,11,25907.0,1.0,filled,True,25.5,-19.25
2026-01-15,5,bullish,25902.0,25906.0,25904.0,4.0,4,2026-01-26 11:46:00-05:00,2026-01-26,11,11,25906.75,1.0,filled,True,25.75,-19.0
2026-01-15,5,bullish,25902.0,25906.0,25904.0,4.0,5,2026-01-26 11:51:00-05:00,2026-01-26,11,11,25905.0,1.0,filled,True,27.5,-23.25
2026-01-15,5,bullish,25902.0,25906.0,25904.0,4.0,6,2026-01-26 12:30:00-05:00,2026-01-26,12,11,25906.75,1.0,filled,True,14.75,-33.5
2026-01-15,5,bullish,25915.25,25922.5,25918.875,7.25,1,2026-01-26 11:31:00-05:00,2026-01-26,11,11,25921.0,1.0,filled,True,11.5,-33.25
2026-01-15,5,bullish,25915.25,25922.5,25918.875,7.25,2,2026-01-26 11:37:00-05:00,2026-01-26,11,11,25915.75,1.0,filled,True,16.75,-28.0
2026-01-15,5,bullish,25915.25,25922.5,25918.875,7.25,3,2026-01-26 12:01:00-05:00,2026-01-26,12,11,25916.5,1.0,filled,True,16.0,-37.75
2026-01-15,5,bullish,25915.25,25922.5,25918.875,7.25,4,2026-01-26 12:08:00-05:00,2026-01-26,12,11,25922.75,1.0,filled,False,5.0,-44.0
2026-01-15,5,bullish,25915.25,25922.5,25918.875,7.25,5,2026-01-26 12:17:00-05:00,2026-01-26,12,11,25918.75,1.0,filled,False,8.75,-45.5
2026-01-15,5,bullish,25915.25,25922.5,25918.875,7.25,6,2026-01-26 12:20:00-05:00,2026-01-26,12,11,25918.0,1.0,filled,False,9.5,-44.75
2026-01-15,5,bearish,25897.0,25922.5,25909.75,25.5,1,2026-01-26 10:55:00-05:00,2026-01-26,10,11,25892.5,0.06862745098039216,edge_near,True,41.75,-35.75
2026-01-15,5,bearish,25897.0,25922.5,25909.75,25.5,2,2026-01-26 11:10:00-05:00,2026-01-26,11,11,25887.0,0.0196078431372549,edge_near,True,36.25,-45.5
2026-01-15,5,bearish,25897.0,25922.5,25909.75,25.5,3,2026-01-26 11:25:00-05:00,2026-01-26,11,11,25889.5,0.11764705882352941,edge_near,False,4.75,-43.0
2026-01-15,5,bearish,25897.0,25922.5,25909.75,25.5,4,2026-01-26 11:27:00-05:00,2026-01-26,11,11,25901.25,1.0,filled,True,13.5,-31.25
2026-01-15,5,bearish,25897.0,25922.5,25909.75,25.5,5,2026-01-26 11:50:00-05:00,2026-01-26,11,11,25894.0,1.0,filled,True,12.25,-38.5
2026-01-15,5,bearish,25897.0,25922.5,25909.75,25.5,6,2026-01-26 12:08:00-05:00,2026-01-26,12,11,25922.75,1.0,filled,True,44.0,-5.0
2026-01-16,5,bullish,25842.0,25842.25,25842.125,0.25,1,2026-01-23 11:03:00-05:00,2026-01-23,11,7,25844.25,1.0,filled,False,1.25,-83.5
2026-01-16,5,bullish,25842.0,25842.25,25842.125,0.25,2,2026-01-26 09:57:00-05:00,2026-01-26,9,10,25849.75,1.0,filled,True,49.0,-46.75
2026-01-16,5,bullish,25842.0,25842.25,25842.125,0.25,3,2026-01-26 10:14:00-05:00,2026-01-26,10,10,25839.25,1.0,filled,True,59.5,-10.25
2026-01-16,5,bullish,25842.0,25842.25,25842.125,0.25,4,2026-01-26 10:28:00-05:00,2026-01-26,10,10,25842.25,1.0,filled,True,67.25,-9.25
2026-01-16,5,bullish,25842.0,25842.25,25842.125,0.25,5,2026-01-26 10:42:00-05:00,2026-01-26,10,10,25850.5,1.0,filled,True,77.75,-17.5
2026-01-16,5,bullish,25842.0,25842.25,25842.125,0.25,6,2026-01-26 15:56:00-05:00,2026-01-26,15,10,25846.5,1.0,filled,True,24.5,-12.75
2026-01-16,5,bearish,25787.25,25807.0,25797.125,19.75,1,2026-01-23 10:47:00-05:00,2026-01-23,10,7,25788.25,1.0,filled,True,27.5,-57.25
2026-01-16,5,bearish,25787.25,25807.0,25797.125,19.75,2,2026-01-23 11:07:00-05:00,2026-01-23,11,7,25807.25,1.0,filled,True,46.5,-25.0
2026-01-16,5,bearish,25787.25,25807.0,25797.125,19.75,3,2026-01-23 11:24:00-05:00,2026-01-23,11,7,25816.0,1.0,filled,True,55.25,-12.5
2026-01-16,5,bearish,25787.25,25807.0,25797.125,19.75,4,2026-01-23 11:26:00-05:00,2026-01-23,11,7,25809.0,1.0,filled,True,48.25,-19.5
2026-01-16,5,bearish,25787.25,25807.0,25797.125,19.75,5,2026-01-23 11:36:00-05:00,2026-01-23,11,7,25790.0,1.0,filled,True,24.0,-38.5
2026-01-16,5,bearish,25787.25,25807.0,25797.125,19.75,6,2026-01-23 11:43:00-05:00,2026-01-23,11,7,25809.0,1.0,filled,True,86.75,-19.5
2026-01-16,5,bearish,25753.0,25775.0,25764.0,22.0,1,2026-01-23 10:22:00-05:00,2026-01-23,10,7,25750.25,0.5340909090909091,through_CE,True,27.75,-95.25
2026-01-16,5,bearish,25753.0,25775.0,25764.0,22.0,2,2026-01-23 10:30:00-05:00,2026-01-23,10,7,25754.5,1.0,filled,False,9.75,-91.0
2026-01-16,5,bearish,25753.0,25775.0,25764.0,22.0,3,2026-01-23 10:44:00-05:00,2026-01-23,10,7,25781.25,1.0,filled,True,20.5,-64.25
2026-01-16,5,bearish,25753.0,25775.0,25764.0,22.0,4,2026-01-23 11:32:00-05:00,2026-01-23,11,7,25767.0,1.0,filled,False,6.25,-61.5
2026-01-16,5,bearish,25753.0,25775.0,25764.0,22.0,5,2026-01-23 12:00:00-05:00,2026-01-23,12,7,25772.5,1.0,filled,True,89.75,-35.75
2026-01-16,5,bearish,25753.0,25775.0,25764.0,22.0,6,2026-01-23 12:34:00-05:00,2026-01-23,12,7,25777.25,1.0,filled,True,94.5,-12.5
2026-01-19,5,bearish,25299.5,25305.0,25302.25,5.5,1,2026-01-20 01:28:00-05:00,2026-01-20,1,1,25302.75,1.0,filled,True,46.25,-17.75
2026-01-19,5,bearish,25299.5,25305.0,25302.25,5.5,2,2026-01-20 01:56:00-05:00,2026-01-20,1,1,25299.25,1.0,filled,True,42.75,-21.25
2026-01-19,5,bearish,25299.5,25305.0,25302.25,5.5,3,2026-01-20 02:05:00-05:00,2026-01-20,2,1,25299.25,1.0,filled,True,58.75,-19.5
2026-01-19,5,bearish,25299.5,25305.0,25302.25,5.5,4,2026-01-20 02:08:00-05:00,2026-01-20,2,1,25306.75,1.0,filled,True,79.0,-12.0
2026-01-19,5,bearish,25299.5,25305.0,25302.25,5.5,5,2026-01-20 02:11:00-05:00,2026-01-20,2,1,25301.0,1.0,filled,True,73.25,-10.25
2026-01-19,5,bearish,25299.5,25305.0,25302.25,5.5,6,2026-01-20 02:28:00-05:00,2026-01-20,2,1,25301.0,0.36363636363636365,approached_CE,True,76.0,-0.5
2026-01-19,5,bearish,25267.0,25281.5,25274.25,14.5,1,2026-01-20 01:32:00-05:00,2026-01-20,1,1,25281.75,1.0,filled,True,25.25,-38.75
2026-01-19,5,bearish,25267.0,25281.5,25274.25,14.5,2,2026-01-20 01:39:00-05:00,2026-01-20,1,1,25284.75,1.0,filled,True,28.25,-35.75
2026-01-19,5,bearish,25267.0,25281.5,25274.25,14.5,3,2026-01-20 01:46:00-05:00,2026-01-20,1,1,25276.25,1.0,filled,True,19.75,-44.25
2026-01-19,5,bearish,25267.0,25281.5,25274.25,14.5,4,2026-01-20 02:17:00-05:00,2026-01-20,2,1,25278.75,1.0,filled,True,51.0,-22.75
2026-01-19,5,bearish,25267.0,25281.5,25274.25,14.5,5,2026-01-20 02:27:00-05:00,2026-01-20,2,1,25287.5,1.0,filled,True,62.5,-14.0
2026-01-19,5,bearish,25267.0,25281.5,25274.25,14.5,6,2026-01-20 02:34:00-05:00,2026-01-20,2,1,25282.0,1.0,filled,True,75.0,-12.75
2026-01-19,5,bullish,25266.0,25286.75,25276.375,20.75,1,2026-01-20 01:32:00-05:00,2026-01-20,1,1,25281.75,0.8313253012048193,filled,True,38.75,-25.25
2026-01-19,5,bullish,25266.0,25286.75,25276.375,20.75,2,2026-01-20 01:46:00-05:00,2026-01-20,1,1,25276.25,1.0,filled,True,44.25,-19.75
2026-01-19,5,bullish,25266.0,25286.75,25276.375,20.75,3,2026-01-20 02:15:00-05:00,2026-01-20,2,1,25289.75,1.0,filled,True,11.75,-62.0
2026-01-19,5,bullish,25266.0,25286.75,25276.375,20.75,4,2026-01-20 02:30:00-05:00,2026-01-20,2,1,25290.5,0.1566265060240964,edge_near,True,10.75,-72.25
2026-01-19,5,bullish,25266.0,25286.75,25276.375,20.75,5,2026-01-20 02:33:00-05:00,2026-01-20,2,1,25287.25,1.0,filled,True,13.5,-80.25
2026-01-19,5,bullish,25266.0,25286.75,25276.375,20.75,6,2026-01-20 03:10:00-05:00,2026-01-20,3,1,25269.5,1.0,filled,False,9.5,-102.75
2026-01-19,5,bullish,25291.75,25311.75,25301.75,20.0,1,2026-01-20 01:26:00-05:00,2026-01-20,1,1,25312.75,1.0,filled,False,7.75,-56.25
2026-01-19,5,bullish,25291.75,25311.75,25301.75,20.0,2,2026-01-20 01:37:00-05:00,2026-01-20,1,1,25295.75,1.0,filled,True,24.75,-39.25
2026-01-19,5,bullish,25291.75,25311.75,25301.75,20.0,3,2026-01-20 01:41:00-05:00,2026-01-20,1,1,25289.5,1.0,filled,True,31.0,-33.0
2026-01-19,5,bullish,25291.75,25311.75,25301.75,20.0,4,2026-01-20 01:43:00-05:00,2026-01-20,1,1,25292.75,1.0,filled,True,27.75,-36.25
2026-01-19,5,bullish,25291.75,25311.75,25301.75,20.0,5,2026-01-20 01:52:00-05:00,2026-01-20,1,1,25291.25,1.0,filled,True,29.25,-34.75
2026-01-19,5,bullish,25291.75,25311.75,25301.75,20.0,6,2026-01-20 02:22:00-05:00,2026-01-20,2,1,25291.25,1.0,filled,True,10.25,-66.25
2026-01-20,5,bullish,25224.5,25232.5,25228.5,8.0,1,2026-01-21 00:40:00-05:00,2026-01-21,0,1,25225.0,1.0,filled,False,9.5,-16.25
2026-01-20,5,bullish,25224.5,25232.5,25228.5,8.0,2,2026-01-21 00:43:00-05:00,2026-01-21,0,1,25224.5,1.0,filled,True,10.0,-15.75
2026-01-20,5,bullish,25224.5,25232.5,25228.5,8.0,3,2026-01-21 01:09:00-05:00,2026-01-21,1,1,25221.75,1.0,filled,True,12.75,-30.0
2026-01-20,5,bullish,25224.5,25232.5,25228.5,8.0,4,2026-01-21 01:19:00-05:00,2026-01-21,1,1,25225.75,1.0,filled,True,19.25,-34.0
2026-01-20,5,bullish,25224.5,25232.5,25228.5,8.0,5,2026-01-21 01:31:00-05:00,2026-01-21,1,1,25223.25,1.0,filled,True,23.5,-31.5
2026-01-20,5,bullish,25224.5,25232.5,25228.5,8.0,6,2026-01-21 02:11:00-05:00,2026-01-21,2,1,25224.25,1.0,filled,True,22.5,-24.75
2026-01-20,5,bullish,25253.5,25276.0,25264.75,22.5,1,2026-01-21 09:25:00-05:00,2026-01-21,9,1,25252.25,1.0,filled,True,124.75,-123.75
2026-01-20,5,bullish,25253.5,25276.0,25264.75,22.5,2,2026-01-21 09:50:00-05:00,2026-01-21,9,1,25248.5,1.0,filled,True,231.5,-20.0
2026-01-20,5,bullish,25253.5,25276.0,25264.75,22.5,3,2026-01-21 11:46:00-05:00,2026-01-21,11,1,25283.5,0.32222222222222224,approached_CE,True,26.5,-140.75
2026-01-20,5,bullish,25253.5,25276.0,25264.75,22.5,4,2026-01-21 11:51:00-05:00,2026-01-21,11,1,25258.5,1.0,filled,True,37.0,-115.75
2026-01-20,5,bullish,25253.5,25276.0,25264.75,22.5,5,2026-01-21 12:01:00-05:00,2026-01-21,12,1,25257.25,1.0,filled,False,5.5,-114.5
2026-01-20,5,bullish,25253.5,25276.0,25264.75,22.5,6,2026-01-21 12:58:00-05:00,2026-01-21,12,1,25256.25,1.0,filled,True,38.5,-105.0
2026-01-21,5,bullish,25162.75,25181.0,25171.875,18.25,1,2026-02-02 01:38:00-05:00,2026-02-02,1,12,25192.75,0.0410958904109589,edge_near,True,119.25,-12.5
2026-01-21,5,bullish,25162.75,25181.0,25171.875,18.25,2,2026-02-04 10:00:00-05:00,2026-02-04,10,14,25153.0,1.0,filled,True,152.75,-45.25
2026-01-21,5,bullish,25162.75,25181.0,25171.875,18.25,3,2026-02-04 10:03:00-05:00,2026-02-04,10,14,25158.75,1.0,filled,True,147.0,-83.75
2026-01-21,5,bullish,25162.75,25181.0,25171.875,18.25,4,2026-02-04 10:18:00-05:00,2026-02-04,10,14,25208.0,0.0547945205479452,edge_near,True,97.75,-155.75
2026-01-21,5,bullish,25162.75,25181.0,25171.875,18.25,5,2026-02-04 10:34:00-05:00,2026-02-04,10,14,25175.25,1.0,filled,True,95.75,-133.5
2026-01-21,5,bullish,25162.75,25181.0,25171.875,18.25,6,2026-02-04 10:38:00-05:00,2026-02-04,10,14,25227.75,1.0,filled,True,43.25,-187.5
2026-01-21,5,bullish,25206.25,25228.5,25217.375,22.25,1,2026-02-01 23:05:00-05:00,2026-02-01,23,11,25232.75,0.5393258426966292,through_CE,True,143.25,-16.25
2026-01-21,5,bullish,25206.25,25228.5,25217.375,22.25,2,2026-02-01 23:11:00-05:00,2026-02-01,23,11,25228.5,0.48314606741573035,approached_CE,True,147.5,-10.75
2026-01-21,5,bullish,25206.25,25228.5,25217.375,22.25,3,2026-02-02 01:08:00-05:00,2026-02-02,1,12,25227.0,1.0,filled,True,58.75,-46.75
2026-01-21,5,bullish,25206.25,25228.5,25217.375,22.25,4,2026-02-02 01:19:00-05:00,2026-02-02,1,12,25218.5,1.0,filled,True,88.5,-38.25
2026-01-21,5,bullish,25206.25,25228.5,25217.375,22.25,5,2026-02-02 01:32:00-05:00,2026-02-02,1,12,25222.75,1.0,filled,True,88.5,-42.5
2026-01-21,5,bullish,25206.25,25228.5,25217.375,22.25,6,2026-02-02 01:40:00-05:00,2026-02-02,1,12,25212.5,1.0,filled,True,110.0,-26.25
2026-01-21,5,bullish,25244.25,25276.0,25260.125,31.75,1,2026-02-01 22:57:00-05:00,2026-02-01,22,11,25271.75,1.0,filled,True,104.25,-55.25
2026-01-21,5,bullish,25244.25,25276.0,25260.125,31.75,2,2026-02-01 23:06:00-05:00,2026-02-01,23,11,25238.25,1.0,filled,True,137.75,-21.75
2026-01-21,5,bullish,25244.25,25276.0,25260.125,31.75,3,2026-02-01 23:13:00-05:00,2026-02-01,23,11,25245.75,1.0,filled,True,130.25,-14.0
2026-01-21,5,bullish,25244.25,25276.0,25260.125,31.75,4,2026-02-02 00:26:00-05:00,2026-02-02,0,12,25272.5,1.0,filled,True,21.0,-86.5
2026-01-21,5,bullish,25244.25,25276.0,25260.125,31.75,5,2026-02-02 00:49:00-05:00,2026-02-02,0,12,25262.0,1.0,filled,True,21.25,-81.75
2026-01-21,5,bullish,25244.25,25276.0,25260.125,31.75,6,2026-02-02 01:28:00-05:00,2026-02-02,1,12,25244.0,1.0,filled,True,63.0,-63.75
2026-01-21,5,bullish,25290.0,25313.5,25301.75,23.5,1,2026-02-01 22:33:00-05:00,2026-02-01,22,11,25329.75,0.14893617021276595,edge_near,False,9.75,-113.25
2026-01-21,5,bullish,25290.0,25313.5,25301.75,23.5,2,2026-02-01 22:35:00-05:00,2026-02-01,22,11,25308.5,1.0,filled,True,26.75,-92.0
2026-01-21,5,bullish,25290.0,25313.5,25301.75,23.5,3,2026-02-01 23:16:00-05:00,2026-02-01,23,11,25292.25,1.0,filled,True,83.75,-29.75
2026-01-21,5,bullish,25290.0,25313.5,25301.75,23.5,4,2026-02-02 00:08:00-05:00,2026-02-02,0,12,25313.75,1.0,filled,True,11.25,-90.25
2026-01-21,5,bullish,25290.0,25313.5,25301.75,23.5,5,2026-02-02 02:09:00-05:00,2026-02-02,2,12,25304.25,1.0,filled,True,90.0,-49.5
2026-01-21,5,bullish,25290.0,25313.5,25301.75,23.5,6,2026-02-02 02:20:00-05:00,2026-02-02,2,12,25293.5,1.0,filled,True,100.75,-17.25
2026-01-22,5,bearish,25716.0,25718.75,25717.375,2.75,1,2026-01-23 01:00:00-05:00,2026-01-23,1,1,25717.75,1.0,filled,True,17.0,-14.0
2026-01-22,5,bearish,25716.0,25718.75,25717.375,2.75,2,2026-01-23 01:09:00-05:00,2026-01-23,1,1,25719.25,1.0,filled,True,23.0,-12.5
2026-01-22,5,bearish,25716.0,25718.75,25717.375,2.75,3,2026-01-23 01:15:00-05:00,2026-01-23,1,1,25718.75,1.0,filled,True,22.5,-13.0
2026-01-22,5,bearish,25716.0,25718.75,25717.375,2.75,4,2026-01-23 01:28:00-05:00,2026-01-23,1,1,25721.25,1.0,filled,True,25.0,-7.0
2026-01-22,5,bearish,25716.0,25718.75,25717.375,2.75,5,2026-01-23 01:35:00-05:00,2026-01-23,1,1,25710.0,1.0,filled,True,13.75,-15.0
2026-01-22,5,bearish,25716.0,25718.75,25717.375,2.75,6,2026-01-23 02:19:00-05:00,2026-01-23,2,1,25718.0,1.0,filled,True,67.25,-7.0
2026-01-22,5,bearish,25694.5,25715.5,25705.0,21.0,1,2026-01-23 00:00:00-05:00,2026-01-23,0,1,25703.5,1.0,filled,True,10.0,-16.0
2026-01-22,5,bearish,25694.5,25715.5,25705.0,21.0,2,2026-01-23 01:11:00-05:00,2026-01-23,1,1,25715.75,1.0,filled,True,19.5,-16.0
2026-01-22,5,bearish,25694.5,25715.5,25705.0,21.0,3,2026-01-23 01:35:00-05:00,2026-01-23,1,1,25710.0,1.0,filled,True,13.75,-15.0
2026-01-22,5,bearish,25694.5,25715.5,25705.0,21.0,4,2026-01-23 02:30:00-05:00,2026-01-23,2,1,25713.0,1.0,filled,True,93.75,-5.75
2026-01-22,5,bearish,25694.5,25715.5,25705.0,21.0,5,2026-01-23 02:50:00-05:00,2026-01-23,2,1,25693.75,0.16666666666666666,edge_near,True,90.25,-4.25
2026-01-22,5,bearish,25694.5,25715.5,25705.0,21.0,6,2026-01-23 02:56:00-05:00,2026-01-23,2,1,25690.5,0.0,edge_near,True,110.0,-4.0
2026-01-23,5,bullish,25632.0,25662.5,25647.25,30.5,1,2026-01-25 20:04:00-05:00,2026-01-25,20,2,25636.5,1.0,filled,True,32.75,-33.25
2026-01-23,5,bullish,25632.0,25662.5,25647.25,30.5,2,2026-01-25 20:21:00-05:00,2026-01-25,20,2,25644.0,1.0,filled,True,25.25,-18.25
2026-01-23,5,bullish,25632.0,25662.5,25647.25,30.5,3,2026-01-25 22:02:00-05:00,2026-01-25,22,2,25624.75,1.0,filled,True,33.0,-24.75
2026-01-23,5,bullish,25632.0,25662.5,25647.25,30.5,4,2026-01-25 22:04:00-05:00,2026-01-25,22,2,25636.5,1.0,filled,True,21.25,-36.5
2026-01-23,5,bullish,25632.0,25662.5,25647.25,30.5,5,2026-01-25 22:23:00-05:00,2026-01-25,22,2,25627.75,1.0,filled,True,20.75,-27.75
2026-01-23,5,bullish,25632.0,25662.5,25647.25,30.5,6,2026-01-25 22:54:00-05:00,2026-01-25,22,2,25630.75,1.0,filled,True,28.5,-8.5
2026-01-26,5,bullish,25722.75,25723.75,25723.25,1.0,1,2026-01-29 10:14:00-05:00,2026-01-29,10,3,25721.0,1.0,filled,True,101.0,-185.0
2026-01-26,5,bullish,25722.75,25723.75,25723.25,1.0,2,2026-01-29 10:30:00-05:00,2026-01-29,10,3,25733.75,1.0,filled,True,19.75,-197.75
2026-01-26,5,bullish,25722.75,25723.75,25723.25,1.0,3,2026-01-29 11:43:00-05:00,2026-01-29,11,3,25715.25,1.0,filled,True,163.5,-30.75
2026-01-26,5,bullish,25722.75,25723.75,25723.25,1.0,4,2026-01-29 11:46:00-05:00,2026-01-29,11,3,25722.0,1.0,filled,True,156.75,-37.5
2026-01-26,5,bullish,25722.75,25723.75,25723.25,1.0,5,2026-01-29 12:00:00-05:00,2026-01-29,12,3,25727.25,1.0,filled,True,151.5,-18.75
2026-01-26,5,bullish,25722.75,25723.75,25723.25,1.0,6,2026-01-30 02:42:00-05:00,2026-01-30,2,4,25709.25,1.0,filled,True,61.0,-27.5
2026-01-26,5,bullish,25749.75,25767.5,25758.625,17.75,1,2026-01-29 10:03:00-05:00,2026-01-29,10,3,25764.0,0.8028169014084507,filled,True,62.0,-228.0
2026-01-26,5,bullish,25749.75,25767.5,25758.625,17.75,2,2026-01-29 10:10:00-05:00,2026-01-29,10,3,25793.75,0.29577464788732394,approached_CE,True,32.25,-257.75
2026-01-26,5,bullish,25749.75,25767.5,25758.625,17.75,3,2026-01-29 10:13:00-05:00,2026-01-29,10,3,25760.25,1.0,filled,True,61.75,-224.25
2026-01-26,5,bullish,25749.75,25767.5,25758.625,17.75,4,2026-01-29 10:27:00-05:00,2026-01-29,10,3,25762.25,1.0,filled,True,35.75,-226.25
2026-01-26,5,bullish,25749.75,25767.5,25758.625,17.75,5,2026-01-29 10:30:00-05:00,2026-01-29,10,3,25733.75,1.0,filled,True,19.75,-197.75
2026-01-26,5,bullish,25749.75,25767.5,25758.625,17.75,6,2026-01-29 12:02:00-05:00,2026-01-29,12,3,25749.0,1.0,filled,True,129.75,-17.0
2026-01-26,5,bullish,25798.0,25800.75,25799.375,2.75,1,2026-01-29 10:00:00-05:00,2026-01-29,10,3,25808.75,1.0,filled,True,59.75,-272.75
2026-01-26,5,bullish,25798.0,25800.75,25799.375,2.75,2,2026-01-29 10:11:00-05:00,2026-01-29,10,3,25824.0,1.0,filled,False,2.0,-288.0
2026-01-26,5,bullish,25798.0,25800.75,25799.375,2.75,3,2026-01-29 10:20:00-05:00,2026-01-29,10,3,25806.75,1.0,filled,True,15.25,-270.75
2026-01-26,5,bullish,25798.0,25800.75,25799.375,2.75,4,2026-01-29 12:13:00-05:00,2026-01-29,12,3,25795.75,1.0,filled,True,83.0,-46.5
2026-01-26,5,bullish,25798.0,25800.75,25799.375,2.75,5,2026-01-29 12:47:00-05:00,2026-01-29,12,3,25790.75,1.0,filled,True,99.5,-41.5
2026-01-26,5,bullish,25798.0,25800.75,25799.375,2.75,6,2026-01-29 13:03:00-05:00,2026-01-29,13,3,25805.75,1.0,filled,True,84.5,-21.75
2026-01-27,5,bearish,25972.0,25979.0,25975.5,7.0,1,2026-01-29 09:42:00-05:00,2026-01-29,9,2,25988.75,1.0,filled,True,370.5,-23.5
2026-01-27,5,bearish,25972.0,25979.0,25975.5,7.0,2,2026-01-29 09:47:00-05:00,2026-01-29,9,2,25972.75,1.0,filled,True,363.75,-35.25
2026-01-27,5,bearish,25972.0,25979.0,25975.5,7.0,3,2026-01-29 15:53:00-05:00,2026-01-29,15,2,25971.75,1.0,filled,True,23.75,-68.5
2026-01-27,5,bearish,25972.0,25979.0,25975.5,7.0,4,2026-01-29 16:05:00-05:00,2026-01-29,16,2,25978.5,1.0,filled,True,30.5,-61.75
2026-01-27,5,bearish,25972.0,25979.0,25975.5,7.0,5,2026-01-29 16:14:00-05:00,2026-01-29,16,2,25983.25,1.0,filled,True,35.25,-57.0
2026-01-27,5,bearish,25972.0,25979.0,25975.5,7.0,6,2026-01-29 16:17:00-05:00,2026-01-29,16,2,25979.0,1.0,filled,True,31.0,-61.25
2026-01-27,5,bullish,25990.5,26036.0,26013.25,45.5,1,2026-01-28 16:02:00-05:00,2026-01-28,16,1,26025.75,0.8736263736263736,filled,True,262.0,-29.5
2026-01-27,5,bullish,25990.5,26036.0,26013.25,45.5,2,2026-01-29 09:36:00-05:00,2026-01-29,9,2,26031.25,1.0,filled,True,37.5,-368.5
2026-01-27,5,bullish,25990.5,26036.0,26013.25,45.5,3,2026-01-29 09:48:00-05:00,2026-01-29,9,2,26005.25,1.0,filled,False,2.75,-396.25
2026-01-27,5,bullish,25990.5,26036.0,26013.25,45.5,4,2026-01-29 15:55:00-05:00,2026-01-29,15,2,25999.0,1.0,filled,True,41.25,-51.0
2026-01-27,5,bullish,25990.5,26036.0,26013.25,45.5,5,2026-01-29 16:08:00-05:00,2026-01-29,16,2,25997.75,1.0,filled,True,42.5,-49.75
2026-01-27,5,bullish,25990.5,26036.0,26013.25,45.5,6,2026-01-29 16:29:00-05:00,2026-01-29,16,2,25987.0,1.0,filled,True,53.25,-39.0
2026-01-28,5,bearish,26257.5,26264.25,26260.875,6.75,1,2026-01-29 01:07:00-05:00,2026-01-29,1,1,26255.0,0.18518518518518517,edge_near,True,23.5,-13.5
2026-01-28,5,bearish,26257.5,26264.25,26260.875,6.75,2,2026-01-29 01:09:00-05:00,2026-01-29,1,1,26257.75,1.0,filled,True,26.25,-10.75
2026-01-28,5,bearish,26257.5,26264.25,26260.875,6.75,3,2026-01-29 01:27:00-05:00,2026-01-29,1,1,26259.0,0.2962962962962963,approached_CE,True,27.5,-3.75
2026-01-28,5,bearish,26257.5,26264.25,26260.875,6.75,4,2026-01-29 01:30:00-05:00,2026-01-29,1,1,26257.75,0.7777777777777778,filled,True,26.25,-5.0
2026-01-28,5,bearish,26257.5,26264.25,26260.875,6.75,5,2026-01-29 02:00:00-05:00,2026-01-29,2,1,26255.25,0.14814814814814814,edge_near,True,23.75,-21.5
2026-01-28,5,bearish,26257.5,26264.25,26260.875,6.75,6,2026-01-29 02:34:00-05:00,2026-01-29,2,1,26261.25,1.0,filled,True,34.5,-19.5
2026-01-29,5,bearish,25868.5,25904.0,25886.25,35.5,1,2026-01-30 00:01:00-05:00,2026-01-30,0,1,25868.75,0.5140845070422535,through_CE,True,39.75,-18.0
2026-01-29,5,bearish,25868.5,25904.0,25886.25,35.5,2,2026-01-30 00:15:00-05:00,2026-01-30,0,1,25866.75,0.07746478873239436,edge_near,True,65.75,-7.0
2026-01-29,5,bearish,25868.5,25904.0,25886.25,35.5,3,2026-01-30 00:20:00-05:00,2026-01-30,0,1,25870.0,0.13380281690140844,edge_near,True,89.25,-3.75
2026-01-29,5,bearish,25868.5,25904.0,25886.25,35.5,4,2026-01-30 00:27:00-05:00,2026-01-30,0,1,25871.0,0.14788732394366197,edge_near,True,102.25,-2.75
2026-01-29,5,bearish,25868.5,25904.0,25886.25,35.5,5,2026-01-30 06:54:00-05:00,2026-01-30,6,1,25870.75,1.0,filled,True,49.5,-34.25
2026-01-29,5,bearish,25868.5,25904.0,25886.25,35.5,6,2026-01-30 07:47:00-05:00,2026-01-30,7,1,25869.5,0.06338028169014084,edge_near,True,93.0,-17.25
2026-02-02,5,bullish,25539.25,25540.25,25539.75,1.0,1,2026-02-03 10:13:00-05:00,2026-02-03,10,1,25541.25,1.0,filled,True,90.5,-71.0
2026-02-02,5,bullish,25539.25,25540.25,25539.75,1.0,2,2026-02-03 10:23:00-05:00,2026-02-03,10,1,25523.75,1.0,filled,True,108.0,-53.5
2026-02-02,5,bullish,25539.25,25540.25,25539.75,1.0,3,2026-02-03 10:26:00-05:00,2026-02-03,10,1,25549.0,1.0,filled,True,82.75,-67.75
2026-02-02,5,bullish,25539.25,25540.25,25539.75,1.0,4,2026-02-03 10:29:00-05:00,2026-02-03,10,1,25547.0,1.0,filled,True,84.75,-65.75
2026-02-02,5,bullish,25539.25,25540.25,25539.75,1.0,5,2026-02-03 10:38:00-05:00,2026-02-03,10,1,25542.75,1.0,filled,True,89.0,-64.25
2026-02-02,5,bullish,25539.25,25540.25,25539.75,1.0,6,2026-02-03 10:47:00-05:00,2026-02-03,10,1,25565.25,1.0,filled,True,66.5,-86.75
2026-02-02,5,bullish,25549.25,25619.0,25584.125,69.75,1,2026-02-03 10:00:00-05:00,2026-02-03,10,1,25610.25,1.0,filled,True,37.0,-140.0
2026-02-02,5,bullish,25549.25,25619.0,25584.125,69.75,2,2026-02-03 10:26:00-05:00,2026-02-03,10,1,25549.0,1.0,filled,True,82.75,-67.75
2026-02-02,5,bullish,25549.25,25619.0,25584.125,69.75,3,2026-02-03 10:32:00-05:00,2026-02-03,10,1,25558.75,1.0,filled,True,73.0,-77.5
2026-02-02,5,bullish,25549.25,25619.0,25584.125,69.75,4,2026-02-03 10:40:00-05:00,2026-02-03,10,1,25547.5,1.0,filled,True,84.25,-69.0
2026-02-02,5,bullish,25549.25,25619.0,25584.125,69.75,5,2026-02-03 10:47:00-05:00,2026-02-03,10,1,25565.25,1.0,filled,True,66.5,-86.75
2026-02-02,5,bullish,25668.75,25682.25,25675.5,13.5,1,2026-02-03 09:56:00-05:00,2026-02-03,9,1,25674.5,1.0,filled,True,31.0,-204.25
2026-02-02,5,bullish,25734.0,25743.5,25738.75,9.5,1,2026-02-03 09:43:00-05:00,2026-02-03,9,1,25747.5,1.0,filled,True,64.0,-277.25
2026-02-02,5,bullish,25734.0,25743.5,25738.75,9.5,2,2026-02-03 09:54:00-05:00,2026-02-03,9,1,25720.0,1.0,filled,True,55.0,-249.75
2026-02-04,5,bearish,25346.25,25355.75,25351.0,9.5,1,2026-02-08 19:21:00-05:00,2026-02-08,19,4,25341.75,0.07894736842105263,edge_near,True,107.25,-5.25
2026-02-04,5,bearish,25346.25,25355.75,25351.0,9.5,2,2026-02-09 11:26:00-05:00,2026-02-09,11,5,25344.5,1.0,filled,True,13.5,-72.25
2026-02-04,5,bearish,25346.25,25355.75,25351.0,9.5,3,2026-02-09 11:33:00-05:00,2026-02-09,11,5,25349.5,1.0,filled,False,9.75,-67.25
2026-02-04,5,bearish,25346.25,25355.75,25351.0,9.5,4,2026-02-09 12:58:00-05:00,2026-02-09,12,5,25354.0,1.0,filled,True,42.5,-35.0
2026-02-04,5,bearish,25346.25,25355.75,25351.0,9.5,5,2026-02-09 13:05:00-05:00,2026-02-09,13,5,25362.0,1.0,filled,True,50.5,-35.25
2026-02-04,5,bearish,25346.25,25355.75,25351.0,9.5,6,2026-02-09 13:21:00-05:00,2026-02-09,13,5,25329.0,1.0,filled,True,17.5,-76.75
2026-02-04,5,bullish,25352.5,25355.75,25354.125,3.25,1,2026-02-09 11:27:00-05:00,2026-02-09,11,5,25350.5,1.0,filled,True,66.25,-10.75
2026-02-04,5,bullish,25352.5,25355.75,25354.125,3.25,2,2026-02-09 11:33:00-05:00,2026-02-09,11,5,25349.5,1.0,filled,True,67.25,-9.75
2026-02-04,5,bullish,25352.5,25355.75,25354.125,3.25,3,2026-02-09 11:39:00-05:00,2026-02-09,11,5,25351.75,1.0,filled,True,65.0,-7.5
2026-02-04,5,bullish,25352.5,25355.75,25354.125,3.25,4,2026-02-09 12:58:00-05:00,2026-02-09,12,5,25354.0,1.0,filled,True,35.0,-42.5
2026-02-04,5,bullish,25352.5,25355.75,25354.125,3.25,5,2026-02-09 13:05:00-05:00,2026-02-09,13,5,25362.0,0.23076923076923078,edge_near,True,35.25,-50.5
2026-02-04,5,bullish,25352.5,25355.75,25354.125,3.25,6,2026-02-09 13:21:00-05:00,2026-02-09,13,5,25329.0,1.0,filled,True,76.75,-17.5
2026-02-04,5,bearish,25197.0,25243.25,25220.125,46.25,1,2026-02-06 15:51:00-05:00,2026-02-06,15,2,25216.5,0.5297297297297298,through_CE,True,127.25,-5.0
2026-02-04,5,bearish,25197.0,25243.25,25220.125,46.25,2,2026-02-08 18:00:00-05:00,2026-02-08,18,4,25182.0,1.0,filled,True,34.0,-124.25
2026-02-04,5,bearish,25197.0,25243.25,25220.125,46.25,3,2026-02-08 18:26:00-05:00,2026-02-08,18,4,25243.5,1.0,filled,True,20.0,-103.5
2026-02-04,5,bearish,25197.0,25243.25,25220.125,46.25,4,2026-02-08 20:06:00-05:00,2026-02-08,20,4,25245.75,1.0,filled,True,49.5,-20.0
2026-02-04,5,bearish,25197.0,25243.25,25220.125,46.25,5,2026-02-08 20:14:00-05:00,2026-02-08,20,4,25244.25,1.0,filled,True,48.0,-19.0
2026-02-04,5,bearish,25197.0,25243.25,25220.125,46.25,6,2026-02-08 20:23:00-05:00,2026-02-08,20,4,25243.0,1.0,filled,True,46.75,-20.25
2026-02-05,5,bearish,24779.5,24790.25,24784.875,10.75,1,2026-02-06 04:34:00-05:00,2026-02-06,4,1,24772.25,0.0,edge_near,True,61.0,-11.0
2026-02-05,5,bearish,24779.5,24790.25,24784.875,10.75,2,2026-02-06 04:36:00-05:00,2026-02-06,4,1,24764.75,0.046511627906976744,edge_near,True,53.5,-18.5
2026-02-05,5,bearish,24779.5,24790.25,24784.875,10.75,3,2026-02-06 04:38:00-05:00,2026-02-06,4,1,24778.25,0.3488372093023256,approached_CE,True,67.0,-5.0
2026-02-05,5,bearish,24779.5,24790.25,24784.875,10.75,4,2026-02-06 05:55:00-05:00,2026-02-06,5,1,24786.75,1.0,filled,True,12.5,-74.75
2026-02-05,5,bearish,24779.5,24790.25,24784.875,10.75,5,2026-02-06 07:15:00-05:00,2026-02-06,7,1,24792.5,1.0,filled,True,35.0,-32.5
2026-02-05,5,bearish,24779.5,24790.25,24784.875,10.75,6,2026-02-06 07:27:00-05:00,2026-02-06,7,1,24796.25,1.0,filled,True,38.75,-52.25
2026-02-05,5,bearish,24762.0,24762.5,24762.25,0.5,1,2026-02-06 04:33:00-05:00,2026-02-06,4,1,24759.25,1.0,filled,True,48.0,-24.0
2026-02-05,5,bearish,24762.0,24762.5,24762.25,0.5,2,2026-02-06 04:42:00-05:00,2026-02-06,4,1,24753.25,1.0,filled,True,42.0,-23.75
2026-02-05,5,bearish,24762.0,24762.5,24762.25,0.5,3,2026-02-06 04:48:00-05:00,2026-02-06,4,1,24758.25,1.0,filled,True,47.0,-13.0
2026-02-05,5,bearish,24762.0,24762.5,24762.25,0.5,4,2026-02-06 04:53:00-05:00,2026-02-06,4,1,24767.0,1.0,filled,True,55.75,-9.75
2026-02-05,5,bearish,24762.0,24762.5,24762.25,0.5,5,2026-02-06 05:41:00-05:00,2026-02-06,5,1,24761.5,1.0,filled,True,22.75,-100.0
2026-02-05,5,bearish,24762.0,24762.5,24762.25,0.5,6,2026-02-06 05:43:00-05:00,2026-02-06,5,1,24757.75,1.0,filled,True,19.0,-103.75
2026-02-05,5,bullish,24815.0,24842.0,24828.5,27.0,1,2026-02-06 06:00:00-05:00,2026-02-06,6,1,24816.0,1.0,filled,True,57.25,-27.25
2026-02-05,5,bullish,24815.0,24842.0,24828.5,27.0,2,2026-02-06 06:10:00-05:00,2026-02-06,6,1,24815.75,1.0,filled,True,57.5,-12.25
2026-02-05,5,bullish,24815.0,24842.0,24828.5,27.0,3,2026-02-06 06:27:00-05:00,2026-02-06,6,1,24816.75,1.0,filled,True,56.5,-33.0
2026-02-05,5,bullish,24815.0,24842.0,24828.5,27.0,4,2026-02-06 06:39:00-05:00,2026-02-06,6,1,24842.25,0.06481481481481481,edge_near,True,31.0,-67.0
2026-02-05,5,bullish,24815.0,24842.0,24828.5,27.0,5,2026-02-06 06:44:00-05:00,2026-02-06,6,1,24844.5,0.6111111111111112,through_CE,True,28.75,-70.0
2026-02-05,5,bullish,24815.0,24842.0,24828.5,27.0,6,2026-02-06 07:00:00-05:00,2026-02-06,7,1,24840.0,0.26851851851851855,approached_CE,True,21.0,-79.0
2026-02-05,5,bearish,24805.5,24843.0,24824.25,37.5,1,2026-02-06 06:00:00-05:00,2026-02-06,6,1,24816.0,1.0,filled,True,27.25,-57.25
2026-02-05,5,bearish,24805.5,24843.0,24824.25,37.5,2,2026-02-06 06:39:00-05:00,2026-02-06,6,1,24842.25,1.0,filled,True,67.0,-31.0
2026-02-05,5,bearish,24805.5,24843.0,24824.25,37.5,3,2026-02-06 06:44:00-05:00,2026-02-06,6,1,24844.5,1.0,filled,True,70.0,-28.75
2026-02-05,5,bearish,24805.5,24843.0,24824.25,37.5,4,2026-02-06 07:00:00-05:00,2026-02-06,7,1,24840.0,1.0,filled,True,79.0,-21.0
2026-02-05,5,bearish,24805.5,24843.0,24824.25,37.5,5,2026-02-06 07:08:00-05:00,2026-02-06,7,1,24836.75,1.0,filled,True,76.25,-23.25
2026-02-05,5,bearish,24805.5,24843.0,24824.25,37.5,6,2026-02-06 07:28:00-05:00,2026-02-06,7,1,24798.25,0.006666666666666667,edge_near,True,40.75,-50.25
2026-02-06,5,bullish,24793.75,24818.0,24805.875,24.25,1,2026-02-12 11:29:00-05:00,2026-02-12,11,6,24818.75,0.5154639175257731,through_CE,True,104.75,-13.25
2026-02-06,5,bullish,24793.75,24818.0,24805.875,24.25,2,2026-02-12 13:00:00-05:00,2026-02-12,13,6,24818.25,0.7010309278350515,through_CE,True,111.5,-17.25
2026-02-06,5,bullish,24793.75,24818.0,24805.875,24.25,3,2026-02-12 13:03:00-05:00,2026-02-12,13,6,24818.0,0.1134020618556701,edge_near,True,111.75,-13.5
2026-02-06,5,bullish,24793.75,24818.0,24805.875,24.25,4,2026-02-12 13:18:00-05:00,2026-02-12,13,6,24816.5,0.3917525773195876,approached_CE,True,113.25,-12.0
2026-02-06,5,bullish,24793.75,24818.0,24805.875,24.25,5,2026-02-12 13:28:00-05:00,2026-02-12,13,6,24817.0,0.5567010309278351,through_CE,True,112.75,-12.5
2026-02-06,5,bullish,24793.75,24818.0,24805.875,24.25,6,2026-02-12 15:23:00-05:00,2026-02-12,15,6,24816.75,1.0,filled,True,18.0,-95.25
2026-02-06,5,bearish,24863.75,24906.25,24885.0,42.5,1,2026-02-12 11:16:00-05:00,2026-02-12,11,6,24913.5,1.0,filled,True,108.0,-27.0
2026-02-06,5,bearish,24863.75,24906.25,24885.0,42.5,2,2026-02-12 11:18:00-05:00,2026-02-12,11,6,24890.25,1.0,filled,True,84.75,-38.75
2026-02-06,5,bearish,24863.75,24906.25,24885.0,42.5,3,2026-02-12 11:27:00-05:00,2026-02-12,11,6,24865.0,0.09411764705882353,edge_near,True,59.5,-55.0
2026-02-06,5,bearish,24863.75,24906.25,24885.0,42.5,4,2026-02-12 11:32:00-05:00,2026-02-12,11,6,24858.5,0.12941176470588237,edge_near,True,33.25,-65.0
2026-02-06,5,bearish,24863.75,24906.25,24885.0,42.5,5,2026-02-12 11:35:00-05:00,2026-02-12,11,6,24873.0,1.0,filled,True,41.0,-50.5
2026-02-06,5,bearish,24863.75,24906.25,24885.0,42.5,6,2026-02-12 11:49:00-05:00,2026-02-12,11,6,24872.0,0.5823529411764706,through_CE,True,40.0,-68.75
2026-02-09,5,bullish,25075.25,25107.0,25091.125,31.75,1,2026-02-11 10:20:00-05:00,2026-02-11,10,2,25105.25,1.0,filled,True,165.75,-47.25
2026-02-09,5,bullish,25075.25,25107.0,25091.125,31.75,2,2026-02-11 10:33:00-05:00,2026-02-11,10,2,25117.5,0.30708661417322836,approached_CE,True,157.75,-20.25
2026-02-09,5,bullish,25075.25,25107.0,25091.125,31.75,3,2026-02-12 10:41:00-05:00,2026-02-12,10,3,25098.0,1.0,filled,True,23.25,-292.5
2026-02-09,5,bullish,25075.25,25107.0,25091.125,31.75,4,2026-02-18 10:40:00-05:00,2026-02-18,10,9,25073.25,1.0,filled,True,45.5,-24.5
2026-02-09,5,bullish,25075.25,25107.0,25091.125,31.75,5,2026-02-18 10:46:00-05:00,2026-02-18,10,9,25077.25,1.0,filled,True,41.5,-25.75
2026-02-09,5,bullish,25075.25,25107.0,25091.125,31.75,6,2026-02-18 10:53:00-05:00,2026-02-18,10,9,25075.5,1.0,filled,True,43.25,-15.5
2026-02-10,5,bullish,25386.0,25388.25,25387.125,2.25,1,2026-02-11 08:46:00-05:00,2026-02-11,8,1,25384.25,1.0,filled,True,81.25,-45.25
2026-02-10,5,bullish,25386.0,25388.25,25387.125,2.25,2,2026-02-11 09:34:00-05:00,2026-02-11,9,1,25385.75,1.0,filled,True,50.5,-327.75
2026-02-10,5,bullish,25386.0,25388.25,25387.125,2.25,3,2026-02-11 09:41:00-05:00,2026-02-11,9,1,25379.25,1.0,filled,True,57.0,-321.25
2026-02-10,5,bullish,25386.0,25388.25,25387.125,2.25,4,2026-02-11 09:54:00-05:00,2026-02-11,9,1,25376.0,1.0,filled,True,20.25,-318.0
2026-02-10,5,bullish,25386.0,25388.25,25387.125,2.25,5,2026-02-12 08:37:00-05:00,2026-02-12,8,2,25383.5,1.0,filled,True,36.5,-68.5
2026-02-10,5,bullish,25386.0,25388.25,25387.125,2.25,6,2026-02-12 08:50:00-05:00,2026-02-12,8,2,25386.0,1.0,filled,True,23.25,-151.0
2026-02-10,5,bearish,25334.75,25346.25,25340.5,11.5,1,2026-02-11 08:30:00-05:00,2026-02-11,8,1,25297.0,0.45652173913043476,approached_CE,True,72.0,-168.0
2026-02-10,5,bearish,25334.75,25346.25,25340.5,11.5,2,2026-02-11 08:32:00-05:00,2026-02-11,8,1,25339.25,1.0,filled,True,31.5,-126.25
2026-02-10,5,bearish,25334.75,25346.25,25340.5,11.5,3,2026-02-11 09:37:00-05:00,2026-02-11,9,1,25386.75,1.0,filled,True,328.75,-49.5
2026-02-10,5,bearish,25334.75,25346.25,25340.5,11.5,4,2026-02-11 09:39:00-05:00,2026-02-11,9,1,25352.0,1.0,filled,True,294.0,-84.25
2026-02-10,5,bearish,25334.75,25346.25,25340.5,11.5,5,2026-02-11 09:56:00-05:00,2026-02-11,9,1,25350.75,1.0,filled,True,292.75,-15.75
2026-02-10,5,bearish,25334.75,25346.25,25340.5,11.5,6,2026-02-11 10:01:00-05:00,2026-02-11,10,1,25323.25,0.6956521739130435,through_CE,True,265.25,-19.5
2026-02-10,5,bullish,25315.0,25358.25,25336.625,43.25,1,2026-02-11 00:08:00-05:00,2026-02-11,0,1,25315.0,1.0,filled,True,10.5,-36.25
2026-02-10,5,bullish,25315.0,25358.25,25336.625,43.25,2,2026-02-11 01:05:00-05:00,2026-02-11,1,1,25313.75,1.0,filled,False,2.75,-47.75
2026-02-10,5,bullish,25315.0,25358.25,25336.625,43.25,3,2026-02-11 01:09:00-05:00,2026-02-11,1,1,25310.25,1.0,filled,False,6.0,-44.25
2026-02-10,5,bullish,25315.0,25358.25,25336.625,43.25,4,2026-02-11 08:30:00-05:00,2026-02-11,8,1,25297.0,1.0,filled,True,168.0,-72.0
2026-02-10,5,bullish,25315.0,25358.25,25336.625,43.25,5,2026-02-11 09:36:00-05:00,2026-02-11,9,1,25362.0,0.44508670520231214,approached_CE,True,74.25,-304.0
2026-02-10,5,bullish,25315.0,25358.25,25336.625,43.25,6,2026-02-11 09:53:00-05:00,2026-02-11,9,1,25377.25,0.13872832369942195,edge_near,True,19.0,-319.25
2026-02-10,5,bullish,25368.75,25380.0,25374.375,11.25,1,2026-02-11 08:46:00-05:00,2026-02-11,8,1,25384.25,1.0,filled,True,81.25,-45.25
2026-02-10,5,bullish,25368.75,25380.0,25374.375,11.25,2,2026-02-11 08:51:00-05:00,2026-02-11,8,1,25376.0,1.0,filled,True,89.5,-37.0
2026-02-10,5,bullish,25368.75,25380.0,25374.375,11.25,3,2026-02-11 09:34:00-05:00,2026-02-11,9,1,25385.75,1.0,filled,True,50.5,-327.75
2026-02-10,5,bullish,25368.75,25380.0,25374.375,11.25,4,2026-02-11 09:40:00-05:00,2026-02-11,9,1,25360.0,1.0,filled,True,76.25,-302.0
2026-02-10,5,bullish,25368.75,25380.0,25374.375,11.25,5,2026-02-11 09:46:00-05:00,2026-02-11,9,1,25373.25,1.0,filled,True,63.0,-315.25
2026-02-10,5,bullish,25368.75,25380.0,25374.375,11.25,6,2026-02-12 03:00:00-05:00,2026-02-12,3,2,25362.25,1.0,filled,False,7.25,-37.75
2026-02-11,5,bearish,25422.75,25425.5,25424.125,2.75,1,2026-02-25 16:31:00-05:00,2026-02-25,16,14,25440.0,1.0,filled,True,50.5,-55.0
2026-02-11,5,bearish,25342.75,25352.25,25347.5,9.5,1,2026-02-12 00:19:00-05:00,2026-02-12,0,1,25339.25,0.07894736842105263,edge_near,True,18.25,-5.25
2026-02-11,5,bearish,25342.75,25352.25,25347.5,9.5,2,2026-02-12 00:21:00-05:00,2026-02-12,0,1,25340.75,0.15789473684210525,edge_near,True,24.25,-3.75
2026-02-11,5,bearish,25342.75,25352.25,25347.5,9.5,3,2026-02-12 00:42:00-05:00,2026-02-12,0,1,25344.0,0.18421052631578946,edge_near,True,47.0,-0.5
2026-02-11,5,bearish,25342.75,25352.25,25347.5,9.5,4,2026-02-12 01:14:00-05:00,2026-02-12,1,1,25336.25,0.18421052631578946,edge_near,True,43.75,-8.25
2026-02-11,5,bearish,25342.75,25352.25,25347.5,9.5,5,2026-02-12 01:16:00-05:00,2026-02-12,1,1,25339.25,0.18421052631578946,edge_near,True,46.75,-5.25
2026-02-11,5,bearish,25342.75,25352.25,25347.5,9.5,6,2026-02-12 02:23:00-05:00,2026-02-12,2,1,25338.75,1.0,filled,False,1.5,-30.75
2026-02-12,5,bearish,25386.75,25392.0,25389.375,5.25,1,2026-02-25 15:48:00-05:00,2026-02-25,15,13,25386.5,1.0,filled,True,16.0,-108.5
2026-02-12,5,bearish,25386.75,25392.0,25389.375,5.25,2,2026-02-25 15:54:00-05:00,2026-02-25,15,13,25387.0,0.42857142857142855,approached_CE,True,15.75,-108.0
2026-02-12,5,bearish,25386.75,25392.0,25389.375,5.25,3,2026-02-25 15:59:00-05:00,2026-02-25,15,13,25384.0,0.38095238095238093,approached_CE,True,12.75,-111.0
2026-02-12,5,bearish,25386.75,25392.0,25389.375,5.25,4,2026-02-25 16:04:00-05:00,2026-02-25,16,13,25384.0,1.0,filled,True,10.0,-111.0
2026-02-12,5,bearish,25386.75,25392.0,25389.375,5.25,5,2026-02-25 16:11:00-05:00,2026-02-25,16,13,25388.5,1.0,filled,True,14.5,-106.5
2026-02-12,5,bearish,25386.75,25392.0,25389.375,5.25,6,2026-02-25 16:17:00-05:00,2026-02-25,16,13,25388.75,1.0,filled,True,14.75,-106.25
2026-02-12,5,bearish,25324.25,25334.0,25329.125,9.75,1,2026-02-25 09:47:00-05:00,2026-02-25,9,13,25319.5,0.48717948717948717,approached_CE,True,38.25,-41.5
2026-02-12,5,bearish,25324.25,25334.0,25329.125,9.75,2,2026-02-25 09:49:00-05:00,2026-02-25,9,13,25319.75,1.0,filled,True,38.5,-41.25
2026-02-12,5,bearish,25324.25,25334.0,25329.125,9.75,3,2026-02-25 10:04:00-05:00,2026-02-25,10,13,25334.25,1.0,filled,True,69.5,-13.75
2026-02-12,5,bearish,25324.25,25334.0,25329.125,9.75,4,2026-02-25 10:12:00-05:00,2026-02-25,10,13,25315.0,0.41025641025641024,approached_CE,True,50.25,-26.75
2026-02-12,5,bearish,25324.25,25334.0,25329.125,9.75,5,2026-02-25 10:27:00-05:00,2026-02-25,10,13,25325.5,1.0,filled,True,60.75,-16.25
2026-02-12,5,bearish,25324.25,25334.0,25329.125,9.75,6,2026-02-25 11:42:00-05:00,2026-02-25,11,13,25325.75,0.358974358974359,approached_CE,True,16.75,-15.5
2026-02-12,5,bearish,25293.25,25303.75,25298.5,10.5,1,2026-02-25 09:45:00-05:00,2026-02-25,9,13,25298.75,1.0,filled,True,28.0,-62.25
2026-02-12,5,bearish,25293.25,25303.75,25298.5,10.5,2,2026-02-25 09:48:00-05:00,2026-02-25,9,13,25323.25,1.0,filled,True,42.0,-37.75
2026-02-12,5,bearish,25293.25,25303.75,25298.5,10.5,3,2026-02-25 10:11:00-05:00,2026-02-25,10,13,25316.75,1.0,filled,True,52.0,-25.0
2026-02-12,5,bearish,25293.25,25303.75,25298.5,10.5,4,2026-02-25 10:15:00-05:00,2026-02-25,10,13,25305.25,1.0,filled,True,40.5,-36.5
2026-02-12,5,bearish,25293.25,25303.75,25298.5,10.5,5,2026-02-25 10:34:00-05:00,2026-02-25,10,13,25297.5,1.0,filled,True,32.75,-30.25
2026-02-12,5,bearish,25293.25,25303.75,25298.5,10.5,6,2026-02-25 10:47:00-05:00,2026-02-25,10,13,25304.5,1.0,filled,True,39.75,-23.25
2026-02-13,5,bearish,24754.5,24778.25,24766.375,23.75,1,2026-02-15 18:04:00-05:00,2026-02-15,18,2,24775.75,1.0,filled,True,21.5,-67.25
2026-02-13,5,bearish,24754.5,24778.25,24766.375,23.75,2,2026-02-16 09:15:00-05:00,2026-02-16,9,3,24779.0,1.0,filled,True,86.75,-18.5
2026-02-13,5,bearish,24754.5,24778.25,24766.375,23.75,3,2026-02-16 09:38:00-05:00,2026-02-16,9,3,24744.0,0.06315789473684211,edge_near,True,61.5,-53.5
2026-02-13,5,bearish,24754.5,24778.25,24766.375,23.75,4,2026-02-16 09:53:00-05:00,2026-02-16,9,3,24758.25,1.0,filled,True,80.5,-39.25
2026-02-13,5,bearish,24754.5,24778.25,24766.375,23.75,5,2026-02-16 10:09:00-05:00,2026-02-16,10,3,24784.0,1.0,filled,True,106.25,-9.5
2026-02-13,5,bearish,24754.5,24778.25,24766.375,23.75,6,2026-02-16 12:31:00-05:00,2026-02-16,12,3,24753.75,0.45263157894736844,approached_CE,True,19.25,-17.5
2026-02-16,5,bearish,24833.0,24844.0,24838.5,11.0,1,2026-02-17 13:40:00-05:00,2026-02-17,13,1,24849.75,1.0,filled,True,37.0,-37.25
2026-02-16,5,bearish,24833.0,24844.0,24838.5,11.0,2,2026-02-17 13:50:00-05:00,2026-02-17,13,1,24837.75,1.0,filled,True,16.25,-51.75
2026-02-16,5,bearish,24833.0,24844.0,24838.5,11.0,3,2026-02-17 13:58:00-05:00,2026-02-17,13,1,24841.5,1.0,filled,True,33.75,-48.0
2026-02-16,5,bearish,24833.0,24844.0,24838.5,11.0,4,2026-02-17 14:06:00-05:00,2026-02-17,14,1,24845.75,1.0,filled,True,38.5,-43.75
2026-02-16,5,bearish,24833.0,24844.0,24838.5,11.0,5,2026-02-17 14:09:00-05:00,2026-02-17,14,1,24847.5,1.0,filled,True,44.25,-42.0
2026-02-16,5,bearish,24833.0,24844.0,24838.5,11.0,6,2026-02-17 14:19:00-05:00,2026-02-17,14,1,24845.75,1.0,filled,True,59.0,-43.75
2026-02-16,5,bearish,24818.75,24825.25,24822.0,6.5,1,2026-02-17 13:39:00-05:00,2026-02-17,13,1,24819.25,1.0,filled,True,21.25,-67.75
2026-02-16,5,bearish,24818.75,24825.25,24822.0,6.5,2,2026-02-17 13:42:00-05:00,2026-02-17,13,1,24826.5,1.0,filled,True,13.75,-63.0
2026-02-16,5,bearish,24818.75,24825.25,24822.0,6.5,3,2026-02-17 13:47:00-05:00,2026-02-17,13,1,24833.75,1.0,filled,True,21.0,-55.75
2026-02-16,5,bearish,24818.75,24825.25,24822.0,6.5,4,2026-02-17 14:52:00-05:00,2026-02-17,14,1,24823.75,1.0,filled,True,88.0,-22.5
2026-02-16,5,bearish,24818.75,24825.25,24822.0,6.5,5,2026-02-17 14:56:00-05:00,2026-02-17,14,1,24836.25,1.0,filled,True,100.5,-5.75
2026-02-16,5,bearish,24818.75,24825.25,24822.0,6.5,6,2026-02-17 14:58:00-05:00,2026-02-17,14,1,24807.75,1.0,filled,True,72.0,-34.25
2026-02-16,5,bearish,24792.25,24816.25,24804.25,24.0,1,2026-02-17 09:36:00-05:00,2026-02-17,9,1,24782.0,0.96875,filled,True,332.75,-33.5
2026-02-16,5,bearish,24792.25,24816.25,24804.25,24.0,2,2026-02-17 11:23:00-05:00,2026-02-17,11,1,24779.0,0.17708333333333334,edge_near,True,110.0,-17.5
2026-02-16,5,bearish,24792.25,24816.25,24804.25,24.0,3,2026-02-17 13:33:00-05:00,2026-02-17,13,1,24791.25,0.40625,approached_CE,True,26.25,-81.5
2026-02-16,5,bearish,24792.25,24816.25,24804.25,24.0,4,2026-02-17 13:36:00-05:00,2026-02-17,13,1,24799.5,1.0,filled,True,29.25,-87.5
2026-02-16,5,bearish,24792.25,24816.25,24804.25,24.0,5,2026-02-17 13:48:00-05:00,2026-02-17,13,1,24822.25,1.0,filled,False,9.5,-67.25
2026-02-16,5,bearish,24792.25,24816.25,24804.25,24.0,6,2026-02-17 14:58:00-05:00,2026-02-17,14,1,24807.75,1.0,filled,True,72.0,-34.25
2026-02-16,5,bullish,24731.5,24753.25,24742.375,21.75,1,2026-02-17 09:34:00-05:00,2026-02-17,9,1,24757.75,1.0,filled,True,57.75,-308.5
2026-02-16,5,bullish,24731.5,24753.25,24742.375,21.75,2,2026-02-17 09:42:00-05:00,2026-02-17,9,1,24749.75,1.0,filled,True,46.5,-300.5
2026-02-16,5,bullish,24731.5,24753.25,24742.375,21.75,3,2026-02-17 11:09:00-05:00,2026-02-17,11,1,24728.0,1.0,filled,True,68.5,-35.0
2026-02-16,5,bullish,24731.5,24753.25,24742.375,21.75,4,2026-02-17 11:16:00-05:00,2026-02-17,11,1,24762.5,0.3563218390804598,approached_CE,True,34.0,-77.0
2026-02-16,5,bullish,24731.5,24753.25,24742.375,21.75,5,2026-02-17 11:28:00-05:00,2026-02-17,11,1,24759.0,1.0,filled,True,28.75,-90.0
2026-02-16,5,bullish,24731.5,24753.25,24742.375,21.75,6,2026-02-17 11:34:00-05:00,2026-02-17,11,1,24725.75,1.0,filled,True,62.0,-56.75
2026-02-16,5,bullish,24759.0,24767.25,24763.125,8.25,1,2026-02-17 09:34:00-05:00,2026-02-17,9,1,24757.75,1.0,filled,True,57.75,-308.5
2026-02-16,5,bullish,24759.0,24767.25,24763.125,8.25,2,2026-02-17 09:42:00-05:00,2026-02-17,9,1,24749.75,1.0,filled,True,46.5,-300.5
2026-02-16,5,bullish,24759.0,24767.25,24763.125,8.25,3,2026-02-17 11:12:00-05:00,2026-02-17,11,1,24752.25,1.0,filled,True,44.25,-66.75
2026-02-16,5,bullish,24759.0,24767.25,24763.125,8.25,4,2026-02-17 11:20:00-05:00,2026-02-17,11,1,24770.0,1.0,filled,True,26.5,-84.5
2026-02-16,5,bullish,24759.0,24767.25,24763.125,8.25,5,2026-02-17 11:27:00-05:00,2026-02-17,11,1,24757.0,1.0,filled,True,30.75,-88.0
2026-02-16,5,bullish,24759.0,24767.25,24763.125,8.25,6,2026-02-17 11:36:00-05:00,2026-02-17,11,1,24770.5,1.0,filled,True,17.25,-101.5
2026-02-17,5,bullish,24659.25,24742.25,24700.75,83.0,1,2026-02-20 08:40:00-05:00,2026-02-20,8,3,24737.5,0.21084337349397592,edge_near,True,153.25,-60.5
2026-02-17,5,bullish,24659.25,24742.25,24700.75,83.0,2,2026-02-20 08:46:00-05:00,2026-02-20,8,3,24733.0,0.2469879518072289,edge_near,True,225.0,-56.0
2026-02-17,5,bullish,24659.25,24742.25,24700.75,83.0,3,2026-02-20 08:54:00-05:00,2026-02-20,8,3,24747.5,0.02710843373493976,edge_near,True,210.5,-70.5
2026-02-17,5,bullish,24659.25,24742.25,24700.75,83.0,4,2026-02-20 09:13:00-05:00,2026-02-20,9,3,24737.5,0.786144578313253,filled,True,344.75,-60.5
2026-02-17,5,bullish,24659.25,24742.25,24700.75,83.0,5,2026-02-23 10:59:00-05:00,2026-02-23,10,6,24744.0,0.8975903614457831,filled,True,45.5,-76.25
2026-02-17,5,bullish,24659.25,24742.25,24700.75,83.0,6,2026-02-23 11:47:00-05:00,2026-02-23,11,6,24754.75,0.10843373493975904,edge_near,True,15.0,-77.25
2026-02-17,5,bearish,24711.5,24742.25,24726.875,30.75,1,2026-02-20 08:40:00-05:00,2026-02-20,8,3,24737.5,1.0,filled,True,60.5,-153.25
2026-02-17,5,bearish,24711.5,24742.25,24726.875,30.75,2,2026-02-20 08:46:00-05:00,2026-02-20,8,3,24733.0,1.0,filled,True,56.0,-225.0
2026-02-17,5,bearish,24711.5,24742.25,24726.875,30.75,3,2026-02-20 08:54:00-05:00,2026-02-20,8,3,24747.5,1.0,filled,True,70.5,-210.5
2026-02-17,5,bearish,24711.5,24742.25,24726.875,30.75,4,2026-02-20 09:13:00-05:00,2026-02-20,9,3,24737.5,1.0,filled,True,60.5,-344.75
2026-02-17,5,bearish,24711.5,24742.25,24726.875,30.75,5,2026-02-20 09:22:00-05:00,2026-02-20,9,3,24719.75,1.0,filled,True,42.75,-362.5
2026-02-17,5,bearish,24711.5,24742.25,24726.875,30.75,6,2026-02-23 10:59:00-05:00,2026-02-23,10,6,24744.0,1.0,filled,True,76.25,-45.5
2026-02-17,5,bearish,24678.5,24685.75,24682.125,7.25,1,2026-02-20 09:30:00-05:00,2026-02-20,9,3,24726.25,1.0,filled,True,49.25,-356.0
2026-02-17,5,bearish,24678.5,24685.75,24682.125,7.25,2,2026-02-23 11:06:00-05:00,2026-02-23,11,6,24696.5,1.0,filled,True,28.75,-93.0
2026-02-17,5,bearish,24678.5,24685.75,24682.125,7.25,3,2026-02-23 12:37:00-05:00,2026-02-23,12,6,24688.5,1.0,filled,True,11.0,-132.0
2026-02-17,5,bearish,24678.5,24685.75,24682.125,7.25,4,2026-02-23 14:44:00-05:00,2026-02-23,14,6,24698.0,1.0,filled,True,19.5,-53.5
2026-02-17,5,bearish,24678.5,24685.75,24682.125,7.25,5,2026-02-23 14:59:00-05:00,2026-02-23,14,6,24692.0,1.0,filled,True,13.5,-80.75
2026-02-17,5,bearish,24678.5,24685.75,24682.125,7.25,6,2026-02-23 15:09:00-05:00,2026-02-23,15,6,24690.75,1.0,filled,True,12.25,-92.25
2026-02-17,5,bearish,24547.0,24621.0,24584.0,74.0,1,2026-03-02 01:40:00-05:00,2026-03-02,1,13,24625.25,1.0,filled,True,93.5,-17.75
2026-02-17,5,bearish,24547.0,24621.0,24584.0,74.0,2,2026-03-02 01:44:00-05:00,2026-03-02,1,13,24621.0,1.0,filled,True,89.25,-8.0
2026-02-17,5,bearish,24547.0,24621.0,24584.0,74.0,3,2026-03-02 03:03:00-05:00,2026-03-02,3,13,24540.0,0.125,edge_near,True,63.0,-51.25
2026-02-17,5,bearish,24547.0,24621.0,24584.0,74.0,4,2026-03-02 03:39:00-05:00,2026-03-02,3,13,24548.25,1.0,filled,True,12.25,-106.75
2026-02-17,5,bearish,24547.0,24621.0,24584.0,74.0,5,2026-03-02 04:14:00-05:00,2026-03-02,4,13,24618.0,1.0,filled,False,7.25,-66.5
2026-02-17,5,bearish,24547.0,24621.0,24584.0,74.0,6,2026-03-02 04:20:00-05:00,2026-03-02,4,13,24627.0,1.0,filled,True,16.25,-57.5
2026-02-18,5,bullish,24879.75,24883.75,24881.75,4.0,1,2026-02-19 04:46:00-05:00,2026-02-19,4,1,24871.0,1.0,filled,True,31.75,-45.75
2026-02-18,5,bullish,24879.75,24883.75,24881.75,4.0,2,2026-02-19 04:52:00-05:00,2026-02-19,4,1,24882.75,1.0,filled,True,20.0,-57.5
2026-02-18,5,bullish,24879.75,24883.75,24881.75,4.0,3,2026-02-19 05:03:00-05:00,2026-02-19,5,1,24884.0,1.0,filled,True,18.75,-58.75
2026-02-18,5,bullish,24879.75,24883.75,24881.75,4.0,4,2026-02-19 06:25:00-05:00,2026-02-19,6,1,24875.25,1.0,filled,True,21.5,-61.25
2026-02-18,5,bullish,24879.75,24883.75,24881.75,4.0,5,2026-02-19 06:27:00-05:00,2026-02-19,6,1,24880.75,1.0,filled,True,16.75,-66.75
2026-02-18,5,bullish,24879.75,24883.75,24881.75,4.0,6,2026-02-19 06:30:00-05:00,2026-02-19,6,1,24879.25,1.0,filled,True,18.25,-65.25
2026-02-18,5,bullish,24895.0,24937.0,24916.0,42.0,1,2026-02-19 04:27:00-05:00,2026-02-19,4,1,24936.25,1.0,filled,True,12.0,-104.0
2026-02-18,5,bullish,24895.0,24937.0,24916.0,42.0,2,2026-02-19 04:55:00-05:00,2026-02-19,4,1,24892.5,1.0,filled,True,10.25,-67.25
2026-02-18,5,bullish,24895.0,24937.0,24916.0,42.0,3,2026-02-19 04:58:00-05:00,2026-02-19,4,1,24890.25,1.0,filled,True,12.5,-65.0
2026-02-18,5,bullish,24895.0,24937.0,24916.0,42.0,4,2026-02-19 05:02:00-05:00,2026-02-19,5,1,24900.0,1.0,filled,False,2.75,-74.75
2026-02-18,5,bullish,24895.0,24937.0,24916.0,42.0,5,2026-02-19 07:25:00-05:00,2026-02-19,7,1,24896.25,1.0,filled,False,1.25,-85.5
2026-02-18,5,bullish,24895.0,24937.0,24916.0,42.0,6,2026-02-19 07:43:00-05:00,2026-02-19,7,1,24894.5,1.0,filled,False,1.5,-98.25
2026-02-19,5,bearish,24843.25,24851.0,24847.125,7.75,1,2026-02-20 06:04:00-05:00,2026-02-20,6,1,24851.75,1.0,filled,True,46.75,-36.5
2026-02-19,5,bearish,24843.25,24851.0,24847.125,7.75,2,2026-02-20 06:41:00-05:00,2026-02-20,6,1,24857.25,1.0,filled,True,66.75,-11.25
2026-02-19,5,bearish,24843.25,24851.0,24847.125,7.75,3,2026-02-20 06:48:00-05:00,2026-02-20,6,1,24848.25,1.0,filled,True,57.75,-8.75
2026-02-19,5,bearish,24843.25,24851.0,24847.125,7.75,4,2026-02-20 07:15:00-05:00,2026-02-20,7,1,24844.0,0.8709677419354839,filled,True,53.5,-6.0
2026-02-19,5,bearish,24843.25,24851.0,24847.125,7.75,5,2026-02-20 08:18:00-05:00,2026-02-20,8,1,24851.0,1.0,filled,True,143.25,-13.0
2026-02-19,5,bearish,24843.25,24851.0,24847.125,7.75,6,2026-02-20 08:27:00-05:00,2026-02-20,8,1,24842.25,1.0,filled,True,146.0,-21.75
2026-02-19,5,bullish,24853.75,24864.25,24859.0,10.5,1,2026-02-20 06:02:00-05:00,2026-02-20,6,1,24867.5,1.0,filled,True,20.75,-62.5
2026-02-19,5,bullish,24853.75,24864.25,24859.0,10.5,2,2026-02-20 06:15:00-05:00,2026-02-20,6,1,24877.75,0.047619047619047616,edge_near,True,10.5,-72.75
2026-02-19,5,bullish,24853.75,24864.25,24859.0,10.5,3,2026-02-20 06:19:00-05:00,2026-02-20,6,1,24863.0,0.8095238095238095,filled,True,25.25,-58.0
2026-02-19,5,bullish,24853.75,24864.25,24859.0,10.5,4,2026-02-20 06:40:00-05:00,2026-02-20,6,1,24863.25,1.0,filled,False,7.5,-72.75
2026-02-19,5,bullish,24853.75,24864.25,24859.0,10.5,5,2026-02-20 08:19:00-05:00,2026-02-20,8,1,24852.5,1.0,filled,True,11.5,-144.75
2026-02-19,5,bullish,24853.75,24864.25,24859.0,10.5,6,2026-02-20 08:29:00-05:00,2026-02-20,8,1,24857.75,1.0,filled,False,6.25,-161.5
2026-02-19,5,bullish,24851.5,24859.75,24855.625,8.25,1,2026-02-20 06:03:00-05:00,2026-02-20,6,1,24863.25,1.0,filled,True,25.0,-58.25
2026-02-19,5,bullish,24851.5,24859.75,24855.625,8.25,2,2026-02-20 06:08:00-05:00,2026-02-20,6,1,24857.5,0.30303030303030304,approached_CE,True,30.75,-52.5
2026-02-19,5,bullish,24851.5,24859.75,24855.625,8.25,3,2026-02-20 06:20:00-05:00,2026-02-20,6,1,24857.75,0.48484848484848486,approached_CE,True,30.5,-52.75
2026-02-19,5,bullish,24851.5,24859.75,24855.625,8.25,4,2026-02-20 06:41:00-05:00,2026-02-20,6,1,24857.25,1.0,filled,True,11.25,-66.75
2026-02-19,5,bullish,24851.5,24859.75,24855.625,8.25,5,2026-02-20 08:19:00-05:00,2026-02-20,8,1,24852.5,1.0,filled,True,11.5,-144.75
2026-02-19,5,bullish,24851.5,24859.75,24855.625,8.25,6,2026-02-20 08:29:00-05:00,2026-02-20,8,1,24857.75,1.0,filled,False,6.25,-161.5
2026-02-20,5,bearish,24758.5,24760.0,24759.25,1.5,1,2026-02-23 10:56:00-05:00,2026-02-23,10,3,24764.0,1.0,filled,True,96.25,-25.5
2026-02-20,5,bearish,24758.5,24760.0,24759.25,1.5,2,2026-02-23 11:27:00-05:00,2026-02-23,11,3,24761.5,1.0,filled,True,36.5,-28.0
2026-02-20,5,bearish,24758.5,24760.0,24759.25,1.5,3,2026-02-23 11:33:00-05:00,2026-02-23,11,3,24765.75,1.0,filled,True,40.75,-17.25
2026-02-20,5,bearish,24758.5,24760.0,24759.25,1.5,4,2026-02-23 11:44:00-05:00,2026-02-23,11,3,24764.75,1.0,filled,True,87.25,-15.75
2026-02-20,5,bearish,24758.5,24760.0,24759.25,1.5,5,2026-02-23 11:50:00-05:00,2026-02-23,11,3,24747.75,1.0,filled,True,70.25,-22.0
2026-02-20,5,bearish,24758.5,24760.0,24759.25,1.5,6,2026-02-23 12:01:00-05:00,2026-02-23,12,3,24753.5,0.0,edge_near,True,76.0,-10.5
2026-02-20,5,bearish,24738.75,24755.5,24747.125,16.75,1,2026-02-23 10:58:00-05:00,2026-02-23,10,3,24751.5,1.0,filled,True,83.75,-38.0
2026-02-20,5,bearish,24738.75,24755.5,24747.125,16.75,2,2026-02-23 11:21:00-05:00,2026-02-23,11,3,24735.5,0.1791044776119403,edge_near,True,24.5,-54.0
2026-02-20,5,bearish,24738.75,24755.5,24747.125,16.75,3,2026-02-23 11:25:00-05:00,2026-02-23,11,3,24737.75,1.0,filled,True,15.0,-51.75
2026-02-20,5,bearish,24738.75,24755.5,24747.125,16.75,4,2026-02-23 11:35:00-05:00,2026-02-23,11,3,24761.5,1.0,filled,True,54.25,-21.5
2026-02-20,5,bearish,24738.75,24755.5,24747.125,16.75,5,2026-02-23 11:40:00-05:00,2026-02-23,11,3,24760.75,1.0,filled,True,83.25,-22.25
2026-02-20,5,bearish,24738.75,24755.5,24747.125,16.75,6,2026-02-23 11:45:00-05:00,2026-02-23,11,3,24764.0,1.0,filled,True,86.5,-6.0
2026-02-20,5,bearish,24722.0,24728.0,24725.0,6.0,1,2026-02-23 11:02:00-05:00,2026-02-23,11,3,24724.5,1.0,filled,True,56.75,-65.0
2026-02-20,5,bearish,24722.0,24728.0,24725.0,6.0,2,2026-02-23 11:19:00-05:00,2026-02-23,11,3,24721.25,1.0,filled,True,15.25,-68.25
2026-02-20,5,bearish,24722.0,24728.0,24725.0,6.0,3,2026-02-23 11:59:00-05:00,2026-02-23,11,3,24735.25,1.0,filled,True,57.75,-28.75
2026-02-20,5,bearish,24722.0,24728.0,24725.0,6.0,4,2026-02-23 12:14:00-05:00,2026-02-23,12,3,24733.25,1.0,filled,True,55.75,-55.5
2026-02-20,5,bearish,24722.0,24728.0,24725.0,6.0,5,2026-02-23 12:34:00-05:00,2026-02-23,12,3,24722.75,1.0,filled,True,45.25,-97.75
2026-02-20,5,bearish,24722.0,24728.0,24725.0,6.0,6,2026-02-23 12:43:00-05:00,2026-02-23,12,3,24723.25,0.9583333333333334,filled,True,29.25,-97.25
2026-02-20,5,bullish,24735.0,24793.0,24764.0,58.0,1,2026-02-23 10:52:00-05:00,2026-02-23,10,3,24779.0,1.0,filled,True,44.75,-111.25
2026-02-20,5,bullish,24735.0,24793.0,24764.0,58.0,2,2026-02-23 11:20:00-05:00,2026-02-23,11,3,24731.0,1.0,filled,True,58.5,-20.0
2026-02-20,5,bullish,24735.0,24793.0,24764.0,58.0,3,2026-02-23 11:25:00-05:00,2026-02-23,11,3,24737.75,1.0,filled,True,51.75,-15.0
2026-02-20,5,bullish,24735.0,24793.0,24764.0,58.0,4,2026-02-23 12:53:00-05:00,2026-02-23,12,3,24739.5,1.0,filled,True,81.0,-12.25
2026-02-20,5,bullish,24735.0,24793.0,24764.0,58.0,5,2026-02-23 13:31:00-05:00,2026-02-23,13,3,24797.5,0.008620689655172414,edge_near,True,22.25,-88.75
2026-02-20,5,bullish,24735.0,24793.0,24764.0,58.0,6,2026-02-23 13:41:00-05:00,2026-02-23,13,3,24795.0,1.0,filled,False,6.5,-102.5
2026-02-20,5,bullish,24819.5,24844.0,24831.75,24.5,1,2026-02-22 20:00:00-05:00,2026-02-22,20,2,24860.75,0.20408163265306123,edge_near,True,22.0,-29.75
2026-02-20,5,bullish,24819.5,24844.0,24831.75,24.5,2,2026-02-22 20:33:00-05:00,2026-02-22,20,2,24850.75,0.07142857142857142,edge_near,True,31.0,-40.0
2026-02-20,5,bullish,24819.5,24844.0,24831.75,24.5,3,2026-02-22 20:53:00-05:00,2026-02-22,20,2,24850.75,0.5306122448979592,through_CE,True,10.75,-40.0
2026-02-20,5,bullish,24819.5,24844.0,24831.75,24.5,4,2026-02-22 20:59:00-05:00,2026-02-22,20,2,24843.25,1.0,filled,True,14.5,-32.5
2026-02-20,5,bullish,24819.5,24844.0,24831.75,24.5,5,2026-02-22 22:11:00-05:00,2026-02-22,22,2,24847.0,0.0,edge_near,False,7.5,-33.75
2026-02-20,5,bullish,24819.5,24844.0,24831.75,24.5,6,2026-02-22 22:13:00-05:00,2026-02-22,22,2,24846.75,0.02040816326530612,edge_near,False,6.25,-33.5
2026-02-20,5,bullish,24890.75,24891.75,24891.25,1.0,1,2026-02-22 19:26:00-05:00,2026-02-22,19,2,24888.75,1.0,filled,True,19.5,-49.75
2026-02-20,5,bullish,24890.75,24891.75,24891.25,1.0,2,2026-02-22 19:31:00-05:00,2026-02-22,19,2,24893.0,1.0,filled,False,9.5,-54.0
2026-02-20,5,bullish,24890.75,24891.75,24891.25,1.0,3,2026-02-22 19:37:00-05:00,2026-02-22,19,2,24887.0,1.0,filled,True,14.75,-48.0
2026-02-20,5,bullish,24890.75,24891.75,24891.25,1.0,4,2026-02-22 19:43:00-05:00,2026-02-22,19,2,24889.5,1.0,filled,True,11.5,-50.5
2026-02-20,5,bullish,24890.75,24891.75,24891.25,1.0,5,2026-02-22 19:46:00-05:00,2026-02-22,19,2,24891.25,1.0,filled,False,9.75,-52.25
2026-02-20,5,bullish,24890.75,24891.75,24891.25,1.0,6,2026-02-23 02:02:00-05:00,2026-02-23,2,3,24891.75,1.0,filled,True,22.75,-9.75
2026-02-23,5,bullish,24956.25,24970.25,24963.25,14.0,1,2026-02-24 09:48:00-05:00,2026-02-24,9,1,24931.25,1.0,filled,True,100.0,-111.75
2026-02-23,5,bullish,24956.25,24970.25,24963.25,14.0,2,2026-02-24 10:25:00-05:00,2026-02-24,10,1,24952.0,1.0,filled,True,95.0,-17.5
2026-02-23,5,bullish,24956.25,24970.25,24963.25,14.0,3,2026-02-24 10:56:00-05:00,2026-02-24,10,1,24972.25,0.23214285714285715,edge_near,True,74.75,-5.25
2026-02-23,5,bullish,24956.25,24970.25,24963.25,14.0,4,2026-02-24 10:59:00-05:00,2026-02-24,10,1,24976.25,0.07142857142857142,edge_near,True,70.75,-7.0
2026-02-23,5,bullish,24956.25,24970.25,24963.25,14.0,5,2026-02-24 11:34:00-05:00,2026-02-24,11,1,24972.5,0.07142857142857142,edge_near,True,103.5,-3.25
2026-02-23,5,bullish,24956.25,24970.25,24963.25,14.0,6,2026-02-26 10:18:00-05:00,2026-02-26,10,3,24970.25,1.0,filled,True,99.0,-108.25
2026-02-23,5,bearish,24923.75,24965.75,24944.75,42.0,1,2026-02-24 09:45:00-05:00,2026-02-24,9,1,24922.0,0.9642857142857143,filled,True,102.5,-109.25
2026-02-23,5,bearish,24923.75,24965.75,24944.75,42.0,2,2026-02-24 10:21:00-05:00,2026-02-24,10,1,24920.0,1.0,filled,False,6.5,-127.0
2026-02-23,5,bearish,24923.75,24965.75,24944.75,42.0,3,2026-02-26 10:18:00-05:00,2026-02-26,10,3,24970.25,1.0,filled,True,108.25,-99.0
2026-02-23,5,bearish,24923.75,24965.75,24944.75,42.0,4,2026-02-26 10:37:00-05:00,2026-02-26,10,3,24933.5,1.0,filled,True,28.25,-152.0
2026-02-23,5,bearish,24923.75,24965.75,24944.75,42.0,5,2026-02-26 10:42:00-05:00,2026-02-26,10,3,24972.75,1.0,filled,True,14.25,-112.75
2026-02-23,5,bearish,24923.75,24965.75,24944.75,42.0,6,2026-02-26 11:55:00-05:00,2026-02-26,11,3,24970.25,1.0,filled,True,58.0,-39.0
2026-02-24,5,bearish,24869.25,24875.75,24872.5,6.5,1,2026-02-26 10:34:00-05:00,2026-02-26,10,2,24871.75,1.0,filled,False,9.75,-213.75
2026-02-24,5,bearish,24869.25,24875.75,24872.5,6.5,2,2026-02-27 08:28:00-05:00,2026-02-27,8,3,24876.75,1.0,filled,True,81.25,-16.25
2026-02-24,5,bearish,24869.25,24875.75,24872.5,6.5,3,2026-02-27 08:59:00-05:00,2026-02-27,8,3,24870.25,1.0,filled,True,90.25,-68.5
2026-02-24,5,bearish,24869.25,24875.75,24872.5,6.5,4,2026-02-27 09:32:00-05:00,2026-02-27,9,3,24880.75,1.0,filled,True,100.75,-117.0
2026-02-24,5,bearish,24869.25,24875.75,24872.5,6.5,5,2026-02-27 09:34:00-05:00,2026-02-27,9,3,24880.5,1.0,filled,True,100.5,-117.25
2026-02-24,5,bearish,24869.25,24875.75,24872.5,6.5,6,2026-02-27 09:45:00-05:00,2026-02-27,9,3,24857.75,1.0,filled,True,40.0,-159.75
2026-02-24,5,bearish,24854.5,24856.5,24855.5,2.0,1,2026-02-27 08:30:00-05:00,2026-02-27,8,3,24852.25,1.0,filled,True,56.75,-39.25
2026-02-24,5,bearish,24854.5,24856.5,24855.5,2.0,2,2026-02-27 08:45:00-05:00,2026-02-27,8,3,24840.5,0.125,edge_near,True,60.5,-69.5
2026-02-24,5,bearish,24854.5,24856.5,24855.5,2.0,3,2026-02-27 08:49:00-05:00,2026-02-27,8,3,24858.75,1.0,filled,True,78.75,-80.0
2026-02-24,5,bearish,24854.5,24856.5,24855.5,2.0,4,2026-02-27 08:58:00-05:00,2026-02-27,8,3,24866.25,1.0,filled,True,86.25,-72.5
2026-02-24,5,bearish,24854.5,24856.5,24855.5,2.0,5,2026-02-27 09:02:00-05:00,2026-02-27,9,3,24859.75,1.0,filled,True,79.75,-94.25
2026-02-24,5,bearish,24854.5,24856.5,24855.5,2.0,6,2026-02-27 09:11:00-05:00,2026-02-27,9,3,24853.5,1.0,filled,True,73.5,-140.0
2026-02-24,5,bearish,24841.5,24844.75,24843.125,3.25,1,2026-02-27 08:30:00-05:00,2026-02-27,8,3,24852.25,1.0,filled,True,56.75,-39.25
2026-02-24,5,bearish,24841.5,24844.75,24843.125,3.25,2,2026-02-27 08:44:00-05:00,2026-02-27,8,3,24840.5,1.0,filled,True,60.5,-69.5
2026-02-24,5,bearish,24841.5,24844.75,24843.125,3.25,3,2026-02-27 08:50:00-05:00,2026-02-27,8,3,24845.75,1.0,filled,True,65.75,-93.0
2026-02-24,5,bearish,24841.5,24844.75,24843.125,3.25,4,2026-02-27 09:03:00-05:00,2026-02-27,9,3,24849.25,1.0,filled,True,69.25,-104.75
2026-02-24,5,bearish,24841.5,24844.75,24843.125,3.25,5,2026-02-27 09:12:00-05:00,2026-02-27,9,3,24839.25,1.0,filled,True,59.25,-154.5
2026-02-24,5,bearish,24841.5,24844.75,24843.125,3.25,6,2026-02-27 09:30:00-05:00,2026-02-27,9,3,24828.0,1.0,filled,True,48.0,-169.75
2026-02-24,5,bearish,24825.75,24826.5,24826.125,0.75,1,2026-02-27 08:30:00-05:00,2026-02-27,8,3,24852.25,1.0,filled,True,56.75,-39.25
2026-02-24,5,bearish,24825.75,24826.5,24826.125,0.75,2,2026-02-27 08:36:00-05:00,2026-02-27,8,3,24818.5,1.0,filled,True,23.0,-86.0
2026-02-24,5,bearish,24825.75,24826.5,24826.125,0.75,3,2026-02-27 08:38:00-05:00,2026-02-27,8,3,24823.5,1.0,filled,True,28.0,-81.0
2026-02-24,5,bearish,24825.75,24826.5,24826.125,0.75,4,2026-02-27 08:43:00-05:00,2026-02-27,8,3,24823.25,1.0,filled,True,43.25,-86.75
2026-02-24,5,bearish,24825.75,24826.5,24826.125,0.75,5,2026-02-27 09:17:00-05:00,2026-02-27,9,3,24825.75,1.0,filled,True,45.75,-168.0
2026-02-24,5,bearish,24825.75,24826.5,24826.125,0.75,6,2026-02-27 09:23:00-05:00,2026-02-27,9,3,24829.0,1.0,filled,True,49.0,-164.75
2026-02-24,5,bullish,24815.75,24904.5,24860.125,88.75,1,2026-02-26 10:22:00-05:00,2026-02-26,10,2,24927.0,0.028169014084507043,edge_near,True,142.25,-65.0
2026-02-24,5,bullish,24815.75,24904.5,24860.125,88.75,2,2026-02-26 10:24:00-05:00,2026-02-26,10,2,24917.25,0.059154929577464786,edge_near,True,152.0,-55.25
2026-02-24,5,bullish,24815.75,24904.5,24860.125,88.75,3,2026-02-26 10:28:00-05:00,2026-02-26,10,2,24906.25,0.4788732394366197,approached_CE,True,179.25,-44.25
2026-02-24,5,bullish,24815.75,24904.5,24860.125,88.75,4,2026-02-26 13:08:00-05:00,2026-02-26,13,2,24901.5,0.17746478873239438,edge_near,True,150.0,-12.75
2026-02-24,5,bullish,24815.75,24904.5,24860.125,88.75,5,2026-02-27 07:57:00-05:00,2026-02-27,7,3,24903.5,0.08169014084507042,edge_near,True,39.25,-108.0
2026-02-24,5,bullish,24815.75,24904.5,24860.125,88.75,6,2026-02-27 08:15:00-05:00,2026-02-27,8,3,24913.75,0.0028169014084507044,edge_near,True,10.25,-118.25
2026-02-24,5,bearish,24878.5,24901.25,24889.875,22.75,1,2026-02-26 10:24:00-05:00,2026-02-26,10,2,24917.25,1.0,filled,True,55.25,-152.0
2026-02-24,5,bearish,24878.5,24901.25,24889.875,22.75,2,2026-02-26 10:28:00-05:00,2026-02-26,10,2,24906.25,1.0,filled,True,44.25,-179.25
2026-02-24,5,bearish,24878.5,24901.25,24889.875,22.75,3,2026-02-26 10:30:00-05:00,2026-02-26,10,2,24905.0,1.0,filled,True,43.0,-180.5
2026-02-24,5,bearish,24878.5,24901.25,24889.875,22.75,4,2026-02-26 13:08:00-05:00,2026-02-26,13,2,24901.5,1.0,filled,True,12.75,-150.0
2026-02-24,5,bearish,24878.5,24901.25,24889.875,22.75,5,2026-02-26 13:13:00-05:00,2026-02-26,13,2,24905.5,1.0,filled,True,14.75,-166.75
2026-02-24,5,bearish,24878.5,24901.25,24889.875,22.75,6,2026-02-26 13:15:00-05:00,2026-02-26,13,2,24900.75,1.0,filled,True,10.0,-171.5
2026-02-25,5,bearish,25153.25,25155.25,25154.25,2.0,1,2026-02-26 10:01:00-05:00,2026-02-26,10,1,25144.25,1.0,filled,True,282.25,-45.75
2026-02-25,5,bearish,25153.25,25155.25,25154.25,2.0,2,2026-02-26 10:05:00-05:00,2026-02-26,10,1,25163.25,1.0,filled,True,301.25,-14.25
2026-02-25,5,bearish,25153.25,25155.25,25154.25,2.0,3,2026-03-04 11:02:00-05:00,2026-03-04,11,7,25145.25,1.0,filled,True,94.0,-27.0
2026-02-25,5,bearish,25153.25,25155.25,25154.25,2.0,4,2026-03-04 11:41:00-05:00,2026-03-04,11,7,25153.5,1.0,filled,True,48.5,-21.75
2026-02-25,5,bearish,25153.25,25155.25,25154.25,2.0,5,2026-03-04 11:44:00-05:00,2026-03-04,11,7,25159.5,1.0,filled,True,54.5,-15.75
2026-02-25,5,bearish,25153.25,25155.25,25154.25,2.0,6,2026-03-04 11:48:00-05:00,2026-03-04,11,7,25165.75,1.0,filled,True,60.75,-9.5
2026-02-25,5,bullish,25153.25,25156.75,25155.0,3.5,1,2026-02-26 10:01:00-05:00,2026-02-26,10,1,25144.25,1.0,filled,True,45.75,-282.25
2026-02-25,5,bullish,25153.25,25156.75,25155.0,3.5,2,2026-02-26 10:05:00-05:00,2026-02-26,10,1,25163.25,1.0,filled,True,14.25,-301.25
2026-02-25,5,bullish,25153.25,25156.75,25155.0,3.5,3,2026-03-04 11:02:00-05:00,2026-03-04,11,7,25145.25,1.0,filled,True,27.0,-94.0
2026-02-25,5,bullish,25153.25,25156.75,25155.0,3.5,4,2026-03-04 11:41:00-05:00,2026-03-04,11,7,25153.5,1.0,filled,True,21.75,-48.5
2026-02-25,5,bullish,25153.25,25156.75,25155.0,3.5,5,2026-03-04 11:44:00-05:00,2026-03-04,11,7,25159.5,0.7857142857142857,filled,True,15.75,-54.5
2026-02-25,5,bullish,25153.25,25156.75,25155.0,3.5,6,2026-03-04 11:48:00-05:00,2026-03-04,11,7,25165.75,1.0,filled,False,9.5,-60.75
2026-02-25,5,bullish,25164.75,25217.25,25191.0,52.5,1,2026-02-26 09:48:00-05:00,2026-02-26,9,1,25218.25,0.15714285714285714,edge_near,True,35.75,-356.25
2026-02-25,5,bullish,25164.75,25217.25,25191.0,52.5,2,2026-02-26 09:51:00-05:00,2026-02-26,9,1,25214.5,1.0,filled,True,27.0,-352.5
2026-02-25,5,bullish,25164.75,25217.25,25191.0,52.5,3,2026-02-26 10:03:00-05:00,2026-02-26,10,1,25170.5,1.0,filled,True,19.5,-308.5
2026-02-25,5,bullish,25164.75,25217.25,25191.0,52.5,4,2026-03-04 11:43:00-05:00,2026-03-04,11,7,25161.5,1.0,filled,True,13.75,-56.5
2026-02-25,5,bullish,25164.75,25217.25,25191.0,52.5,5,2026-03-04 11:53:00-05:00,2026-03-04,11,7,25165.0,1.0,filled,True,15.0,-60.0
2026-02-25,5,bullish,25164.75,25217.25,25191.0,52.5,6,2026-03-04 12:03:00-05:00,2026-03-04,12,7,25163.0,1.0,filled,True,21.0,-58.0
2026-02-25,5,bullish,25255.0,25270.75,25262.875,15.75,1,2026-02-26 09:34:00-05:00,2026-02-26,9,1,25272.25,1.0,filled,True,23.25,-410.25
2026-02-25,5,bullish,25279.75,25315.0,25297.375,35.25,1,2026-02-26 00:00:00-05:00,2026-02-26,0,1,25297.75,0.950354609929078,filled,True,18.5,-16.25
2026-02-25,5,bullish,25279.75,25315.0,25297.375,35.25,2,2026-02-26 09:30:00-05:00,2026-02-26,9,1,25293.75,1.0,filled,True,48.25,-408.75
2026-02-25,5,bullish,25279.75,25315.0,25297.375,35.25,3,2026-02-26 09:39:00-05:00,2026-02-26,9,1,25276.0,1.0,filled,True,19.5,-414.0
2026-02-27,5,bullish,24835.25,24840.25,24837.75,5.0,1,2026-03-01 20:08:00-05:00,2026-03-01,20,2,24835.0,1.0,filled,True,66.25,-13.75
2026-02-27,5,bullish,24835.25,24840.25,24837.75,5.0,2,2026-03-01 21:06:00-05:00,2026-03-01,21,2,24841.0,1.0,filled,True,19.5,-44.75
2026-02-27,5,bullish,24835.25,24840.25,24837.75,5.0,3,2026-03-01 21:22:00-05:00,2026-03-01,21,2,24836.25,1.0,filled,True,11.5,-40.0
2026-02-27,5,bullish,24835.25,24840.25,24837.75,5.0,4,2026-03-01 21:33:00-05:00,2026-03-01,21,2,24833.5,1.0,filled,True,14.25,-37.25
2026-02-27,5,bullish,24835.25,24840.25,24837.75,5.0,5,2026-03-01 22:20:00-05:00,2026-03-01,22,2,24822.0,1.0,filled,True,13.25,-81.25
2026-02-27,5,bullish,24835.25,24840.25,24837.75,5.0,6,2026-03-02 09:34:00-05:00,2026-03-02,9,3,24833.25,1.0,filled,True,114.5,-55.0
2026-03-02,5,bullish,24649.5,24795.25,24722.375,145.75,1,2026-03-03 00:35:00-05:00,2026-03-03,0,1,24802.25,1.0,filled,False,3.75,-62.25
2026-03-02,5,bullish,24649.5,24795.25,24722.375,145.75,2,2026-03-03 03:18:00-05:00,2026-03-03,3,1,24644.5,1.0,filled,True,18.0,-139.0
2026-03-02,5,bullish,24649.5,24795.25,24722.375,145.75,3,2026-03-03 09:38:00-05:00,2026-03-03,9,1,24644.75,1.0,filled,True,16.25,-294.0
2026-03-02,5,bullish,24649.5,24795.25,24722.375,145.75,4,2026-03-03 11:43:00-05:00,2026-03-03,11,1,24640.5,1.0,filled,True,84.5,-56.5
2026-03-02,5,bullish,24649.5,24795.25,24722.375,145.75,5,2026-03-03 12:14:00-05:00,2026-03-03,12,1,24655.75,1.0,filled,True,56.75,-54.0
2026-03-02,5,bullish,24649.5,24795.25,24722.375,145.75,6,2026-03-03 12:37:00-05:00,2026-03-03,12,1,24638.25,1.0,filled,True,161.75,-15.75
2026-03-04,5,bearish,24880.5,24880.75,24880.625,0.25,1,2026-03-05 12:32:00-05:00,2026-03-05,12,1,24879.25,1.0,filled,True,102.25,-43.25
2026-03-04,5,bearish,24880.5,24880.75,24880.625,0.25,2,2026-03-05 12:37:00-05:00,2026-03-05,12,1,24918.25,1.0,filled,True,144.25,-4.25
2026-03-04,5,bearish,24880.5,24880.75,24880.625,0.25,3,2026-03-05 12:39:00-05:00,2026-03-05,12,1,24887.25,1.0,filled,True,113.25,-18.5
2026-03-04,5,bearish,24880.5,24880.75,24880.625,0.25,4,2026-03-05 13:13:00-05:00,2026-03-05,13,1,24882.5,1.0,filled,True,108.5,-6.5
2026-03-04,5,bearish,24880.5,24880.75,24880.625,0.25,5,2026-03-05 14:20:00-05:00,2026-03-05,14,1,24855.5,1.0,filled,True,62.75,-91.0
2026-03-04,5,bearish,24880.5,24880.75,24880.625,0.25,6,2026-03-05 14:50:00-05:00,2026-03-05,14,1,24871.25,1.0,filled,True,48.25,-153.75
2026-03-05,5,bullish,25002.25,25066.5,25034.375,64.25,1,2026-03-06 03:25:00-05:00,2026-03-06,3,1,25069.25,0.5214007782101168,through_CE,True,39.75,-98.75
2026-03-05,5,bullish,25002.25,25066.5,25034.375,64.25,2,2026-03-06 04:01:00-05:00,2026-03-06,4,1,25065.75,1.0,filled,True,16.25,-183.75
2026-03-05,5,bullish,25002.25,25066.5,25034.375,64.25,3,2026-03-09 15:37:00-04:00,2026-03-09,15,4,25020.0,1.0,filled,True,35.0,-113.25
2026-03-05,5,bullish,25002.25,25066.5,25034.375,64.25,4,2026-03-09 15:57:00-04:00,2026-03-09,15,4,25007.5,1.0,filled,True,18.25,-100.75
2026-03-05,5,bullish,25002.25,25066.5,25034.375,64.25,5,2026-03-10 03:05:00-04:00,2026-03-10,3,5,25017.0,1.0,filled,True,82.0,-36.0
2026-03-05,5,bullish,25002.25,25066.5,25034.375,64.25,6,2026-03-10 03:09:00-04:00,2026-03-10,3,5,25002.0,1.0,filled,True,143.0,-21.0
2026-03-05,5,bullish,25144.75,25165.0,25154.875,20.25,1,2026-03-10 04:09:00-04:00,2026-03-10,4,5,25139.0,1.0,filled,False,7.75,-59.75
2026-03-05,5,bullish,25144.75,25165.0,25154.875,20.25,2,2026-03-10 04:39:00-04:00,2026-03-10,4,5,25137.5,1.0,filled,False,9.25,-58.25
2026-03-05,5,bullish,25144.75,25165.0,25154.875,20.25,3,2026-03-10 10:57:00-04:00,2026-03-10,10,5,25145.0,1.0,filled,True,37.0,-36.0
2026-03-05,5,bullish,25144.75,25165.0,25154.875,20.25,4,2026-03-10 11:03:00-04:00,2026-03-10,11,5,25170.75,1.0,filled,False,6.75,-61.75
2026-03-05,5,bullish,25144.75,25165.0,25154.875,20.25,5,2026-03-10 11:11:00-04:00,2026-03-10,11,5,25142.25,1.0,filled,True,34.75,-62.25
2026-03-05,5,bullish,25144.75,25165.0,25154.875,20.25,6,2026-03-10 11:15:00-04:00,2026-03-10,11,5,25136.5,1.0,filled,True,40.5,-56.5
2026-03-09,5,bearish,24409.5,24420.0,24414.75,10.5,1,2026-03-13 03:16:00-04:00,2026-03-13,3,4,24431.25,1.0,filled,True,33.75,-44.75
2026-03-09,5,bearish,24409.5,24420.0,24414.75,10.5,2,2026-03-13 03:21:00-04:00,2026-03-13,3,4,24418.75,1.0,filled,True,21.25,-57.25
2026-03-09,5,bearish,24409.5,24420.0,24414.75,10.5,3,2026-03-13 04:04:00-04:00,2026-03-13,4,4,24422.5,1.0,filled,True,25.0,-152.25
2026-03-09,5,bearish,24409.5,24420.0,24414.75,10.5,4,2026-03-13 04:09:00-04:00,2026-03-13,4,4,24407.75,1.0,filled,True,10.25,-167.0
2026-03-09,5,bearish,24409.5,24420.0,24414.75,10.5,5,2026-03-13 04:11:00-04:00,2026-03-13,4,4,24411.25,0.5238095238095238,through_CE,True,13.75,-163.5
2026-03-09,5,bearish,24409.5,24420.0,24414.75,10.5,6,2026-03-13 04:14:00-04:00,2026-03-13,4,4,24409.75,1.0,filled,True,12.25,-165.0
2026-03-10,5,bullish,24983.5,24984.25,24983.875,0.75,1,2026-03-11 03:36:00-04:00,2026-03-11,3,1,24982.25,1.0,filled,True,55.5,-34.75
2026-03-10,5,bullish,24983.5,24984.25,24983.875,0.75,2,2026-03-11 03:50:00-04:00,2026-03-11,3,1,24983.5,1.0,filled,True,54.25,-20.5
2026-03-10,5,bullish,24983.5,24984.25,24983.875,0.75,3,2026-03-11 04:39:00-04:00,2026-03-11,4,1,24987.0,1.0,filled,True,17.0,-67.5
2026-03-10,5,bullish,24983.5,24984.25,24983.875,0.75,4,2026-03-11 04:47:00-04:00,2026-03-11,4,1,24980.75,1.0,filled,True,18.25,-67.5
2026-03-10,5,bullish,24983.5,24984.25,24983.875,0.75,5,2026-03-11 04:57:00-04:00,2026-03-11,4,1,24982.25,1.0,filled,True,16.75,-82.75
2026-03-10,5,bullish,24983.5,24984.25,24983.875,0.75,6,2026-03-11 06:16:00-04:00,2026-03-11,6,1,24976.25,1.0,filled,True,67.25,-18.0
2026-03-10,5,bearish,24977.25,24992.25,24984.75,15.0,1,2026-03-11 03:34:00-04:00,2026-03-11,3,1,24989.75,1.0,filled,True,42.25,-48.0
2026-03-10,5,bearish,24977.25,24992.25,24984.75,15.0,2,2026-03-11 03:48:00-04:00,2026-03-11,3,1,24977.0,1.0,filled,True,19.25,-60.75
2026-03-10,5,bearish,24977.25,24992.25,24984.75,15.0,3,2026-03-11 03:53:00-04:00,2026-03-11,3,1,24992.0,1.0,filled,True,42.0,-45.75
2026-03-10,5,bearish,24977.25,24992.25,24984.75,15.0,4,2026-03-11 04:38:00-04:00,2026-03-11,4,1,24990.0,1.0,filled,True,70.5,-17.5
2026-03-10,5,bearish,24977.25,24992.25,24984.75,15.0,5,2026-03-11 04:57:00-04:00,2026-03-11,4,1,24982.25,1.0,filled,True,82.75,-16.75
2026-03-10,5,bearish,24977.25,24992.25,24984.75,15.0,6,2026-03-11 06:15:00-04:00,2026-03-11,6,1,24978.5,0.6,through_CE,True,20.25,-65.0
2026-03-11,5,bullish,24958.75,24969.0,24963.875,10.25,1,2026-03-18 02:08:00-04:00,2026-03-18,2,7,24957.25,1.0,filled,True,32.75,-7.25
2026-03-11,5,bullish,24958.75,24969.0,24963.875,10.25,2,2026-03-18 02:17:00-04:00,2026-03-18,2,7,24958.0,1.0,filled,True,32.0,-6.0
2026-03-11,5,bullish,24958.75,24969.0,24963.875,10.25,3,2026-03-18 02:37:00-04:00,2026-03-18,2,7,24969.0,1.0,filled,False,3.5,-24.0
2026-03-11,5,bullish,24958.75,24969.0,24963.875,10.25,4,2026-03-18 03:07:00-04:00,2026-03-18,3,7,24958.75,1.0,filled,False,7.25,-20.75
2026-03-11,5,bullish,24958.75,24969.0,24963.875,10.25,5,2026-03-18 03:11:00-04:00,2026-03-18,3,7,24957.5,1.0,filled,False,8.5,-19.5
2026-03-11,5,bullish,24958.75,24969.0,24963.875,10.25,6,2026-03-18 03:14:00-04:00,2026-03-18,3,7,24958.25,1.0,filled,False,7.75,-20.25
2026-03-11,5,bullish,24982.25,24988.75,24985.5,6.5,1,2026-03-18 02:25:00-04:00,2026-03-18,2,7,24988.0,1.0,filled,False,2.0,-43.0
2026-03-11,5,bullish,24982.25,24988.75,24985.5,6.5,2,2026-03-18 02:32:00-04:00,2026-03-18,2,7,24982.75,1.0,filled,False,1.5,-37.75
2026-03-12,5,bearish,24813.25,24833.75,24823.5,20.5,1,2026-03-16 15:10:00-04:00,2026-03-16,15,4,24770.25,0.14634146341463414,edge_near,True,133.75,-46.0
2026-03-12,5,bearish,24813.25,24833.75,24823.5,20.5,2,2026-03-17 09:32:00-04:00,2026-03-17,9,5,24840.0,1.0,filled,True,61.5,-56.75
2026-03-12,5,bearish,24813.25,24833.75,24823.5,20.5,3,2026-03-17 09:36:00-04:00,2026-03-17,9,5,24832.25,1.0,filled,True,53.75,-64.5
2026-03-12,5,bearish,24813.25,24833.75,24823.5,20.5,4,2026-03-17 09:40:00-04:00,2026-03-17,9,5,24832.0,1.0,filled,True,53.5,-64.75
2026-03-12,5,bearish,24813.25,24833.75,24823.5,20.5,5,2026-03-17 10:10:00-04:00,2026-03-17,10,5,24833.75,1.0,filled,True,55.25,-39.0
2026-03-12,5,bearish,24813.25,24833.75,24823.5,20.5,6,2026-03-17 10:18:00-04:00,2026-03-17,10,5,24817.0,1.0,filled,True,36.25,-55.75
2026-03-12,5,bearish,24794.5,24800.0,24797.25,5.5,1,2026-03-13 09:45:00-04:00,2026-03-13,9,1,24795.75,1.0,filled,True,213.75,-9.25
2026-03-12,5,bearish,24794.5,24800.0,24797.25,5.5,2,2026-03-13 09:54:00-04:00,2026-03-13,9,1,24789.25,0.45454545454545453,approached_CE,True,250.0,-7.75
2026-03-12,5,bearish,24794.5,24800.0,24797.25,5.5,3,2026-03-16 15:10:00-04:00,2026-03-16,15,4,24770.25,1.0,filled,True,133.75,-46.0
2026-03-12,5,bearish,24794.5,24800.0,24797.25,5.5,4,2026-03-17 09:24:00-04:00,2026-03-17,9,5,24799.0,1.0,filled,True,52.5,-97.75
2026-03-12,5,bearish,24794.5,24800.0,24797.25,5.5,5,2026-03-17 09:29:00-04:00,2026-03-17,9,5,24783.25,0.4090909090909091,approached_CE,True,36.75,-113.5
2026-03-12,5,bearish,24794.5,24800.0,24797.25,5.5,6,2026-03-17 09:31:00-04:00,2026-03-17,9,5,24800.0,1.0,filled,True,35.5,-96.75
2026-03-12,5,bearish,24765.0,24796.75,24780.875,31.75,1,2026-03-13 09:44:00-04:00,2026-03-13,9,1,24770.0,1.0,filled,True,176.0,-35.0
2026-03-12,5,bearish,24765.0,24796.75,24780.875,31.75,2,2026-03-13 09:52:00-04:00,2026-03-13,9,1,24752.25,1.0,filled,True,210.25,-44.75
2026-03-12,5,bearish,24765.0,24796.75,24780.875,31.75,3,2026-03-13 10:00:00-04:00,2026-03-13,10,1,24752.0,0.015748031496062992,edge_near,True,281.25,-13.5
2026-03-12,5,bearish,24765.0,24796.75,24780.875,31.75,4,2026-03-16 10:21:00-04:00,2026-03-16,10,4,24754.0,0.023622047244094488,edge_near,True,151.75,-11.75
2026-03-12,5,bearish,24765.0,24796.75,24780.875,31.75,5,2026-03-16 15:09:00-04:00,2026-03-16,15,4,24785.75,1.0,filled,True,149.25,-30.5
2026-03-12,5,bearish,24765.0,24796.75,24780.875,31.75,6,2026-03-17 09:17:00-04:00,2026-03-17,9,5,24764.25,1.0,filled,True,17.75,-132.5
2026-03-13,5,bullish,24694.75,24755.0,24724.875,60.25,1,2026-03-16 09:32:00-04:00,2026-03-16,9,3,24685.25,1.0,filled,True,80.5,-25.0
2026-03-13,5,bullish,24694.75,24755.0,24724.875,60.25,2,2026-03-16 09:45:00-04:00,2026-03-16,9,3,24723.5,1.0,filled,True,42.25,-89.75
2026-03-13,5,bullish,24694.75,24755.0,24724.875,60.25,3,2026-03-16 10:36:00-04:00,2026-03-16,10,3,24685.75,1.0,filled,True,54.0,-83.5
2026-03-13,5,bullish,24694.75,24755.0,24724.875,60.25,4,2026-03-16 10:59:00-04:00,2026-03-16,10,3,24694.5,1.0,filled,True,45.25,-47.5
2026-03-13,5,bullish,24694.75,24755.0,24724.875,60.25,5,2026-03-16 11:13:00-04:00,2026-03-16,11,3,24695.0,1.0,filled,True,44.75,-30.75
2026-03-13,5,bullish,24694.75,24755.0,24724.875,60.25,6,2026-03-16 12:07:00-04:00,2026-03-16,12,3,24697.75,1.0,filled,True,23.25,-80.5
2026-03-16,5,bullish,24663.25,24674.0,24668.625,10.75,1,2026-03-17 08:09:00-04:00,2026-03-17,8,1,24661.75,1.0,filled,True,86.75,-11.0
2026-03-16,5,bullish,24663.25,24674.0,24668.625,10.75,2,2026-03-18 08:48:00-04:00,2026-03-18,8,2,24674.5,0.8837209302325582,filled,True,105.0,-29.0
2026-03-16,5,bullish,24663.25,24674.0,24668.625,10.75,3,2026-03-18 08:54:00-04:00,2026-03-18,8,2,24671.0,0.7441860465116279,through_CE,True,108.5,-25.5
2026-03-16,5,bullish,24663.25,24674.0,24668.625,10.75,4,2026-03-18 08:57:00-04:00,2026-03-18,8,2,24659.5,1.0,filled,True,120.0,-14.0
2026-03-16,5,bullish,24663.25,24674.0,24668.625,10.75,5,2026-03-18 09:09:00-04:00,2026-03-18,9,2,24681.0,0.3023255813953488,approached_CE,True,98.5,-21.0
2026-03-16,5,bullish,24663.25,24674.0,24668.625,10.75,6,2026-03-18 09:15:00-04:00,2026-03-18,9,2,24678.25,1.0,filled,True,101.25,-18.25
2026-03-17,5,bullish,24719.5,24720.0,24719.75,0.5,1,2026-03-18 08:42:00-04:00,2026-03-18,8,1,24717.5,1.0,filled,True,59.0,-72.0
2026-03-17,5,bullish,24719.5,24720.0,24719.75,0.5,2,2026-03-18 09:27:00-04:00,2026-03-18,9,1,24718.5,1.0,filled,True,61.0,-117.25
2026-03-17,5,bullish,24719.5,24720.0,24719.75,0.5,3,2026-03-18 09:30:00-04:00,2026-03-18,9,1,24706.0,1.0,filled,True,73.5,-111.25
2026-03-17,5,bullish,24719.5,24720.0,24719.75,0.5,4,2026-03-18 09:32:00-04:00,2026-03-18,9,1,24721.75,1.0,filled,True,57.75,-127.0
2026-03-17,5,bullish,24719.5,24720.0,24719.75,0.5,5,2026-03-18 09:43:00-04:00,2026-03-18,9,1,24728.0,1.0,filled,True,51.5,-133.25
2026-03-17,5,bullish,24719.5,24720.0,24719.75,0.5,6,2026-03-18 09:51:00-04:00,2026-03-18,9,1,24719.5,1.0,filled,True,45.5,-124.75
2026-03-17,5,bullish,24733.5,24745.25,24739.375,11.75,1,2026-03-18 08:32:00-04:00,2026-03-18,8,1,24739.5,1.0,filled,True,38.0,-94.0
2026-03-17,5,bullish,24733.5,24745.25,24739.375,11.75,2,2026-03-18 08:36:00-04:00,2026-03-18,8,1,24750.75,0.6382978723404256,through_CE,True,26.75,-105.25
2026-03-17,5,bullish,24733.5,24745.25,24739.375,11.75,3,2026-03-18 08:42:00-04:00,2026-03-18,8,1,24717.5,1.0,filled,True,59.0,-72.0
2026-03-17,5,bullish,24733.5,24745.25,24739.375,11.75,4,2026-03-18 09:30:00-04:00,2026-03-18,9,1,24706.0,1.0,filled,True,73.5,-111.25
2026-03-17,5,bullish,24733.5,24745.25,24739.375,11.75,5,2026-03-18 09:32:00-04:00,2026-03-18,9,1,24721.75,1.0,filled,True,57.75,-127.0
2026-03-17,5,bullish,24733.5,24745.25,24739.375,11.75,6,2026-03-18 09:35:00-04:00,2026-03-18,9,1,24739.5,1.0,filled,True,40.0,-144.75
2026-03-17,5,bullish,24748.5,24750.75,24749.625,2.25,1,2026-03-18 08:31:00-04:00,2026-03-18,8,1,24750.75,1.0,filled,True,26.75,-105.25
2026-03-17,5,bullish,24748.5,24750.75,24749.625,2.25,2,2026-03-18 08:34:00-04:00,2026-03-18,8,1,24746.5,1.0,filled,True,31.0,-101.0
2026-03-17,5,bullish,24748.5,24750.75,24749.625,2.25,3,2026-03-18 08:42:00-04:00,2026-03-18,8,1,24717.5,1.0,filled,True,59.0,-72.0
2026-03-17,5,bullish,24748.5,24750.75,24749.625,2.25,4,2026-03-18 09:37:00-04:00,2026-03-18,9,1,24749.0,1.0,filled,True,30.5,-154.25
2026-03-17,5,bullish,24748.5,24750.75,24749.625,2.25,5,2026-03-18 09:43:00-04:00,2026-03-18,9,1,24728.0,1.0,filled,True,51.5,-133.25
2026-03-17,5,bullish,24748.5,24750.75,24749.625,2.25,6,2026-03-18 09:46:00-04:00,2026-03-18,9,1,24777.75,1.0,filled,False,1.75,-183.0
2026-03-17,5,bullish,24758.25,24776.0,24767.125,17.75,1,2026-03-18 08:30:00-04:00,2026-03-18,8,1,24763.25,1.0,filled,True,52.25,-117.75
2026-03-17,5,bullish,24758.25,24776.0,24767.125,17.75,2,2026-03-18 08:35:00-04:00,2026-03-18,8,1,24746.5,1.0,filled,True,31.0,-101.0
2026-03-17,5,bullish,24758.25,24776.0,24767.125,17.75,3,2026-03-18 08:38:00-04:00,2026-03-18,8,1,24757.5,1.0,filled,True,20.0,-112.0
2026-03-17,5,bullish,24758.25,24776.0,24767.125,17.75,4,2026-03-18 09:37:00-04:00,2026-03-18,9,1,24749.0,1.0,filled,True,30.5,-154.25
2026-03-17,5,bullish,24758.25,24776.0,24767.125,17.75,5,2026-03-18 09:40:00-04:00,2026-03-18,9,1,24765.0,1.0,filled,True,14.5,-170.25
2026-03-17,5,bullish,24758.25,24776.0,24767.125,17.75,6,2026-03-18 09:46:00-04:00,2026-03-18,9,1,24777.75,1.0,filled,False,1.75,-183.0
2026-03-17,5,bullish,24809.0,24826.0,24817.5,17.0,1,2026-03-18 08:12:00-04:00,2026-03-18,8,1,24826.75,1.0,filled,True,19.0,-181.25
2026-03-17,5,bullish,24809.0,24826.0,24817.5,17.0,2,2026-03-18 08:29:00-04:00,2026-03-18,8,1,24810.5,1.0,filled,False,5.75,-165.0
2026-03-17,5,bullish,24859.0,24861.5,24860.25,2.5,1,2026-03-18 08:03:00-04:00,2026-03-18,8,1,24863.0,1.0,filled,True,17.5,-217.5
2026-03-18,5,bullish,24691.75,24694.0,24692.875,2.25,1,2026-03-23 07:09:00-04:00,2026-03-23,7,5,24689.5,1.0,filled,True,74.0,-345.0
2026-03-18,5,bullish,24691.75,24694.0,24692.875,2.25,2,2026-03-23 07:13:00-04:00,2026-03-23,7,5,24742.25,1.0,filled,True,21.25,-397.75
2026-03-18,5,bullish,24691.75,24694.0,24692.875,2.25,3,2026-03-23 07:15:00-04:00,2026-03-23,7,5,24689.0,1.0,filled,True,55.0,-344.5
2026-03-18,5,bullish,24691.75,24694.0,24692.875,2.25,4,2026-03-23 07:34:00-04:00,2026-03-23,7,5,24668.75,1.0,filled,True,25.75,-324.25
2026-03-18,5,bullish,24691.75,24694.0,24692.875,2.25,5,2026-04-07 18:32:00-04:00,2026-04-07,18,20,24446.75,1.0,filled,True,640.0,-86.75
2026-03-18,5,bullish,24691.75,24694.0,24692.875,2.25,6,2026-04-07 18:35:00-04:00,2026-04-07,18,20,24695.25,1.0,filled,True,391.5,-54.75
2026-03-19,5,bearish,24225.75,24227.25,24226.5,1.5,1,2026-03-20 05:46:00-04:00,2026-03-20,5,1,24238.0,1.0,filled,True,130.5,-16.0
2026-03-19,5,bearish,24225.75,24227.25,24226.5,1.5,2,2026-03-20 05:49:00-04:00,2026-03-20,5,1,24227.25,1.0,filled,True,119.75,-19.0
2026-03-19,5,bearish,24225.75,24227.25,24226.5,1.5,3,2026-03-20 06:00:00-04:00,2026-03-20,6,1,24203.75,0.5,through_CE,True,96.25,-22.75
2026-03-19,5,bearish,24225.75,24227.25,24226.5,1.5,4,2026-03-20 07:03:00-04:00,2026-03-20,7,1,24230.75,1.0,filled,True,35.25,-21.0
2026-03-19,5,bearish,24225.75,24227.25,24226.5,1.5,5,2026-03-20 07:16:00-04:00,2026-03-20,7,1,24232.0,1.0,filled,True,36.5,-51.0
2026-03-19,5,bearish,24225.75,24227.25,24226.5,1.5,6,2026-03-20 07:26:00-04:00,2026-03-20,7,1,24226.75,1.0,filled,True,31.25,-56.25
2026-03-19,5,bullish,24213.0,24214.5,24213.75,1.5,1,2026-03-20 05:51:00-04:00,2026-03-20,5,1,24219.5,1.0,filled,False,7.0,-112.0
2026-03-19,5,bullish,24213.0,24214.5,24213.75,1.5,2,2026-03-20 05:59:00-04:00,2026-03-20,5,1,24218.75,1.0,filled,False,7.75,-111.25
2026-03-19,5,bullish,24213.0,24214.5,24213.75,1.5,3,2026-03-20 06:39:00-04:00,2026-03-20,6,1,24218.0,1.0,filled,True,33.75,-36.75
2026-03-19,5,bullish,24213.0,24214.5,24213.75,1.5,4,2026-03-20 07:00:00-04:00,2026-03-20,7,1,24188.25,1.0,filled,True,63.5,-1.75
2026-03-19,5,bullish,24213.0,24214.5,24213.75,1.5,5,2026-03-20 07:02:00-04:00,2026-03-20,7,1,24217.25,1.0,filled,True,34.5,-21.75
2026-03-19,5,bullish,24213.0,24214.5,24213.75,1.5,6,2026-03-20 07:38:00-04:00,2026-03-20,7,1,24212.5,1.0,filled,True,75.5,-17.0
2026-03-19,5,bearish,24214.0,24214.5,24214.25,0.5,1,2026-03-20 05:51:00-04:00,2026-03-20,5,1,24219.5,1.0,filled,True,112.0,-7.0
2026-03-19,5,bearish,24214.0,24214.5,24214.25,0.5,2,2026-03-20 05:59:00-04:00,2026-03-20,5,1,24218.75,1.0,filled,True,111.25,-7.75
2026-03-19,5,bearish,24214.0,24214.5,24214.25,0.5,3,2026-03-20 06:39:00-04:00,2026-03-20,6,1,24218.0,1.0,filled,True,36.75,-33.75
2026-03-19,5,bearish,24214.0,24214.5,24214.25,0.5,4,2026-03-20 07:02:00-04:00,2026-03-20,7,1,24217.25,1.0,filled,True,21.75,-34.5
2026-03-19,5,bearish,24214.0,24214.5,24214.25,0.5,5,2026-03-20 07:38:00-04:00,2026-03-20,7,1,24212.5,1.0,filled,True,17.0,-75.5
2026-03-19,5,bearish,24214.0,24214.5,24214.25,0.5,6,2026-03-20 07:46:00-04:00,2026-03-20,7,1,24213.0,1.0,filled,True,17.5,-75.0
2026-03-19,5,bearish,24195.0,24198.0,24196.5,3.0,1,2026-03-20 05:54:00-04:00,2026-03-20,5,1,24200.0,1.0,filled,True,92.5,-26.5
2026-03-19,5,bearish,24195.0,24198.0,24196.5,3.0,2,2026-03-20 06:01:00-04:00,2026-03-20,6,1,24189.0,1.0,filled,True,81.5,-29.0
2026-03-19,5,bearish,24195.0,24198.0,24196.5,3.0,3,2026-03-20 06:37:00-04:00,2026-03-20,6,1,24200.75,1.0,filled,True,19.5,-51.0
2026-03-19,5,bearish,24195.0,24198.0,24196.5,3.0,4,2026-03-20 06:44:00-04:00,2026-03-20,6,1,24203.0,1.0,filled,True,21.75,-48.75
2026-03-19,5,bearish,24195.0,24198.0,24196.5,3.0,5,2026-03-20 06:56:00-04:00,2026-03-20,6,1,24187.0,1.0,filled,False,0.5,-64.75
2026-03-19,5,bearish,24195.0,24198.0,24196.5,3.0,6,2026-03-20 06:59:00-04:00,2026-03-20,6,1,24194.5,1.0,filled,False,8.0,-57.25
2026-03-19,5,bullish,24246.75,24248.75,24247.75,2.0,1,2026-03-20 05:46:00-04:00,2026-03-20,5,1,24238.0,1.0,filled,True,16.0,-130.5
2026-03-19,5,bullish,24246.75,24248.75,24247.75,2.0,2,2026-03-20 07:09:00-04:00,2026-03-20,7,1,24251.5,1.0,filled,True,23.25,-56.0
2026-03-19,5,bullish,24246.75,24248.75,24247.75,2.0,3,2026-03-20 07:21:00-04:00,2026-03-20,7,1,24246.75,1.0,filled,True,36.25,-51.25
2026-03-19,5,bullish,24246.75,24248.75,24247.75,2.0,4,2026-03-20 08:00:00-04:00,2026-03-20,8,1,24249.25,1.0,filled,True,38.75,-40.75
2026-03-19,5,bullish,24246.75,24248.75,24247.75,2.0,5,2026-03-20 08:07:00-04:00,2026-03-20,8,1,24243.5,1.0,filled,True,51.5,-20.5
2026-03-19,5,bullish,24246.75,24248.75,24247.75,2.0,6,2026-03-20 08:16:00-04:00,2026-03-20,8,1,24231.5,1.0,filled,True,63.5,-8.5
2026-03-20,5,bearish,24257.0,24271.0,24264.0,14.0,1,2026-03-23 07:05:00-04:00,2026-03-23,7,3,24260.0,1.0,filled,True,370.25,-503.5
2026-03-20,5,bearish,24257.0,24271.0,24264.0,14.0,2,2026-03-23 20:39:00-04:00,2026-03-23,20,3,24312.25,1.0,filled,True,56.0,-30.25
2026-03-20,5,bearish,24257.0,24271.0,24264.0,14.0,3,2026-03-23 21:06:00-04:00,2026-03-23,21,3,24269.75,1.0,filled,True,44.25,-46.25
2026-03-20,5,bearish,24257.0,24271.0,24264.0,14.0,4,2026-03-23 21:15:00-04:00,2026-03-23,21,3,24275.75,1.0,filled,True,53.0,-40.25
2026-03-20,5,bearish,24257.0,24271.0,24264.0,14.0,5,2026-03-23 21:37:00-04:00,2026-03-23,21,3,24267.75,1.0,filled,True,45.0,-26.75
2026-03-20,5,bearish,24257.0,24271.0,24264.0,14.0,6,2026-03-23 21:50:00-04:00,2026-03-23,21,3,24257.0,0.7321428571428571,through_CE,True,34.25,-37.5
2026-03-20,5,bullish,24257.0,24257.75,24257.375,0.75,1,2026-03-23 07:05:00-04:00,2026-03-23,7,3,24260.0,1.0,filled,True,503.5,-370.25
2026-03-20,5,bullish,24257.0,24257.75,24257.375,0.75,2,2026-03-23 21:06:00-04:00,2026-03-23,21,3,24269.75,0.0,edge_near,True,46.25,-44.25
2026-03-20,5,bullish,24257.0,24257.75,24257.375,0.75,3,2026-03-23 21:17:00-04:00,2026-03-23,21,3,24263.0,1.0,filled,True,53.0,-40.25
2026-03-20,5,bullish,24257.0,24257.75,24257.375,0.75,4,2026-03-23 21:41:00-04:00,2026-03-23,21,3,24247.75,1.0,filled,True,46.75,-25.0
2026-03-20,5,bullish,24257.0,24257.75,24257.375,0.75,5,2026-03-23 21:50:00-04:00,2026-03-23,21,3,24257.0,1.0,filled,True,37.5,-34.25
2026-03-20,5,bullish,24257.0,24257.75,24257.375,0.75,6,2026-03-23 22:05:00-04:00,2026-03-23,22,3,24252.5,1.0,filled,True,42.0,-29.75
2026-03-23,5,bearish,24521.75,24528.75,24525.25,7.0,1,2026-03-24 16:26:00-04:00,2026-03-24,16,1,24537.5,1.0,filled,True,162.5,-10.25
2026-03-23,5,bearish,24521.75,24528.75,24525.25,7.0,2,2026-03-24 16:39:00-04:00,2026-03-24,16,1,24525.0,1.0,filled,True,150.0,-12.75
2026-03-23,5,bearish,24521.75,24528.75,24525.25,7.0,3,2026-03-25 04:16:00-04:00,2026-03-25,4,2,24520.5,0.0,edge_near,True,98.25,-14.25
2026-03-23,5,bearish,24521.75,24528.75,24525.25,7.0,4,2026-03-25 04:19:00-04:00,2026-03-25,4,2,24525.25,1.0,filled,True,103.0,-9.5
2026-03-23,5,bearish,24521.75,24528.75,24525.25,7.0,5,2026-03-25 04:28:00-04:00,2026-03-25,4,2,24506.5,0.17857142857142858,edge_near,True,84.25,-18.25
2026-03-23,5,bearish,24521.75,24528.75,24525.25,7.0,6,2026-03-25 04:33:00-04:00,2026-03-25,4,2,24522.75,0.42857142857142855,approached_CE,True,100.5,-2.0
2026-03-24,5,bearish,24266.5,24270.5,24268.5,4.0,1,2026-03-25 22:35:00-04:00,2026-03-25,22,1,24269.25,1.0,filled,True,26.25,-134.0
2026-03-24,5,bearish,24266.5,24270.5,24268.5,4.0,2,2026-03-26 01:25:00-04:00,2026-03-26,1,2,24270.25,1.0,filled,True,38.0,-24.25
2026-03-24,5,bearish,24266.5,24270.5,24268.5,4.0,3,2026-03-26 01:31:00-04:00,2026-03-26,1,2,24272.75,1.0,filled,True,40.5,-21.75
2026-03-24,5,bearish,24266.5,24270.5,24268.5,4.0,4,2026-03-26 01:45:00-04:00,2026-03-26,1,2,24265.75,1.0,filled,True,33.5,-23.75
2026-03-24,5,bearish,24266.5,24270.5,24268.5,4.0,5,2026-03-26 02:28:00-04:00,2026-03-26,2,2,24271.5,1.0,filled,True,69.25,-26.5
2026-03-24,5,bearish,24266.5,24270.5,24268.5,4.0,6,2026-03-26 02:31:00-04:00,2026-03-26,2,2,24278.75,1.0,filled,True,76.5,-19.25
2026-03-24,5,bearish,24213.5,24225.75,24219.625,12.25,1,2026-03-26 03:20:00-04:00,2026-03-26,3,2,24229.5,1.0,filled,True,34.0,-59.25
2026-03-24,5,bearish,24213.5,24225.75,24219.625,12.25,2,2026-03-26 04:13:00-04:00,2026-03-26,4,2,24219.75,1.0,filled,True,64.75,-25.25
2026-03-24,5,bearish,24213.5,24225.75,24219.625,12.25,3,2026-03-26 04:26:00-04:00,2026-03-26,4,2,24214.25,0.5714285714285714,through_CE,True,64.0,-6.25
2026-03-24,5,bearish,24213.5,24225.75,24219.625,12.25,4,2026-03-26 04:32:00-04:00,2026-03-26,4,2,24211.5,0.0,edge_near,True,103.0,-7.25
2026-03-24,5,bearish,24213.5,24225.75,24219.625,12.25,5,2026-03-26 04:34:00-04:00,2026-03-26,4,2,24210.5,0.42857142857142855,approached_CE,True,102.0,-8.25
2026-03-24,5,bearish,24213.5,24225.75,24219.625,12.25,6,2026-03-26 09:52:00-04:00,2026-03-26,9,2,24195.0,1.0,filled,True,105.0,-46.25
2026-03-24,5,bullish,24191.75,24200.0,24195.875,8.25,1,2026-03-26 04:19:00-04:00,2026-03-26,4,2,24204.75,0.5454545454545454,through_CE,True,15.75,-51.0
2026-03-24,5,bullish,24191.75,24200.0,24195.875,8.25,2,2026-03-26 04:22:00-04:00,2026-03-26,4,2,24208.25,0.18181818181818182,edge_near,True,12.25,-54.5
2026-03-24,5,bullish,24191.75,24200.0,24195.875,8.25,3,2026-03-26 04:28:00-04:00,2026-03-26,4,2,24201.0,1.0,filled,True,17.75,-50.75
2026-03-24,5,bullish,24191.75,24200.0,24195.875,8.25,4,2026-03-26 04:37:00-04:00,2026-03-26,4,2,24187.25,1.0,filled,True,24.75,-78.75
2026-03-24,5,bullish,24191.75,24200.0,24195.875,8.25,5,2026-03-26 04:42:00-04:00,2026-03-26,4,2,24203.75,1.0,filled,False,7.75,-95.25
2026-03-24,5,bullish,24191.75,24200.0,24195.875,8.25,6,2026-03-26 04:47:00-04:00,2026-03-26,4,2,24177.25,1.0,filled,True,25.75,-68.75
2026-03-25,5,bearish,24454.5,24456.5,24455.5,2.0,1,2026-04-07 18:32:00-04:00,2026-04-07,18,13,24446.75,1.0,filled,True,86.75,-640.0
2026-03-25,5,bullish,24449.25,24456.25,24452.75,7.0,1,2026-04-06 10:00:00-04:00,2026-04-06,10,12,24398.25,1.0,filled,True,54.75,-136.0
2026-03-25,5,bullish,24449.25,24456.25,24452.75,7.0,2,2026-04-07 16:42:00-04:00,2026-04-07,16,13,24420.5,1.0,filled,True,31.0,-31.75
2026-03-25,5,bullish,24449.25,24456.25,24452.75,7.0,3,2026-04-07 18:32:00-04:00,2026-04-07,18,13,24446.75,1.0,filled,True,640.0,-86.75
2026-03-25,5,bearish,24420.75,24442.75,24431.75,22.0,1,2026-04-06 10:00:00-04:00,2026-04-06,10,12,24398.25,1.0,filled,True,136.0,-54.75
2026-03-25,5,bearish,24420.75,24442.75,24431.75,22.0,2,2026-04-07 05:34:00-04:00,2026-04-07,5,13,24419.5,0.011363636363636364,edge_near,True,126.0,-1.5
2026-03-25,5,bearish,24420.75,24442.75,24431.75,22.0,3,2026-04-07 16:41:00-04:00,2026-04-07,16,13,24428.75,1.0,filled,True,53.75,-22.75
2026-03-25,5,bearish,24420.75,24442.75,24431.75,22.0,4,2026-04-07 16:52:00-04:00,2026-04-07,16,13,24411.5,0.125,edge_near,True,22.75,-12.0
2026-03-25,5,bearish,24420.75,24442.75,24431.75,22.0,5,2026-04-07 18:32:00-04:00,2026-04-07,18,13,24446.75,1.0,filled,True,86.75,-640.0
2026-03-25,5,bearish,24410.75,24414.25,24412.5,3.5,1,2026-04-06 09:59:00-04:00,2026-04-06,9,12,24418.0,1.0,filled,True,155.75,-35.0
2026-03-25,5,bearish,24410.75,24414.25,24412.5,3.5,2,2026-04-07 05:27:00-04:00,2026-04-07,5,13,24405.75,0.42857142857142855,approached_CE,True,112.25,-15.25
2026-03-25,5,bearish,24410.75,24414.25,24412.5,3.5,3,2026-04-07 05:32:00-04:00,2026-04-07,5,13,24405.75,1.0,filled,True,112.25,-15.25
2026-03-25,5,bearish,24410.75,24414.25,24412.5,3.5,4,2026-04-07 16:15:00-04:00,2026-04-07,16,13,24378.75,1.0,filled,True,18.75,-72.75
2026-03-25,5,bearish,24410.75,24414.25,24412.5,3.5,5,2026-04-07 16:41:00-04:00,2026-04-07,16,13,24428.75,1.0,filled,True,53.75,-22.75
2026-03-25,5,bearish,24410.75,24414.25,24412.5,3.5,6,2026-04-07 16:48:00-04:00,2026-04-07,16,13,24408.25,0.42857142857142855,approached_CE,True,19.5,-15.25
2026-03-26,5,bearish,24128.5,24130.75,24129.625,2.25,1,2026-04-01 02:30:00-04:00,2026-04-01,2,6,24131.0,1.0,filled,True,18.5,-50.5
2026-03-26,5,bearish,24128.5,24130.75,24129.625,2.25,2,2026-04-01 03:49:00-04:00,2026-04-01,3,6,24127.25,1.0,filled,True,94.0,-19.25
2026-03-26,5,bearish,24128.5,24130.75,24129.625,2.25,3,2026-04-01 06:48:00-04:00,2026-04-01,6,6,24120.25,1.0,filled,True,10.0,-67.5
2026-03-26,5,bearish,24128.5,24130.75,24129.625,2.25,4,2026-04-01 06:59:00-04:00,2026-04-01,6,6,24128.0,1.0,filled,False,6.0,-77.5
2026-03-26,5,bearish,24128.5,24130.75,24129.625,2.25,5,2026-04-01 08:27:00-04:00,2026-04-01,8,6,24128.5,1.0,filled,True,92.25,-116.5
2026-03-26,5,bearish,24128.5,24130.75,24129.625,2.25,6,2026-04-01 08:31:00-04:00,2026-04-01,8,6,24133.75,1.0,filled,True,97.5,-111.25
2026-03-26,5,bullish,24128.5,24143.25,24135.875,14.75,1,2026-04-01 02:30:00-04:00,2026-04-01,2,6,24131.0,1.0,filled,True,50.5,-18.5
2026-03-26,5,bullish,24128.5,24143.25,24135.875,14.75,2,2026-04-01 03:11:00-04:00,2026-04-01,3,6,24145.25,0.13559322033898305,edge_near,True,34.25,-112.0
2026-03-26,5,bullish,24128.5,24143.25,24135.875,14.75,3,2026-04-01 03:13:00-04:00,2026-04-01,3,6,24144.75,0.8305084745762712,filled,True,34.75,-111.5
2026-03-26,5,bullish,24128.5,24143.25,24135.875,14.75,4,2026-04-01 03:33:00-04:00,2026-04-01,3,6,24156.5,0.01694915254237288,edge_near,True,23.0,-123.25
2026-03-26,5,bullish,24128.5,24143.25,24135.875,14.75,5,2026-04-01 03:49:00-04:00,2026-04-01,3,6,24127.25,1.0,filled,True,19.25,-94.0
2026-03-26,5,bullish,24128.5,24143.25,24135.875,14.75,6,2026-04-01 06:48:00-04:00,2026-04-01,6,6,24120.25,1.0,filled,True,67.5,-10.0
2026-03-26,5,bullish,24158.5,24161.75,24160.125,3.25,1,2026-04-01 02:34:00-04:00,2026-04-01,2,6,24154.0,1.0,filled,True,27.5,-23.0
2026-03-26,5,bullish,24158.5,24161.75,24160.125,3.25,2,2026-04-01 02:36:00-04:00,2026-04-01,2,6,24162.25,1.0,filled,True,19.25,-31.25
2026-03-26,5,bullish,24158.5,24161.75,24160.125,3.25,3,2026-04-01 02:40:00-04:00,2026-04-01,2,6,24145.75,1.0,filled,True,35.75,-14.75
2026-03-26,5,bullish,24158.5,24161.75,24160.125,3.25,4,2026-04-01 02:49:00-04:00,2026-04-01,2,6,24161.25,1.0,filled,True,20.25,-35.75
2026-03-26,5,bullish,24158.5,24161.75,24160.125,3.25,5,2026-04-01 03:02:00-04:00,2026-04-01,3,6,24160.75,1.0,filled,True,18.75,-100.75
2026-03-26,5,bullish,24158.5,24161.75,24160.125,3.25,6,2026-04-01 03:07:00-04:00,2026-04-01,3,6,24154.0,1.0,filled,True,25.5,-98.75
2026-03-27,5,bullish,23597.0,23612.25,23604.625,15.25,1,2026-03-31 12:38:00-04:00,2026-03-31,12,4,23614.75,1.0,filled,True,262.5,-50.0
2026-03-27,5,bullish,23619.0,23633.5,23626.25,14.5,1,2026-03-31 12:39:00-04:00,2026-03-31,12,4,23668.0,1.0,filled,True,209.25,-58.75
2026-03-27,5,bearish,23613.75,23633.5,23623.625,19.75,1,2026-03-31 12:38:00-04:00,2026-03-31,12,4,23614.75,1.0,filled,True,50.0,-262.5
2026-03-27,5,bearish,23526.25,23588.25,23557.25,62.0,1,2026-03-30 07:26:00-04:00,2026-03-30,7,3,23474.75,0.8669354838709677,filled,True,39.25,-105.25
2026-03-27,5,bearish,23526.25,23588.25,23557.25,62.0,2,2026-03-30 09:31:00-04:00,2026-03-30,9,3,23534.75,0.18951612903225806,edge_near,True,241.75,-3.25
2026-03-27,5,bearish,23526.25,23588.25,23557.25,62.0,3,2026-03-31 09:49:00-04:00,2026-03-31,9,4,23531.25,0.0846774193548387,edge_near,True,85.75,-57.25
2026-03-27,5,bearish,23526.25,23588.25,23557.25,62.0,4,2026-03-31 09:53:00-04:00,2026-03-31,9,4,23541.75,0.8830645161290323,filled,True,138.0,-46.75
2026-03-27,5,bearish,23526.25,23588.25,23557.25,62.0,5,2026-03-31 10:11:00-04:00,2026-03-31,10,4,23524.0,0.1975806451612903,edge_near,True,146.5,-64.5
2026-03-27,5,bearish,23526.25,23588.25,23557.25,62.0,6,2026-03-31 10:14:00-04:00,2026-03-31,10,4,23524.0,1.0,filled,True,146.5,-64.5
2026-03-27,5,bearish,23520.0,23520.5,23520.25,0.5,1,2026-03-30 07:26:00-04:00,2026-03-30,7,3,23474.75,1.0,filled,True,39.25,-105.25
2026-03-27,5,bearish,23520.0,23520.5,23520.25,0.5,2,2026-03-30 08:32:00-04:00,2026-03-30,8,3,23518.25,1.0,filled,True,39.75,-19.75
2026-03-27,5,bearish,23520.0,23520.5,23520.25,0.5,3,2026-03-30 09:00:00-04:00,2026-03-30,9,3,23516.5,1.0,filled,True,223.5,-21.5
2026-03-27,5,bearish,23520.0,23520.5,23520.25,0.5,4,2026-03-30 09:28:00-04:00,2026-03-30,9,3,23512.5,1.0,filled,True,219.5,-25.5
2026-03-27,5,bearish,23520.0,23520.5,23520.25,0.5,5,2026-03-30 09:31:00-04:00,2026-03-30,9,3,23534.75,1.0,filled,True,241.75,-3.25
2026-03-27,5,bearish,23520.0,23520.5,23520.25,0.5,6,2026-03-31 09:49:00-04:00,2026-03-31,9,4,23531.25,1.0,filled,True,85.75,-57.25
2026-03-30,5,bearish,23467.75,23496.75,23482.25,29.0,1,2026-03-31 09:40:00-04:00,2026-03-31,9,1,23453.75,0.07758620689655173,edge_near,True,46.75,-134.75
2026-03-30,5,bearish,23467.75,23496.75,23482.25,29.0,2,2026-03-31 09:42:00-04:00,2026-03-31,9,1,23450.5,0.02586206896551724,edge_near,True,43.5,-138.0
2026-03-30,5,bearish,23467.75,23496.75,23482.25,29.0,3,2026-03-31 09:46:00-04:00,2026-03-31,9,1,23478.75,1.0,filled,True,29.5,-109.75
2026-03-30,5,bearish,23467.75,23496.75,23482.25,29.0,4,2026-03-31 10:08:00-04:00,2026-03-31,10,1,23508.75,1.0,filled,True,131.25,-79.75
2026-03-30,5,bearish,23467.75,23496.75,23482.25,29.0,5,2026-03-31 10:10:00-04:00,2026-03-31,10,1,23506.75,1.0,filled,True,129.25,-81.75
2026-03-30,5,bearish,23467.75,23496.75,23482.25,29.0,6,2026-03-31 10:43:00-04:00,2026-03-31,10,1,23487.0,1.0,filled,True,109.5,-72.5
2026-03-30,5,bearish,23425.5,23457.0,23441.25,31.5,1,2026-03-31 08:09:00-04:00,2026-03-31,8,1,23413.75,0.07936507936507936,edge_near,True,102.25,-22.5
2026-03-30,5,bearish,23425.5,23457.0,23441.25,31.5,2,2026-03-31 08:35:00-04:00,2026-03-31,8,1,23435.0,0.3412698412698413,approached_CE,True,77.75,-25.5
2026-03-30,5,bearish,23425.5,23457.0,23441.25,31.5,3,2026-03-31 08:45:00-04:00,2026-03-31,8,1,23406.75,0.031746031746031744,edge_near,True,49.5,-63.25
2026-03-30,5,bearish,23425.5,23457.0,23441.25,31.5,4,2026-03-31 08:52:00-04:00,2026-03-31,8,1,23419.5,0.05555555555555555,edge_near,True,62.25,-112.0
2026-03-30,5,bearish,23425.5,23457.0,23441.25,31.5,5,2026-03-31 09:30:00-04:00,2026-03-31,9,1,23416.0,1.0,filled,True,37.25,-165.0
2026-03-30,5,bearish,23425.5,23457.0,23441.25,31.5,6,2026-03-31 10:48:00-04:00,2026-03-31,10,1,23457.5,1.0,filled,True,80.0,-102.0
2026-03-30,5,bearish,23405.75,23410.5,23408.125,4.75,1,2026-03-31 08:09:00-04:00,2026-03-31,8,1,23413.75,1.0,filled,True,102.25,-22.5
2026-03-30,5,bearish,23405.75,23410.5,23408.125,4.75,2,2026-03-31 08:28:00-04:00,2026-03-31,8,1,23400.5,1.0,filled,True,43.25,-35.75
2026-03-30,5,bearish,23405.75,23410.5,23408.125,4.75,3,2026-03-31 08:34:00-04:00,2026-03-31,8,1,23410.0,1.0,filled,True,52.75,-49.5
2026-03-30,5,bearish,23405.75,23410.5,23408.125,4.75,4,2026-03-31 08:37:00-04:00,2026-03-31,8,1,23421.75,1.0,filled,True,64.5,-38.75
2026-03-30,5,bearish,23405.75,23410.5,23408.125,4.75,5,2026-03-31 08:45:00-04:00,2026-03-31,8,1,23406.75,1.0,filled,True,49.5,-63.25
2026-03-30,5,bearish,23405.75,23410.5,23408.125,4.75,6,2026-03-31 08:51:00-04:00,2026-03-31,8,1,23407.75,1.0,filled,True,50.5,-123.75
2026-03-30,5,bearish,23349.0,23352.75,23350.875,3.75,1,2026-03-31 03:48:00-04:00,2026-03-31,3,1,23347.5,1.0,filled,True,46.5,-43.75
2026-03-30,5,bearish,23349.0,23352.75,23350.875,3.75,2,2026-03-31 03:51:00-04:00,2026-03-31,3,1,23342.75,0.3333333333333333,approached_CE,True,41.75,-48.5
2026-03-30,5,bearish,23349.0,23352.75,23350.875,3.75,3,2026-03-31 03:55:00-04:00,2026-03-31,3,1,23337.5,1.0,filled,True,44.25,-53.75
2026-03-30,5,bearish,23349.0,23352.75,23350.875,3.75,4,2026-03-31 03:57:00-04:00,2026-03-31,3,1,23353.25,1.0,filled,True,60.0,-38.0
2026-03-30,5,bearish,23349.0,23352.75,23350.875,3.75,5,2026-03-31 04:01:00-04:00,2026-03-31,4,1,23348.0,1.0,filled,True,54.75,-43.25
2026-03-30,5,bearish,23349.0,23352.75,23350.875,3.75,6,2026-03-31 04:11:00-04:00,2026-03-31,4,1,23352.25,1.0,filled,True,59.0,-13.75
2026-03-30,5,bearish,23341.25,23342.75,23342.0,1.5,1,2026-03-31 00:20:00-04:00,2026-03-31,0,1,23341.25,0.6666666666666666,through_CE,True,107.25,-1.0
2026-03-30,5,bearish,23341.25,23342.75,23342.0,1.5,2,2026-03-31 03:45:00-04:00,2026-03-31,3,1,23335.0,1.0,filled,True,33.0,-56.25
2026-03-30,5,bearish,23341.25,23342.75,23342.0,1.5,3,2026-03-31 03:49:00-04:00,2026-03-31,3,1,23338.5,1.0,filled,True,37.5,-52.75
2026-03-30,5,bearish,23341.25,23342.75,23342.0,1.5,4,2026-03-31 04:02:00-04:00,2026-03-31,4,1,23355.0,1.0,filled,True,61.75,-36.25
2026-03-30,5,bearish,23341.25,23342.75,23342.0,1.5,5,2026-03-31 04:14:00-04:00,2026-03-31,4,1,23344.75,1.0,filled,True,51.5,-18.75
2026-03-30,5,bearish,23341.25,23342.75,23342.0,1.5,6,2026-03-31 04:18:00-04:00,2026-03-31,4,1,23342.0,1.0,filled,True,48.75,-15.5
2026-04-01,5,bullish,24055.5,24061.0,24058.25,5.5,1,2026-04-02 10:35:00-04:00,2026-04-02,10,1,24076.5,1.0,filled,True,191.25,-61.5
2026-04-01,5,bullish,24055.5,24061.0,24058.25,5.5,2,2026-04-02 12:20:00-04:00,2026-04-02,12,1,24074.25,0.5909090909090909,through_CE,True,106.5,-16.5
2026-04-01,5,bullish,24055.5,24061.0,24058.25,5.5,3,2026-04-05 18:00:00-04:00,2026-04-05,18,4,24035.0,1.0,filled,True,65.0,-54.0
2026-04-01,5,bullish,24055.5,24061.0,24058.25,5.5,4,2026-04-05 18:23:00-04:00,2026-04-05,18,4,24049.0,1.0,filled,True,49.0,-15.0
2026-04-01,5,bullish,24055.5,24061.0,24058.25,5.5,5,2026-04-05 18:28:00-04:00,2026-04-05,18,4,24066.0,1.0,filled,True,32.0,-32.0
2026-04-01,5,bullish,24055.5,24061.0,24058.25,5.5,6,2026-04-05 18:38:00-04:00,2026-04-05,18,4,24060.75,1.0,filled,True,37.25,-24.75
2026-04-01,5,bullish,24101.5,24135.75,24118.625,34.25,1,2026-04-02 10:36:00-04:00,2026-04-02,10,1,24187.5,1.0,filled,True,80.25,-125.25
2026-04-01,5,bullish,24101.5,24135.75,24118.625,34.25,2,2026-04-02 10:41:00-04:00,2026-04-02,10,1,24132.0,0.38686131386861317,approached_CE,True,82.25,-48.0
2026-04-01,5,bullish,24101.5,24135.75,24118.625,34.25,3,2026-04-02 10:49:00-04:00,2026-04-02,10,1,24118.75,1.0,filled,True,95.5,-34.75
2026-04-01,5,bullish,24101.5,24135.75,24118.625,34.25,4,2026-04-02 11:00:00-04:00,2026-04-02,11,1,24128.25,0.9051094890510949,filled,True,86.0,-39.25
2026-04-01,5,bullish,24101.5,24135.75,24118.625,34.25,5,2026-04-02 11:07:00-04:00,2026-04-02,11,1,24124.5,0.3795620437956204,approached_CE,True,89.75,-35.5
2026-04-01,5,bullish,24101.5,24135.75,24118.625,34.25,6,2026-04-02 11:20:00-04:00,2026-04-02,11,1,24146.75,0.45985401459854014,approached_CE,True,65.5,-89.0
2026-04-01,5,bearish,24123.0,24135.75,24129.375,12.75,1,2026-04-02 10:36:00-04:00,2026-04-02,10,1,24187.5,1.0,filled,True,125.25,-80.25
2026-04-01,5,bearish,24123.0,24135.75,24129.375,12.75,2,2026-04-02 10:41:00-04:00,2026-04-02,10,1,24132.0,1.0,filled,True,48.0,-82.25
2026-04-01,5,bearish,24123.0,24135.75,24129.375,12.75,3,2026-04-02 10:49:00-04:00,2026-04-02,10,1,24118.75,1.0,filled,True,34.75,-95.5
2026-04-01,5,bearish,24123.0,24135.75,24129.375,12.75,4,2026-04-02 10:52:00-04:00,2026-04-02,10,1,24138.5,1.0,filled,True,53.0,-75.75
2026-04-01,5,bearish,24123.0,24135.75,24129.375,12.75,5,2026-04-02 11:00:00-04:00,2026-04-02,11,1,24128.25,1.0,filled,True,39.25,-86.0
2026-04-01,5,bearish,24123.0,24135.75,24129.375,12.75,6,2026-04-02 11:07:00-04:00,2026-04-02,11,1,24124.5,1.0,filled,True,35.5,-89.75
2026-04-06,5,bullish,24347.5,24355.75,24351.625,8.25,1,2026-04-07 04:02:00-04:00,2026-04-07,4,1,24330.5,1.0,filled,True,52.5,-68.0
2026-04-06,5,bullish,24347.5,24355.75,24351.625,8.25,2,2026-04-07 04:21:00-04:00,2026-04-07,4,1,24349.5,1.0,filled,True,50.0,-21.75
2026-04-06,5,bullish,24347.5,24355.75,24351.625,8.25,3,2026-04-07 04:31:00-04:00,2026-04-07,4,1,24353.25,1.0,filled,True,59.0,-10.75
2026-04-06,5,bullish,24347.5,24355.75,24351.625,8.25,4,2026-04-07 04:41:00-04:00,2026-04-07,4,1,24352.0,0.8787878787878788,filled,True,69.0,-6.25
2026-04-06,5,bullish,24347.5,24355.75,24351.625,8.25,5,2026-04-07 04:46:00-04:00,2026-04-07,4,1,24355.75,1.0,filled,True,65.25,-10.0
2026-04-06,5,bullish,24347.5,24355.75,24351.625,8.25,6,2026-04-07 05:06:00-04:00,2026-04-07,5,1,24356.0,0.45454545454545453,approached_CE,True,65.0,-4.0
2026-04-08,5,bearish,25213.75,25222.0,25217.875,8.25,1,2026-04-09 12:01:00-04:00,2026-04-09,12,1,25218.5,1.0,filled,True,57.25,-46.0
2026-04-08,5,bearish,25213.75,25222.0,25217.875,8.25,2,2026-04-09 12:06:00-04:00,2026-04-09,12,1,25222.25,1.0,filled,True,61.0,-27.0
2026-04-08,5,bearish,25213.75,25222.0,25217.875,8.25,3,2026-04-09 12:13:00-04:00,2026-04-09,12,1,25219.0,1.0,filled,True,57.75,-24.25
2026-04-08,5,bearish,25213.75,25222.0,25217.875,8.25,4,2026-04-09 12:21:00-04:00,2026-04-09,12,1,25220.25,1.0,filled,True,59.0,-33.0
2026-04-08,5,bearish,25213.75,25222.0,25217.875,8.25,5,2026-04-09 13:06:00-04:00,2026-04-09,13,1,25221.25,1.0,filled,True,71.0,-35.5
2026-04-08,5,bearish,25213.75,25222.0,25217.875,8.25,6,2026-04-09 13:10:00-04:00,2026-04-09,13,1,25226.25,1.0,filled,True,76.0,-30.5
2026-04-08,5,bearish,25181.0,25186.5,25183.75,5.5,1,2026-04-09 11:55:00-04:00,2026-04-09,11,1,25193.75,1.0,filled,True,32.5,-70.75
2026-04-08,5,bearish,25181.0,25186.5,25183.75,5.5,2,2026-04-09 11:57:00-04:00,2026-04-09,11,1,25181.0,1.0,filled,True,19.75,-83.5
2026-04-08,5,bearish,25181.0,25186.5,25183.75,5.5,3,2026-04-09 12:38:00-04:00,2026-04-09,12,1,25189.0,1.0,filled,True,27.75,-65.75
2026-04-08,5,bearish,25181.0,25186.5,25183.75,5.5,4,2026-04-09 12:50:00-04:00,2026-04-09,12,1,25184.75,1.0,filled,True,15.25,-72.0
2026-04-08,5,bearish,25181.0,25186.5,25183.75,5.5,5,2026-04-09 13:00:00-04:00,2026-04-09,13,1,25196.75,1.0,filled,True,16.25,-60.0
2026-04-08,5,bearish,25181.0,25186.5,25183.75,5.5,6,2026-04-09 14:03:00-04:00,2026-04-09,14,1,25178.25,1.0,filled,True,33.25,-35.0
2026-04-08,5,bearish,25131.25,25132.75,25132.0,1.5,1,2026-04-09 11:32:00-04:00,2026-04-09,11,1,25126.25,1.0,filled,True,61.25,-138.25
2026-04-08,5,bearish,25131.25,25132.75,25132.0,1.5,2,2026-04-09 11:40:00-04:00,2026-04-09,11,1,25127.5,1.0,filled,True,19.5,-137.0
2026-04-08,5,bearish,25131.25,25132.75,25132.0,1.5,3,2026-04-09 11:46:00-04:00,2026-04-09,11,1,25137.75,1.0,filled,True,11.25,-126.75
2026-04-08,5,bearish,25131.25,25132.75,25132.0,1.5,4,2026-04-13 04:03:00-04:00,2026-04-13,4,5,25120.0,1.0,filled,True,31.0,-14.0
2026-04-08,5,bearish,25131.25,25132.75,25132.0,1.5,5,2026-04-13 05:35:00-04:00,2026-04-13,5,5,25131.0,1.0,filled,True,23.25,-2.75
2026-04-08,5,bearish,25131.25,25132.75,25132.0,1.5,6,2026-04-13 06:47:00-04:00,2026-04-13,6,5,25129.75,0.16666666666666666,edge_near,True,25.75,-65.5
2026-04-09,5,bearish,25040.75,25061.0,25050.875,20.25,1,2026-04-12 20:51:00-04:00,2026-04-12,20,3,25039.0,1.0,filled,True,12.25,-48.0
2026-04-09,5,bearish,25040.75,25061.0,25050.875,20.25,2,2026-04-12 21:05:00-04:00,2026-04-12,21,3,25059.25,1.0,filled,False,7.75,-32.5
2026-04-09,5,bearish,25040.75,25061.0,25050.875,20.25,3,2026-04-12 21:23:00-04:00,2026-04-12,21,3,25063.0,1.0,filled,False,5.0,-28.75
2026-04-09,5,bearish,25040.75,25061.0,25050.875,20.25,4,2026-04-12 21:41:00-04:00,2026-04-12,21,3,25063.5,1.0,filled,True,10.5,-28.25
2026-04-09,5,bearish,25040.75,25061.0,25050.875,20.25,5,2026-04-12 21:43:00-04:00,2026-04-12,21,3,25065.75,1.0,filled,True,12.75,-26.0
2026-04-09,5,bearish,25040.75,25061.0,25050.875,20.25,6,2026-04-12 21:45:00-04:00,2026-04-12,21,3,25064.5,1.0,filled,True,11.5,-27.25
2026-04-17,5,bullish,26744.25,26777.25,26760.75,33.0,1,2026-04-20 08:47:00-04:00,2026-04-20,8,3,26749.5,1.0,filled,True,76.5,-16.75
2026-04-17,5,bullish,26744.25,26777.25,26760.75,33.0,2,2026-04-20 09:24:00-04:00,2026-04-20,9,3,26776.25,0.3484848484848485,approached_CE,True,49.75,-60.25
2026-04-17,5,bullish,26744.25,26777.25,26760.75,33.0,3,2026-04-20 09:31:00-04:00,2026-04-20,9,3,26761.0,0.9166666666666666,filled,True,55.75,-54.25
2026-04-17,5,bullish,26744.25,26777.25,26760.75,33.0,4,2026-04-20 09:38:00-04:00,2026-04-20,9,3,26757.5,1.0,filled,True,46.75,-50.75
2026-04-17,5,bullish,26744.25,26777.25,26760.75,33.0,5,2026-04-20 09:51:00-04:00,2026-04-20,9,3,26747.5,1.0,filled,True,56.75,-135.25
2026-04-17,5,bullish,26744.25,26777.25,26760.75,33.0,6,2026-04-20 09:59:00-04:00,2026-04-20,9,3,26781.0,1.0,filled,False,9.75,-168.75
2026-04-17,5,bearish,26774.5,26777.25,26775.875,2.75,1,2026-04-20 08:51:00-04:00,2026-04-20,8,3,26761.25,0.09090909090909091,edge_near,True,45.25,-64.75
2026-04-17,5,bearish,26774.5,26777.25,26775.875,2.75,2,2026-04-20 09:08:00-04:00,2026-04-20,9,3,26781.5,1.0,filled,True,65.5,-44.5
2026-04-17,5,bearish,26774.5,26777.25,26775.875,2.75,3,2026-04-20 09:21:00-04:00,2026-04-20,9,3,26772.75,1.0,filled,True,56.75,-53.25
2026-04-17,5,bearish,26774.5,26777.25,26775.875,2.75,4,2026-04-20 09:24:00-04:00,2026-04-20,9,3,26776.25,1.0,filled,True,60.25,-49.75
2026-04-17,5,bearish,26774.5,26777.25,26775.875,2.75,5,2026-04-20 09:31:00-04:00,2026-04-20,9,3,26761.0,1.0,filled,True,54.25,-55.75
2026-04-17,5,bearish,26774.5,26777.25,26775.875,2.75,6,2026-04-20 09:38:00-04:00,2026-04-20,9,3,26757.5,1.0,filled,True,50.75,-46.75
2026-04-17,5,bearish,26751.0,26766.5,26758.75,15.5,1,2026-04-20 08:47:00-04:00,2026-04-20,8,3,26749.5,1.0,filled,True,16.75,-76.5
2026-04-17,5,bearish,26751.0,26766.5,26758.75,15.5,2,2026-04-20 09:11:00-04:00,2026-04-20,9,3,26776.25,1.0,filled,True,60.25,-49.75
2026-04-17,5,bearish,26751.0,26766.5,26758.75,15.5,3,2026-04-20 09:17:00-04:00,2026-04-20,9,3,26766.5,1.0,filled,True,50.5,-59.5
2026-04-17,5,bearish,26751.0,26766.5,26758.75,15.5,4,2026-04-20 09:25:00-04:00,2026-04-20,9,3,26774.75,1.0,filled,True,58.75,-51.25
2026-04-17,5,bearish,26751.0,26766.5,26758.75,15.5,5,2026-04-20 09:31:00-04:00,2026-04-20,9,3,26761.0,1.0,filled,True,54.25,-55.75
2026-04-17,5,bearish,26751.0,26766.5,26758.75,15.5,6,2026-04-20 09:38:00-04:00,2026-04-20,9,3,26757.5,1.0,filled,True,50.75,-46.75
2026-04-17,5,bearish,26720.75,26740.25,26730.5,19.5,1,2026-04-20 03:22:00-04:00,2026-04-20,3,3,26716.25,0.038461538461538464,edge_near,True,97.5,-5.25
2026-04-17,5,bearish,26720.75,26740.25,26730.5,19.5,2,2026-04-20 06:08:00-04:00,2026-04-20,6,3,26720.75,0.5641025641025641,through_CE,True,40.5,-11.0
2026-04-17,5,bearish,26720.75,26740.25,26730.5,19.5,3,2026-04-20 06:17:00-04:00,2026-04-20,6,3,26723.0,0.3717948717948718,approached_CE,True,42.75,-5.0
2026-04-17,5,bearish,26720.75,26740.25,26730.5,19.5,4,2026-04-20 07:47:00-04:00,2026-04-20,7,3,26717.25,0.10256410256410256,edge_near,True,16.75,-36.0
2026-04-17,5,bearish,26720.75,26740.25,26730.5,19.5,5,2026-04-20 08:04:00-04:00,2026-04-20,8,3,26708.75,0.2948717948717949,approached_CE,False,6.75,-66.0
2026-04-17,5,bearish,26720.75,26740.25,26730.5,19.5,6,2026-04-20 08:17:00-04:00,2026-04-20,8,3,26720.0,0.34615384615384615,approached_CE,True,10.0,-83.0
2026-04-20,5,bullish,26763.75,26766.5,26765.125,2.75,1,2026-04-21 09:31:00-04:00,2026-04-21,9,1,26747.75,1.0,filled,True,137.25,-21.5
2026-04-20,5,bullish,26763.75,26766.5,26765.125,2.75,2,2026-04-21 09:33:00-04:00,2026-04-21,9,1,26747.5,1.0,filled,True,137.5,-21.25
2026-04-20,5,bullish,26763.75,26766.5,26765.125,2.75,3,2026-04-21 09:36:00-04:00,2026-04-21,9,1,26749.5,1.0,filled,True,135.5,-21.25
2026-04-20,5,bullish,26763.75,26766.5,26765.125,2.75,4,2026-04-21 09:43:00-04:00,2026-04-21,9,1,26769.5,1.0,filled,True,115.5,-26.25
2026-04-20,5,bullish,26763.75,26766.5,26765.125,2.75,5,2026-04-21 09:47:00-04:00,2026-04-21,9,1,26775.5,1.0,filled,True,109.5,-20.75
2026-04-20,5,bullish,26763.75,26766.5,26765.125,2.75,6,2026-04-21 09:50:00-04:00,2026-04-21,9,1,26765.75,1.0,filled,True,119.25,-10.75
2026-04-21,5,bearish,26767.5,26806.0,26786.75,38.5,1,2026-04-22 00:13:00-04:00,2026-04-22,0,1,26808.5,1.0,filled,True,40.0,-8.0
2026-04-21,5,bearish,26767.5,26806.0,26786.75,38.5,2,2026-04-22 00:17:00-04:00,2026-04-22,0,1,26805.5,1.0,filled,True,37.0,-43.0
2026-04-21,5,bearish,26767.5,26806.0,26786.75,38.5,3,2026-04-22 02:17:00-04:00,2026-04-22,2,1,26803.25,1.0,filled,False,0.5,-44.75
2026-04-21,5,bearish,26767.5,26806.0,26786.75,38.5,4,2026-04-22 04:33:00-04:00,2026-04-22,4,1,26794.75,1.0,filled,True,15.0,-66.0
2026-04-21,5,bearish,26767.5,26806.0,26786.75,38.5,5,2026-04-22 06:13:00-04:00,2026-04-22,6,1,26814.0,1.0,filled,False,9.0,-35.25
2026-04-21,5,bearish,26767.5,26806.0,26786.75,38.5,6,2026-04-22 07:43:00-04:00,2026-04-22,7,1,26808.25,1.0,filled,False,2.25,-92.25
2026-04-21,5,bullish,26790.0,26793.5,26791.75,3.5,1,2026-04-22 00:30:00-04:00,2026-04-22,0,1,26794.5,0.5714285714285714,through_CE,True,62.25,-26.0
2026-04-21,5,bullish,26790.0,26793.5,26791.75,3.5,2,2026-04-22 00:34:00-04:00,2026-04-22,0,1,26793.5,0.21428571428571427,edge_near,True,63.25,-25.0
2026-04-21,5,bullish,26790.0,26793.5,26791.75,3.5,3,2026-04-22 00:38:00-04:00,2026-04-22,0,1,26794.0,0.14285714285714285,edge_near,True,62.75,-25.5
2026-04-21,5,bullish,26790.0,26793.5,26791.75,3.5,4,2026-04-22 00:43:00-04:00,2026-04-22,0,1,26793.5,0.35714285714285715,approached_CE,True,63.25,-25.0
2026-04-21,5,bullish,26790.0,26793.5,26791.75,3.5,5,2026-04-22 00:50:00-04:00,2026-04-22,0,1,26793.5,1.0,filled,True,63.25,-25.0
2026-04-21,5,bullish,26790.0,26793.5,26791.75,3.5,6,2026-04-22 01:09:00-04:00,2026-04-22,1,1,26789.25,1.0,filled,True,67.5,-0.75
2026-04-21,5,bullish,26804.0,26821.25,26812.625,17.25,1,2026-04-22 00:00:00-04:00,2026-04-22,0,1,26808.5,1.0,filled,False,9.5,-40.0
2026-04-21,5,bullish,26804.0,26821.25,26812.625,17.25,2,2026-04-22 01:12:00-04:00,2026-04-22,1,1,26794.5,1.0,filled,True,62.25,-5.25
2026-04-21,5,bullish,26804.0,26821.25,26812.625,17.25,3,2026-04-22 01:16:00-04:00,2026-04-22,1,1,26818.0,1.0,filled,True,38.75,-26.75
2026-04-21,5,bullish,26804.0,26821.25,26812.625,17.25,4,2026-04-22 02:00:00-04:00,2026-04-22,2,1,26822.5,0.18840579710144928,edge_near,True,22.5,-19.75
2026-04-21,5,bullish,26804.0,26821.25,26812.625,17.25,5,2026-04-22 02:06:00-04:00,2026-04-22,2,1,26821.25,1.0,filled,True,23.75,-18.5
2026-04-21,5,bullish,26804.0,26821.25,26812.625,17.25,6,2026-04-22 04:20:00-04:00,2026-04-22,4,1,26821.5,1.0,filled,True,31.5,-41.75
2026-04-22,5,bullish,26842.0,26845.25,26843.625,3.25,1,2026-04-23 13:40:00-04:00,2026-04-23,13,1,26825.0,1.0,filled,True,157.5,-145.0
2026-04-22,5,bullish,26842.0,26845.25,26843.625,3.25,2,2026-04-23 13:53:00-04:00,2026-04-23,13,1,26821.25,1.0,filled,True,161.25,-93.0
2026-04-22,5,bullish,26842.0,26845.25,26843.625,3.25,3,2026-04-23 13:58:00-04:00,2026-04-23,13,1,26873.5,1.0,filled,True,109.0,-34.25
2026-04-22,5,bullish,26842.0,26845.25,26843.625,3.25,4,2026-04-23 14:59:00-04:00,2026-04-23,14,1,26860.0,0.6153846153846154,through_CE,True,84.75,-18.25
2026-04-22,5,bullish,26842.0,26845.25,26843.625,3.25,5,2026-04-23 15:02:00-04:00,2026-04-23,15,1,26860.5,1.0,filled,True,114.5,-18.75
2026-04-22,5,bullish,26842.0,26845.25,26843.625,3.25,6,2026-04-23 15:50:00-04:00,2026-04-23,15,1,26887.5,0.6153846153846154,through_CE,True,101.5,-44.25
2026-04-22,5,bearish,26851.25,26865.0,26858.125,13.75,1,2026-04-23 13:22:00-04:00,2026-04-23,13,1,26874.75,1.0,filled,True,194.75,-75.25
2026-04-22,5,bearish,26851.25,26865.0,26858.125,13.75,2,2026-04-23 13:28:00-04:00,2026-04-23,13,1,26876.25,1.0,filled,True,196.25,-73.75
2026-04-22,5,bearish,26851.25,26865.0,26858.125,13.75,3,2026-04-23 13:36:00-04:00,2026-04-23,13,1,26862.75,1.0,filled,True,182.75,-119.75
2026-04-22,5,bearish,26851.25,26865.0,26858.125,13.75,4,2026-04-23 13:53:00-04:00,2026-04-23,13,1,26821.25,1.0,filled,True,93.0,-161.25
2026-04-22,5,bearish,26851.25,26865.0,26858.125,13.75,5,2026-04-23 13:55:00-04:00,2026-04-23,13,1,26874.5,1.0,filled,True,52.0,-108.0
2026-04-22,5,bearish,26851.25,26865.0,26858.125,13.75,6,2026-04-23 14:01:00-04:00,2026-04-23,14,1,26908.25,1.0,filled,True,65.0,-74.25
2026-04-23,5,bullish,27011.5,27015.25,27013.375,3.75,1,2026-04-24 00:25:00-04:00,2026-04-24,0,1,27021.25,0.0,edge_near,True,41.5,-6.0
2026-04-23,5,bullish,27011.5,27015.25,27013.375,3.75,2,2026-04-28 10:51:00-04:00,2026-04-28,10,5,27029.0,0.6666666666666666,through_CE,True,91.0,-22.75
2026-04-23,5,bullish,27011.5,27015.25,27013.375,3.75,3,2026-04-28 10:55:00-04:00,2026-04-28,10,5,27042.75,1.0,filled,True,77.25,-36.5
2026-04-23,5,bullish,27011.5,27015.25,27013.375,3.75,4,2026-04-28 11:32:00-04:00,2026-04-28,11,5,27028.25,0.3333333333333333,approached_CE,True,61.0,-22.0
2026-04-23,5,bullish,27011.5,27015.25,27013.375,3.75,5,2026-04-28 11:35:00-04:00,2026-04-28,11,5,27024.0,1.0,filled,True,65.25,-17.75
2026-04-23,5,bullish,27011.5,27015.25,27013.375,3.75,6,2026-04-28 11:48:00-04:00,2026-04-28,11,5,27017.0,1.0,filled,True,72.25,-10.75
2026-04-23,5,bullish,27017.5,27032.75,27025.125,15.25,1,2026-04-24 00:00:00-04:00,2026-04-24,0,1,27022.5,0.8852459016393442,filled,True,34.5,-7.25
2026-04-23,5,bullish,27017.5,27032.75,27025.125,15.25,2,2026-04-24 00:16:00-04:00,2026-04-24,0,1,27029.0,1.0,filled,True,31.0,-13.75
2026-04-23,5,bullish,27017.5,27032.75,27025.125,15.25,3,2026-04-24 00:39:00-04:00,2026-04-24,0,1,27034.5,0.08196721311475409,edge_near,True,39.75,-3.75
2026-04-23,5,bullish,27017.5,27032.75,27025.125,15.25,4,2026-04-24 01:12:00-04:00,2026-04-24,1,1,27034.25,0.13114754098360656,edge_near,True,65.25,-3.5
2026-04-23,5,bullish,27017.5,27032.75,27025.125,15.25,5,2026-04-28 10:50:00-04:00,2026-04-28,10,5,27026.75,1.0,filled,True,93.25,-20.5
2026-04-23,5,bullish,27017.5,27032.75,27025.125,15.25,6,2026-04-28 10:54:00-04:00,2026-04-28,10,5,27028.75,1.0,filled,True,91.25,-22.5
2026-04-23,5,bearish,27029.5,27040.75,27035.125,11.25,1,2026-04-24 00:00:00-04:00,2026-04-24,0,1,27022.5,0.17777777777777778,edge_near,False,7.25,-34.5
2026-04-23,5,bearish,27029.5,27040.75,27035.125,11.25,2,2026-04-24 00:02:00-04:00,2026-04-24,0,1,27022.5,0.022222222222222223,edge_near,False,7.25,-34.5
2026-04-23,5,bearish,27029.5,27040.75,27035.125,11.25,3,2026-04-24 00:04:00-04:00,2026-04-24,0,1,27027.75,1.0,filled,True,12.5,-29.25
2026-04-23,5,bearish,27029.5,27040.75,27035.125,11.25,4,2026-04-24 00:15:00-04:00,2026-04-24,0,1,27039.75,1.0,filled,True,24.5,-20.25
2026-04-23,5,bearish,27029.5,27040.75,27035.125,11.25,5,2026-04-24 00:30:00-04:00,2026-04-24,0,1,27031.0,1.0,filled,False,7.25,-35.5
2026-04-23,5,bearish,27029.5,27040.75,27035.125,11.25,6,2026-04-24 01:09:00-04:00,2026-04-24,1,1,27040.75,1.0,filled,True,10.0,-58.75
2026-04-24,5,bearish,27241.75,27243.5,27242.625,1.75,1,2026-04-28 06:47:00-04:00,2026-04-28,6,4,27243.0,1.0,filled,True,139.0,-26.75
2026-04-24,5,bearish,27241.75,27243.5,27242.625,1.75,2,2026-04-28 07:04:00-04:00,2026-04-28,7,4,27238.75,1.0,filled,True,160.25,-21.0
2026-04-24,5,bearish,27241.75,27243.5,27242.625,1.75,3,2026-04-28 09:48:00-04:00,2026-04-28,9,4,27246.5,1.0,filled,True,206.0,-4.25
2026-04-24,5,bearish,27241.75,27243.5,27242.625,1.75,4,2026-04-28 19:46:00-04:00,2026-04-28,19,4,27239.5,0.7142857142857143,through_CE,False,5.0,-54.5
2026-04-24,5,bearish,27241.75,27243.5,27242.625,1.75,5,2026-04-28 19:52:00-04:00,2026-04-28,19,4,27242.0,1.0,filled,False,4.25,-52.0
2026-04-24,5,bearish,27241.75,27243.5,27242.625,1.75,6,2026-04-28 21:02:00-04:00,2026-04-28,21,4,27250.25,1.0,filled,True,58.75,-19.5
2026-04-24,5,bearish,27200.75,27203.75,27202.25,3.0,1,2026-04-28 07:09:00-04:00,2026-04-28,7,4,27201.0,1.0,filled,True,122.5,-14.0
2026-04-24,5,bearish,27200.75,27203.75,27202.25,3.0,2,2026-04-28 07:14:00-04:00,2026-04-28,7,4,27191.75,0.25,approached_CE,True,128.5,-9.75
2026-04-24,5,bearish,27200.75,27203.75,27202.25,3.0,3,2026-04-28 09:41:00-04:00,2026-04-28,9,4,27204.5,1.0,filled,True,164.0,-46.25
2026-04-24,5,bearish,27200.75,27203.75,27202.25,3.0,4,2026-04-28 09:52:00-04:00,2026-04-28,9,4,27202.5,1.0,filled,True,189.75,-32.0
2026-04-24,5,bearish,27200.75,27203.75,27202.25,3.0,5,2026-04-28 09:58:00-04:00,2026-04-28,9,4,27206.25,1.0,filled,True,195.75,-28.25
2026-04-24,5,bearish,27200.75,27203.75,27202.25,3.0,6,2026-04-28 10:03:00-04:00,2026-04-28,10,4,27201.0,1.0,filled,True,190.5,-33.5
2026-04-28,5,bearish,27142.5,27144.5,27143.5,2.0,1,2026-04-29 09:31:00-04:00,2026-04-29,9,1,27168.5,1.0,filled,True,44.25,-108.5
2026-04-28,5,bearish,27142.5,27144.5,27143.5,2.0,2,2026-04-29 16:14:00-04:00,2026-04-29,16,1,27132.25,1.0,filled,True,43.25,-166.5
2026-04-28,5,bearish,27142.5,27144.5,27143.5,2.0,3,2026-04-29 16:17:00-04:00,2026-04-29,16,1,27112.25,1.0,filled,True,23.25,-186.5
2026-04-28,5,bearish,27142.5,27144.5,27143.5,2.0,4,2026-04-29 16:19:00-04:00,2026-04-29,16,1,27158.75,1.0,filled,True,40.75,-140.0
2026-04-28,5,bullish,27186.0,27205.0,27195.5,19.0,1,2026-04-29 04:15:00-04:00,2026-04-29,4,1,27210.5,0.35526315789473684,approached_CE,True,51.25,-12.25
2026-04-28,5,bullish,27186.0,27205.0,27195.5,19.0,2,2026-04-29 08:31:00-04:00,2026-04-29,8,1,27213.25,0.3026315789473684,approached_CE,True,36.75,-77.25
2026-04-28,5,bullish,27186.0,27205.0,27195.5,19.0,3,2026-04-29 08:33:00-04:00,2026-04-29,8,1,27208.25,0.6842105263157895,through_CE,True,41.75,-75.75
2026-04-28,5,bullish,27186.0,27205.0,27195.5,19.0,4,2026-04-29 09:22:00-04:00,2026-04-29,9,1,27211.25,0.32894736842105265,approached_CE,True,26.0,-87.0
2026-04-28,5,bullish,27186.0,27205.0,27195.5,19.0,5,2026-04-29 09:29:00-04:00,2026-04-29,9,1,27206.75,1.0,filled,True,70.25,-82.5
2026-04-28,5,bullish,27186.0,27205.0,27195.5,19.0,6,2026-04-29 09:37:00-04:00,2026-04-29,9,1,27179.25,1.0,filled,True,136.5,-23.75
2026-04-29,5,bullish,27228.5,27235.0,27231.75,6.5,1,2026-04-30 00:59:00-04:00,2026-04-30,0,1,27233.5,0.6538461538461539,through_CE,True,75.25,-11.75
2026-04-29,5,bullish,27228.5,27235.0,27231.75,6.5,2,2026-04-30 01:58:00-04:00,2026-04-30,1,1,27239.5,1.0,filled,True,68.0,-54.0
2026-04-29,5,bullish,27228.5,27235.0,27231.75,6.5,3,2026-04-30 02:25:00-04:00,2026-04-30,2,1,27232.0,1.0,filled,True,109.5,-20.5
2026-04-29,5,bullish,27228.5,27235.0,27231.75,6.5,4,2026-04-30 09:55:00-04:00,2026-04-30,9,1,27242.5,1.0,filled,True,119.5,-79.5
2026-04-29,5,bullish,27228.5,27235.0,27231.75,6.5,5,2026-04-30 10:08:00-04:00,2026-04-30,10,1,27207.0,1.0,filled,True,197.0,-44.0
2026-04-29,5,bullish,27228.5,27235.0,27231.75,6.5,6,2026-04-30 10:12:00-04:00,2026-04-30,10,1,27235.25,1.0,filled,True,179.75,-72.25
2026-04-29,5,bearish,27226.25,27237.75,27232.0,11.5,1,2026-04-30 00:59:00-04:00,2026-04-30,0,1,27233.5,1.0,filled,True,11.75,-75.25
2026-04-29,5,bearish,27226.25,27237.75,27232.0,11.5,2,2026-04-30 01:57:00-04:00,2026-04-30,1,1,27238.75,1.0,filled,True,53.25,-68.75
2026-04-29,5,bearish,27226.25,27237.75,27232.0,11.5,3,2026-04-30 02:21:00-04:00,2026-04-30,2,1,27206.5,0.0,edge_near,False,6.0,-135.0
2026-04-29,5,bearish,27226.25,27237.75,27232.0,11.5,4,2026-04-30 02:25:00-04:00,2026-04-30,2,1,27232.0,1.0,filled,True,20.5,-109.5
2026-04-29,5,bearish,27226.25,27237.75,27232.0,11.5,5,2026-04-30 09:55:00-04:00,2026-04-30,9,1,27242.5,1.0,filled,True,79.5,-119.5
2026-04-29,5,bearish,27226.25,27237.75,27232.0,11.5,6,2026-04-30 10:08:00-04:00,2026-04-30,10,1,27207.0,1.0,filled,True,44.0,-197.0
2026-04-29,5,bearish,27187.0,27200.0,27193.5,13.0,1,2026-04-30 02:10:00-04:00,2026-04-30,2,1,27198.5,1.0,filled,True,13.0,-139.5
2026-04-29,5,bearish,27187.0,27200.0,27193.5,13.0,2,2026-04-30 10:16:00-04:00,2026-04-30,10,1,27167.5,1.0,filled,False,4.5,-247.5
2026-04-29,5,bearish,27187.0,27200.0,27193.5,13.0,3,2026-04-30 10:26:00-04:00,2026-04-30,10,1,27188.25,1.0,filled,True,16.75,-226.75
2026-04-29,5,bearish,27187.0,27200.0,27193.5,13.0,4,2026-04-30 10:36:00-04:00,2026-04-30,10,1,27192.75,1.0,filled,True,21.25,-242.75
2026-04-29,5,bullish,27197.75,27215.25,27206.5,17.5,1,2026-04-30 02:00:00-04:00,2026-04-30,2,1,27215.0,1.0,filled,True,92.5,-29.5
2026-04-29,5,bullish,27197.75,27215.25,27206.5,17.5,2,2026-04-30 09:57:00-04:00,2026-04-30,9,1,27213.0,0.6142857142857143,through_CE,True,158.0,-50.0
2026-04-29,5,bullish,27197.75,27215.25,27206.5,17.5,3,2026-04-30 10:08:00-04:00,2026-04-30,10,1,27207.0,0.8428571428571429,filled,True,197.0,-44.0
2026-04-29,5,bullish,27197.75,27215.25,27206.5,17.5,4,2026-04-30 10:16:00-04:00,2026-04-30,10,1,27167.5,1.0,filled,True,247.5,-4.5
2026-04-29,5,bullish,27197.75,27215.25,27206.5,17.5,5,2026-04-30 10:18:00-04:00,2026-04-30,10,1,27200.5,1.0,filled,True,214.5,-29.75
2026-04-29,5,bullish,27197.75,27215.25,27206.5,17.5,6,2026-04-30 10:25:00-04:00,2026-04-30,10,1,27211.5,1.0,filled,True,203.5,-40.0
2025-05-08,15,bearish,20125.75,20157.5,20141.625,31.75,1,2025-05-09 01:26:00-04:00,2025-05-09,1,1,20159.5,1.0,filled,False,3.0,-44.0
2025-05-08,15,bearish,20125.75,20157.5,20141.625,31.75,2,2025-05-09 07:26:00-04:00,2025-05-09,7,1,20164.0,1.0,filled,True,23.75,-126.0
2025-05-08,15,bearish,20125.75,20157.5,20141.625,31.75,3,2025-05-09 07:38:00-04:00,2025-05-09,7,1,20153.0,1.0,filled,False,3.0,-81.25
2025-05-08,15,bearish,20125.75,20157.5,20141.625,31.75,4,2025-05-09 10:26:00-04:00,2025-05-09,10,1,20152.0,1.0,filled,True,94.5,-26.5
2025-05-08,15,bearish,20125.75,20157.5,20141.625,31.75,5,2025-05-09 10:49:00-04:00,2025-05-09,10,1,20126.0,0.5118110236220472,through_CE,True,28.0,-50.0
2025-05-08,15,bearish,20125.75,20157.5,20141.625,31.75,6,2025-05-09 10:56:00-04:00,2025-05-09,10,1,20134.5,1.0,filled,True,32.75,-41.5
2025-05-12,15,bearish,20851.0,20908.75,20879.875,57.75,1,2025-05-13 00:11:00-04:00,2025-05-13,0,1,20849.5,0.0,edge_near,True,31.25,-15.25
2025-05-12,15,bearish,20851.0,20908.75,20879.875,57.75,2,2025-05-13 00:21:00-04:00,2025-05-13,0,1,20853.25,0.06493506493506493,edge_near,True,35.0,-11.5
2025-05-12,15,bearish,20851.0,20908.75,20879.875,57.75,3,2025-05-13 00:24:00-04:00,2025-05-13,0,1,20851.0,0.025974025974025976,edge_near,True,32.75,-13.75
2025-05-12,15,bearish,20851.0,20908.75,20879.875,57.75,4,2025-05-13 01:03:00-04:00,2025-05-13,1,1,20847.75,0.23809523809523808,edge_near,False,9.5,-22.75
2025-05-12,15,bearish,20851.0,20908.75,20879.875,57.75,5,2025-05-13 01:17:00-04:00,2025-05-13,1,1,20849.5,0.5454545454545454,through_CE,False,4.0,-33.0
2025-05-12,15,bearish,20851.0,20908.75,20879.875,57.75,6,2025-05-13 02:54:00-04:00,2025-05-13,2,1,20851.5,0.06060606060606061,edge_near,True,21.0,-18.25
2025-05-13,15,bullish,21021.75,21045.5,21033.625,23.75,1,2025-05-22 08:17:00-04:00,2025-05-22,8,9,21049.25,0.2631578947368421,approached_CE,True,177.75,-10.0
2025-05-13,15,bullish,21021.75,21045.5,21033.625,23.75,2,2025-05-22 08:24:00-04:00,2025-05-22,8,9,21043.25,0.23157894736842105,edge_near,True,183.75,-3.25
2025-05-13,15,bullish,21021.75,21045.5,21033.625,23.75,3,2025-05-22 08:30:00-04:00,2025-05-22,8,9,21063.75,0.16842105263157894,edge_near,True,163.25,-22.25
2025-05-13,15,bullish,21021.75,21045.5,21033.625,23.75,4,2025-05-23 07:43:00-04:00,2025-05-23,7,10,21018.5,1.0,filled,True,81.0,-291.0
2025-05-13,15,bullish,21021.75,21045.5,21033.625,23.75,5,2025-05-23 13:06:00-04:00,2025-05-23,13,10,21020.25,1.0,filled,True,61.75,-15.0
2025-05-13,15,bullish,21021.75,21045.5,21033.625,23.75,6,2025-05-23 13:09:00-04:00,2025-05-23,13,10,21024.75,1.0,filled,True,57.25,-19.5
2025-05-13,15,bullish,21080.5,21114.5,21097.5,34.0,1,2025-05-19 04:43:00-04:00,2025-05-19,4,6,21116.5,0.0661764705882353,edge_near,True,63.5,-4.25
2025-05-13,15,bullish,21080.5,21114.5,21097.5,34.0,2,2025-05-21 15:09:00-04:00,2025-05-21,15,8,21113.5,0.7132352941176471,through_CE,True,107.75,-41.75
2025-05-13,15,bullish,21080.5,21114.5,21097.5,34.0,3,2025-05-21 15:17:00-04:00,2025-05-21,15,8,21116.5,1.0,filled,True,104.75,-44.75
2025-05-13,15,bullish,21080.5,21114.5,21097.5,34.0,4,2025-05-21 16:12:00-04:00,2025-05-21,16,8,21120.25,0.11764705882352941,edge_near,True,29.75,-9.75
2025-05-13,15,bullish,21080.5,21114.5,21097.5,34.0,5,2025-05-21 16:14:00-04:00,2025-05-21,16,8,21117.25,0.04411764705882353,edge_near,True,32.75,-4.25
2025-05-13,15,bullish,21080.5,21114.5,21097.5,34.0,6,2025-05-21 18:13:00-04:00,2025-05-21,18,8,21116.5,0.04411764705882353,edge_near,True,39.75,-3.5
2025-05-19,15,bullish,21204.0,21316.5,21260.25,112.5,1,2025-05-20 15:03:00-04:00,2025-05-20,15,1,21317.5,0.16444444444444445,edge_near,True,134.5,-19.5
2025-05-19,15,bullish,21204.0,21316.5,21260.25,112.5,2,2025-05-21 02:13:00-04:00,2025-05-21,2,2,21318.75,0.11555555555555555,edge_near,True,16.5,-32.75
2025-05-19,15,bullish,21204.0,21316.5,21260.25,112.5,3,2025-05-21 02:24:00-04:00,2025-05-21,2,2,21320.25,0.013333333333333334,edge_near,True,11.75,-34.25
2025-05-19,15,bullish,21204.0,21316.5,21260.25,112.5,4,2025-05-21 02:26:00-04:00,2025-05-21,2,2,21317.0,0.02666666666666667,edge_near,True,15.0,-31.0
2025-05-19,15,bullish,21204.0,21316.5,21260.25,112.5,5,2025-05-21 02:31:00-04:00,2025-05-21,2,2,21317.75,0.27111111111111114,approached_CE,True,10.75,-31.75
2025-05-19,15,bullish,21204.0,21316.5,21260.25,112.5,6,2025-05-21 03:13:00-04:00,2025-05-21,3,2,21318.75,0.03333333333333333,edge_near,True,30.0,-15.75
2025-05-19,15,bullish,21335.0,21347.25,21341.125,12.25,1,2025-05-20 14:28:00-04:00,2025-05-20,14,1,21348.5,0.5306122448979592,through_CE,True,39.5,-50.5
2025-05-19,15,bullish,21335.0,21347.25,21341.125,12.25,2,2025-05-20 14:42:00-04:00,2025-05-20,14,1,21353.0,0.3673469387755102,approached_CE,True,64.25,-55.0
2025-05-19,15,bullish,21335.0,21347.25,21341.125,12.25,3,2025-05-20 14:46:00-04:00,2025-05-20,14,1,21347.75,0.2653061224489796,approached_CE,True,69.5,-49.75
2025-05-19,15,bullish,21335.0,21347.25,21341.125,12.25,4,2025-05-20 14:52:00-04:00,2025-05-20,14,1,21351.0,0.20408163265306123,edge_near,True,76.75,-53.0
2025-05-19,15,bullish,21335.0,21347.25,21341.125,12.25,5,2025-05-20 15:00:00-04:00,2025-05-20,15,1,21335.75,1.0,filled,True,116.25,-37.75
2025-05-19,15,bullish,21335.0,21347.25,21341.125,12.25,6,2025-05-20 15:08:00-04:00,2025-05-20,15,1,21328.75,1.0,filled,True,123.25,-16.25
2025-05-21,15,bearish,21289.0,21289.75,21289.375,0.75,1,2025-05-22 09:57:00-04:00,2025-05-22,9,1,21283.5,1.0,filled,True,117.0,-46.75
2025-05-21,15,bearish,21289.0,21289.75,21289.375,0.75,2,2025-05-22 10:11:00-04:00,2025-05-22,10,1,21291.75,1.0,filled,True,125.25,-9.0
2025-05-21,15,bearish,21289.0,21289.75,21289.375,0.75,3,2025-05-22 12:11:00-04:00,2025-05-22,12,1,21290.75,1.0,filled,True,94.25,-34.0
2025-05-21,15,bearish,21289.0,21289.75,21289.375,0.75,4,2025-05-22 12:19:00-04:00,2025-05-22,12,1,21287.5,1.0,filled,True,91.0,-17.0
2025-05-21,15,bearish,21289.0,21289.75,21289.375,0.75,5,2025-05-22 12:23:00-04:00,2025-05-22,12,1,21278.0,1.0,filled,True,81.5,-13.25
2025-05-21,15,bearish,21289.0,21289.75,21289.375,0.75,6,2025-05-22 13:44:00-04:00,2025-05-22,13,1,21288.25,1.0,filled,True,23.25,-26.0
2025-05-21,15,bullish,21289.0,21355.75,21322.375,66.75,1,2025-05-22 09:57:00-04:00,2025-05-22,9,1,21283.5,1.0,filled,True,46.75,-117.0
2025-05-21,15,bullish,21289.0,21355.75,21322.375,66.75,2,2025-05-22 12:11:00-04:00,2025-05-22,12,1,21290.75,1.0,filled,True,34.0,-94.25
2025-05-21,15,bullish,21289.0,21355.75,21322.375,66.75,3,2025-05-22 12:23:00-04:00,2025-05-22,12,1,21278.0,1.0,filled,True,13.25,-81.5
2025-05-21,15,bullish,21289.0,21355.75,21322.375,66.75,4,2025-05-22 13:44:00-04:00,2025-05-22,13,1,21288.25,1.0,filled,True,26.0,-23.25
2025-05-21,15,bullish,21289.0,21355.75,21322.375,66.75,5,2025-05-22 13:55:00-04:00,2025-05-22,13,1,21303.75,1.0,filled,True,10.5,-35.25
2025-05-21,15,bullish,21289.0,21355.75,21322.375,66.75,6,2025-05-22 14:12:00-04:00,2025-05-22,14,1,21287.25,1.0,filled,True,50.5,-18.75
2025-05-22,15,bullish,21219.5,21261.75,21240.625,42.25,1,2025-05-23 03:32:00-04:00,2025-05-23,3,1,21218.5,1.0,filled,True,13.0,-32.0
2025-05-22,15,bullish,21219.5,21261.75,21240.625,42.25,2,2025-05-23 04:01:00-04:00,2025-05-23,4,1,21215.0,1.0,filled,True,16.5,-36.25
2025-05-22,15,bullish,21219.5,21261.75,21240.625,42.25,3,2025-05-23 04:06:00-04:00,2025-05-23,4,1,21219.75,1.0,filled,True,11.75,-51.5
2025-05-22,15,bullish,21219.5,21261.75,21240.625,42.25,4,2025-05-23 04:27:00-04:00,2025-05-23,4,1,21217.25,1.0,filled,False,5.0,-76.75
2025-05-22,15,bullish,21219.5,21261.75,21240.625,42.25,5,2025-05-25 18:25:00-04:00,2025-05-25,18,3,21198.0,1.0,filled,True,28.75,-60.5
2025-05-22,15,bullish,21219.5,21261.75,21240.625,42.25,6,2025-05-25 22:19:00-04:00,2025-05-25,22,3,21212.5,1.0,filled,True,21.0,-23.25
2025-05-27,15,bullish,21284.5,21292.0,21288.25,7.5,1,2025-05-29 21:05:00-04:00,2025-05-29,21,2,21305.75,1.0,filled,True,47.5,-37.5
2025-05-27,15,bullish,21284.5,21292.0,21288.25,7.5,2,2025-05-29 21:20:00-04:00,2025-05-29,21,2,21285.0,1.0,filled,True,68.25,-4.5
2025-05-27,15,bullish,21284.5,21292.0,21288.25,7.5,3,2025-05-30 08:09:00-04:00,2025-05-30,8,3,21373.75,1.0,filled,True,38.75,-147.75
2025-05-27,15,bullish,21284.5,21292.0,21288.25,7.5,4,2025-05-30 08:14:00-04:00,2025-05-30,8,3,21281.75,1.0,filled,True,89.25,-24.5
2025-05-27,15,bullish,21284.5,21292.0,21288.25,7.5,5,2025-05-30 08:23:00-04:00,2025-05-30,8,3,21283.25,1.0,filled,True,98.25,-10.25
2025-05-27,15,bullish,21284.5,21292.0,21288.25,7.5,6,2025-05-30 08:26:00-04:00,2025-05-30,8,3,21281.75,1.0,filled,True,99.75,-8.75
2025-05-28,15,bearish,21487.75,21490.25,21489.0,2.5,1,2025-05-29 09:49:00-04:00,2025-05-29,9,1,21491.75,1.0,filled,True,111.5,-66.0
2025-05-28,15,bearish,21487.75,21490.25,21489.0,2.5,2,2025-05-29 10:04:00-04:00,2025-05-29,10,1,21486.75,1.0,filled,True,106.5,-35.25
2025-05-28,15,bearish,21487.75,21490.25,21489.0,2.5,3,2025-05-29 10:52:00-04:00,2025-05-29,10,1,21495.75,1.0,filled,True,75.25,-26.25
2025-05-28,15,bearish,21487.75,21490.25,21489.0,2.5,4,2025-05-29 11:03:00-04:00,2025-05-29,11,1,21490.0,1.0,filled,True,189.0,-20.75
2025-05-28,15,bearish,21487.75,21490.25,21489.0,2.5,5,2025-05-29 11:07:00-04:00,2025-05-29,11,1,21484.5,1.0,filled,True,183.5,-25.75
2025-05-28,15,bearish,21487.75,21490.25,21489.0,2.5,6,2025-05-29 11:09:00-04:00,2025-05-29,11,1,21484.5,1.0,filled,True,183.5,-25.75
2025-05-29,15,bearish,21557.75,21661.5,21609.625,103.75,1,2025-06-02 16:12:00-04:00,2025-06-02,16,4,21556.5,0.004819277108433735,edge_near,False,7.0,-20.25
2025-05-29,15,bearish,21557.75,21661.5,21609.625,103.75,2,2025-06-02 16:14:00-04:00,2025-06-02,16,4,21559.0,0.18313253012048192,edge_near,False,9.5,-17.75
2025-05-29,15,bearish,21557.75,21661.5,21609.625,103.75,3,2025-06-02 16:40:00-04:00,2025-06-02,16,4,21558.0,0.033734939759036145,edge_near,False,8.5,-3.25
2025-05-29,15,bearish,21557.75,21661.5,21609.625,103.75,4,2025-06-03 09:30:00-04:00,2025-06-03,9,5,21586.5,0.36626506024096384,approached_CE,True,76.5,-52.25
2025-05-29,15,bearish,21557.75,21661.5,21609.625,103.75,5,2025-06-03 09:41:00-04:00,2025-06-03,9,5,21559.0,1.0,filled,True,26.25,-79.75
2025-05-29,15,bearish,21557.75,21661.5,21609.625,103.75,6,2025-06-03 11:05:00-04:00,2025-06-03,11,5,21673.25,1.0,filled,True,21.0,-19.25
2025-06-05,15,bearish,21781.25,21790.25,21785.75,9.0,1,2025-06-06 08:42:00-04:00,2025-06-06,8,1,21760.25,0.3611111111111111,approached_CE,True,14.0,-86.0
2025-06-05,15,bearish,21781.25,21790.25,21785.75,9.0,2,2025-06-06 08:45:00-04:00,2025-06-06,8,1,21779.25,0.08333333333333333,edge_near,True,33.0,-77.0
2025-06-05,15,bearish,21781.25,21790.25,21785.75,9.0,3,2025-06-06 09:01:00-04:00,2025-06-06,9,1,21776.5,0.0,edge_near,True,30.25,-87.0
2025-06-05,15,bearish,21781.25,21790.25,21785.75,9.0,4,2025-06-06 09:15:00-04:00,2025-06-06,9,1,21785.25,1.0,filled,True,17.25,-78.25
2025-06-05,15,bearish,21781.25,21790.25,21785.75,9.0,5,2025-06-06 09:25:00-04:00,2025-06-06,9,1,21782.5,1.0,filled,True,14.5,-81.0
2025-06-05,15,bearish,21781.25,21790.25,21785.75,9.0,6,2025-06-06 10:28:00-04:00,2025-06-06,10,1,21790.25,1.0,filled,True,54.5,-80.0
2025-06-11,15,bearish,21998.5,22013.25,22005.875,14.75,1,2025-06-23 10:18:00-04:00,2025-06-23,10,12,22006.0,0.8983050847457628,filled,True,55.75,-12.0
2025-06-11,15,bearish,21998.5,22013.25,22005.875,14.75,2,2025-06-23 10:42:00-04:00,2025-06-23,10,12,21998.25,1.0,filled,True,75.75,-19.75
2025-06-11,15,bearish,21998.5,22013.25,22005.875,14.75,3,2025-06-23 11:07:00-04:00,2025-06-23,11,12,21997.0,0.3728813559322034,approached_CE,True,82.25,-8.75
2025-06-11,15,bearish,21998.5,22013.25,22005.875,14.75,4,2025-06-23 11:14:00-04:00,2025-06-23,11,12,22001.25,0.4915254237288136,approached_CE,True,86.5,-4.5
2025-06-11,15,bearish,21998.5,22013.25,22005.875,14.75,5,2025-06-23 13:27:00-04:00,2025-06-23,13,12,21994.75,1.0,filled,False,4.5,-95.25
2025-06-12,15,bullish,21841.25,21843.25,21842.25,2.0,1,2025-06-13 11:52:00-04:00,2025-06-13,11,1,21836.25,1.0,filled,True,19.5,-37.75
2025-06-12,15,bullish,21841.25,21843.25,21842.25,2.0,2,2025-06-13 11:54:00-04:00,2025-06-13,11,1,21839.75,1.0,filled,True,16.0,-41.25
2025-06-12,15,bullish,21841.25,21843.25,21842.25,2.0,3,2025-06-13 12:11:00-04:00,2025-06-13,12,1,21840.0,1.0,filled,True,15.75,-55.5
2025-06-12,15,bullish,21841.25,21843.25,21842.25,2.0,4,2025-06-13 12:15:00-04:00,2025-06-13,12,1,21837.0,1.0,filled,True,18.75,-61.5
2025-06-12,15,bullish,21841.25,21843.25,21842.25,2.0,5,2025-06-13 12:20:00-04:00,2025-06-13,12,1,21831.0,1.0,filled,True,19.25,-75.0
2025-06-12,15,bullish,21841.25,21843.25,21842.25,2.0,6,2025-06-13 12:56:00-04:00,2025-06-13,12,1,21842.0,1.0,filled,False,1.75,-92.25
2025-06-13,15,bullish,21660.0,21663.5,21661.75,3.5,1,2025-06-15 18:44:00-04:00,2025-06-15,18,2,21675.5,1.0,filled,True,26.75,-63.5
2025-06-13,15,bullish,21660.0,21663.5,21661.75,3.5,2,2025-06-15 18:50:00-04:00,2025-06-15,18,2,21662.0,1.0,filled,True,40.25,-50.0
2025-06-13,15,bullish,21660.0,21663.5,21661.75,3.5,3,2025-06-15 19:05:00-04:00,2025-06-15,19,2,21657.5,1.0,filled,True,44.75,-45.5
2025-06-13,15,bullish,21660.0,21663.5,21661.75,3.5,4,2025-06-15 19:09:00-04:00,2025-06-15,19,2,21664.0,1.0,filled,True,39.75,-52.0
2025-06-13,15,bullish,21660.0,21663.5,21661.75,3.5,5,2025-06-15 19:19:00-04:00,2025-06-15,19,2,21655.5,1.0,filled,True,52.5,-40.0
2025-06-13,15,bullish,21660.0,21663.5,21661.75,3.5,6,2025-06-15 19:36:00-04:00,2025-06-15,19,2,21671.25,1.0,filled,True,36.75,-17.5
2025-06-13,15,bullish,21681.5,21711.75,21696.625,30.25,1,2025-06-15 18:44:00-04:00,2025-06-15,18,2,21675.5,1.0,filled,True,26.75,-63.5
2025-06-13,15,bullish,21681.5,21711.75,21696.625,30.25,2,2025-06-15 19:36:00-04:00,2025-06-15,19,2,21671.25,1.0,filled,True,36.75,-17.5
2025-06-13,15,bullish,21681.5,21711.75,21696.625,30.25,3,2025-06-15 19:41:00-04:00,2025-06-15,19,2,21677.25,1.0,filled,True,30.75,-17.5
2025-06-13,15,bullish,21681.5,21711.75,21696.625,30.25,4,2025-06-15 20:23:00-04:00,2025-06-15,20,2,21696.25,1.0,filled,False,6.75,-36.5
2025-06-13,15,bullish,21681.5,21711.75,21696.625,30.25,5,2025-06-15 20:33:00-04:00,2025-06-15,20,2,21685.75,1.0,filled,True,14.0,-20.25
2025-06-13,15,bullish,21681.5,21711.75,21696.625,30.25,6,2025-06-15 21:22:00-04:00,2025-06-15,21,2,21685.25,1.0,filled,True,36.0,-12.75
2025-06-16,15,bullish,21822.5,21839.5,21831.0,17.0,1,2025-06-17 00:33:00-04:00,2025-06-17,0,1,21832.0,0.7647058823529411,filled,True,36.5,-5.5
2025-06-16,15,bullish,21822.5,21839.5,21831.0,17.0,2,2025-06-17 00:49:00-04:00,2025-06-17,0,1,21839.75,0.10294117647058823,edge_near,True,29.75,-8.75
2025-06-16,15,bullish,21822.5,21839.5,21831.0,17.0,3,2025-06-17 01:01:00-04:00,2025-06-17,1,1,21840.75,0.029411764705882353,edge_near,True,28.75,-9.75
2025-06-16,15,bullish,21822.5,21839.5,21831.0,17.0,4,2025-06-17 01:05:00-04:00,2025-06-17,1,1,21839.75,0.014705882352941176,edge_near,True,31.5,-8.75
2025-06-16,15,bullish,21822.5,21839.5,21831.0,17.0,5,2025-06-17 01:16:00-04:00,2025-06-17,1,1,21835.25,0.5,through_CE,True,48.5,-4.25
2025-06-16,15,bullish,21822.5,21839.5,21831.0,17.0,6,2025-06-17 01:22:00-04:00,2025-06-17,1,1,21839.75,0.2647058823529412,approached_CE,True,57.5,-4.75
2025-06-16,15,bullish,21876.0,21919.5,21897.75,43.5,1,2025-06-17 02:08:00-04:00,2025-06-17,2,1,21875.25,1.0,filled,True,22.0,-44.0
2025-06-16,15,bullish,21876.0,21919.5,21897.75,43.5,2,2025-06-17 02:38:00-04:00,2025-06-17,2,1,21877.75,1.0,filled,True,14.75,-96.75
2025-06-16,15,bullish,21876.0,21919.5,21897.75,43.5,3,2025-06-17 08:30:00-04:00,2025-06-17,8,1,21844.75,1.0,filled,True,35.25,-32.5
2025-06-16,15,bullish,21876.0,21919.5,21897.75,43.5,4,2025-06-17 09:30:00-04:00,2025-06-17,9,1,21872.5,1.0,filled,True,35.25,-70.0
2025-06-16,15,bullish,21876.0,21919.5,21897.75,43.5,5,2025-06-17 10:00:00-04:00,2025-06-17,10,1,21865.5,1.0,filled,True,42.25,-22.0
2025-06-16,15,bullish,21876.0,21919.5,21897.75,43.5,6,2025-06-17 10:08:00-04:00,2025-06-17,10,1,21872.5,1.0,filled,True,35.25,-29.0
2025-06-27,15,bullish,22727.0,22729.0,22728.0,2.0,1,2025-07-01 10:37:00-04:00,2025-07-01,10,4,22728.25,1.0,filled,True,13.75,-134.5
2025-06-27,15,bullish,22727.0,22729.0,22728.0,2.0,2,2025-07-01 12:52:00-04:00,2025-07-01,12,4,22727.25,1.0,filled,True,24.75,-29.0
2025-06-27,15,bullish,22727.0,22729.0,22728.0,2.0,3,2025-07-01 13:05:00-04:00,2025-07-01,13,4,22730.25,1.0,filled,True,32.25,-19.75
2025-06-27,15,bullish,22727.0,22729.0,22728.0,2.0,4,2025-07-01 13:10:00-04:00,2025-07-01,13,4,22729.25,1.0,filled,True,33.25,-18.75
2025-06-27,15,bullish,22727.0,22729.0,22728.0,2.0,5,2025-07-01 13:14:00-04:00,2025-07-01,13,4,22732.0,1.0,filled,True,30.5,-21.5
2025-06-27,15,bullish,22727.0,22729.0,22728.0,2.0,6,2025-07-01 13:19:00-04:00,2025-07-01,13,4,22727.75,1.0,filled,True,34.75,-17.25
2025-06-27,15,bullish,22743.0,22764.5,22753.75,21.5,1,2025-06-29 18:00:00-04:00,2025-06-29,18,2,22767.25,0.6744186046511628,through_CE,True,75.0,-17.25
2025-06-27,15,bullish,22743.0,22764.5,22753.75,21.5,2,2025-06-29 18:05:00-04:00,2025-06-29,18,2,22762.0,0.36046511627906974,approached_CE,True,80.25,-5.25
2025-06-27,15,bullish,22743.0,22764.5,22753.75,21.5,3,2025-07-01 08:25:00-04:00,2025-07-01,8,4,22765.75,0.3953488372093023,approached_CE,True,52.75,-9.75
2025-06-27,15,bullish,22743.0,22764.5,22753.75,21.5,4,2025-07-01 10:27:00-04:00,2025-07-01,10,4,22763.5,0.7441860465116279,through_CE,True,20.0,-169.75
2025-06-27,15,bullish,22743.0,22764.5,22753.75,21.5,5,2025-07-01 10:33:00-04:00,2025-07-01,10,4,22748.0,1.0,filled,True,28.25,-154.25
2025-06-27,15,bullish,22743.0,22764.5,22753.75,21.5,6,2025-07-01 13:12:00-04:00,2025-07-01,13,4,22741.5,1.0,filled,True,21.0,-31.0
2025-06-30,15,bearish,22833.25,22868.25,22850.75,35.0,1,2025-07-01 00:03:00-04:00,2025-07-01,0,1,22868.25,1.0,filled,True,15.75,-10.0
2025-06-30,15,bearish,22833.25,22868.25,22850.75,35.0,2,2025-07-01 00:15:00-04:00,2025-07-01,0,1,22869.5,1.0,filled,True,22.75,-5.5
2025-06-30,15,bearish,22833.25,22868.25,22850.75,35.0,3,2025-07-01 00:24:00-04:00,2025-07-01,0,1,22867.5,1.0,filled,True,24.5,-6.25
2025-06-30,15,bearish,22833.25,22868.25,22850.75,35.0,4,2025-07-01 00:33:00-04:00,2025-07-01,0,1,22868.5,1.0,filled,True,25.5,-1.75
2025-06-30,15,bearish,22833.25,22868.25,22850.75,35.0,5,2025-07-01 00:36:00-04:00,2025-07-01,0,1,22867.5,1.0,filled,True,31.75,-2.25
2025-06-30,15,bearish,22833.25,22868.25,22850.75,35.0,6,2025-07-01 02:08:00-04:00,2025-07-01,2,1,22835.5,0.9357142857142857,filled,False,6.25,-30.5
2025-07-03,15,bullish,22902.75,22903.0,22902.875,0.25,1,2025-07-04 06:53:00-04:00,2025-07-04,6,1,22905.0,1.0,filled,True,31.25,-23.75
2025-07-03,15,bullish,22902.75,22903.0,22902.875,0.25,2,2025-07-04 06:57:00-04:00,2025-07-04,6,1,22901.0,1.0,filled,True,35.25,-9.0
2025-07-03,15,bullish,22902.75,22903.0,22902.875,0.25,3,2025-07-04 07:06:00-04:00,2025-07-04,7,1,22903.25,1.0,filled,True,33.0,-5.0
2025-07-03,15,bullish,22902.75,22903.0,22902.875,0.25,4,2025-07-04 09:35:00-04:00,2025-07-04,9,1,22901.0,1.0,filled,True,44.0,-13.5
2025-07-03,15,bullish,22902.75,22903.0,22902.875,0.25,5,2025-07-04 09:40:00-04:00,2025-07-04,9,1,22917.25,1.0,filled,True,28.75,-26.5
2025-07-03,15,bullish,22902.75,22903.0,22902.875,0.25,6,2025-07-04 09:58:00-04:00,2025-07-04,9,1,22914.0,1.0,filled,True,32.0,-23.25
2025-07-03,15,bullish,22927.0,22929.75,22928.375,2.75,1,2025-07-04 04:15:00-04:00,2025-07-04,4,1,22927.5,1.0,filled,True,44.5,-15.0
2025-07-03,15,bullish,22927.0,22929.75,22928.375,2.75,2,2025-07-04 04:53:00-04:00,2025-07-04,4,1,22931.75,1.0,filled,True,19.5,-22.25
2025-07-03,15,bullish,22927.0,22929.75,22928.375,2.75,3,2025-07-04 05:02:00-04:00,2025-07-04,5,1,22929.0,1.0,filled,True,23.0,-19.5
2025-07-03,15,bullish,22927.0,22929.75,22928.375,2.75,4,2025-07-04 05:11:00-04:00,2025-07-04,5,1,22932.0,1.0,filled,True,20.0,-22.5
2025-07-03,15,bullish,22927.0,22929.75,22928.375,2.75,5,2025-07-04 05:19:00-04:00,2025-07-04,5,1,22927.25,1.0,filled,True,24.75,-9.75
2025-07-03,15,bullish,22927.0,22929.75,22928.375,2.75,6,2025-07-04 05:29:00-04:00,2025-07-04,5,1,22927.5,1.0,filled,True,24.5,-10.0
2025-07-03,15,bullish,22939.5,22948.0,22943.75,8.5,1,2025-07-04 03:20:00-04:00,2025-07-04,3,1,22952.5,0.11764705882352941,edge_near,True,24.5,-27.25
2025-07-03,15,bullish,22939.5,22948.0,22943.75,8.5,2,2025-07-04 03:58:00-04:00,2025-07-04,3,1,22947.5,0.6470588235294118,through_CE,True,24.5,-24.25
2025-07-03,15,bullish,22939.5,22948.0,22943.75,8.5,3,2025-07-04 04:04:00-04:00,2025-07-04,4,1,22947.5,0.11764705882352941,edge_near,True,24.5,-35.0
2025-07-03,15,bullish,22939.5,22948.0,22943.75,8.5,4,2025-07-04 04:07:00-04:00,2025-07-04,4,1,22949.75,1.0,filled,True,22.25,-37.25
2025-07-03,15,bullish,22939.5,22948.0,22943.75,8.5,5,2025-07-04 04:19:00-04:00,2025-07-04,4,1,22940.25,1.0,filled,True,31.75,-30.75
2025-07-03,15,bullish,22939.5,22948.0,22943.75,8.5,6,2025-07-04 04:33:00-04:00,2025-07-04,4,1,22953.0,0.17647058823529413,edge_near,True,13.25,-43.5
2025-07-03,15,bullish,22986.0,22995.0,22990.5,9.0,1,2025-07-04 00:25:00-04:00,2025-07-04,0,1,22998.25,0.0,edge_near,True,12.0,-4.75
2025-07-03,15,bullish,22986.0,22995.0,22990.5,9.0,2,2025-07-04 00:38:00-04:00,2025-07-04,0,1,22996.0,0.16666666666666666,edge_near,True,14.25,-8.75
2025-07-03,15,bullish,22986.0,22995.0,22990.5,9.0,3,2025-07-04 01:34:00-04:00,2025-07-04,1,1,22989.5,0.8611111111111112,filled,True,19.75,-5.5
2025-07-03,15,bullish,22986.0,22995.0,22990.5,9.0,4,2025-07-04 02:04:00-04:00,2025-07-04,2,1,22999.0,1.0,filled,False,1.0,-17.0
2025-07-03,15,bullish,22986.0,22995.0,22990.5,9.0,5,2025-07-04 02:20:00-04:00,2025-07-04,2,1,22995.0,0.0,edge_near,False,5.0,-48.0
2025-07-03,15,bullish,22986.0,22995.0,22990.5,9.0,6,2025-07-04 02:25:00-04:00,2025-07-04,2,1,22993.75,0.7777777777777778,filled,False,6.25,-46.75
2025-07-08,15,bearish,22925.0,22931.0,22928.0,6.0,1,2025-07-09 05:17:00-04:00,2025-07-09,5,1,22928.0,1.0,filled,True,18.0,-14.5
2025-07-08,15,bearish,22925.0,22931.0,22928.0,6.0,2,2025-07-09 05:20:00-04:00,2025-07-09,5,1,22924.0,1.0,filled,True,14.0,-18.5
2025-07-08,15,bearish,22925.0,22931.0,22928.0,6.0,3,2025-07-09 05:48:00-04:00,2025-07-09,5,1,22931.25,1.0,filled,True,21.25,-3.25
2025-07-08,15,bearish,22925.0,22931.0,22928.0,6.0,4,2025-07-09 05:59:00-04:00,2025-07-09,5,1,22924.0,0.08333333333333333,edge_near,True,14.0,-10.5
2025-07-08,15,bearish,22925.0,22931.0,22928.0,6.0,5,2025-07-09 06:14:00-04:00,2025-07-09,6,1,22925.5,0.7916666666666666,filled,True,12.25,-10.5
2025-07-08,15,bearish,22925.0,22931.0,22928.0,6.0,6,2025-07-09 06:21:00-04:00,2025-07-09,6,1,22922.0,0.0,edge_near,False,6.0,-14.5
2025-07-09,15,bullish,22961.5,22977.75,22969.625,16.25,1,2025-07-10 09:53:00-04:00,2025-07-10,9,1,22985.5,1.0,filled,False,2.0,-84.5
2025-07-09,15,bullish,22961.5,22977.75,22969.625,16.25,2,2025-07-10 10:18:00-04:00,2025-07-10,10,1,22962.75,1.0,filled,True,24.0,-54.0
2025-07-09,15,bullish,22961.5,22977.75,22969.625,16.25,3,2025-07-10 10:37:00-04:00,2025-07-10,10,1,22963.0,1.0,filled,True,43.0,-22.75
2025-07-09,15,bullish,22961.5,22977.75,22969.625,16.25,4,2025-07-10 10:52:00-04:00,2025-07-10,10,1,22980.75,0.18461538461538463,edge_near,True,40.75,-40.5
2025-07-09,15,bullish,22961.5,22977.75,22969.625,16.25,5,2025-07-10 10:54:00-04:00,2025-07-10,10,1,22977.25,1.0,filled,True,44.75,-37.0
2025-07-09,15,bullish,22961.5,22977.75,22969.625,16.25,6,2025-07-10 11:16:00-04:00,2025-07-10,11,1,22961.25,1.0,filled,True,64.0,-10.0
2025-07-09,15,bullish,22979.5,23055.0,23017.25,75.5,1,2025-07-10 00:00:00-04:00,2025-07-10,0,1,22997.0,1.0,filled,False,0.5,-13.75
2025-07-09,15,bullish,22979.5,23055.0,23017.25,75.5,2,2025-07-10 07:29:00-04:00,2025-07-10,7,1,23055.5,0.023178807947019868,edge_near,True,21.0,-10.0
2025-07-09,15,bullish,22979.5,23055.0,23017.25,75.5,3,2025-07-10 08:23:00-04:00,2025-07-10,8,1,23053.75,0.12582781456953643,edge_near,True,16.5,-18.75
2025-07-09,15,bullish,22979.5,23055.0,23017.25,75.5,4,2025-07-10 08:32:00-04:00,2025-07-10,8,1,23050.75,0.26490066225165565,approached_CE,True,39.0,-15.75
2025-07-09,15,bullish,22979.5,23055.0,23017.25,75.5,5,2025-07-10 09:03:00-04:00,2025-07-10,9,1,23055.0,0.09602649006622517,edge_near,True,34.75,-138.5
2025-07-09,15,bullish,22979.5,23055.0,23017.25,75.5,6,2025-07-10 09:10:00-04:00,2025-07-10,9,1,23052.5,0.18874172185430463,edge_near,True,37.25,-151.5
2025-07-09,15,bullish,23064.75,23077.25,23071.0,12.5,1,2025-07-10 07:37:00-04:00,2025-07-10,7,1,23063.75,1.0,filled,True,12.75,-22.75
2025-07-09,15,bullish,23064.75,23077.25,23071.0,12.5,2,2025-07-10 07:39:00-04:00,2025-07-10,7,1,23064.5,1.0,filled,True,12.0,-27.5
2025-07-09,15,bullish,23064.75,23077.25,23071.0,12.5,3,2025-07-10 08:05:00-04:00,2025-07-10,8,1,23062.25,1.0,filled,False,5.0,-27.25
2025-07-09,15,bullish,23064.75,23077.25,23071.0,12.5,4,2025-07-10 08:14:00-04:00,2025-07-10,8,1,23064.5,1.0,filled,False,2.75,-29.5
2025-07-09,15,bullish,23064.75,23077.25,23071.0,12.5,5,2025-07-10 08:31:00-04:00,2025-07-10,8,1,23058.5,1.0,filled,True,31.25,-23.5
2025-07-09,15,bullish,23064.75,23077.25,23071.0,12.5,6,2025-07-10 09:21:00-04:00,2025-07-10,9,1,23067.5,1.0,filled,True,22.25,-166.5
2025-07-10,15,bearish,23033.75,23046.5,23040.125,12.75,1,2025-07-14 12:49:00-04:00,2025-07-14,12,4,23028.5,0.0196078431372549,edge_near,False,5.0,-39.25
2025-07-10,15,bearish,23033.75,23046.5,23040.125,12.75,2,2025-07-14 12:54:00-04:00,2025-07-14,12,4,23034.5,1.0,filled,False,3.75,-33.25
2025-07-10,15,bearish,23033.75,23046.5,23040.125,12.75,3,2025-07-14 13:12:00-04:00,2025-07-14,13,4,23049.5,1.0,filled,True,14.0,-18.25
2025-07-10,15,bearish,23033.75,23046.5,23040.125,12.75,4,2025-07-14 13:43:00-04:00,2025-07-14,13,4,23049.75,1.0,filled,True,14.25,-7.75
2025-07-10,15,bearish,23033.75,23046.5,23040.125,12.75,5,2025-07-14 13:45:00-04:00,2025-07-14,13,4,23043.75,1.0,filled,False,8.25,-13.75
2025-07-10,15,bearish,23033.75,23046.5,23040.125,12.75,6,2025-07-14 13:57:00-04:00,2025-07-14,13,4,23048.75,1.0,filled,True,13.25,-11.25
2025-07-10,15,bearish,22961.25,23022.0,22991.625,60.75,1,2025-07-11 00:00:00-04:00,2025-07-11,0,1,22967.25,0.2757201646090535,approached_CE,False,6.5,-7.75
2025-07-10,15,bearish,22961.25,23022.0,22991.625,60.75,2,2025-07-11 02:06:00-04:00,2025-07-11,2,1,22959.0,0.01646090534979424,edge_near,True,16.0,-10.75
2025-07-10,15,bearish,22961.25,23022.0,22991.625,60.75,3,2025-07-11 02:22:00-04:00,2025-07-11,2,1,22962.0,0.13991769547325103,edge_near,True,49.0,-7.75
2025-07-10,15,bearish,22961.25,23022.0,22991.625,60.75,4,2025-07-11 03:00:00-04:00,2025-07-11,3,1,22962.25,0.11934156378600823,edge_near,True,65.0,-6.25
2025-07-10,15,bearish,22961.25,23022.0,22991.625,60.75,5,2025-07-11 09:57:00-04:00,2025-07-11,9,1,22955.25,0.1440329218106996,edge_near,True,16.25,-52.25
2025-07-10,15,bearish,22961.25,23022.0,22991.625,60.75,6,2025-07-11 10:05:00-04:00,2025-07-11,10,1,22961.25,0.1934156378600823,edge_near,True,22.25,-46.25
2025-07-15,15,bearish,23184.5,23192.5,23188.5,8.0,1,2025-07-17 10:48:00-04:00,2025-07-17,10,2,23186.25,1.0,filled,False,5.75,-61.75
2025-07-15,15,bearish,23184.5,23192.5,23188.5,8.0,2,2025-07-18 10:26:00-04:00,2025-07-18,10,3,23193.25,1.0,filled,True,12.75,-37.75
2025-07-15,15,bearish,23184.5,23192.5,23188.5,8.0,3,2025-07-18 10:30:00-04:00,2025-07-18,10,3,23195.75,1.0,filled,True,15.25,-35.25
2025-07-15,15,bearish,23184.5,23192.5,23188.5,8.0,4,2025-07-18 11:01:00-04:00,2025-07-18,11,3,23199.75,1.0,filled,True,19.25,-53.25
2025-07-15,15,bearish,23184.5,23192.5,23188.5,8.0,5,2025-07-18 11:04:00-04:00,2025-07-18,11,3,23190.5,1.0,filled,True,10.0,-62.5
2025-07-15,15,bearish,23184.5,23192.5,23188.5,8.0,6,2025-07-18 12:26:00-04:00,2025-07-18,12,3,23186.75,1.0,filled,True,16.75,-29.25
2025-07-16,15,bearish,23032.25,23063.0,23047.625,30.75,1,2025-07-17 00:00:00-04:00,2025-07-17,0,1,23039.25,0.3170731707317073,approached_CE,True,12.5,-3.75
2025-07-16,15,bearish,23032.25,23063.0,23047.625,30.75,2,2025-07-17 00:43:00-04:00,2025-07-17,0,1,23033.0,0.07317073170731707,edge_near,False,4.75,-44.0
2025-07-16,15,bearish,23032.25,23063.0,23047.625,30.75,3,2025-07-17 00:50:00-04:00,2025-07-17,0,1,23033.75,1.0,filled,False,3.25,-60.25
2025-07-16,15,bearish,23032.25,23063.0,23047.625,30.75,4,2025-07-17 01:33:00-04:00,2025-07-17,1,1,23063.5,1.0,filled,False,0.75,-80.25
2025-07-16,15,bearish,23032.25,23063.0,23047.625,30.75,5,2025-07-17 01:36:00-04:00,2025-07-17,1,1,23065.0,1.0,filled,False,2.25,-78.75
2025-07-16,15,bearish,23032.25,23063.0,23047.625,30.75,6,2025-08-01 04:40:00-04:00,2025-08-01,4,16,23075.25,1.0,filled,True,13.0,-65.5
2025-07-16,15,bearish,23004.0,23004.25,23004.125,0.25,1,2025-08-01 09:34:00-04:00,2025-08-01,9,16,23013.25,1.0,filled,True,214.0,-21.5
2025-07-16,15,bearish,23004.0,23004.25,23004.125,0.25,2,2025-08-01 09:39:00-04:00,2025-08-01,9,16,22992.0,1.0,filled,True,192.75,-32.0
2025-07-16,15,bearish,23004.0,23004.25,23004.125,0.25,3,2025-08-01 10:31:00-04:00,2025-08-01,10,16,22999.25,1.0,filled,True,103.0,-23.25
2025-07-16,15,bearish,23004.0,23004.25,23004.125,0.25,4,2025-08-01 10:35:00-04:00,2025-08-01,10,16,22992.25,1.0,filled,True,96.0,-28.0
2025-07-16,15,bearish,23004.0,23004.25,23004.125,0.25,5,2025-08-01 10:38:00-04:00,2025-08-01,10,16,22989.75,1.0,filled,True,93.5,-28.0
2025-07-16,15,bearish,23004.0,23004.25,23004.125,0.25,6,2025-08-01 10:45:00-04:00,2025-08-01,10,16,23003.5,1.0,filled,True,107.25,-8.75
2025-07-17,15,bearish,23128.25,23135.25,23131.75,7.0,1,2025-07-22 09:53:00-04:00,2025-07-22,9,5,23142.25,1.0,filled,True,37.25,-86.0
2025-07-17,15,bearish,23128.25,23135.25,23131.75,7.0,2,2025-07-22 09:58:00-04:00,2025-07-22,9,5,23130.25,1.0,filled,True,25.25,-99.5
2025-07-17,15,bearish,23128.25,23135.25,23131.75,7.0,3,2025-08-01 03:51:00-04:00,2025-08-01,3,15,23145.75,1.0,filled,True,83.5,-31.0
2025-07-17,15,bearish,23128.25,23135.25,23131.75,7.0,4,2025-08-01 04:11:00-04:00,2025-08-01,4,15,23139.0,1.0,filled,True,76.75,-25.5
2025-07-17,15,bearish,23128.25,23135.25,23131.75,7.0,5,2025-08-01 04:21:00-04:00,2025-08-01,4,15,23134.0,1.0,filled,True,71.75,-13.75
2025-07-17,15,bearish,23128.25,23135.25,23131.75,7.0,6,2025-08-01 05:04:00-04:00,2025-08-01,5,15,23133.75,1.0,filled,True,48.75,-7.0
2025-07-17,15,bullish,23128.25,23138.25,23133.25,10.0,1,2025-07-22 09:53:00-04:00,2025-07-22,9,5,23142.25,1.0,filled,True,86.0,-37.25
2025-07-17,15,bullish,23128.25,23138.25,23133.25,10.0,2,2025-07-22 09:58:00-04:00,2025-07-22,9,5,23130.25,1.0,filled,True,99.5,-25.25
2025-07-17,15,bullish,23128.25,23138.25,23133.25,10.0,3,2025-08-01 03:50:00-04:00,2025-08-01,3,15,23145.0,1.0,filled,True,31.75,-82.75
2025-07-17,15,bullish,23128.25,23138.25,23133.25,10.0,4,2025-08-01 04:10:00-04:00,2025-08-01,4,15,23138.0,1.0,filled,True,26.5,-75.75
2025-07-17,15,bullish,23128.25,23138.25,23133.25,10.0,5,2025-08-01 04:21:00-04:00,2025-08-01,4,15,23134.0,1.0,filled,True,13.75,-71.75
2025-07-17,15,bullish,23128.25,23138.25,23133.25,10.0,6,2025-08-01 05:04:00-04:00,2025-08-01,5,15,23133.75,1.0,filled,False,7.0,-48.75
2025-07-21,15,bullish,23243.25,23255.0,23249.125,11.75,1,2025-07-22 09:45:00-04:00,2025-07-22,9,1,23254.25,1.0,filled,True,25.0,-149.25
2025-07-21,15,bullish,23243.25,23255.0,23249.125,11.75,2,2025-07-22 13:28:00-04:00,2025-07-22,13,1,23246.75,1.0,filled,False,3.75,-75.75
2025-07-21,15,bullish,23243.25,23255.0,23249.125,11.75,3,2025-07-22 14:36:00-04:00,2025-07-22,14,1,23241.5,1.0,filled,True,15.5,-11.25
2025-07-21,15,bullish,23243.25,23255.0,23249.125,11.75,4,2025-07-22 14:38:00-04:00,2025-07-22,14,1,23242.75,1.0,filled,True,14.25,-12.5
2025-07-21,15,bullish,23243.25,23255.0,23249.125,11.75,5,2025-07-22 14:43:00-04:00,2025-07-22,14,1,23241.25,1.0,filled,True,15.75,-11.0
2025-07-21,15,bullish,23243.25,23255.0,23249.125,11.75,6,2025-07-22 14:50:00-04:00,2025-07-22,14,1,23244.75,1.0,filled,True,12.25,-14.5
2025-07-21,15,bullish,23258.0,23337.75,23297.875,79.75,1,2025-07-22 00:00:00-04:00,2025-07-22,0,1,23329.0,0.5078369905956113,through_CE,False,1.5,-31.75
2025-07-21,15,bullish,23258.0,23337.75,23297.875,79.75,2,2025-07-22 03:20:00-04:00,2025-07-22,3,1,23337.0,0.0219435736677116,edge_near,True,10.75,-60.0
2025-07-21,15,bullish,23258.0,23337.75,23297.875,79.75,3,2025-07-22 03:40:00-04:00,2025-07-22,3,1,23337.25,0.8840125391849529,filled,True,10.0,-60.25
2025-07-21,15,bullish,23258.0,23337.75,23297.875,79.75,4,2025-07-22 09:03:00-04:00,2025-07-22,9,1,23337.0,0.0438871473354232,edge_near,True,12.75,-232.0
2025-07-21,15,bullish,23258.0,23337.75,23297.875,79.75,5,2025-07-22 09:07:00-04:00,2025-07-22,9,1,23340.0,0.07210031347962383,edge_near,False,9.75,-235.0
2025-07-21,15,bullish,23258.0,23337.75,23297.875,79.75,6,2025-07-22 09:16:00-04:00,2025-07-22,9,1,23339.75,0.003134796238244514,edge_near,True,10.0,-234.75
2025-07-21,15,bullish,23348.75,23376.0,23362.375,27.25,1,2025-07-22 09:30:00-04:00,2025-07-22,9,1,23318.75,1.0,filled,True,31.0,-213.75
2025-07-21,15,bullish,23348.75,23376.0,23362.375,27.25,2,2025-07-23 16:02:00-04:00,2025-07-23,16,2,23376.5,1.0,filled,True,40.0,-68.25
2025-07-21,15,bullish,23348.75,23376.0,23362.375,27.25,3,2025-07-23 16:07:00-04:00,2025-07-23,16,2,23350.0,1.0,filled,True,66.5,-20.0
2025-07-21,15,bullish,23348.75,23376.0,23362.375,27.25,4,2025-07-23 16:20:00-04:00,2025-07-23,16,2,23376.0,0.5045871559633027,through_CE,True,40.5,-13.75
2025-07-21,15,bullish,23348.75,23376.0,23362.375,27.25,5,2025-07-23 23:58:00-04:00,2025-07-23,23,2,23380.0,0.027522935779816515,edge_near,False,4.25,-7.75
2025-07-21,15,bullish,23348.75,23376.0,23362.375,27.25,6,2025-07-24 00:02:00-04:00,2025-07-24,0,3,23376.5,0.01834862385321101,edge_near,False,7.75,-4.25
2025-07-22,15,bearish,23279.25,23328.0,23303.625,48.75,1,2025-07-23 04:22:00-04:00,2025-07-23,4,1,23268.25,0.010256410256410256,edge_near,False,6.0,-15.0
2025-07-22,15,bearish,23279.25,23328.0,23303.625,48.75,2,2025-07-23 04:25:00-04:00,2025-07-23,4,1,23275.75,0.0,edge_near,True,13.25,-7.5
2025-07-22,15,bearish,23279.25,23328.0,23303.625,48.75,3,2025-07-23 04:27:00-04:00,2025-07-23,4,1,23277.5,0.005128205128205128,edge_near,True,15.0,-5.75
2025-07-22,15,bearish,23279.25,23328.0,23303.625,48.75,4,2025-07-23 04:48:00-04:00,2025-07-23,4,1,23277.0,0.05641025641025641,edge_near,True,18.25,-6.25
2025-07-22,15,bearish,23279.25,23328.0,23303.625,48.75,5,2025-07-23 04:58:00-04:00,2025-07-23,4,1,23280.5,0.08205128205128205,edge_near,True,21.75,-2.75
2025-07-22,15,bearish,23279.25,23328.0,23303.625,48.75,6,2025-07-23 05:05:00-04:00,2025-07-23,5,1,23278.5,0.03076923076923077,edge_near,True,19.75,-2.25
2025-07-22,15,bearish,23188.0,23258.75,23223.375,70.75,1,2025-07-23 00:00:00-04:00,2025-07-23,0,1,23237.5,1.0,filled,False,5.0,-14.25
2025-07-22,15,bearish,23188.0,23258.75,23223.375,70.75,2,2025-07-23 03:25:00-04:00,2025-07-23,3,1,23259.75,1.0,filled,True,15.5,-20.0
2025-07-22,15,bearish,23188.0,23258.75,23223.375,70.75,3,2025-07-23 04:00:00-04:00,2025-07-23,4,1,23263.0,1.0,filled,False,6.5,-19.0
2025-07-22,15,bearish,23188.0,23258.75,23223.375,70.75,4,2025-07-23 04:02:00-04:00,2025-07-23,4,1,23257.25,1.0,filled,False,0.75,-24.75
2025-07-22,15,bearish,23188.0,23258.75,23223.375,70.75,5,2025-07-23 05:30:00-04:00,2025-07-23,5,1,23260.5,1.0,filled,False,1.75,-18.25
2025-07-22,15,bearish,23188.0,23258.75,23223.375,70.75,6,2025-07-23 05:35:00-04:00,2025-07-23,5,1,23260.75,1.0,filled,False,2.0,-20.75
2025-07-23,15,bearish,23210.75,23234.0,23222.375,23.25,1,2025-07-31 20:27:00-04:00,2025-07-31,20,8,23241.0,1.0,filled,False,9.5,-76.75
2025-07-23,15,bearish,23210.75,23234.0,23222.375,23.25,2,2025-08-01 03:09:00-04:00,2025-08-01,3,9,23234.75,1.0,filled,True,106.75,-9.0
2025-07-23,15,bearish,23210.75,23234.0,23222.375,23.25,3,2025-08-01 03:25:00-04:00,2025-08-01,3,9,23216.5,0.2903225806451613,approached_CE,True,100.75,-1.0
2025-07-23,15,bearish,23210.75,23234.0,23222.375,23.25,4,2025-08-04 09:45:00-04:00,2025-08-04,9,12,23213.75,1.0,filled,True,24.25,-50.0
2025-07-23,15,bearish,23210.75,23234.0,23222.375,23.25,5,2025-08-04 10:09:00-04:00,2025-08-04,10,12,23229.5,1.0,filled,True,42.0,-32.25
2025-07-23,15,bearish,23210.75,23234.0,23222.375,23.25,6,2025-08-04 10:25:00-04:00,2025-08-04,10,12,23236.25,1.0,filled,True,48.75,-19.0
2025-07-25,15,bullish,23378.5,23383.5,23381.0,5.0,1,2025-07-30 15:00:00-04:00,2025-07-30,15,5,23389.75,1.0,filled,True,106.5,-34.75
2025-07-25,15,bullish,23378.5,23383.5,23381.0,5.0,2,2025-07-30 15:04:00-04:00,2025-07-30,15,5,23384.75,1.0,filled,True,225.25,-26.75
2025-07-25,15,bullish,23378.5,23383.5,23381.0,5.0,3,2025-07-30 15:08:00-04:00,2025-07-30,15,5,23397.0,1.0,filled,True,261.75,-28.5
2025-07-25,15,bullish,23378.5,23383.5,23381.0,5.0,4,2025-07-30 15:24:00-04:00,2025-07-30,15,5,23387.0,0.05,edge_near,True,301.0,-10.5
2025-07-25,15,bullish,23378.5,23383.5,23381.0,5.0,5,2025-07-30 15:26:00-04:00,2025-07-30,15,5,23390.5,0.5,through_CE,True,297.5,-14.0
2025-07-25,15,bullish,23378.5,23383.5,23381.0,5.0,6,2025-07-30 15:28:00-04:00,2025-07-30,15,5,23379.75,1.0,filled,True,308.25,-3.25
2025-07-28,15,bearish,23486.5,23511.25,23498.875,24.75,1,2025-07-29 11:05:00-04:00,2025-07-29,11,1,23508.75,1.0,filled,True,70.75,-23.0
2025-07-28,15,bearish,23486.5,23511.25,23498.875,24.75,2,2025-07-29 11:14:00-04:00,2025-07-29,11,1,23510.5,1.0,filled,True,72.5,-11.0
2025-07-28,15,bearish,23486.5,23511.25,23498.875,24.75,3,2025-07-29 11:33:00-04:00,2025-07-29,11,1,23490.25,0.26262626262626265,approached_CE,True,52.25,-29.5
2025-07-28,15,bearish,23486.5,23511.25,23498.875,24.75,4,2025-07-29 11:47:00-04:00,2025-07-29,11,1,23489.25,1.0,filled,True,40.5,-30.5
2025-07-28,15,bearish,23486.5,23511.25,23498.875,24.75,5,2025-07-29 12:19:00-04:00,2025-07-29,12,1,23488.75,0.1919191919191919,edge_near,True,40.0,-30.75
2025-07-28,15,bearish,23486.5,23511.25,23498.875,24.75,6,2025-07-29 12:30:00-04:00,2025-07-29,12,1,23485.25,0.010101010101010102,edge_near,True,36.5,-39.0
2025-07-29,15,bullish,23589.75,23592.75,23591.25,3.0,1,2025-07-30 14:36:00-04:00,2025-07-30,14,1,23559.5,1.0,filled,True,30.25,-204.5
2025-07-29,15,bullish,23589.75,23592.75,23591.25,3.0,2,2025-07-30 16:02:00-04:00,2025-07-30,16,1,23556.0,1.0,filled,True,132.0,-65.5
2025-07-29,15,bullish,23589.75,23592.75,23591.25,3.0,3,2025-07-31 10:45:00-04:00,2025-07-31,10,2,23592.75,1.0,filled,True,29.25,-109.0
2025-07-29,15,bullish,23589.75,23592.75,23591.25,3.0,4,2025-07-31 10:49:00-04:00,2025-07-31,10,2,23603.0,1.0,filled,False,7.5,-119.25
2025-07-29,15,bullish,23589.75,23592.75,23591.25,3.0,5,2025-07-31 12:00:00-04:00,2025-07-31,12,2,23590.5,1.0,filled,True,26.5,-33.0
2025-07-29,15,bullish,23589.75,23592.75,23591.25,3.0,6,2025-07-31 12:06:00-04:00,2025-07-31,12,2,23589.0,1.0,filled,True,28.0,-47.0
2025-07-31,15,bearish,23752.25,23791.75,23772.0,39.5,1,2025-08-08 16:13:00-04:00,2025-08-08,16,8,23751.75,0.3227848101265823,approached_CE,False,9.0,-16.75
2025-07-31,15,bearish,23752.25,23791.75,23772.0,39.5,2,2025-08-08 16:52:00-04:00,2025-08-08,16,8,23751.5,0.44936708860759494,approached_CE,False,1.25,-17.0
2025-07-31,15,bearish,23752.25,23791.75,23772.0,39.5,3,2025-08-10 21:39:00-04:00,2025-08-10,21,10,23761.25,0.25949367088607594,approached_CE,True,13.25,-9.75
2025-07-31,15,bearish,23752.25,23791.75,23772.0,39.5,4,2025-08-10 21:49:00-04:00,2025-08-10,21,10,23751.5,0.5379746835443038,through_CE,False,2.5,-19.5
2025-07-31,15,bearish,23752.25,23791.75,23772.0,39.5,5,2025-08-11 00:04:00-04:00,2025-08-11,0,11,23752.25,0.05063291139240506,edge_near,True,17.75,-6.75
2025-07-31,15,bearish,23752.25,23791.75,23772.0,39.5,6,2025-08-11 00:09:00-04:00,2025-08-11,0,11,23752.25,0.17088607594936708,edge_near,True,17.75,-6.75
2025-07-31,15,bearish,23705.0,23743.0,23724.0,38.0,1,2025-08-08 12:17:00-04:00,2025-08-08,12,8,23696.25,0.046052631578947366,edge_near,True,37.0,-10.5
2025-07-31,15,bearish,23705.0,23743.0,23724.0,38.0,2,2025-08-08 14:00:00-04:00,2025-08-08,14,8,23715.25,0.5131578947368421,through_CE,True,25.75,-9.25
2025-07-31,15,bearish,23705.0,23743.0,23724.0,38.0,3,2025-08-08 14:27:00-04:00,2025-08-08,14,8,23704.0,0.039473684210526314,edge_near,False,3.25,-17.25
2025-07-31,15,bearish,23705.0,23743.0,23724.0,38.0,4,2025-08-08 14:29:00-04:00,2025-08-08,14,8,23707.0,0.4276315789473684,approached_CE,False,5.5,-14.25
2025-07-31,15,bearish,23705.0,23743.0,23724.0,38.0,5,2025-08-08 15:51:00-04:00,2025-08-08,15,8,23702.75,0.019736842105263157,edge_near,False,9.0,-62.25
2025-07-31,15,bearish,23705.0,23743.0,23724.0,38.0,6,2025-08-08 15:54:00-04:00,2025-08-08,15,8,23712.0,1.0,filled,True,14.75,-53.0
2025-08-01,15,bearish,22929.5,23046.25,22987.875,116.75,1,2025-08-03 19:22:00-04:00,2025-08-03,19,2,22928.0,0.004282655246252677,edge_near,True,44.0,-16.5
2025-08-01,15,bearish,22929.5,23046.25,22987.875,116.75,2,2025-08-03 19:26:00-04:00,2025-08-03,19,2,22924.25,0.017130620985010708,edge_near,True,40.25,-20.25
2025-08-01,15,bearish,22929.5,23046.25,22987.875,116.75,3,2025-08-03 20:03:00-04:00,2025-08-03,20,2,22923.0,0.0,edge_near,False,6.25,-42.0
2025-08-01,15,bearish,22929.5,23046.25,22987.875,116.75,4,2025-08-03 20:08:00-04:00,2025-08-03,20,2,22923.25,0.0,edge_near,False,4.5,-42.0
2025-08-01,15,bearish,22929.5,23046.25,22987.875,116.75,5,2025-08-03 20:10:00-04:00,2025-08-03,20,2,22936.25,0.1284796573875803,edge_near,True,16.0,-29.0
2025-08-01,15,bearish,22929.5,23046.25,22987.875,116.75,6,2025-08-03 20:36:00-04:00,2025-08-03,20,2,22931.25,0.055674518201284794,edge_near,False,8.5,-35.25
2025-08-04,15,bullish,23085.5,23088.75,23087.125,3.25,1,2025-08-05 16:32:00-04:00,2025-08-05,16,1,23088.0,1.0,filled,True,19.75,-6.0
2025-08-04,15,bullish,23085.5,23088.75,23087.125,3.25,2,2025-08-05 16:56:00-04:00,2025-08-05,16,1,23086.25,1.0,filled,False,9.5,-4.25
2025-08-04,15,bullish,23085.5,23088.75,23087.125,3.25,3,2025-08-05 18:57:00-04:00,2025-08-05,18,1,23084.5,1.0,filled,True,13.25,-27.25
2025-08-04,15,bullish,23085.5,23088.75,23087.125,3.25,4,2025-08-05 18:59:00-04:00,2025-08-05,18,1,23085.75,1.0,filled,True,12.0,-33.0
2025-08-04,15,bullish,23085.5,23088.75,23087.125,3.25,5,2025-08-05 19:03:00-04:00,2025-08-05,19,1,23084.0,1.0,filled,True,13.75,-35.0
2025-08-04,15,bullish,23085.5,23088.75,23087.125,3.25,6,2025-08-05 19:09:00-04:00,2025-08-05,19,1,23085.75,1.0,filled,True,12.0,-36.75
2025-08-04,15,bullish,23097.25,23189.5,23143.375,92.25,1,2025-08-05 10:44:00-04:00,2025-08-05,10,1,23187.5,0.5501355013550135,through_CE,True,32.5,-74.0
2025-08-04,15,bullish,23097.25,23189.5,23143.375,92.25,2,2025-08-05 11:10:00-04:00,2025-08-05,11,1,23167.0,0.3116531165311653,approached_CE,True,53.0,-53.5
2025-08-04,15,bullish,23097.25,23189.5,23143.375,92.25,3,2025-08-05 11:16:00-04:00,2025-08-05,11,1,23192.5,0.14363143631436315,edge_near,True,12.25,-79.0
2025-08-04,15,bullish,23097.25,23189.5,23143.375,92.25,4,2025-08-05 11:21:00-04:00,2025-08-05,11,1,23186.0,0.8238482384823849,filled,True,23.25,-72.5
2025-08-04,15,bullish,23097.25,23189.5,23143.375,92.25,5,2025-08-05 12:08:00-04:00,2025-08-05,12,1,23189.5,0.17886178861788618,edge_near,True,36.25,-52.75
2025-08-04,15,bullish,23097.25,23189.5,23143.375,92.25,6,2025-08-05 12:17:00-04:00,2025-08-05,12,1,23192.25,0.02981029810298103,edge_near,True,33.5,-55.5
2025-08-04,15,bullish,23197.0,23213.5,23205.25,16.5,1,2025-08-05 10:42:00-04:00,2025-08-05,10,1,23209.75,1.0,filled,True,15.75,-96.25
2025-08-04,15,bullish,23197.0,23213.5,23205.25,16.5,2,2025-08-05 11:02:00-04:00,2025-08-05,11,1,23200.25,1.0,filled,True,19.75,-86.75
2025-08-04,15,bullish,23197.0,23213.5,23205.25,16.5,3,2025-08-05 11:13:00-04:00,2025-08-05,11,1,23206.5,1.0,filled,True,13.5,-93.0
2025-08-04,15,bullish,23197.0,23213.5,23205.25,16.5,4,2025-08-05 11:18:00-04:00,2025-08-05,11,1,23202.5,1.0,filled,False,2.25,-89.0
2025-08-04,15,bullish,23197.0,23213.5,23205.25,16.5,5,2025-08-05 12:07:00-04:00,2025-08-05,12,1,23195.25,1.0,filled,True,30.5,-58.5
2025-08-04,15,bullish,23197.0,23213.5,23205.25,16.5,6,2025-08-05 12:15:00-04:00,2025-08-05,12,1,23198.75,1.0,filled,True,27.0,-62.0
2025-08-08,15,bullish,23545.0,23604.0,23574.5,59.0,1,2025-08-11 15:53:00-04:00,2025-08-11,15,3,23603.0,0.288135593220339,approached_CE,True,45.5,-16.0
2025-08-08,15,bullish,23545.0,23604.0,23574.5,59.0,2,2025-08-12 01:03:00-04:00,2025-08-12,1,4,23616.25,0.03389830508474576,edge_near,True,36.25,-20.25
2025-08-08,15,bullish,23545.0,23604.0,23574.5,59.0,3,2025-08-12 01:39:00-04:00,2025-08-12,1,4,23603.25,0.13559322033898305,edge_near,True,66.0,-7.25
2025-08-08,15,bullish,23545.0,23604.0,23574.5,59.0,4,2025-08-19 10:38:00-04:00,2025-08-19,10,11,23603.25,0.1016949152542373,edge_near,True,18.5,-89.25
2025-08-08,15,bullish,23545.0,23604.0,23574.5,59.0,5,2025-08-19 10:41:00-04:00,2025-08-19,10,11,23598.25,1.0,filled,True,23.5,-84.25
2025-08-08,15,bullish,23545.0,23604.0,23574.5,59.0,6,2025-08-19 11:03:00-04:00,2025-08-19,11,11,23548.75,1.0,filled,True,41.25,-23.25
2025-08-08,15,bullish,23614.25,23632.0,23623.125,17.75,1,2025-08-11 15:50:00-04:00,2025-08-11,15,3,23627.5,1.0,filled,True,21.0,-40.5
2025-08-08,15,bullish,23614.25,23632.0,23623.125,17.75,2,2025-08-11 15:58:00-04:00,2025-08-11,15,3,23620.5,1.0,filled,True,28.0,-15.5
2025-08-08,15,bullish,23614.25,23632.0,23623.125,17.75,3,2025-08-11 16:01:00-04:00,2025-08-11,16,3,23633.25,0.36619718309859156,approached_CE,True,10.75,-17.25
2025-08-08,15,bullish,23614.25,23632.0,23623.125,17.75,4,2025-08-11 16:12:00-04:00,2025-08-11,16,3,23629.0,0.9014084507042254,filled,False,8.5,-13.0
2025-08-08,15,bullish,23614.25,23632.0,23623.125,17.75,5,2025-08-11 18:04:00-04:00,2025-08-11,18,3,23635.75,0.5774647887323944,through_CE,False,9.75,-21.5
2025-08-08,15,bullish,23614.25,23632.0,23623.125,17.75,6,2025-08-11 18:15:00-04:00,2025-08-11,18,3,23632.5,1.0,filled,True,14.25,-18.25
2025-08-12,15,bearish,23743.0,23767.5,23755.25,24.5,1,2025-08-15 10:00:00-04:00,2025-08-15,10,3,23795.75,1.0,filled,True,29.75,-87.5
2025-08-12,15,bearish,23743.0,23767.5,23755.25,24.5,2,2025-08-15 11:40:00-04:00,2025-08-15,11,3,23762.5,1.0,filled,True,27.75,-57.0
2025-08-12,15,bearish,23743.0,23767.5,23755.25,24.5,3,2025-08-15 12:03:00-04:00,2025-08-15,12,3,23772.5,1.0,filled,False,9.5,-53.5
2025-08-12,15,bearish,23743.0,23767.5,23755.25,24.5,4,2025-08-15 12:28:00-04:00,2025-08-15,12,3,23773.5,1.0,filled,True,10.5,-52.5
2025-08-12,15,bearish,23743.0,23767.5,23755.25,24.5,5,2025-08-18 04:14:00-04:00,2025-08-18,4,6,23770.0,1.0,filled,True,26.5,-26.5
2025-08-12,15,bearish,23743.0,23767.5,23755.25,24.5,6,2025-08-18 04:22:00-04:00,2025-08-18,4,6,23767.25,1.0,filled,True,23.75,-29.25
2025-08-14,15,bullish,23861.0,23897.75,23879.375,36.75,1,2025-08-15 04:47:00-04:00,2025-08-15,4,1,23892.25,0.7142857142857143,through_CE,True,10.0,-15.0
2025-08-14,15,bullish,23861.0,23897.75,23879.375,36.75,2,2025-08-15 08:23:00-04:00,2025-08-15,8,1,23902.75,0.3673469387755102,approached_CE,True,14.25,-18.5
2025-08-14,15,bullish,23861.0,23897.75,23879.375,36.75,3,2025-08-15 08:29:00-04:00,2025-08-15,8,1,23902.0,0.35374149659863946,approached_CE,True,22.25,-17.25
2025-08-14,15,bullish,23861.0,23897.75,23879.375,36.75,4,2025-08-15 08:38:00-04:00,2025-08-15,8,1,23894.5,0.14285714285714285,edge_near,True,29.75,-44.5
2025-08-14,15,bullish,23861.0,23897.75,23879.375,36.75,5,2025-08-15 09:02:00-04:00,2025-08-15,9,1,23898.5,0.05442176870748299,edge_near,True,25.75,-132.5
2025-08-14,15,bullish,23861.0,23897.75,23879.375,36.75,6,2025-08-15 09:08:00-04:00,2025-08-15,9,1,23896.25,0.14285714285714285,edge_near,True,28.0,-130.25
2025-08-15,15,bearish,23854.0,23887.75,23870.875,33.75,1,2025-08-17 18:53:00-04:00,2025-08-17,18,2,23851.0,0.007407407407407408,edge_near,True,11.0,-9.25
2025-08-15,15,bearish,23854.0,23887.75,23870.875,33.75,2,2025-08-17 19:40:00-04:00,2025-08-17,19,2,23853.5,0.18518518518518517,edge_near,True,10.5,-13.0
2025-08-15,15,bearish,23854.0,23887.75,23870.875,33.75,3,2025-08-17 20:02:00-04:00,2025-08-17,20,2,23853.5,0.8296296296296296,filled,False,4.25,-13.0
2025-08-15,15,bearish,23854.0,23887.75,23870.875,33.75,4,2025-08-18 00:24:00-04:00,2025-08-18,0,3,23853.0,0.17777777777777778,edge_near,True,10.75,-7.0
2025-08-15,15,bearish,23854.0,23887.75,23870.875,33.75,5,2025-08-18 00:46:00-04:00,2025-08-18,0,3,23852.0,0.05185185185185185,edge_near,True,11.0,-5.75
2025-08-15,15,bearish,23854.0,23887.75,23870.875,33.75,6,2025-08-18 01:06:00-04:00,2025-08-18,1,3,23854.75,0.1111111111111111,edge_near,True,13.75,-3.0
2025-08-19,15,bearish,23700.0,23740.0,23720.0,40.0,1,2025-08-28 09:30:00-04:00,2025-08-28,9,9,23705.25,1.0,filled,True,132.75,-38.0
2025-08-19,15,bearish,23700.0,23740.0,23720.0,40.0,2,2025-08-28 10:43:00-04:00,2025-08-28,10,9,23693.0,0.04375,edge_near,True,28.25,-61.25
2025-08-19,15,bearish,23700.0,23740.0,23720.0,40.0,3,2025-08-28 10:46:00-04:00,2025-08-28,10,9,23699.75,1.0,filled,True,35.0,-54.5
2025-08-19,15,bearish,23700.0,23740.0,23720.0,40.0,4,2025-08-28 11:18:00-04:00,2025-08-28,11,9,23738.5,1.0,filled,True,73.75,-12.25
2025-08-19,15,bearish,23700.0,23740.0,23720.0,40.0,5,2025-08-28 11:31:00-04:00,2025-08-28,11,9,23702.0,0.4875,approached_CE,True,27.25,-64.0
2025-08-19,15,bearish,23700.0,23740.0,23720.0,40.0,6,2025-08-28 12:06:00-04:00,2025-08-28,12,9,23700.25,1.0,filled,True,12.25,-65.75
2025-08-20,15,bearish,23324.25,23402.5,23363.375,78.25,1,2025-08-21 00:00:00-04:00,2025-08-21,0,1,23338.25,0.329073482428115,approached_CE,False,8.0,-9.0
2025-08-20,15,bearish,23324.25,23402.5,23363.375,78.25,2,2025-08-21 01:14:00-04:00,2025-08-21,1,1,23323.75,0.16293929712460065,edge_near,True,12.25,-33.25
2025-08-20,15,bearish,23324.25,23402.5,23363.375,78.25,3,2025-08-21 01:46:00-04:00,2025-08-21,1,1,23323.25,0.009584664536741214,edge_near,False,7.5,-45.0
2025-08-20,15,bearish,23324.25,23402.5,23363.375,78.25,4,2025-08-21 01:53:00-04:00,2025-08-21,1,1,23328.5,0.5623003194888179,through_CE,False,7.5,-39.75
2025-08-20,15,bearish,23324.25,23402.5,23363.375,78.25,5,2025-08-21 05:44:00-04:00,2025-08-21,5,1,23324.25,0.05750798722044728,edge_near,True,51.5,-4.5
2025-08-20,15,bearish,23324.25,23402.5,23363.375,78.25,6,2025-08-21 07:00:00-04:00,2025-08-21,7,1,23320.75,0.13738019169329074,edge_near,True,56.25,-14.25
2025-08-20,15,bearish,23214.5,23322.5,23268.5,108.0,1,2025-08-21 01:07:00-04:00,2025-08-21,1,1,23323.75,1.0,filled,True,12.25,-20.5
2025-08-20,15,bearish,23214.5,23322.5,23268.5,108.0,2,2025-08-21 01:26:00-04:00,2025-08-21,1,1,23319.25,1.0,filled,False,7.75,-49.0
2025-08-20,15,bearish,23214.5,23322.5,23268.5,108.0,3,2025-08-21 03:17:00-04:00,2025-08-21,3,1,23324.75,1.0,filled,False,3.25,-32.75
2025-08-20,15,bearish,23214.5,23322.5,23268.5,108.0,4,2025-08-21 04:18:00-04:00,2025-08-21,4,1,23322.5,1.0,filled,True,32.75,-28.75
2025-08-20,15,bearish,23214.5,23322.5,23268.5,108.0,5,2025-08-21 04:51:00-04:00,2025-08-21,4,1,23322.5,1.0,filled,True,32.75,-6.25
2025-08-20,15,bearish,23214.5,23322.5,23268.5,108.0,6,2025-08-21 05:46:00-04:00,2025-08-21,5,1,23322.25,1.0,filled,True,49.5,-6.5
2025-08-29,15,bearish,23601.0,23648.25,23624.625,47.25,1,2025-09-04 13:53:00-04:00,2025-09-04,13,6,23602.25,0.06878306878306878,edge_near,True,22.75,-22.0
2025-08-29,15,bearish,23601.0,23648.25,23624.625,47.25,2,2025-09-04 14:15:00-04:00,2025-09-04,14,6,23601.0,0.21164021164021163,edge_near,False,7.25,-37.75
2025-08-29,15,bearish,23601.0,23648.25,23624.625,47.25,3,2025-09-04 14:22:00-04:00,2025-09-04,14,6,23602.0,0.06349206349206349,edge_near,False,8.25,-41.25
2025-08-29,15,bearish,23601.0,23648.25,23624.625,47.25,4,2025-09-04 14:28:00-04:00,2025-09-04,14,6,23601.75,1.0,filled,False,8.0,-41.5
2025-08-29,15,bearish,23601.0,23648.25,23624.625,47.25,5,2025-09-05 10:26:00-04:00,2025-09-05,10,7,23656.25,1.0,filled,True,151.25,-28.5
2025-08-29,15,bearish,23601.0,23648.25,23624.625,47.25,6,2025-09-05 10:28:00-04:00,2025-09-05,10,7,23633.5,1.0,filled,True,128.5,-42.5
2025-08-29,15,bearish,23551.75,23585.25,23568.5,33.5,1,2025-08-31 20:13:00-04:00,2025-08-31,20,2,23551.0,0.014925373134328358,edge_near,True,21.0,-4.25
2025-08-29,15,bearish,23551.75,23585.25,23568.5,33.5,2,2025-08-31 20:17:00-04:00,2025-08-31,20,2,23548.75,0.1044776119402985,edge_near,True,18.75,-6.5
2025-08-29,15,bearish,23551.75,23585.25,23568.5,33.5,3,2025-09-04 11:27:00-04:00,2025-09-04,11,6,23551.5,0.12686567164179105,edge_near,True,38.75,-4.5
2025-08-29,15,bearish,23551.75,23585.25,23568.5,33.5,4,2025-09-04 11:53:00-04:00,2025-09-04,11,6,23549.75,0.06716417910447761,edge_near,True,37.0,-15.5
2025-08-29,15,bearish,23551.75,23585.25,23568.5,33.5,5,2025-09-04 11:57:00-04:00,2025-09-04,11,6,23547.5,0.08208955223880597,edge_near,True,34.75,-17.75
2025-08-29,15,bearish,23551.75,23585.25,23568.5,33.5,6,2025-09-04 12:09:00-04:00,2025-09-04,12,6,23551.5,0.03731343283582089,edge_near,True,38.75,-26.75
2025-09-08,15,bullish,23797.25,23814.0,23805.625,16.75,1,2025-09-09 07:18:00-04:00,2025-09-09,7,1,23813.25,0.1791044776119403,edge_near,True,44.5,-2.25
2025-09-08,15,bullish,23797.25,23814.0,23805.625,16.75,2,2025-09-09 09:04:00-04:00,2025-09-09,9,1,23807.0,0.8208955223880597,filled,True,50.75,-26.0
2025-09-08,15,bullish,23797.25,23814.0,23805.625,16.75,3,2025-09-09 09:22:00-04:00,2025-09-09,9,1,23813.75,0.23880597014925373,edge_near,True,44.0,-32.75
2025-09-08,15,bullish,23797.25,23814.0,23805.625,16.75,4,2025-09-09 09:51:00-04:00,2025-09-09,9,1,23809.5,0.7611940298507462,filled,True,41.25,-83.0
2025-09-08,15,bullish,23797.25,23814.0,23805.625,16.75,5,2025-09-09 09:59:00-04:00,2025-09-09,9,1,23815.0,1.0,filled,True,35.75,-88.5
2025-09-08,15,bullish,23797.25,23814.0,23805.625,16.75,6,2025-09-09 10:04:00-04:00,2025-09-09,10,1,23795.5,1.0,filled,True,55.25,-69.0
2025-09-10,15,bearish,23955.5,23996.0,23975.75,40.5,1,2025-09-11 07:49:00-04:00,2025-09-11,7,1,23954.0,0.012345679012345678,edge_near,True,109.0,-22.25
2025-09-10,15,bearish,23955.5,23996.0,23975.75,40.5,2,2025-09-11 08:23:00-04:00,2025-09-11,8,1,23952.0,0.05555555555555555,edge_near,True,107.0,-24.25
2025-09-10,15,bearish,23955.5,23996.0,23975.75,40.5,3,2025-09-11 08:29:00-04:00,2025-09-11,8,1,23956.75,0.5123456790123457,through_CE,True,111.75,-21.5
2025-09-10,15,bearish,23955.5,23996.0,23975.75,40.5,4,2025-09-11 08:52:00-04:00,2025-09-11,8,1,23956.0,0.08641975308641975,edge_near,True,46.25,-41.75
2025-09-10,15,bearish,23955.5,23996.0,23975.75,40.5,5,2025-09-11 08:59:00-04:00,2025-09-11,8,1,23959.25,0.2345679012345679,edge_near,True,49.5,-38.5
2025-09-10,15,bearish,23955.5,23996.0,23975.75,40.5,6,2025-09-11 09:06:00-04:00,2025-09-11,9,1,23947.25,0.0,edge_near,True,37.5,-55.25
2025-09-15,15,bullish,24183.25,24204.0,24193.625,20.75,1,2025-09-17 10:28:00-04:00,2025-09-17,10,2,24199.25,0.40963855421686746,approached_CE,True,20.25,-35.0
2025-09-15,15,bullish,24183.25,24204.0,24193.625,20.75,2,2025-09-17 10:35:00-04:00,2025-09-17,10,2,24199.5,1.0,filled,True,10.75,-35.25
2025-09-15,15,bullish,24183.25,24204.0,24193.625,20.75,3,2025-09-17 10:53:00-04:00,2025-09-17,10,2,24183.0,1.0,filled,True,20.25,-21.75
2025-09-15,15,bullish,24183.25,24204.0,24193.625,20.75,4,2025-09-17 11:12:00-04:00,2025-09-17,11,2,24183.75,1.0,filled,True,19.5,-30.25
2025-09-15,15,bullish,24183.25,24204.0,24193.625,20.75,5,2025-09-17 11:35:00-04:00,2025-09-17,11,2,24182.0,1.0,filled,False,2.5,-28.5
2025-09-15,15,bullish,24183.25,24204.0,24193.625,20.75,6,2025-09-17 11:45:00-04:00,2025-09-17,11,2,24182.25,1.0,filled,False,1.75,-48.25
2025-09-15,15,bullish,24227.5,24238.0,24232.75,10.5,1,2025-09-17 04:36:00-04:00,2025-09-17,4,2,24242.0,0.5952380952380952,through_CE,True,46.75,-24.25
2025-09-15,15,bullish,24227.5,24238.0,24232.75,10.5,2,2025-09-17 04:41:00-04:00,2025-09-17,4,2,24233.75,1.0,filled,True,55.0,-16.0
2025-09-15,15,bullish,24227.5,24238.0,24232.75,10.5,3,2025-09-17 09:39:00-04:00,2025-09-17,9,2,24241.25,1.0,filled,True,39.5,-49.5
2025-09-15,15,bullish,24227.5,24238.0,24232.75,10.5,4,2025-09-17 09:59:00-04:00,2025-09-17,9,2,24237.0,1.0,filled,True,11.75,-66.25
2025-09-15,15,bullish,24227.5,24238.0,24232.75,10.5,5,2025-09-17 10:03:00-04:00,2025-09-17,10,2,24232.5,1.0,filled,False,7.5,-61.75
2025-09-15,15,bullish,24227.5,24238.0,24232.75,10.5,6,2025-09-17 10:20:00-04:00,2025-09-17,10,2,24228.0,1.0,filled,False,4.75,-63.75
2025-09-16,15,bearish,24326.25,24342.75,24334.5,16.5,1,2025-09-17 18:51:00-04:00,2025-09-17,18,1,24324.0,0.18181818181818182,edge_near,False,7.0,-19.5
2025-09-16,15,bearish,24326.25,24342.75,24334.5,16.5,2,2025-09-17 19:00:00-04:00,2025-09-17,19,1,24329.5,1.0,filled,False,6.25,-15.5
2025-09-16,15,bearish,24326.25,24342.75,24334.5,16.5,3,2025-09-17 20:42:00-04:00,2025-09-17,20,1,24325.0,0.06060606060606061,edge_near,False,7.75,-25.0
2025-09-16,15,bearish,24326.25,24342.75,24334.5,16.5,4,2025-09-17 20:45:00-04:00,2025-09-17,20,1,24327.25,0.06060606060606061,edge_near,True,10.0,-22.75
2025-09-16,15,bearish,24326.25,24342.75,24334.5,16.5,5,2025-09-17 20:58:00-04:00,2025-09-17,20,1,24325.5,0.06060606060606061,edge_near,False,8.25,-28.5
2025-09-16,15,bearish,24326.25,24342.75,24334.5,16.5,6,2025-09-17 21:05:00-04:00,2025-09-17,21,1,24333.0,1.0,filled,False,9.75,-21.0
2025-09-19,15,bullish,24506.5,24516.25,24511.375,9.75,1,2025-09-25 09:34:00-04:00,2025-09-25,9,6,24519.25,1.0,filled,True,122.5,-97.25
2025-09-19,15,bullish,24506.5,24516.25,24511.375,9.75,2,2025-09-25 09:50:00-04:00,2025-09-25,9,6,24506.0,1.0,filled,True,150.75,-76.0
2025-09-19,15,bullish,24506.5,24516.25,24511.375,9.75,3,2025-09-25 10:04:00-04:00,2025-09-25,10,6,24518.0,1.0,filled,True,138.75,-14.75
2025-09-19,15,bullish,24506.5,24516.25,24511.375,9.75,4,2025-09-25 13:58:00-04:00,2025-09-25,13,6,24516.75,1.0,filled,True,123.5,-63.25
2025-09-19,15,bullish,24506.5,24516.25,24511.375,9.75,5,2025-09-25 14:10:00-04:00,2025-09-25,14,6,24507.0,1.0,filled,True,133.25,-13.5
2025-09-22,15,bullish,24810.5,24814.25,24812.375,3.75,1,2025-09-23 13:40:00-04:00,2025-09-23,13,1,24807.5,1.0,filled,True,38.5,-28.25
2025-09-22,15,bullish,24810.5,24814.25,24812.375,3.75,2,2025-09-23 13:53:00-04:00,2025-09-23,13,1,24822.5,0.3333333333333333,approached_CE,True,23.5,-33.25
2025-09-22,15,bullish,24810.5,24814.25,24812.375,3.75,3,2025-09-23 14:05:00-04:00,2025-09-23,14,1,24818.0,0.6666666666666666,through_CE,True,18.5,-34.0
2025-09-22,15,bullish,24810.5,24814.25,24812.375,3.75,4,2025-09-23 14:10:00-04:00,2025-09-23,14,1,24814.0,1.0,filled,True,22.5,-30.0
2025-09-22,15,bullish,24810.5,24814.25,24812.375,3.75,5,2025-09-23 14:25:00-04:00,2025-09-23,14,1,24816.0,1.0,filled,True,20.5,-32.0
2025-09-22,15,bullish,24810.5,24814.25,24812.375,3.75,6,2025-09-23 14:28:00-04:00,2025-09-23,14,1,24813.0,1.0,filled,True,23.5,-29.0
2025-09-22,15,bullish,24822.25,24840.5,24831.375,18.25,1,2025-09-23 13:36:00-04:00,2025-09-23,13,1,24832.5,1.0,filled,True,19.5,-53.25
2025-09-22,15,bullish,24822.25,24840.5,24831.375,18.25,2,2025-09-23 13:48:00-04:00,2025-09-23,13,1,24829.5,1.0,filled,True,16.5,-40.25
2025-09-22,15,bullish,24822.25,24840.5,24831.375,18.25,3,2025-09-23 14:26:00-04:00,2025-09-23,14,1,24823.5,1.0,filled,True,13.0,-39.5
2025-09-22,15,bullish,24822.25,24840.5,24831.375,18.25,4,2025-09-23 14:31:00-04:00,2025-09-23,14,1,24827.5,1.0,filled,False,9.0,-43.5
2025-09-22,15,bullish,24822.25,24840.5,24831.375,18.25,5,2025-09-23 14:47:00-04:00,2025-09-23,14,1,24821.5,1.0,filled,True,16.75,-37.5
2025-09-22,15,bullish,24822.25,24840.5,24831.375,18.25,6,2025-09-23 15:18:00-04:00,2025-09-23,15,1,24824.25,1.0,filled,True,32.0,-30.75
2025-09-23,15,bearish,24971.5,24996.0,24983.75,24.5,1,2025-09-29 10:09:00-04:00,2025-09-29,10,6,24969.5,0.14285714285714285,edge_near,True,52.25,-5.5
2025-09-23,15,bearish,24971.5,24996.0,24983.75,24.5,2,2025-10-01 13:04:00-04:00,2025-10-01,13,8,24971.25,0.7551020408163265,filled,False,7.25,-38.75
2025-09-23,15,bearish,24971.5,24996.0,24983.75,24.5,3,2025-10-01 13:49:00-04:00,2025-10-01,13,8,24969.75,1.0,filled,False,2.0,-63.25
2025-09-23,15,bearish,24971.5,24996.0,24983.75,24.5,4,2025-10-01 14:02:00-04:00,2025-10-01,14,8,24982.25,1.0,filled,False,4.75,-54.75
2025-09-23,15,bearish,24971.5,24996.0,24983.75,24.5,5,2025-10-01 16:01:00-04:00,2025-10-01,16,8,24999.25,1.0,filled,False,6.5,-14.75
2025-09-23,15,bearish,24971.5,24996.0,24983.75,24.5,6,2025-10-01 16:05:00-04:00,2025-10-01,16,8,24999.25,1.0,filled,False,6.5,-14.75
2025-09-24,15,bearish,24839.5,24873.0,24856.25,33.5,1,2025-09-29 02:22:00-04:00,2025-09-29,2,5,24838.0,0.03731343283582089,edge_near,True,14.75,-17.25
2025-09-24,15,bearish,24839.5,24873.0,24856.25,33.5,2,2025-09-29 02:30:00-04:00,2025-09-29,2,5,24840.0,0.4701492537313433,approached_CE,True,16.75,-17.5
2025-09-24,15,bearish,24839.5,24873.0,24856.25,33.5,3,2025-09-29 03:11:00-04:00,2025-09-29,3,5,24837.25,0.007462686567164179,edge_near,False,4.25,-39.0
2025-09-24,15,bearish,24839.5,24873.0,24856.25,33.5,4,2025-09-29 03:14:00-04:00,2025-09-29,3,5,24837.75,1.0,filled,False,4.0,-38.5
2025-09-24,15,bearish,24839.5,24873.0,24856.25,33.5,5,2025-09-29 04:31:00-04:00,2025-09-29,4,5,24876.25,1.0,filled,False,4.5,-19.5
2025-09-24,15,bearish,24839.5,24873.0,24856.25,33.5,6,2025-09-29 04:34:00-04:00,2025-09-29,4,5,24873.5,1.0,filled,False,1.0,-22.25
2025-09-25,15,bearish,24522.5,24551.5,24537.0,29.0,1,2025-09-26 10:25:00-04:00,2025-09-26,10,1,24547.25,1.0,filled,True,27.25,-95.5
2025-09-25,15,bearish,24522.5,24551.5,24537.0,29.0,2,2025-09-26 10:50:00-04:00,2025-09-26,10,1,24552.0,1.0,filled,False,6.5,-85.0
2025-09-25,15,bearish,24522.5,24551.5,24537.0,29.0,3,2025-09-26 11:15:00-04:00,2025-09-26,11,1,24554.0,1.0,filled,False,8.5,-83.0
2025-09-25,15,bearish,24522.5,24551.5,24537.0,29.0,4,2025-10-10 15:24:00-04:00,2025-10-10,15,15,24552.75,1.0,filled,True,168.5,-15.75
2025-09-25,15,bearish,24522.5,24551.5,24537.0,29.0,5,2025-10-10 15:44:00-04:00,2025-10-10,15,15,24535.5,1.0,filled,True,151.25,-21.5
2025-09-25,15,bearish,24522.5,24551.5,24537.0,29.0,6,2025-10-12 18:00:00-04:00,2025-10-12,18,17,24736.75,1.0,filled,True,254.75,-37.25
2025-09-29,15,bullish,24894.0,24913.0,24903.5,19.0,1,2025-09-30 15:51:00-04:00,2025-09-30,15,1,24888.5,1.0,filled,True,25.25,-54.0
2025-09-29,15,bullish,24894.0,24913.0,24903.5,19.0,2,2025-10-01 10:34:00-04:00,2025-10-01,10,2,24897.0,1.0,filled,True,23.75,-21.0
2025-09-29,15,bullish,24894.0,24913.0,24903.5,19.0,3,2025-10-01 10:47:00-04:00,2025-10-01,10,2,24884.75,1.0,filled,True,51.5,-8.75
2025-09-29,15,bullish,24894.0,24913.0,24903.5,19.0,4,2025-10-01 10:51:00-04:00,2025-10-01,10,2,24894.75,1.0,filled,True,41.5,-18.75
2025-09-29,15,bullish,24894.0,24913.0,24903.5,19.0,5,2025-10-01 11:03:00-04:00,2025-10-01,11,2,24908.5,1.0,filled,True,34.5,-32.5
2025-09-29,15,bullish,24894.0,24913.0,24903.5,19.0,6,2025-10-01 11:28:00-04:00,2025-10-01,11,2,24894.0,1.0,filled,True,55.0,-7.0
2025-09-29,15,bullish,24916.0,24919.5,24917.75,3.5,1,2025-10-01 11:01:00-04:00,2025-10-01,11,2,24918.25,1.0,filled,True,22.0,-42.25
2025-09-29,15,bullish,24916.0,24919.5,24917.75,3.5,2,2025-10-01 11:36:00-04:00,2025-10-01,11,2,24918.5,1.0,filled,True,34.75,-7.5
2025-09-29,15,bullish,24916.0,24919.5,24917.75,3.5,3,2025-10-10 11:19:00-04:00,2025-10-10,11,11,24951.0,1.0,filled,True,16.5,-283.75
2025-09-29,15,bullish,24916.0,24919.5,24917.75,3.5,4,2025-10-13 03:23:00-04:00,2025-10-13,3,14,24916.25,1.0,filled,True,28.75,-49.25
2025-09-29,15,bullish,24916.0,24919.5,24917.75,3.5,5,2025-10-13 03:36:00-04:00,2025-10-13,3,14,24917.75,0.7857142857142857,filled,True,11.25,-63.25
2025-09-29,15,bullish,24916.0,24919.5,24917.75,3.5,6,2025-10-13 03:40:00-04:00,2025-10-13,3,14,24923.5,1.0,filled,False,5.25,-69.25
2025-09-30,15,bearish,24829.25,24831.0,24830.125,1.75,1,2025-10-01 09:33:00-04:00,2025-10-01,9,1,24827.25,1.0,filled,True,101.25,-66.25
2025-09-30,15,bearish,24829.25,24831.0,24830.125,1.75,2,2025-10-01 09:44:00-04:00,2025-10-01,9,1,24829.0,1.0,filled,True,103.0,-83.0
2025-09-30,15,bearish,24829.25,24831.0,24830.125,1.75,3,2025-10-01 10:13:00-04:00,2025-10-01,10,1,24828.0,1.0,filled,False,9.75,-92.75
2025-09-30,15,bearish,24829.25,24831.0,24830.125,1.75,4,2025-10-10 11:24:00-04:00,2025-10-10,11,10,24823.5,1.0,filled,True,156.25,-85.25
2025-09-30,15,bearish,24829.25,24831.0,24830.125,1.75,5,2025-10-10 11:44:00-04:00,2025-10-10,11,10,24861.0,1.0,filled,True,138.25,-47.75
2025-09-30,15,bearish,24829.25,24831.0,24830.125,1.75,6,2025-10-10 11:47:00-04:00,2025-10-10,11,10,24826.5,1.0,filled,True,111.25,-82.25
2025-09-30,15,bearish,24806.5,24812.5,24809.5,6.0,1,2025-10-01 09:31:00-04:00,2025-10-01,9,1,24804.5,1.0,filled,True,78.5,-89.0
2025-09-30,15,bearish,24806.5,24812.5,24809.5,6.0,2,2025-10-01 09:41:00-04:00,2025-10-01,9,1,24817.0,1.0,filled,True,91.0,-95.0
2025-09-30,15,bearish,24806.5,24812.5,24809.5,6.0,3,2025-10-01 09:45:00-04:00,2025-10-01,9,1,24809.75,1.0,filled,True,83.75,-102.25
2025-09-30,15,bearish,24806.5,24812.5,24809.5,6.0,4,2025-10-01 09:56:00-04:00,2025-10-01,9,1,24807.75,1.0,filled,True,52.75,-104.25
2025-09-30,15,bearish,24806.5,24812.5,24809.5,6.0,5,2025-10-01 10:03:00-04:00,2025-10-01,10,1,24809.0,1.0,filled,True,16.25,-111.75
2025-09-30,15,bearish,24806.5,24812.5,24809.5,6.0,6,2025-10-01 10:06:00-04:00,2025-10-01,10,1,24811.0,1.0,filled,True,16.25,-109.75
2025-10-02,15,bearish,25071.25,25162.25,25116.75,91.0,1,2025-10-03 02:01:00-04:00,2025-10-03,2,1,25164.25,1.0,filled,False,8.5,-27.5
2025-10-02,15,bearish,25071.25,25162.25,25116.75,91.0,2,2025-10-03 06:38:00-04:00,2025-10-03,6,1,25159.25,1.0,filled,True,27.75,-13.75
2025-10-02,15,bearish,25071.25,25162.25,25116.75,91.0,3,2025-10-03 06:59:00-04:00,2025-10-03,6,1,25162.5,1.0,filled,True,33.75,-8.5
2025-10-02,15,bearish,25071.25,25162.25,25116.75,91.0,4,2025-10-03 07:04:00-04:00,2025-10-03,7,1,25161.5,1.0,filled,True,32.75,-7.0
2025-10-02,15,bearish,25071.25,25162.25,25116.75,91.0,5,2025-10-03 07:08:00-04:00,2025-10-03,7,1,25163.75,1.0,filled,True,35.0,-2.5
2025-10-02,15,bearish,25071.25,25162.25,25116.75,91.0,6,2025-10-03 07:11:00-04:00,2025-10-03,7,1,25164.25,1.0,filled,True,35.5,-1.75
2025-10-03,15,bearish,25110.25,25113.75,25112.0,3.5,1,2025-10-06 04:06:00-04:00,2025-10-06,4,3,25104.5,1.0,filled,True,10.75,-11.0
2025-10-03,15,bearish,25110.25,25113.75,25112.0,3.5,2,2025-10-06 04:12:00-04:00,2025-10-06,4,3,25107.75,0.35714285714285715,approached_CE,True,14.0,-4.25
2025-10-03,15,bearish,25110.25,25113.75,25112.0,3.5,3,2025-10-06 05:05:00-04:00,2025-10-06,5,3,25108.75,0.07142857142857142,edge_near,False,4.75,-31.0
2025-10-03,15,bearish,25110.25,25113.75,25112.0,3.5,4,2025-10-06 05:07:00-04:00,2025-10-06,5,3,25109.75,0.5,through_CE,False,5.75,-33.0
2025-10-03,15,bearish,25110.25,25113.75,25112.0,3.5,5,2025-10-06 05:14:00-04:00,2025-10-06,5,3,25111.25,1.0,filled,False,2.75,-31.5
2025-10-03,15,bearish,25110.25,25113.75,25112.0,3.5,6,2025-10-06 10:42:00-04:00,2025-10-06,10,3,25128.75,1.0,filled,True,18.5,-49.75
2025-10-06,15,bearish,25174.25,25187.75,25181.0,13.5,1,2025-10-07 00:10:00-04:00,2025-10-07,0,1,25174.75,0.6851851851851852,through_CE,False,5.75,-8.75
2025-10-06,15,bearish,25174.25,25187.75,25181.0,13.5,2,2025-10-07 01:07:00-04:00,2025-10-07,1,1,25175.25,0.9259259259259259,filled,False,8.75,-11.5
2025-10-06,15,bearish,25174.25,25187.75,25181.0,13.5,3,2025-10-07 01:55:00-04:00,2025-10-07,1,1,25174.75,0.16666666666666666,edge_near,True,36.5,-3.25
2025-10-06,15,bearish,25174.25,25187.75,25181.0,13.5,4,2025-10-07 02:00:00-04:00,2025-10-07,2,1,25173.0,0.18518518518518517,edge_near,True,34.75,-5.0
2025-10-06,15,bearish,25174.25,25187.75,25181.0,13.5,5,2025-10-07 02:02:00-04:00,2025-10-07,2,1,25175.25,0.2777777777777778,approached_CE,True,37.0,-2.75
2025-10-06,15,bearish,25174.25,25187.75,25181.0,13.5,6,2025-10-07 05:03:00-04:00,2025-10-07,5,1,25171.5,0.1111111111111111,edge_near,False,1.5,-20.75
2025-10-08,15,bullish,25073.75,25074.75,25074.25,1.0,1,2025-10-10 11:00:00-04:00,2025-10-10,11,2,25108.25,1.0,filled,True,87.5,-441.0
2025-10-08,15,bullish,25073.75,25074.75,25074.25,1.0,2,2025-10-10 11:11:00-04:00,2025-10-10,11,2,25061.0,1.0,filled,True,39.75,-393.75
2025-10-08,15,bullish,25073.75,25074.75,25074.25,1.0,3,2025-10-10 11:13:00-04:00,2025-10-10,11,2,25075.25,1.0,filled,True,13.75,-408.0
2025-10-08,15,bullish,25073.75,25074.75,25074.25,1.0,4,2025-10-15 10:07:00-04:00,2025-10-15,10,7,25083.0,1.0,filled,True,34.75,-22.5
2025-10-08,15,bullish,25073.75,25074.75,25074.25,1.0,5,2025-10-15 10:14:00-04:00,2025-10-15,10,7,25078.5,1.0,filled,True,39.25,-21.5
2025-10-08,15,bullish,25073.75,25074.75,25074.25,1.0,6,2025-10-15 10:18:00-04:00,2025-10-15,10,7,25077.5,1.0,filled,True,40.25,-25.5
2025-10-08,15,bullish,25100.0,25127.5,25113.75,27.5,1,2025-10-10 11:00:00-04:00,2025-10-10,11,2,25108.25,1.0,filled,True,87.5,-441.0
2025-10-08,15,bullish,25100.0,25127.5,25113.75,27.5,2,2025-10-10 11:06:00-04:00,2025-10-10,11,2,25067.0,1.0,filled,True,33.75,-399.75
2025-10-08,15,bullish,25100.0,25127.5,25113.75,27.5,3,2025-10-10 11:11:00-04:00,2025-10-10,11,2,25061.0,1.0,filled,True,39.75,-393.75
2025-10-08,15,bullish,25100.0,25127.5,25113.75,27.5,4,2025-10-15 10:10:00-04:00,2025-10-15,10,7,25103.5,1.0,filled,True,14.25,-32.75
2025-10-08,15,bullish,25100.0,25127.5,25113.75,27.5,5,2025-10-15 10:16:00-04:00,2025-10-15,10,7,25090.75,1.0,filled,True,27.0,-36.5
2025-10-08,15,bullish,25100.0,25127.5,25113.75,27.5,6,2025-10-15 10:23:00-04:00,2025-10-15,10,7,25101.0,1.0,filled,True,16.75,-51.75
2025-10-08,15,bullish,25152.75,25174.0,25163.375,21.25,1,2025-10-09 13:29:00-04:00,2025-10-09,13,1,25176.25,0.5647058823529412,through_CE,True,58.25,-15.5
2025-10-08,15,bullish,25152.75,25174.0,25163.375,21.25,2,2025-10-09 13:33:00-04:00,2025-10-09,13,1,25174.75,0.07058823529411765,edge_near,True,59.75,-14.0
2025-10-08,15,bullish,25152.75,25174.0,25163.375,21.25,3,2025-10-09 13:35:00-04:00,2025-10-09,13,1,25162.25,0.6235294117647059,through_CE,True,72.25,-1.5
2025-10-08,15,bullish,25152.75,25174.0,25163.375,21.25,4,2025-10-10 10:59:00-04:00,2025-10-10,10,2,25194.0,1.0,filled,True,25.0,-526.75
2025-10-08,15,bullish,25152.75,25174.0,25163.375,21.25,5,2025-10-16 10:41:00-04:00,2025-10-16,10,8,25154.0,1.0,filled,True,25.75,-168.25
2025-10-08,15,bullish,25152.75,25174.0,25163.375,21.25,6,2025-10-20 03:39:00-04:00,2025-10-20,3,12,25146.75,1.0,filled,False,6.0,-56.5
2025-10-10,15,bullish,25318.0,25325.75,25321.875,7.75,1,2025-10-20 10:53:00-04:00,2025-10-20,10,10,25317.0,1.0,filled,True,28.5,-27.75
2025-10-10,15,bullish,25318.0,25325.75,25321.875,7.75,2,2025-10-20 10:59:00-04:00,2025-10-20,10,10,25314.25,1.0,filled,True,31.25,-25.0
2025-10-10,15,bullish,25318.0,25325.75,25321.875,7.75,3,2025-10-20 11:07:00-04:00,2025-10-20,11,10,25319.75,1.0,filled,True,25.75,-30.5
2025-10-10,15,bullish,25318.0,25325.75,25321.875,7.75,4,2025-10-20 11:18:00-04:00,2025-10-20,11,10,25317.75,1.0,filled,True,27.75,-22.25
2025-10-10,15,bullish,25318.0,25325.75,25321.875,7.75,5,2025-10-20 11:29:00-04:00,2025-10-20,11,10,25321.0,1.0,filled,True,24.5,-25.5
2025-10-10,15,bullish,25318.0,25325.75,25321.875,7.75,6,2025-10-20 11:40:00-04:00,2025-10-20,11,10,25316.0,1.0,filled,True,29.5,-26.0
2025-10-13,15,bullish,24842.75,24864.75,24853.75,22.0,1,2025-10-14 00:09:00-04:00,2025-10-14,0,1,24856.5,1.0,filled,True,22.75,-106.5
2025-10-13,15,bullish,24842.75,24864.75,24853.75,22.0,2,2025-10-14 00:14:00-04:00,2025-10-14,0,1,24837.75,1.0,filled,False,7.5,-87.75
2025-10-13,15,bullish,24842.75,24864.75,24853.75,22.0,3,2025-10-14 12:20:00-04:00,2025-10-14,12,1,24864.25,1.0,filled,True,83.0,-38.0
2025-10-13,15,bullish,24842.75,24864.75,24853.75,22.0,4,2025-10-14 13:01:00-04:00,2025-10-14,13,1,24860.25,0.3068181818181818,approached_CE,True,78.75,-2.25
2025-10-13,15,bullish,24842.75,24864.75,24853.75,22.0,5,2025-10-14 15:37:00-04:00,2025-10-14,15,1,24786.25,1.0,filled,True,90.75,-100.25
2025-10-13,15,bullish,24842.75,24864.75,24853.75,22.0,6,2025-10-14 22:20:00-04:00,2025-10-14,22,1,24842.5,1.0,filled,True,13.25,-54.0
2025-10-14,15,bearish,24588.25,24604.75,24596.5,16.5,1,2025-10-17 02:36:00-04:00,2025-10-17,2,3,24606.25,1.0,filled,True,176.25,-17.0
2025-10-14,15,bearish,24588.25,24604.75,24596.5,16.5,2,2025-10-17 02:46:00-04:00,2025-10-17,2,3,24599.75,1.0,filled,True,169.75,-8.25
2025-10-14,15,bearish,24588.25,24604.75,24596.5,16.5,3,2025-10-17 02:50:00-04:00,2025-10-17,2,3,24586.75,0.10606060606060606,edge_near,True,156.75,-9.75
2025-10-14,15,bearish,24588.25,24604.75,24596.5,16.5,4,2025-10-17 02:53:00-04:00,2025-10-17,2,3,24592.0,0.5,through_CE,True,162.0,-4.5
2025-10-14,15,bearish,24588.25,24604.75,24596.5,16.5,5,2025-10-17 03:00:00-04:00,2025-10-17,3,3,24585.0,0.030303030303030304,edge_near,True,155.0,-3.75
2025-10-14,15,bearish,24588.25,24604.75,24596.5,16.5,6,2025-10-17 07:01:00-04:00,2025-10-17,7,3,24591.25,0.803030303030303,filled,True,21.75,-143.75
2025-10-15,15,bullish,25004.25,25013.25,25008.75,9.0,1,2025-10-16 02:30:00-04:00,2025-10-16,2,1,25002.75,1.0,filled,True,39.25,-8.25
2025-10-15,15,bullish,25004.25,25013.25,25008.75,9.0,2,2025-10-16 02:51:00-04:00,2025-10-16,2,1,25013.5,0.4444444444444444,approached_CE,True,28.5,-40.25
2025-10-15,15,bullish,25004.25,25013.25,25008.75,9.0,3,2025-10-16 03:09:00-04:00,2025-10-16,3,1,25014.0,1.0,filled,True,42.0,-40.75
2025-10-15,15,bullish,25004.25,25013.25,25008.75,9.0,4,2025-10-16 03:18:00-04:00,2025-10-16,3,1,25008.0,1.0,filled,True,49.5,-34.75
2025-10-15,15,bullish,25004.25,25013.25,25008.75,9.0,5,2025-10-16 03:46:00-04:00,2025-10-16,3,1,25002.75,1.0,filled,True,54.75,-6.75
2025-10-15,15,bullish,25004.25,25013.25,25008.75,9.0,6,2025-10-16 04:28:00-04:00,2025-10-16,4,1,25021.5,0.3333333333333333,approached_CE,True,16.75,-16.25
2025-10-20,15,bullish,25151.5,25181.25,25166.375,29.75,1,2025-10-22 09:34:00-04:00,2025-10-22,9,2,25184.75,0.2857142857142857,approached_CE,True,104.75,-96.0
2025-10-20,15,bullish,25151.5,25181.25,25166.375,29.75,2,2025-10-22 09:37:00-04:00,2025-10-22,9,2,25191.5,0.13445378151260504,edge_near,True,98.0,-104.5
2025-10-20,15,bullish,25151.5,25181.25,25166.375,29.75,3,2025-10-22 10:26:00-04:00,2025-10-22,10,2,25177.0,1.0,filled,True,26.0,-149.5
2025-10-20,15,bullish,25151.5,25181.25,25166.375,29.75,4,2025-10-22 10:56:00-04:00,2025-10-22,10,2,25149.25,1.0,filled,True,42.5,-146.25
2025-10-20,15,bullish,25151.5,25181.25,25166.375,29.75,5,2025-10-22 11:14:00-04:00,2025-10-22,11,2,25141.75,1.0,filled,True,11.25,-138.75
2025-10-20,15,bullish,25151.5,25181.25,25166.375,29.75,6,2025-10-23 09:50:00-04:00,2025-10-23,9,3,25161.5,1.0,filled,True,37.75,-77.75
2025-10-21,15,bearish,25273.5,25275.0,25274.25,1.5,1,2025-10-22 03:16:00-04:00,2025-10-22,3,1,25284.0,1.0,filled,True,28.0,-22.0
2025-10-21,15,bearish,25273.5,25275.0,25274.25,1.5,2,2025-10-22 04:11:00-04:00,2025-10-22,4,1,25278.5,1.0,filled,True,32.75,-1.0
2025-10-21,15,bearish,25273.5,25275.0,25274.25,1.5,3,2025-10-22 04:30:00-04:00,2025-10-22,4,1,25272.25,1.0,filled,True,41.25,-3.25
2025-10-21,15,bearish,25273.5,25275.0,25274.25,1.5,4,2025-10-22 05:58:00-04:00,2025-10-22,5,1,25271.75,0.6666666666666666,through_CE,False,8.75,-33.25
2025-10-21,15,bearish,25273.5,25275.0,25274.25,1.5,5,2025-10-22 06:12:00-04:00,2025-10-22,6,1,25272.75,0.5,through_CE,True,46.0,-32.25
2025-10-21,15,bearish,25273.5,25275.0,25274.25,1.5,6,2025-10-22 06:15:00-04:00,2025-10-22,6,1,25274.25,1.0,filled,True,47.5,-30.75
2025-10-23,15,bullish,25019.5,25091.25,25055.375,71.75,1,2025-11-07 06:32:00-05:00,2025-11-07,6,15,25090.5,0.0975609756097561,edge_near,True,105.25,-6.25
2025-10-23,15,bullish,25019.5,25091.25,25055.375,71.75,2,2025-11-07 06:38:00-05:00,2025-11-07,6,15,25113.0,0.0,edge_near,True,82.75,-21.75
2025-10-23,15,bullish,25019.5,25091.25,25055.375,71.75,3,2025-11-07 07:48:00-05:00,2025-11-07,7,15,25089.0,0.4076655052264808,approached_CE,True,58.0,-27.0
2025-10-23,15,bullish,25019.5,25091.25,25055.375,71.75,4,2025-11-07 08:27:00-05:00,2025-11-07,8,15,25082.25,0.34494773519163763,approached_CE,True,59.75,-15.75
2025-10-23,15,bullish,25019.5,25091.25,25055.375,71.75,5,2025-11-07 09:02:00-05:00,2025-11-07,9,15,25094.5,0.0313588850174216,edge_near,True,29.75,-177.0
2025-10-23,15,bullish,25019.5,25091.25,25055.375,71.75,6,2025-11-07 09:05:00-05:00,2025-11-07,9,15,25084.0,0.13588850174216027,edge_near,True,40.25,-166.5
2025-10-23,15,bullish,25092.75,25102.0,25097.375,9.25,1,2025-11-07 06:28:00-05:00,2025-11-07,6,15,25127.75,0.2972972972972973,approached_CE,True,68.0,-43.5
2025-10-23,15,bullish,25092.75,25102.0,25097.375,9.25,2,2025-11-07 06:31:00-05:00,2025-11-07,6,15,25104.25,1.0,filled,True,91.5,-20.0
2025-10-23,15,bullish,25092.75,25102.0,25097.375,9.25,3,2025-11-07 07:45:00-05:00,2025-11-07,7,15,25102.75,1.0,filled,True,44.25,-40.75
2025-10-23,15,bullish,25092.75,25102.0,25097.375,9.25,4,2025-11-07 07:57:00-05:00,2025-11-07,7,15,25092.75,1.0,filled,True,54.25,-26.25
2025-10-23,15,bullish,25092.75,25102.0,25097.375,9.25,5,2025-11-07 08:04:00-05:00,2025-11-07,8,15,25092.25,1.0,filled,True,54.75,-25.75
2025-10-23,15,bullish,25092.75,25102.0,25097.375,9.25,6,2025-11-07 08:13:00-05:00,2025-11-07,8,15,25100.25,1.0,filled,True,46.75,-33.75
2025-10-28,15,bullish,26013.5,26034.25,26023.875,20.75,1,2025-10-30 09:35:00-04:00,2025-10-30,9,2,26023.75,1.0,filled,True,155.75,-82.25
2025-10-28,15,bullish,26013.5,26034.25,26023.875,20.75,2,2025-10-30 09:46:00-04:00,2025-10-30,9,2,26030.75,1.0,filled,True,148.75,-38.5
2025-10-28,15,bullish,26013.5,26034.25,26023.875,20.75,3,2025-10-30 10:23:00-04:00,2025-10-30,10,2,26022.25,1.0,filled,True,76.25,-43.5
2025-10-28,15,bullish,26013.5,26034.25,26023.875,20.75,4,2025-10-30 10:33:00-04:00,2025-10-30,10,2,26034.0,0.012048192771084338,edge_near,True,64.5,-55.25
2025-10-28,15,bullish,26013.5,26034.25,26023.875,20.75,5,2025-10-30 10:37:00-04:00,2025-10-30,10,2,26044.75,0.891566265060241,filled,True,53.75,-66.0
2025-10-28,15,bullish,26013.5,26034.25,26023.875,20.75,6,2025-10-30 10:51:00-04:00,2025-10-30,10,2,26015.5,1.0,filled,True,62.0,-48.5
2025-10-31,15,bearish,26133.5,26191.25,26162.375,57.75,1,2025-11-03 04:19:00-05:00,2025-11-03,4,3,26129.75,0.0,edge_near,False,6.0,-26.0
2025-10-31,15,bearish,26133.5,26191.25,26162.375,57.75,2,2025-11-03 04:22:00-05:00,2025-11-03,4,3,26135.0,0.3852813852813853,approached_CE,True,11.25,-20.75
2025-10-31,15,bearish,26133.5,26191.25,26162.375,57.75,3,2025-11-03 04:58:00-05:00,2025-11-03,4,3,26134.5,0.03463203463203463,edge_near,True,10.75,-28.75
2025-10-31,15,bearish,26133.5,26191.25,26162.375,57.75,4,2025-11-03 05:09:00-05:00,2025-11-03,5,3,26135.25,0.19480519480519481,edge_near,False,7.75,-32.25
2025-10-31,15,bearish,26133.5,26191.25,26162.375,57.75,5,2025-11-03 05:29:00-05:00,2025-11-03,5,3,26140.25,1.0,filled,False,9.0,-38.5
2025-10-31,15,bearish,26133.5,26191.25,26162.375,57.75,6,2025-11-03 09:37:00-05:00,2025-11-03,9,3,26190.0,1.0,filled,True,177.25,-21.25
2025-11-04,15,bullish,25782.0,25825.5,25803.75,43.5,1,2025-11-05 11:49:00-05:00,2025-11-05,11,1,25778.25,1.0,filled,True,50.0,-38.25
2025-11-04,15,bullish,25782.0,25825.5,25803.75,43.5,2,2025-11-05 12:02:00-05:00,2025-11-05,12,1,25770.75,1.0,filled,True,57.5,-30.75
2025-11-04,15,bullish,25782.0,25825.5,25803.75,43.5,3,2025-11-05 12:21:00-05:00,2025-11-05,12,1,25777.25,1.0,filled,True,56.75,-9.0
2025-11-04,15,bullish,25782.0,25825.5,25803.75,43.5,4,2025-11-05 12:26:00-05:00,2025-11-05,12,1,25780.5,1.0,filled,True,53.5,-5.0
2025-11-04,15,bullish,25782.0,25825.5,25803.75,43.5,5,2025-11-05 14:09:00-05:00,2025-11-05,14,1,25834.0,0.05747126436781609,edge_near,True,44.5,-11.0
2025-11-04,15,bullish,25782.0,25825.5,25803.75,43.5,6,2025-11-05 15:30:00-05:00,2025-11-05,15,1,25826.0,0.3505747126436782,approached_CE,False,8.25,-131.75
2025-11-05,15,bearish,25569.0,25579.0,25574.0,10.0,1,2025-11-06 09:51:00-05:00,2025-11-06,9,1,25568.75,1.0,filled,True,255.5,-37.0
2025-11-05,15,bearish,25569.0,25579.0,25574.0,10.0,2,2025-11-10 04:20:00-05:00,2025-11-10,4,5,25558.75,0.05,edge_near,True,29.5,-10.75
2025-11-05,15,bearish,25569.0,25579.0,25574.0,10.0,3,2025-11-10 09:31:00-05:00,2025-11-10,9,5,25575.0,1.0,filled,True,13.5,-91.5
2025-11-05,15,bearish,25569.0,25579.0,25574.0,10.0,4,2025-11-10 10:50:00-05:00,2025-11-10,10,5,25578.0,1.0,filled,True,125.75,-28.0
2025-11-05,15,bearish,25569.0,25579.0,25574.0,10.0,5,2025-11-10 12:06:00-05:00,2025-11-10,12,5,25570.0,0.7,through_CE,True,62.5,-82.75
2025-11-05,15,bearish,25569.0,25579.0,25574.0,10.0,6,2025-11-10 12:31:00-05:00,2025-11-10,12,5,25568.5,1.0,filled,False,7.0,-89.5
2025-11-05,15,bullish,25577.25,25642.75,25610.0,65.5,1,2025-11-06 02:43:00-05:00,2025-11-06,2,1,25651.5,0.0,edge_near,True,26.5,-23.25
2025-11-05,15,bullish,25577.25,25642.75,25610.0,65.5,2,2025-11-06 02:55:00-05:00,2025-11-06,2,1,25650.0,0.003816793893129771,edge_near,True,33.75,-21.75
2025-11-05,15,bullish,25577.25,25642.75,25610.0,65.5,3,2025-11-06 03:00:00-05:00,2025-11-06,3,1,25633.5,0.20229007633587787,edge_near,True,50.25,-5.25
2025-11-05,15,bullish,25577.25,25642.75,25610.0,65.5,4,2025-11-06 03:11:00-05:00,2025-11-06,3,1,25643.75,0.03435114503816794,edge_near,True,73.25,-15.5
2025-11-05,15,bullish,25577.25,25642.75,25610.0,65.5,5,2025-11-06 03:15:00-05:00,2025-11-06,3,1,25643.25,0.22137404580152673,edge_near,True,80.25,-15.0
2025-11-05,15,bullish,25577.25,25642.75,25610.0,65.5,6,2025-11-06 03:31:00-05:00,2025-11-06,3,1,25631.5,0.20229007633587787,edge_near,True,110.0,-2.0
2025-11-06,15,bearish,25725.0,25761.5,25743.25,36.5,1,2025-11-10 15:13:00-05:00,2025-11-10,15,4,25727.25,0.08904109589041095,edge_near,True,30.75,-32.75
2025-11-06,15,bearish,25725.0,25761.5,25743.25,36.5,2,2025-11-10 15:37:00-05:00,2025-11-10,15,4,25730.5,0.958904109589041,filled,True,22.75,-29.5
2025-11-06,15,bearish,25725.0,25761.5,25743.25,36.5,3,2025-11-10 15:57:00-05:00,2025-11-10,15,4,25725.0,0.19863013698630136,edge_near,True,17.25,-21.0
2025-11-06,15,bearish,25725.0,25761.5,25743.25,36.5,4,2025-11-10 16:02:00-05:00,2025-11-10,16,4,25729.0,0.5753424657534246,through_CE,True,15.75,-17.0
2025-11-06,15,bearish,25725.0,25761.5,25743.25,36.5,5,2025-11-10 18:00:00-05:00,2025-11-10,18,4,25722.5,0.3287671232876712,approached_CE,True,20.25,-25.25
2025-11-06,15,bearish,25725.0,25761.5,25743.25,36.5,6,2025-11-10 18:18:00-05:00,2025-11-10,18,4,25722.5,0.1232876712328767,edge_near,True,17.0,-46.25
2025-11-06,15,bearish,25684.75,25692.5,25688.625,7.75,1,2025-11-10 14:26:00-05:00,2025-11-10,14,4,25686.25,1.0,filled,False,9.5,-42.0
2025-11-06,15,bearish,25684.75,25692.5,25688.625,7.75,2,2025-11-10 14:36:00-05:00,2025-11-10,14,4,25682.0,1.0,filled,False,4.0,-46.25
2025-11-06,15,bearish,25684.75,25692.5,25688.625,7.75,3,2025-11-10 23:54:00-05:00,2025-11-10,23,4,25692.75,1.0,filled,True,37.5,-10.75
2025-11-06,15,bearish,25684.75,25692.5,25688.625,7.75,4,2025-11-10 23:57:00-05:00,2025-11-10,23,4,25689.75,1.0,filled,True,34.75,-7.0
2025-11-06,15,bearish,25684.75,25692.5,25688.625,7.75,5,2025-11-11 01:11:00-05:00,2025-11-11,1,5,25686.75,1.0,filled,True,25.5,-18.0
2025-11-06,15,bearish,25684.75,25692.5,25688.625,7.75,6,2025-11-11 01:36:00-05:00,2025-11-11,1,5,25697.0,1.0,filled,True,44.0,-7.5
2025-11-06,15,bearish,25513.5,25585.75,25549.625,72.25,1,2025-11-10 03:34:00-05:00,2025-11-10,3,4,25510.25,0.01384083044982699,edge_near,True,18.5,-59.25
2025-11-06,15,bearish,25513.5,25585.75,25549.625,72.25,2,2025-11-10 03:37:00-05:00,2025-11-10,3,4,25512.5,0.020761245674740483,edge_near,True,10.25,-57.0
2025-11-06,15,bearish,25513.5,25585.75,25549.625,72.25,3,2025-11-10 03:42:00-05:00,2025-11-10,3,4,25513.75,0.02422145328719723,edge_near,False,6.0,-55.75
2025-11-06,15,bearish,25513.5,25585.75,25549.625,72.25,4,2025-11-10 03:48:00-05:00,2025-11-10,3,4,25515.5,0.7750865051903114,filled,False,7.25,-54.0
2025-11-06,15,bearish,25513.5,25585.75,25549.625,72.25,5,2025-11-10 06:26:00-05:00,2025-11-10,6,4,25508.5,0.07612456747404844,edge_near,False,3.75,-43.0
2025-11-06,15,bearish,25513.5,25585.75,25549.625,72.25,6,2025-11-10 06:31:00-05:00,2025-11-10,6,4,25513.5,0.03460207612456748,edge_near,False,8.75,-38.0
2025-11-07,15,bearish,25045.5,25075.5,25060.5,30.0,1,2025-11-13 13:25:00-05:00,2025-11-13,13,6,25072.5,1.0,filled,True,60.0,-40.75
2025-11-07,15,bearish,25045.5,25075.5,25060.5,30.0,2,2025-11-13 13:43:00-05:00,2025-11-13,13,6,25044.5,1.0,filled,True,28.0,-88.0
2025-11-07,15,bearish,25045.5,25075.5,25060.5,30.0,3,2025-11-13 14:04:00-05:00,2025-11-13,14,6,25039.5,0.4166666666666667,approached_CE,True,37.5,-93.0
2025-11-07,15,bearish,25045.5,25075.5,25060.5,30.0,4,2025-11-13 14:09:00-05:00,2025-11-13,14,6,25045.5,0.45,approached_CE,True,43.5,-87.0
2025-11-07,15,bearish,25045.5,25075.5,25060.5,30.0,5,2025-11-13 14:18:00-05:00,2025-11-13,14,6,25052.25,1.0,filled,True,50.25,-80.25
2025-11-07,15,bearish,25045.5,25075.5,25060.5,30.0,6,2025-11-13 14:40:00-05:00,2025-11-13,14,6,25078.5,1.0,filled,True,76.5,-58.75
2025-11-10,15,bullish,25557.25,25588.5,25572.875,31.25,1,2025-11-11 07:39:00-05:00,2025-11-11,7,1,25587.25,0.184,edge_near,True,38.75,-14.75
2025-11-10,15,bullish,25557.25,25588.5,25572.875,31.25,2,2025-11-11 07:49:00-05:00,2025-11-11,7,1,25586.25,0.136,edge_near,True,39.75,-13.75
2025-11-10,15,bullish,25557.25,25588.5,25572.875,31.25,3,2025-11-11 07:56:00-05:00,2025-11-11,7,1,25594.5,0.008,edge_near,True,31.5,-22.0
2025-11-10,15,bullish,25557.25,25588.5,25572.875,31.25,4,2025-11-11 08:24:00-05:00,2025-11-11,8,1,25590.25,0.512,through_CE,True,36.75,-17.75
2025-11-10,15,bullish,25557.25,25588.5,25572.875,31.25,5,2025-11-11 08:53:00-05:00,2025-11-11,8,1,25590.25,0.152,edge_near,True,55.75,-29.75
2025-11-10,15,bullish,25557.25,25588.5,25572.875,31.25,6,2025-11-11 09:05:00-05:00,2025-11-11,9,1,25585.0,0.152,edge_near,True,61.0,-24.5
2025-11-12,15,bearish,25657.75,25772.0,25714.875,114.25,1,2025-11-13 00:00:00-05:00,2025-11-13,0,1,25693.0,0.5601750547045952,through_CE,False,6.25,-17.0
2025-11-12,15,bearish,25657.75,25772.0,25714.875,114.25,2,2025-11-13 03:15:00-05:00,2025-11-13,3,1,25657.75,0.0175054704595186,edge_near,True,75.25,-29.5
2025-11-12,15,bearish,25657.75,25772.0,25714.875,114.25,3,2025-11-13 03:19:00-05:00,2025-11-13,3,1,25656.0,0.25820568927789933,approached_CE,True,73.5,-31.25
2025-11-12,15,bearish,25657.75,25772.0,25714.875,114.25,4,2025-12-02 10:50:00-05:00,2025-12-02,10,20,25661.5,0.10722100656455143,edge_near,True,247.75,-8.5
2025-11-12,15,bearish,25657.75,25772.0,25714.875,114.25,5,2025-12-02 10:55:00-05:00,2025-12-02,10,20,25656.25,0.028446389496717725,edge_near,True,242.5,-7.75
2025-11-12,15,bearish,25657.75,25772.0,25714.875,114.25,6,2025-12-02 11:02:00-05:00,2025-12-02,11,20,25659.75,0.05470459518599562,edge_near,True,246.0,-4.25
2025-11-13,15,bearish,25418.0,25450.5,25434.25,32.5,1,2025-11-28 08:30:00-05:00,2025-11-28,8,15,25379.25,0.06153846153846154,edge_near,True,35.25,-40.75
2025-11-13,15,bearish,25418.0,25450.5,25434.25,32.5,2,2025-11-28 09:37:00-05:00,2025-11-28,9,15,25413.0,0.1076923076923077,edge_near,True,83.5,-8.5
2025-11-13,15,bearish,25418.0,25450.5,25434.25,32.5,3,2025-11-28 10:53:00-05:00,2025-11-28,10,15,25417.25,0.09230769230769231,edge_near,True,49.75,-19.75
2025-11-13,15,bearish,25418.0,25450.5,25434.25,32.5,4,2025-11-28 11:04:00-05:00,2025-11-28,11,15,25414.75,0.5846153846153846,through_CE,True,47.25,-22.25
2025-11-13,15,bearish,25418.0,25450.5,25434.25,32.5,5,2025-11-28 11:39:00-05:00,2025-11-28,11,15,25412.5,0.06153846153846154,edge_near,True,31.25,-27.5
2025-11-13,15,bearish,25418.0,25450.5,25434.25,32.5,6,2025-11-28 11:48:00-05:00,2025-11-28,11,15,25413.25,0.038461538461538464,edge_near,True,19.0,-26.75
2025-11-14,15,bullish,24763.25,24819.0,24791.125,55.75,1,2025-11-17 14:34:00-05:00,2025-11-17,14,3,24830.75,0.026905829596412557,edge_near,True,16.75,-98.75
2025-11-14,15,bullish,24763.25,24819.0,24791.125,55.75,2,2025-11-17 14:38:00-05:00,2025-11-17,14,3,24808.0,1.0,filled,True,24.5,-76.0
2025-11-14,15,bullish,24763.25,24819.0,24791.125,55.75,3,2025-11-17 15:05:00-05:00,2025-11-17,15,3,24768.25,1.0,filled,True,146.0,-24.0
2025-11-14,15,bullish,24763.25,24819.0,24791.125,55.75,4,2025-11-17 22:06:00-05:00,2025-11-17,22,3,24821.25,0.31390134529147984,approached_CE,True,20.0,-64.75
2025-11-14,15,bullish,24763.25,24819.0,24791.125,55.75,5,2025-11-17 22:29:00-05:00,2025-11-17,22,3,24802.75,1.0,filled,True,28.25,-195.25
2025-11-14,15,bullish,24763.25,24819.0,24791.125,55.75,6,2025-11-18 00:11:00-05:00,2025-11-18,0,4,24756.25,1.0,filled,True,11.0,-59.25
2025-11-14,15,bullish,24844.75,24862.5,24853.625,17.75,1,2025-11-17 14:03:00-05:00,2025-11-17,14,3,24857.0,0.6338028169014085,through_CE,True,54.5,-125.0
2025-11-14,15,bullish,24844.75,24862.5,24853.625,17.75,2,2025-11-17 14:16:00-05:00,2025-11-17,14,3,24867.5,0.38028169014084506,approached_CE,True,18.0,-135.5
2025-11-14,15,bullish,24844.75,24862.5,24853.625,17.75,3,2025-11-17 14:18:00-05:00,2025-11-17,14,3,24859.5,1.0,filled,True,26.0,-127.5
2025-11-14,15,bullish,24844.75,24862.5,24853.625,17.75,4,2025-11-17 14:29:00-05:00,2025-11-17,14,3,24867.75,1.0,filled,True,17.75,-135.75
2025-11-14,15,bullish,24844.75,24862.5,24853.625,17.75,5,2025-11-17 14:36:00-05:00,2025-11-17,14,3,24842.25,1.0,filled,False,5.25,-110.25
2025-11-14,15,bullish,24844.75,24862.5,24853.625,17.75,6,2025-11-17 15:47:00-05:00,2025-11-17,15,3,24840.75,1.0,filled,True,85.25,-18.25
2025-11-17,15,bullish,25052.5,25151.25,25101.875,98.75,1,2025-11-19 18:09:00-05:00,2025-11-19,18,2,25058.75,1.0,filled,True,58.5,-41.5
2025-11-17,15,bullish,25052.5,25151.25,25101.875,98.75,2,2025-11-19 18:26:00-05:00,2025-11-19,18,2,25053.0,1.0,filled,True,90.0,-19.75
2025-11-17,15,bullish,25052.5,25151.25,25101.875,98.75,3,2025-11-19 18:31:00-05:00,2025-11-19,18,2,25050.5,1.0,filled,True,97.5,-10.25
2025-11-17,15,bullish,25052.5,25151.25,25101.875,98.75,4,2025-11-19 19:46:00-05:00,2025-11-19,19,2,25144.75,0.4936708860759494,approached_CE,True,14.25,-42.25
2025-11-17,15,bullish,25052.5,25151.25,25101.875,98.75,5,2025-11-19 20:55:00-05:00,2025-11-19,20,2,25143.5,0.1848101265822785,edge_near,True,31.25,-14.5
2025-11-17,15,bullish,25052.5,25151.25,25101.875,98.75,6,2025-11-19 21:03:00-05:00,2025-11-19,21,2,25159.25,0.007594936708860759,edge_near,True,30.75,-30.25
2025-11-18,15,bearish,24571.5,24646.75,24609.125,75.25,1,2025-11-19 01:19:00-05:00,2025-11-19,1,1,24567.5,0.016611295681063124,edge_near,True,37.25,-59.0
2025-11-18,15,bearish,24571.5,24646.75,24609.125,75.25,2,2025-11-19 02:04:00-05:00,2025-11-19,2,1,24581.25,1.0,filled,True,18.25,-45.25
2025-11-18,15,bearish,24571.5,24646.75,24609.125,75.25,3,2025-11-19 08:11:00-05:00,2025-11-19,8,1,24649.5,1.0,filled,True,23.5,-60.25
2025-11-18,15,bearish,24571.5,24646.75,24609.125,75.25,4,2025-11-19 09:07:00-05:00,2025-11-19,9,1,24646.75,1.0,filled,True,74.0,-293.75
2025-11-18,15,bearish,24571.5,24646.75,24609.125,75.25,5,2025-11-19 09:38:00-05:00,2025-11-19,9,1,24658.0,1.0,filled,True,52.5,-330.0
2025-11-18,15,bearish,24571.5,24646.75,24609.125,75.25,6,2025-11-19 11:41:00-05:00,2025-11-19,11,1,24669.0,1.0,filled,True,161.0,-52.25
2025-11-19,15,bearish,24648.0,24655.25,24651.625,7.25,1,2025-11-20 11:54:00-05:00,2025-11-20,11,1,24651.0,1.0,filled,True,342.75,-85.5
2025-11-19,15,bearish,24648.0,24655.25,24651.625,7.25,2,2025-11-24 09:33:00-05:00,2025-11-24,9,5,24649.25,1.0,filled,True,70.0,-120.25
2025-11-19,15,bearish,24648.0,24655.25,24651.625,7.25,3,2025-11-24 09:39:00-05:00,2025-11-24,9,5,24654.25,1.0,filled,True,75.0,-142.5
2025-11-19,15,bearish,24648.0,24655.25,24651.625,7.25,4,2025-11-24 09:43:00-05:00,2025-11-24,9,5,24652.25,1.0,filled,True,73.0,-154.75
2025-11-19,15,bearish,24648.0,24655.25,24651.625,7.25,5,2025-11-24 09:49:00-05:00,2025-11-24,9,5,24617.75,1.0,filled,True,38.5,-199.25
2025-11-19,15,bearish,24648.0,24655.25,24651.625,7.25,6,2025-11-24 09:52:00-05:00,2025-11-24,9,5,24641.25,1.0,filled,True,25.25,-175.75
2025-11-19,15,bullish,24648.0,24723.25,24685.625,75.25,1,2025-11-20 11:45:00-05:00,2025-11-20,11,1,24754.5,0.3023255813953488,approached_CE,True,48.5,-446.25
2025-11-19,15,bullish,24648.0,24723.25,24685.625,75.25,2,2025-11-20 11:53:00-05:00,2025-11-20,11,1,24733.75,1.0,filled,True,33.75,-425.5
2025-11-19,15,bullish,24648.0,24723.25,24685.625,75.25,3,2025-11-24 09:33:00-05:00,2025-11-24,9,5,24649.25,1.0,filled,True,120.25,-70.0
2025-11-19,15,bullish,24648.0,24723.25,24685.625,75.25,4,2025-11-24 09:52:00-05:00,2025-11-24,9,5,24641.25,1.0,filled,True,175.75,-25.25
2025-11-19,15,bullish,24648.0,24723.25,24685.625,75.25,5,2025-11-24 10:08:00-05:00,2025-11-24,10,5,24726.25,0.7873754152823921,filled,True,122.75,-62.25
2025-11-19,15,bullish,24648.0,24723.25,24685.625,75.25,6,2025-11-24 10:16:00-05:00,2025-11-24,10,5,24738.5,0.37209302325581395,approached_CE,True,133.5,-57.5
2025-11-19,15,bullish,24758.5,24880.25,24819.375,121.75,1,2025-11-20 11:31:00-05:00,2025-11-20,11,1,24872.25,1.0,filled,True,56.0,-518.75
2025-11-19,15,bullish,24758.5,24880.25,24819.375,121.75,2,2025-11-20 11:48:00-05:00,2025-11-20,11,1,24765.75,1.0,filled,True,37.25,-457.5
2025-11-19,15,bullish,24758.5,24880.25,24819.375,121.75,3,2025-11-24 10:05:00-05:00,2025-11-24,10,5,24760.5,1.0,filled,True,77.25,-96.5
2025-11-19,15,bullish,24758.5,24880.25,24819.375,121.75,4,2025-11-24 10:34:00-05:00,2025-11-24,10,5,24760.0,1.0,filled,True,122.5,-17.0
2025-11-19,15,bullish,24758.5,24880.25,24819.375,121.75,5,2025-11-25 03:51:00-05:00,2025-11-25,3,6,24883.5,0.19917864476386038,edge_near,True,15.5,-61.75
2025-11-19,15,bullish,24758.5,24880.25,24819.375,121.75,6,2025-11-25 04:08:00-05:00,2025-11-25,4,6,24886.25,0.4804928131416838,approached_CE,False,3.75,-64.5
2025-11-25,15,bearish,24868.0,24873.5,24870.75,5.5,1,2025-12-15 20:39:00-05:00,2025-12-15,20,20,24882.25,1.0,filled,True,17.25,-56.5
2025-11-25,15,bearish,24868.0,24873.5,24870.75,5.5,2,2025-12-15 20:42:00-05:00,2025-12-15,20,20,24871.25,1.0,filled,False,6.25,-67.5
2025-11-25,15,bearish,24868.0,24873.5,24870.75,5.5,3,2025-12-15 20:49:00-05:00,2025-12-15,20,20,24880.5,1.0,filled,False,9.5,-58.25
2025-11-25,15,bearish,24868.0,24873.5,24870.75,5.5,4,2025-12-15 22:28:00-05:00,2025-12-15,22,20,24871.25,1.0,filled,True,15.5,-50.0
2025-11-25,15,bearish,24868.0,24873.5,24870.75,5.5,5,2025-12-15 23:09:00-05:00,2025-12-15,23,20,24877.0,1.0,filled,False,9.5,-50.75
2025-12-01,15,bullish,25319.75,25331.25,25325.5,11.5,1,2025-12-02 03:08:00-05:00,2025-12-02,3,1,25333.75,0.6304347826086957,through_CE,True,100.75,-9.75
2025-12-01,15,bullish,25319.75,25331.25,25325.5,11.5,2,2025-12-12 10:28:00-05:00,2025-12-12,10,11,25331.5,1.0,filled,True,70.0,-197.75
2025-12-01,15,bullish,25319.75,25331.25,25325.5,11.5,3,2025-12-12 10:35:00-05:00,2025-12-12,10,11,25327.0,0.8043478260869565,filled,True,74.5,-193.25
2025-12-01,15,bullish,25319.75,25331.25,25325.5,11.5,4,2025-12-12 10:54:00-05:00,2025-12-12,10,11,25330.25,1.0,filled,True,21.0,-212.5
2025-12-01,15,bullish,25319.75,25331.25,25325.5,11.5,5,2025-12-12 13:12:00-05:00,2025-12-12,13,11,25347.5,1.0,filled,True,20.75,-93.25
2025-12-01,15,bullish,25319.75,25331.25,25325.5,11.5,6,2025-12-12 13:20:00-05:00,2025-12-12,13,11,25337.0,1.0,filled,False,9.25,-105.0
2025-12-02,15,bullish,25515.25,25562.0,25538.625,46.75,1,2025-12-03 09:03:00-05:00,2025-12-03,9,1,25558.5,1.0,filled,True,20.5,-137.75
2025-12-02,15,bullish,25515.25,25562.0,25538.625,46.75,2,2025-12-03 09:31:00-05:00,2025-12-03,9,1,25494.75,1.0,filled,True,79.5,-64.75
2025-12-02,15,bullish,25515.25,25562.0,25538.625,46.75,3,2025-12-03 09:37:00-05:00,2025-12-03,9,1,25495.25,1.0,filled,True,105.75,-65.25
2025-12-02,15,bullish,25515.25,25562.0,25538.625,46.75,4,2025-12-03 09:41:00-05:00,2025-12-03,9,1,25498.5,1.0,filled,True,103.5,-68.5
2025-12-02,15,bullish,25515.25,25562.0,25538.625,46.75,5,2025-12-03 10:00:00-05:00,2025-12-03,10,1,25517.25,1.0,filled,True,88.0,-28.5
2025-12-02,15,bullish,25515.25,25562.0,25538.625,46.75,6,2025-12-03 10:38:00-05:00,2025-12-03,10,1,25561.25,0.1497326203208556,edge_near,True,61.75,-39.5
2025-12-03,15,bearish,25499.75,25646.25,25573.0,146.5,1,2025-12-04 00:00:00-05:00,2025-12-04,0,1,25640.5,1.0,filled,True,11.75,-9.0
2025-12-03,15,bearish,25499.75,25646.25,25573.0,146.5,2,2025-12-04 01:15:00-05:00,2025-12-04,1,1,25642.5,1.0,filled,False,3.0,-27.25
2025-12-03,15,bearish,25499.75,25646.25,25573.0,146.5,3,2025-12-04 01:20:00-05:00,2025-12-04,1,1,25643.75,1.0,filled,False,2.25,-26.0
2025-12-03,15,bearish,25499.75,25646.25,25573.0,146.5,4,2025-12-04 01:27:00-05:00,2025-12-04,1,1,25648.75,1.0,filled,False,2.5,-21.0
2025-12-03,15,bearish,25499.75,25646.25,25573.0,146.5,5,2025-12-04 03:00:00-05:00,2025-12-04,3,1,25642.0,1.0,filled,True,39.25,-15.75
2025-12-03,15,bearish,25499.75,25646.25,25573.0,146.5,6,2025-12-04 03:05:00-05:00,2025-12-04,3,1,25644.5,1.0,filled,True,41.75,-7.0
2025-12-04,15,bullish,25644.25,25689.25,25666.75,45.0,1,2025-12-05 07:22:00-05:00,2025-12-05,7,1,25692.25,0.0,edge_near,True,25.5,-9.25
2025-12-04,15,bullish,25644.25,25689.25,25666.75,45.0,2,2025-12-05 08:20:00-05:00,2025-12-05,8,1,25688.75,1.0,filled,False,5.25,-109.75
2025-12-04,15,bullish,25644.25,25689.25,25666.75,45.0,3,2025-12-05 09:10:00-05:00,2025-12-05,9,1,25642.0,1.0,filled,True,201.0,-4.0
2025-12-04,15,bullish,25644.25,25689.25,25666.75,45.0,4,2025-12-05 09:13:00-05:00,2025-12-05,9,1,25644.5,1.0,filled,True,216.25,-4.75
2025-12-04,15,bullish,25644.25,25689.25,25666.75,45.0,5,2025-12-05 09:41:00-05:00,2025-12-05,9,1,25695.5,0.6388888888888888,through_CE,True,172.25,-35.0
2025-12-04,15,bullish,25644.25,25689.25,25666.75,45.0,6,2025-12-05 09:44:00-05:00,2025-12-05,9,1,25708.75,0.044444444444444446,edge_near,True,159.0,-21.5
2025-12-04,15,bearish,25609.0,25689.25,25649.125,80.25,1,2025-12-05 07:22:00-05:00,2025-12-05,7,1,25692.25,1.0,filled,False,9.25,-25.5
2025-12-04,15,bearish,25609.0,25689.25,25649.125,80.25,2,2025-12-05 08:20:00-05:00,2025-12-05,8,1,25688.75,1.0,filled,True,109.75,-5.25
2025-12-04,15,bearish,25609.0,25689.25,25649.125,80.25,3,2025-12-05 08:54:00-05:00,2025-12-05,8,1,25621.0,1.0,filled,True,16.75,-182.25
2025-12-04,15,bearish,25609.0,25689.25,25649.125,80.25,4,2025-12-05 09:41:00-05:00,2025-12-05,9,1,25695.5,1.0,filled,True,35.0,-172.25
2025-12-04,15,bearish,25609.0,25689.25,25649.125,80.25,5,2025-12-05 09:44:00-05:00,2025-12-05,9,1,25708.75,1.0,filled,True,21.5,-159.0
2025-12-04,15,bearish,25609.0,25689.25,25649.125,80.25,6,2025-12-05 11:17:00-05:00,2025-12-05,11,1,25707.5,1.0,filled,True,56.5,-54.0
2025-12-05,15,bullish,25627.0,25643.0,25635.0,16.0,1,2025-12-08 11:01:00-05:00,2025-12-08,11,3,25633.75,1.0,filled,True,37.25,-17.75
2025-12-05,15,bullish,25627.0,25643.0,25635.0,16.0,2,2025-12-08 11:27:00-05:00,2025-12-08,11,3,25642.25,0.265625,approached_CE,True,28.25,-48.5
2025-12-05,15,bullish,25627.0,25643.0,25635.0,16.0,3,2025-12-08 11:34:00-05:00,2025-12-08,11,3,25642.5,0.46875,approached_CE,True,14.5,-48.75
2025-12-05,15,bullish,25627.0,25643.0,25635.0,16.0,4,2025-12-08 11:39:00-05:00,2025-12-08,11,3,25644.5,0.125,edge_near,True,12.5,-50.75
2025-12-05,15,bullish,25627.0,25643.0,25635.0,16.0,5,2025-12-08 11:43:00-05:00,2025-12-08,11,3,25645.5,0.078125,edge_near,True,10.5,-51.75
2025-12-05,15,bullish,25627.0,25643.0,25635.0,16.0,6,2025-12-08 11:49:00-05:00,2025-12-08,11,3,25639.25,1.0,filled,True,16.25,-45.5
2025-12-05,15,bullish,25652.5,25660.5,25656.5,8.0,1,2025-12-08 10:26:00-05:00,2025-12-08,10,3,25668.5,0.46875,approached_CE,True,55.75,-46.25
2025-12-05,15,bullish,25652.5,25660.5,25656.5,8.0,2,2025-12-08 10:55:00-05:00,2025-12-08,10,3,25666.0,1.0,filled,True,18.5,-43.75
2025-12-05,15,bullish,25652.5,25660.5,25656.5,8.0,3,2025-12-08 10:59:00-05:00,2025-12-08,10,3,25663.0,1.0,filled,True,11.25,-40.75
2025-12-05,15,bullish,25652.5,25660.5,25656.5,8.0,4,2025-12-08 11:05:00-05:00,2025-12-08,11,3,25653.5,1.0,filled,True,17.5,-51.25
2025-12-05,15,bullish,25652.5,25660.5,25656.5,8.0,5,2025-12-08 11:08:00-05:00,2025-12-08,11,3,25650.25,1.0,filled,True,20.75,-48.0
2025-12-05,15,bullish,25652.5,25660.5,25656.5,8.0,6,2025-12-08 11:12:00-05:00,2025-12-08,11,3,25642.75,1.0,filled,True,28.25,-40.5
2025-12-05,15,bullish,25684.25,25707.0,25695.625,22.75,1,2025-12-07 19:10:00-05:00,2025-12-07,19,2,25709.0,0.3076923076923077,approached_CE,True,56.0,-9.0
2025-12-05,15,bullish,25684.25,25707.0,25695.625,22.75,2,2025-12-08 10:23:00-05:00,2025-12-08,10,3,25704.25,1.0,filled,True,20.0,-82.0
2025-12-05,15,bullish,25684.25,25707.0,25695.625,22.75,3,2025-12-08 10:27:00-05:00,2025-12-08,10,3,25692.75,1.0,filled,True,31.5,-70.5
2025-12-05,15,bullish,25684.25,25707.0,25695.625,22.75,4,2025-12-08 10:37:00-05:00,2025-12-08,10,3,25716.5,0.18681318681318682,edge_near,False,5.25,-94.25
2025-12-05,15,bullish,25684.25,25707.0,25695.625,22.75,5,2025-12-08 10:39:00-05:00,2025-12-08,10,3,25704.5,1.0,filled,False,8.25,-82.25
2025-12-05,15,bullish,25684.25,25707.0,25695.625,22.75,6,2025-12-08 10:53:00-05:00,2025-12-08,10,3,25683.5,1.0,filled,False,4.25,-61.25
2025-12-10,15,bearish,25667.5,25669.25,25668.375,1.75,1,2025-12-11 07:21:00-05:00,2025-12-11,7,1,25669.5,1.0,filled,False,8.75,-31.25
2025-12-10,15,bearish,25667.5,25669.25,25668.375,1.75,2,2025-12-11 08:06:00-05:00,2025-12-11,8,1,25668.25,1.0,filled,True,36.0,-16.25
2025-12-10,15,bearish,25667.5,25669.25,25668.375,1.75,3,2025-12-11 08:25:00-05:00,2025-12-11,8,1,25673.0,1.0,filled,True,40.75,-7.75
2025-12-10,15,bearish,25667.5,25669.25,25668.375,1.75,4,2025-12-11 08:30:00-05:00,2025-12-11,8,1,25664.75,1.0,filled,True,76.25,-16.0
2025-12-10,15,bearish,25667.5,25669.25,25668.375,1.75,5,2025-12-11 09:10:00-05:00,2025-12-11,9,1,25667.25,1.0,filled,True,277.0,-13.5
2025-12-10,15,bearish,25667.5,25669.25,25668.375,1.75,6,2025-12-11 09:14:00-05:00,2025-12-11,9,1,25668.75,1.0,filled,True,278.5,-12.0
2025-12-11,15,bearish,25591.25,25642.25,25616.75,51.0,1,2025-12-12 04:08:00-05:00,2025-12-12,4,1,25628.25,1.0,filled,True,66.0,-27.5
2025-12-11,15,bearish,25591.25,25642.25,25616.75,51.0,2,2025-12-12 04:35:00-05:00,2025-12-12,4,1,25590.75,0.06372549019607843,edge_near,True,28.5,-31.0
2025-12-11,15,bearish,25591.25,25642.25,25616.75,51.0,3,2025-12-12 04:50:00-05:00,2025-12-12,4,1,25593.25,0.08333333333333333,edge_near,True,28.25,-28.5
2025-12-11,15,bearish,25591.25,25642.25,25616.75,51.0,4,2025-12-12 04:59:00-05:00,2025-12-12,4,1,25588.0,0.03431372549019608,edge_near,True,23.0,-33.75
2025-12-11,15,bearish,25591.25,25642.25,25616.75,51.0,5,2025-12-12 05:01:00-05:00,2025-12-12,5,1,25582.5,0.014705882352941176,edge_near,True,17.5,-39.25
2025-12-11,15,bearish,25591.25,25642.25,25616.75,51.0,6,2025-12-12 05:04:00-05:00,2025-12-12,5,1,25589.75,0.5980392156862745,through_CE,True,24.75,-32.0
2025-12-15,15,bearish,25310.5,25371.75,25341.125,61.25,1,2026-01-02 10:59:00-05:00,2026-01-02,10,18,25375.0,1.0,filled,True,81.0,-52.25
2025-12-15,15,bearish,25310.5,25371.75,25341.125,61.25,2,2026-01-02 11:16:00-05:00,2026-01-02,11,18,25375.25,1.0,filled,True,71.5,-52.0
2025-12-15,15,bearish,25310.5,25371.75,25341.125,61.25,3,2026-01-02 11:18:00-05:00,2026-01-02,11,18,25335.25,1.0,filled,True,31.5,-92.0
2025-12-15,15,bearish,25310.5,25371.75,25341.125,61.25,4,2026-01-02 11:25:00-05:00,2026-01-02,11,18,25374.5,1.0,filled,True,70.75,-52.75
2025-12-15,15,bearish,25310.5,25371.75,25341.125,61.25,5,2026-01-02 11:30:00-05:00,2026-01-02,11,18,25375.75,1.0,filled,True,72.0,-51.5
2025-12-15,15,bearish,25310.5,25371.75,25341.125,61.25,6,2026-01-02 11:40:00-05:00,2026-01-02,11,18,25378.25,1.0,filled,True,74.5,-27.25
2025-12-15,15,bearish,25236.0,25285.75,25260.875,49.75,1,2025-12-17 05:13:00-05:00,2025-12-17,5,2,25237.5,0.11557788944723618,edge_near,True,17.25,-18.25
2025-12-15,15,bearish,25236.0,25285.75,25260.875,49.75,2,2025-12-17 05:32:00-05:00,2025-12-17,5,2,25245.0,0.2613065326633166,approached_CE,True,24.75,-10.75
2025-12-15,15,bearish,25236.0,25285.75,25260.875,49.75,3,2025-12-17 05:43:00-05:00,2025-12-17,5,2,25241.0,0.3969849246231156,approached_CE,True,17.75,-14.75
2025-12-15,15,bearish,25236.0,25285.75,25260.875,49.75,4,2025-12-17 06:16:00-05:00,2025-12-17,6,2,25233.25,0.005025125628140704,edge_near,True,10.0,-25.0
2025-12-15,15,bearish,25236.0,25285.75,25260.875,49.75,5,2025-12-17 06:22:00-05:00,2025-12-17,6,2,25240.25,0.1457286432160804,edge_near,True,12.5,-18.0
2025-12-15,15,bearish,25236.0,25285.75,25260.875,49.75,6,2025-12-17 06:28:00-05:00,2025-12-17,6,2,25236.25,0.6030150753768844,through_CE,False,4.25,-22.0
2025-12-17,15,bearish,25115.0,25175.0,25145.0,60.0,1,2025-12-18 10:33:00-05:00,2025-12-18,10,1,25109.75,1.0,filled,False,6.0,-68.5
2025-12-17,15,bearish,25115.0,25175.0,25145.0,60.0,2,2025-12-18 12:45:00-05:00,2025-12-18,12,1,25112.25,0.20416666666666666,edge_near,True,44.25,-55.75
2025-12-17,15,bearish,25115.0,25175.0,25145.0,60.0,3,2025-12-18 12:58:00-05:00,2025-12-18,12,1,25119.25,0.1125,edge_near,True,37.25,-48.75
2025-12-17,15,bearish,25115.0,25175.0,25145.0,60.0,4,2025-12-18 13:08:00-05:00,2025-12-18,13,1,25113.0,0.8833333333333333,filled,True,91.0,-55.0
2025-12-17,15,bearish,25115.0,25175.0,25145.0,60.0,5,2025-12-18 13:55:00-05:00,2025-12-18,13,1,25118.75,0.18333333333333332,edge_near,True,135.5,-7.25
2025-12-17,15,bearish,25115.0,25175.0,25145.0,60.0,6,2025-12-19 02:10:00-05:00,2025-12-19,2,2,25114.5,0.3458333333333333,approached_CE,True,26.25,-27.75
2025-12-22,15,bullish,25754.5,25757.5,25756.0,3.0,1,2025-12-23 11:28:00-05:00,2025-12-23,11,1,25752.0,1.0,filled,True,26.5,-20.5
2025-12-22,15,bullish,25754.5,25757.5,25756.0,3.0,2,2025-12-23 11:45:00-05:00,2025-12-23,11,1,25756.5,1.0,filled,True,22.0,-6.5
2025-12-22,15,bullish,25754.5,25757.5,25756.0,3.0,3,2025-12-23 12:33:00-05:00,2025-12-23,12,1,25755.5,1.0,filled,True,25.0,-4.75
2025-12-22,15,bullish,25754.5,25757.5,25756.0,3.0,4,2025-12-23 12:43:00-05:00,2025-12-23,12,1,25759.0,0.0,edge_near,True,21.5,-8.25
2025-12-22,15,bullish,25754.5,25757.5,25756.0,3.0,5,2025-12-23 12:47:00-05:00,2025-12-23,12,1,25757.0,0.25,approached_CE,True,23.5,-6.25
2025-12-22,15,bullish,25754.5,25757.5,25756.0,3.0,6,2025-12-23 12:50:00-05:00,2025-12-23,12,1,25754.5,1.0,filled,True,26.0,-3.75
2025-12-23,15,bullish,25634.25,25638.0,25636.125,3.75,1,2025-12-30 19:12:00-05:00,2025-12-30,19,7,25641.5,1.0,filled,False,9.5,-53.5
2025-12-23,15,bullish,25634.25,25638.0,25636.125,3.75,2,2025-12-30 19:32:00-05:00,2025-12-30,19,7,25636.75,1.0,filled,False,7.0,-48.75
2025-12-23,15,bullish,25634.25,25638.0,25636.125,3.75,3,2025-12-30 21:31:00-05:00,2025-12-30,21,7,25631.75,1.0,filled,False,3.75,-27.75
2025-12-23,15,bullish,25634.25,25638.0,25636.125,3.75,4,2025-12-30 22:17:00-05:00,2025-12-30,22,7,25625.75,1.0,filled,False,9.0,-19.0
2025-12-23,15,bullish,25634.25,25638.0,25636.125,3.75,5,2025-12-31 08:01:00-05:00,2025-12-31,8,8,25625.5,1.0,filled,True,92.75,-3.0
2025-12-23,15,bullish,25634.25,25638.0,25636.125,3.75,6,2025-12-31 08:16:00-05:00,2025-12-31,8,8,25637.0,1.0,filled,True,81.25,-8.0
2025-12-23,15,bullish,25649.5,25670.0,25659.75,20.5,1,2025-12-29 08:50:00-05:00,2025-12-29,8,6,25664.5,0.4634146341463415,approached_CE,True,154.25,-8.5
2025-12-23,15,bullish,25649.5,25670.0,25659.75,20.5,2,2025-12-29 09:15:00-05:00,2025-12-29,9,6,25670.25,0.6829268292682927,through_CE,True,148.5,-14.25
2025-12-23,15,bullish,25649.5,25670.0,25659.75,20.5,3,2025-12-29 09:30:00-05:00,2025-12-29,9,6,25691.5,0.2804878048780488,approached_CE,True,127.25,-30.0
2025-12-23,15,bullish,25649.5,25670.0,25659.75,20.5,4,2025-12-29 10:10:00-05:00,2025-12-29,10,6,25690.0,0.4146341463414634,approached_CE,True,83.25,-28.5
2025-12-23,15,bullish,25649.5,25670.0,25659.75,20.5,5,2025-12-29 12:25:00-05:00,2025-12-29,12,6,25668.75,1.0,filled,True,41.25,-21.0
2025-12-23,15,bullish,25649.5,25670.0,25659.75,20.5,6,2025-12-29 12:37:00-05:00,2025-12-29,12,6,25668.25,0.21951219512195122,edge_near,True,58.5,-2.75
2025-12-31,15,bearish,25692.25,25698.5,25695.375,6.25,1,2026-01-02 03:14:00-05:00,2026-01-02,3,2,25688.75,0.16,edge_near,True,12.75,-50.0
2025-12-31,15,bearish,25692.25,25698.5,25695.375,6.25,2,2026-01-02 03:20:00-05:00,2026-01-02,3,2,25695.5,1.0,filled,True,19.5,-43.25
2025-12-31,15,bearish,25692.25,25698.5,25695.375,6.25,3,2026-01-02 03:26:00-05:00,2026-01-02,3,2,25692.0,1.0,filled,True,16.0,-46.75
2025-12-31,15,bearish,25692.25,25698.5,25695.375,6.25,4,2026-01-02 03:33:00-05:00,2026-01-02,3,2,25691.25,0.2,edge_near,True,10.0,-47.5
2025-12-31,15,bearish,25692.25,25698.5,25695.375,6.25,5,2026-01-02 03:43:00-05:00,2026-01-02,3,2,25694.25,1.0,filled,False,5.75,-44.5
2025-12-31,15,bearish,25692.25,25698.5,25695.375,6.25,6,2026-01-02 07:04:00-05:00,2026-01-02,7,2,25702.0,1.0,filled,True,21.75,-6.25
2025-12-31,15,bearish,25635.5,25675.5,25655.5,40.0,1,2026-01-01 23:25:00-05:00,2026-01-01,23,1,25633.25,0.04375,edge_near,True,21.0,-4.0
2025-12-31,15,bearish,25635.5,25675.5,25655.5,40.0,2,2026-01-01 23:43:00-05:00,2026-01-01,23,1,25631.5,0.0,edge_near,True,19.25,-4.0
2025-12-31,15,bearish,25635.5,25675.5,25655.5,40.0,3,2026-01-02 00:53:00-05:00,2026-01-02,0,2,25633.75,0.3625,approached_CE,False,1.0,-16.25
2025-12-31,15,bearish,25635.5,25675.5,25655.5,40.0,4,2026-01-02 02:24:00-05:00,2026-01-02,2,2,25636.25,0.20625,edge_near,False,9.25,-64.75
2025-12-31,15,bearish,25635.5,25675.5,25655.5,40.0,5,2026-01-02 02:56:00-05:00,2026-01-02,2,2,25640.5,1.0,filled,False,8.0,-77.75
2025-12-31,15,bearish,25635.5,25675.5,25655.5,40.0,6,2026-01-02 09:13:00-05:00,2026-01-02,9,2,25676.25,1.0,filled,True,57.0,-127.25
2026-01-05,15,bullish,25591.5,25606.0,25598.75,14.5,1,2026-01-06 03:13:00-05:00,2026-01-06,3,1,25597.0,1.0,filled,True,12.25,-70.0
2026-01-05,15,bullish,25591.5,25606.0,25598.75,14.5,2,2026-01-06 03:17:00-05:00,2026-01-06,3,1,25588.75,1.0,filled,False,3.5,-61.75
2026-01-05,15,bullish,25591.5,25606.0,25598.75,14.5,3,2026-01-06 04:54:00-05:00,2026-01-06,4,1,25593.75,1.0,filled,True,14.5,-22.5
2026-01-05,15,bullish,25591.5,25606.0,25598.75,14.5,4,2026-01-06 05:11:00-05:00,2026-01-06,5,1,25588.5,1.0,filled,True,16.5,-17.25
2026-01-05,15,bullish,25591.5,25606.0,25598.75,14.5,5,2026-01-06 05:40:00-05:00,2026-01-06,5,1,25591.75,1.0,filled,True,13.25,-8.0
2026-01-05,15,bullish,25591.5,25606.0,25598.75,14.5,6,2026-01-06 05:44:00-05:00,2026-01-06,5,1,25591.0,1.0,filled,True,14.0,-7.25
2026-01-06,15,bullish,25639.75,25661.75,25650.75,22.0,1,2026-01-08 09:42:00-05:00,2026-01-08,9,2,25639.0,1.0,filled,True,74.5,-69.5
2026-01-06,15,bullish,25639.75,25661.75,25650.75,22.0,2,2026-01-08 09:46:00-05:00,2026-01-08,9,2,25654.25,1.0,filled,True,59.25,-84.75
2026-01-06,15,bullish,25639.75,25661.75,25650.75,22.0,3,2026-01-08 10:05:00-05:00,2026-01-08,10,2,25637.75,1.0,filled,True,75.75,-36.0
2026-01-06,15,bullish,25639.75,25661.75,25650.75,22.0,4,2026-01-08 10:11:00-05:00,2026-01-08,10,2,25661.0,0.4090909090909091,approached_CE,True,52.5,-51.0
2026-01-06,15,bullish,25639.75,25661.75,25650.75,22.0,5,2026-01-08 10:35:00-05:00,2026-01-08,10,2,25657.0,1.0,filled,True,41.75,-61.0
2026-01-06,15,bullish,25639.75,25661.75,25650.75,22.0,6,2026-01-08 10:38:00-05:00,2026-01-08,10,2,25635.0,1.0,filled,True,63.75,-51.25
2026-01-06,15,bullish,25679.0,25726.25,25702.625,47.25,1,2026-01-08 01:01:00-05:00,2026-01-08,1,2,25720.5,1.0,filled,True,19.0,-49.5
2026-01-06,15,bullish,25679.0,25726.25,25702.625,47.25,2,2026-01-08 01:27:00-05:00,2026-01-08,1,2,25680.75,1.0,filled,True,123.75,-9.75
2026-01-06,15,bullish,25679.0,25726.25,25702.625,47.25,3,2026-01-08 09:33:00-05:00,2026-01-08,9,2,25731.75,1.0,filled,True,28.0,-162.25
2026-01-06,15,bullish,25679.0,25726.25,25702.625,47.25,4,2026-01-08 10:08:00-05:00,2026-01-08,10,2,25671.75,1.0,filled,True,41.75,-61.75
2026-01-06,15,bullish,25679.0,25726.25,25702.625,47.25,5,2026-01-08 10:12:00-05:00,2026-01-08,10,2,25679.75,1.0,filled,True,33.75,-69.75
2026-01-06,15,bullish,25679.0,25726.25,25702.625,47.25,6,2026-01-08 10:41:00-05:00,2026-01-08,10,2,25691.0,1.0,filled,False,7.75,-107.25
2026-01-07,15,bullish,25791.5,25840.5,25816.0,49.0,1,2026-01-08 02:24:00-05:00,2026-01-08,2,1,25786.25,1.0,filled,True,18.25,-44.75
2026-01-07,15,bullish,25791.5,25840.5,25816.0,49.0,2,2026-01-08 03:31:00-05:00,2026-01-08,3,1,25785.5,1.0,filled,True,17.5,-23.5
2026-01-07,15,bullish,25791.5,25840.5,25816.0,49.0,3,2026-01-08 03:34:00-05:00,2026-01-08,3,1,25797.25,1.0,filled,False,5.75,-35.25
2026-01-07,15,bullish,25791.5,25840.5,25816.0,49.0,4,2026-01-08 04:03:00-05:00,2026-01-08,4,1,25794.5,1.0,filled,False,1.0,-43.5
2026-01-07,15,bullish,25791.5,25840.5,25816.0,49.0,5,2026-01-08 08:18:00-05:00,2026-01-08,8,1,25799.75,1.0,filled,True,19.0,-18.5
2026-01-07,15,bullish,25791.5,25840.5,25816.0,49.0,6,2026-01-08 09:30:00-05:00,2026-01-08,9,1,25757.5,1.0,filled,True,45.25,-188.0
2026-01-08,15,bearish,25676.25,25774.0,25725.125,97.75,1,2026-01-09 00:00:00-05:00,2026-01-09,0,1,25684.0,0.13043478260869565,edge_near,True,17.25,-18.0
2026-01-08,15,bearish,25676.25,25774.0,25725.125,97.75,2,2026-01-09 00:33:00-05:00,2026-01-09,0,1,25675.75,0.0025575447570332483,edge_near,False,9.0,-26.25
2026-01-08,15,bearish,25676.25,25774.0,25725.125,97.75,3,2026-01-09 00:42:00-05:00,2026-01-09,0,1,25672.25,0.010230179028132993,edge_near,False,5.0,-29.75
2026-01-08,15,bearish,25676.25,25774.0,25725.125,97.75,4,2026-01-09 00:55:00-05:00,2026-01-09,0,1,25678.75,0.26342710997442453,approached_CE,False,7.25,-23.25
2026-01-08,15,bearish,25676.25,25774.0,25725.125,97.75,5,2026-01-09 02:47:00-05:00,2026-01-09,2,1,25677.75,0.05370843989769821,edge_near,False,9.25,-23.75
2026-01-08,15,bearish,25676.25,25774.0,25725.125,97.75,6,2026-01-09 02:53:00-05:00,2026-01-09,2,1,25676.75,0.04092071611253197,edge_near,True,11.0,-24.75
2026-01-09,15,bearish,25773.5,25782.75,25778.125,9.25,1,2026-01-11 19:38:00-05:00,2026-01-11,19,2,25783.0,1.0,filled,True,59.5,-51.25
2026-01-09,15,bearish,25773.5,25782.75,25778.125,9.25,2,2026-01-11 19:56:00-05:00,2026-01-11,19,2,25787.0,1.0,filled,True,63.5,-10.5
2026-01-09,15,bearish,25773.5,25782.75,25778.125,9.25,3,2026-01-11 20:01:00-05:00,2026-01-11,20,2,25769.75,1.0,filled,True,46.25,-27.75
2026-01-09,15,bearish,25773.5,25782.75,25778.125,9.25,4,2026-01-11 20:45:00-05:00,2026-01-11,20,2,25777.75,1.0,filled,True,46.75,-7.25
2026-01-09,15,bearish,25773.5,25782.75,25778.125,9.25,5,2026-01-12 09:30:00-05:00,2026-01-12,9,3,25792.5,1.0,filled,True,48.75,-140.75
2026-01-09,15,bearish,25773.5,25782.75,25778.125,9.25,6,2026-01-14 05:22:00-05:00,2026-01-14,5,5,25782.75,1.0,filled,True,71.25,-9.75
2026-01-12,15,bullish,25750.75,25834.25,25792.5,83.5,1,2026-01-13 10:24:00-05:00,2026-01-13,10,1,25837.5,0.2694610778443114,approached_CE,True,87.0,-31.5
2026-01-12,15,bullish,25750.75,25834.25,25792.5,83.5,2,2026-01-13 10:38:00-05:00,2026-01-13,10,1,25841.25,0.18263473053892215,edge_near,True,112.0,-35.25
2026-01-12,15,bullish,25750.75,25834.25,25792.5,83.5,3,2026-01-13 10:48:00-05:00,2026-01-13,10,1,25819.75,0.3383233532934132,approached_CE,True,170.5,-13.75
2026-01-12,15,bullish,25750.75,25834.25,25792.5,83.5,4,2026-01-13 13:56:00-05:00,2026-01-13,13,1,25836.25,0.005988023952095809,edge_near,True,49.0,-14.75
2026-01-12,15,bullish,25750.75,25834.25,25792.5,83.5,5,2026-01-13 14:03:00-05:00,2026-01-13,14,1,25831.25,0.15269461077844312,edge_near,True,54.25,-9.75
2026-01-12,15,bullish,25750.75,25834.25,25792.5,83.5,6,2026-01-13 15:21:00-05:00,2026-01-13,15,1,25838.5,0.005988023952095809,edge_near,True,88.25,-35.25
2026-01-14,15,bearish,25674.25,25734.0,25704.125,59.75,1,2026-01-15 01:15:00-05:00,2026-01-15,1,1,25690.25,1.0,filled,True,46.0,-32.5
2026-01-14,15,bearish,25674.25,25734.0,25704.125,59.75,2,2026-01-15 04:00:00-05:00,2026-01-15,4,1,25738.0,1.0,filled,False,4.75,-95.25
2026-01-14,15,bearish,25674.25,25734.0,25704.125,59.75,3,2026-01-15 15:00:00-05:00,2026-01-15,15,1,25742.0,1.0,filled,True,61.25,-29.75
2026-01-14,15,bearish,25674.25,25734.0,25704.125,59.75,4,2026-01-15 15:17:00-05:00,2026-01-15,15,1,25731.25,1.0,filled,True,50.5,-7.5
2026-01-14,15,bearish,25674.25,25734.0,25704.125,59.75,5,2026-01-15 19:03:00-05:00,2026-01-15,19,1,25737.5,1.0,filled,False,7.0,-27.0
2026-01-14,15,bearish,25674.25,25734.0,25704.125,59.75,6,2026-01-15 19:05:00-05:00,2026-01-15,19,1,25734.5,1.0,filled,False,4.0,-31.5
2026-01-16,15,bearish,25765.5,25817.5,25791.5,52.0,1,2026-01-23 10:34:00-05:00,2026-01-23,10,7,25772.25,1.0,filled,True,14.75,-73.25
2026-01-16,15,bearish,25765.5,25817.5,25791.5,52.0,2,2026-01-23 10:58:00-05:00,2026-01-23,10,7,25821.25,1.0,filled,True,60.5,-24.25
2026-01-16,15,bearish,25765.5,25817.5,25791.5,52.0,3,2026-01-23 11:06:00-05:00,2026-01-23,11,7,25821.75,1.0,filled,True,61.0,-10.5
2026-01-16,15,bearish,25765.5,25817.5,25791.5,52.0,4,2026-01-23 11:12:00-05:00,2026-01-23,11,7,25821.25,1.0,filled,True,60.5,-8.75
2026-01-16,15,bearish,25765.5,25817.5,25791.5,52.0,5,2026-01-23 11:15:00-05:00,2026-01-23,11,7,25819.5,1.0,filled,True,58.75,-10.25
2026-01-16,15,bearish,25765.5,25817.5,25791.5,52.0,6,2026-01-23 11:20:00-05:00,2026-01-23,11,7,25815.0,1.0,filled,True,54.25,-13.5
2026-01-19,15,bearish,25314.75,25317.75,25316.25,3.0,1,2026-01-20 01:23:00-05:00,2026-01-20,1,1,25325.75,1.0,filled,True,69.25,-1.75
2026-01-19,15,bearish,25314.75,25317.75,25316.25,3.0,2,2026-01-20 01:25:00-05:00,2026-01-20,1,1,25313.75,1.0,filled,True,57.25,-9.75
2026-01-19,15,bearish,25314.75,25317.75,25316.25,3.0,3,2026-01-20 01:30:00-05:00,2026-01-20,1,1,25307.25,0.25,approached_CE,True,50.75,-13.25
2026-01-19,15,bearish,25314.75,25317.75,25316.25,3.0,4,2026-01-20 02:00:00-05:00,2026-01-20,2,1,25317.75,1.0,filled,True,61.25,-2.75
2026-01-19,15,bearish,25314.75,25317.75,25316.25,3.0,5,2026-01-20 02:09:00-05:00,2026-01-20,2,1,25316.5,1.0,filled,True,88.75,-2.25
2026-01-19,15,bearish,25314.75,25317.75,25316.25,3.0,6,2026-01-20 09:30:00-05:00,2026-01-20,9,1,25291.0,0.6666666666666666,through_CE,True,58.5,-78.0
2026-01-19,15,bearish,25298.0,25305.0,25301.5,7.0,1,2026-01-20 01:28:00-05:00,2026-01-20,1,1,25302.75,1.0,filled,True,46.25,-17.75
2026-01-19,15,bearish,25298.0,25305.0,25301.5,7.0,2,2026-01-20 01:45:00-05:00,2026-01-20,1,1,25295.25,0.17857142857142858,edge_near,True,38.75,-25.25
2026-01-19,15,bearish,25298.0,25305.0,25301.5,7.0,3,2026-01-20 01:55:00-05:00,2026-01-20,1,1,25294.75,1.0,filled,True,38.25,-25.75
2026-01-19,15,bearish,25298.0,25305.0,25301.5,7.0,4,2026-01-20 02:05:00-05:00,2026-01-20,2,1,25299.25,1.0,filled,True,58.75,-19.5
2026-01-19,15,bearish,25298.0,25305.0,25301.5,7.0,5,2026-01-20 02:11:00-05:00,2026-01-20,2,1,25301.0,1.0,filled,True,73.25,-10.25
2026-01-19,15,bearish,25298.0,25305.0,25301.5,7.0,6,2026-01-20 02:28:00-05:00,2026-01-20,2,1,25301.0,0.5,through_CE,True,76.0,-0.5
2026-01-19,15,bullish,25298.0,25311.75,25304.875,13.75,1,2026-01-20 01:26:00-05:00,2026-01-20,1,1,25312.75,1.0,filled,False,7.75,-56.25
2026-01-19,15,bullish,25298.0,25311.75,25304.875,13.75,2,2026-01-20 01:45:00-05:00,2026-01-20,1,1,25295.25,1.0,filled,True,25.25,-38.75
2026-01-19,15,bullish,25298.0,25311.75,25304.875,13.75,3,2026-01-20 01:55:00-05:00,2026-01-20,1,1,25294.75,1.0,filled,True,25.75,-38.25
2026-01-19,15,bullish,25298.0,25311.75,25304.875,13.75,4,2026-01-20 02:28:00-05:00,2026-01-20,2,1,25301.0,1.0,filled,False,0.5,-76.0
2026-01-19,15,bullish,25298.0,25311.75,25304.875,13.75,5,2026-01-20 02:32:00-05:00,2026-01-20,2,1,25299.75,1.0,filled,False,1.5,-83.0
2026-01-19,15,bullish,25298.0,25311.75,25304.875,13.75,6,2026-01-20 09:30:00-05:00,2026-01-20,9,1,25291.0,1.0,filled,True,78.0,-58.5
2026-01-20,15,bullish,25253.5,25267.5,25260.5,14.0,1,2026-01-21 09:25:00-05:00,2026-01-21,9,1,25252.25,1.0,filled,True,124.75,-123.75
2026-01-20,15,bullish,25253.5,25267.5,25260.5,14.0,2,2026-01-21 09:50:00-05:00,2026-01-21,9,1,25248.5,1.0,filled,True,231.5,-20.0
2026-01-20,15,bullish,25253.5,25267.5,25260.5,14.0,3,2026-01-21 09:54:00-05:00,2026-01-21,9,1,25289.25,0.21428571428571427,edge_near,True,198.75,-24.75
2026-01-20,15,bullish,25253.5,25267.5,25260.5,14.0,4,2026-01-21 11:51:00-05:00,2026-01-21,11,1,25258.5,1.0,filled,True,37.0,-115.75
2026-01-20,15,bullish,25253.5,25267.5,25260.5,14.0,5,2026-01-21 12:01:00-05:00,2026-01-21,12,1,25257.25,1.0,filled,False,5.5,-114.5
2026-01-20,15,bullish,25253.5,25267.5,25260.5,14.0,6,2026-01-21 12:58:00-05:00,2026-01-21,12,1,25256.25,1.0,filled,True,38.5,-105.0
2026-01-21,15,bullish,25125.75,25165.0,25145.375,39.25,1,2026-02-04 10:00:00-05:00,2026-02-04,10,14,25153.0,1.0,filled,True,152.75,-45.25
2026-01-21,15,bullish,25125.75,25165.0,25145.375,39.25,2,2026-02-04 10:34:00-05:00,2026-02-04,10,14,25175.25,1.0,filled,True,95.75,-133.5
2026-01-21,15,bullish,25125.75,25165.0,25145.375,39.25,3,2026-02-04 10:46:00-05:00,2026-02-04,10,14,25185.75,0.4394904458598726,approached_CE,True,18.75,-226.0
2026-01-21,15,bullish,25125.75,25165.0,25145.375,39.25,4,2026-02-04 10:56:00-05:00,2026-02-04,10,14,25143.0,1.0,filled,True,42.5,-215.0
2026-01-21,15,bullish,25125.75,25165.0,25145.375,39.25,5,2026-02-04 11:12:00-05:00,2026-02-04,11,14,25130.0,1.0,filled,True,11.75,-202.0
2026-01-21,15,bullish,25125.75,25165.0,25145.375,39.25,6,2026-02-04 11:26:00-05:00,2026-02-04,11,14,25127.5,1.0,filled,True,12.25,-199.5
2026-01-21,15,bullish,25223.0,25293.0,25258.0,70.0,1,2026-02-01 22:40:00-05:00,2026-02-01,22,11,25294.5,0.22857142857142856,edge_near,True,58.75,-78.0
2026-01-21,15,bullish,25223.0,25293.0,25258.0,70.0,2,2026-02-01 22:51:00-05:00,2026-02-01,22,11,25302.0,0.175,edge_near,True,74.0,-85.5
2026-01-21,15,bullish,25223.0,25293.0,25258.0,70.0,3,2026-02-01 22:57:00-05:00,2026-02-01,22,11,25271.75,1.0,filled,True,104.25,-55.25
2026-01-21,15,bullish,25223.0,25293.0,25258.0,70.0,4,2026-02-02 00:11:00-05:00,2026-02-02,0,12,25294.75,0.09285714285714286,edge_near,True,27.5,-81.5
2026-01-21,15,bullish,25223.0,25293.0,25258.0,70.0,5,2026-02-02 00:17:00-05:00,2026-02-02,0,12,25291.25,1.0,filled,True,14.25,-95.75
2026-01-21,15,bullish,25223.0,25293.0,25258.0,70.0,6,2026-02-02 01:16:00-05:00,2026-02-02,1,12,25226.0,1.0,filled,True,81.0,-45.75
2026-01-22,15,bearish,25659.0,25709.0,25684.0,50.0,1,2026-01-23 00:00:00-05:00,2026-01-23,0,1,25703.5,1.0,filled,True,10.0,-16.0
2026-01-22,15,bearish,25659.0,25709.0,25684.0,50.0,2,2026-01-23 00:56:00-05:00,2026-01-23,0,1,25709.0,1.0,filled,False,6.25,-22.75
2026-01-22,15,bearish,25659.0,25709.0,25684.0,50.0,3,2026-01-23 01:36:00-05:00,2026-01-23,1,1,25710.25,1.0,filled,True,14.0,-14.75
2026-01-22,15,bearish,25659.0,25709.0,25684.0,50.0,4,2026-01-23 01:38:00-05:00,2026-01-23,1,1,25705.5,1.0,filled,False,9.25,-19.5
2026-01-22,15,bearish,25659.0,25709.0,25684.0,50.0,5,2026-01-23 02:30:00-05:00,2026-01-23,2,1,25713.0,1.0,filled,True,93.75,-5.75
2026-01-22,15,bearish,25659.0,25709.0,25684.0,50.0,6,2026-01-23 02:34:00-05:00,2026-01-23,2,1,25705.75,1.0,filled,True,102.25,-5.25
2026-01-22,15,bearish,25585.25,25612.25,25598.75,27.0,1,2026-01-23 03:33:00-05:00,2026-01-23,3,1,25610.5,1.0,filled,True,30.0,-22.25
2026-01-22,15,bearish,25585.25,25612.25,25598.75,27.0,2,2026-01-23 03:49:00-05:00,2026-01-23,3,1,25610.75,1.0,filled,True,70.75,-18.5
2026-01-22,15,bearish,25585.25,25612.25,25598.75,27.0,3,2026-01-23 04:02:00-05:00,2026-01-23,4,1,25612.25,1.0,filled,True,72.25,-17.0
2026-01-22,15,bearish,25585.25,25612.25,25598.75,27.0,4,2026-01-23 04:12:00-05:00,2026-01-23,4,1,25608.0,1.0,filled,True,68.0,-14.75
2026-01-22,15,bearish,25585.25,25612.25,25598.75,27.0,5,2026-01-23 04:25:00-05:00,2026-01-23,4,1,25607.25,1.0,filled,True,67.25,-14.5
2026-01-22,15,bearish,25585.25,25612.25,25598.75,27.0,6,2026-01-23 04:38:00-05:00,2026-01-23,4,1,25576.0,0.05555555555555555,edge_near,True,36.0,-10.75
2026-01-23,15,bullish,25652.75,25662.5,25657.625,9.75,1,2026-01-25 20:22:00-05:00,2026-01-25,20,2,25657.25,1.0,filled,True,12.0,-26.25
2026-01-23,15,bullish,25652.75,25662.5,25657.625,9.75,2,2026-01-25 20:46:00-05:00,2026-01-25,20,2,25649.75,1.0,filled,True,19.5,-40.75
2026-01-23,15,bullish,25652.75,25662.5,25657.625,9.75,3,2026-01-25 20:48:00-05:00,2026-01-25,20,2,25653.0,1.0,filled,True,16.25,-55.0
2026-01-23,15,bullish,25652.75,25662.5,25657.625,9.75,4,2026-01-25 20:53:00-05:00,2026-01-25,20,2,25666.25,1.0,filled,False,3.0,-68.25
2026-01-23,15,bullish,25652.75,25662.5,25657.625,9.75,5,2026-01-25 22:06:00-05:00,2026-01-25,22,2,25654.5,1.0,filled,False,3.25,-54.5
2026-01-23,15,bullish,25652.75,25662.5,25657.625,9.75,6,2026-01-25 22:09:00-05:00,2026-01-25,22,2,25650.0,1.0,filled,False,5.75,-50.0
2026-01-26,15,bullish,25749.75,25800.75,25775.25,51.0,1,2026-01-29 10:00:00-05:00,2026-01-29,10,3,25808.75,1.0,filled,True,59.75,-272.75
2026-01-26,15,bullish,25749.75,25800.75,25775.25,51.0,2,2026-01-29 10:30:00-05:00,2026-01-29,10,3,25733.75,1.0,filled,True,19.75,-197.75
2026-01-26,15,bullish,25749.75,25800.75,25775.25,51.0,3,2026-01-29 12:02:00-05:00,2026-01-29,12,3,25749.0,1.0,filled,True,129.75,-17.0
2026-01-26,15,bullish,25749.75,25800.75,25775.25,51.0,4,2026-01-29 12:07:00-05:00,2026-01-29,12,3,25754.75,1.0,filled,True,124.0,-18.75
2026-01-26,15,bullish,25749.75,25800.75,25775.25,51.0,5,2026-01-29 12:47:00-05:00,2026-01-29,12,3,25790.75,1.0,filled,True,99.5,-41.5
2026-01-26,15,bullish,25749.75,25800.75,25775.25,51.0,6,2026-01-29 20:42:00-05:00,2026-01-29,20,3,25803.75,0.08823529411764706,edge_near,True,63.25,-67.5
2026-01-27,15,bullish,26012.5,26022.0,26017.25,9.5,1,2026-01-28 16:02:00-05:00,2026-01-28,16,1,26025.75,1.0,filled,True,262.0,-29.5
2026-01-27,15,bullish,26012.5,26022.0,26017.25,9.5,2,2026-01-29 09:36:00-05:00,2026-01-29,9,2,26031.25,1.0,filled,True,37.5,-368.5
2026-01-27,15,bullish,26012.5,26022.0,26017.25,9.5,3,2026-01-29 15:57:00-05:00,2026-01-29,15,2,26013.5,1.0,filled,True,26.75,-65.5
2026-01-27,15,bullish,26012.5,26022.0,26017.25,9.5,4,2026-01-29 16:29:00-05:00,2026-01-29,16,2,25987.0,1.0,filled,True,53.25,-39.0
2026-01-27,15,bullish,26012.5,26022.0,26017.25,9.5,5,2026-01-29 16:33:00-05:00,2026-01-29,16,2,26007.25,1.0,filled,True,18.75,-37.25
2026-01-27,15,bullish,26012.5,26022.0,26017.25,9.5,6,2026-01-29 18:38:00-05:00,2026-01-29,18,2,26012.75,1.0,filled,False,6.25,-105.5
2026-01-29,15,bearish,26008.0,26131.75,26069.875,123.75,1,2026-02-03 01:42:00-05:00,2026-02-03,1,5,26005.25,0.00404040404040404,edge_near,True,30.5,-3.25
2026-01-29,15,bearish,26008.0,26131.75,26069.875,123.75,2,2026-02-03 02:40:00-05:00,2026-02-03,2,5,26005.5,0.00202020202020202,edge_near,True,25.0,-22.25
2026-01-29,15,bearish,26008.0,26131.75,26069.875,123.75,3,2026-02-03 02:43:00-05:00,2026-02-03,2,5,26010.0,0.1595959595959596,edge_near,True,29.5,-17.75
2026-01-29,15,bearish,26008.0,26131.75,26069.875,123.75,4,2026-02-03 03:08:00-05:00,2026-02-03,3,5,26004.0,0.1292929292929293,edge_near,True,34.5,-20.0
2026-01-29,15,bearish,26008.0,26131.75,26069.875,123.75,5,2026-02-03 04:05:00-05:00,2026-02-03,4,5,26007.5,0.022222222222222223,edge_near,True,49.5,-3.25
2026-01-29,15,bearish,25868.5,25946.0,25907.25,77.5,1,2026-01-30 00:01:00-05:00,2026-01-30,0,1,25868.75,0.23548387096774193,edge_near,True,39.75,-18.0
2026-01-29,15,bearish,25868.5,25946.0,25907.25,77.5,2,2026-01-30 00:15:00-05:00,2026-01-30,0,1,25866.75,0.035483870967741936,edge_near,True,65.75,-7.0
2026-01-29,15,bearish,25868.5,25946.0,25907.25,77.5,3,2026-01-30 00:20:00-05:00,2026-01-30,0,1,25870.0,0.06129032258064516,edge_near,True,89.25,-3.75
2026-01-29,15,bearish,25868.5,25946.0,25907.25,77.5,4,2026-01-30 00:27:00-05:00,2026-01-30,0,1,25871.0,0.06774193548387097,edge_near,True,102.25,-2.75
2026-01-29,15,bearish,25868.5,25946.0,25907.25,77.5,5,2026-01-30 06:54:00-05:00,2026-01-30,6,1,25870.75,0.47096774193548385,approached_CE,True,49.5,-34.25
2026-01-29,15,bearish,25868.5,25946.0,25907.25,77.5,6,2026-01-30 07:47:00-05:00,2026-01-30,7,1,25869.5,0.02903225806451613,edge_near,True,93.0,-17.25
2026-02-02,15,bullish,25549.25,25698.25,25623.75,149.0,1,2026-02-03 09:55:00-05:00,2026-02-03,9,1,25699.75,1.0,filled,True,28.25,-229.5
2026-02-02,15,bullish,25549.25,25698.25,25623.75,149.0,2,2026-02-03 10:26:00-05:00,2026-02-03,10,1,25549.0,1.0,filled,True,82.75,-67.75
2026-02-02,15,bullish,25549.25,25698.25,25623.75,149.0,3,2026-02-03 10:32:00-05:00,2026-02-03,10,1,25558.75,1.0,filled,True,73.0,-77.5
2026-02-02,15,bullish,25549.25,25698.25,25623.75,149.0,4,2026-02-03 10:40:00-05:00,2026-02-03,10,1,25547.5,1.0,filled,True,84.25,-69.0
2026-02-02,15,bullish,25549.25,25698.25,25623.75,149.0,5,2026-02-03 10:47:00-05:00,2026-02-03,10,1,25565.25,1.0,filled,True,66.5,-86.75
2026-02-06,15,bullish,24809.25,24847.75,24828.5,38.5,1,2026-02-12 11:25:00-05:00,2026-02-12,11,6,24846.75,1.0,filled,True,73.25,-41.25
2026-02-06,15,bullish,24809.25,24847.75,24828.5,38.5,2,2026-02-12 11:47:00-05:00,2026-02-12,11,6,24847.0,0.13636363636363635,edge_near,True,93.75,-15.0
2026-02-06,15,bullish,24809.25,24847.75,24828.5,38.5,3,2026-02-12 11:54:00-05:00,2026-02-12,11,6,24857.5,0.14285714285714285,edge_near,True,83.25,-25.5
2026-02-06,15,bullish,24809.25,24847.75,24828.5,38.5,4,2026-02-12 12:00:00-05:00,2026-02-12,12,6,24844.0,0.4090909090909091,approached_CE,True,96.75,-43.0
2026-02-06,15,bullish,24809.25,24847.75,24828.5,38.5,5,2026-02-12 12:06:00-05:00,2026-02-12,12,6,24895.5,0.08441558441558442,edge_near,True,45.25,-94.5
2026-02-06,15,bullish,24809.25,24847.75,24828.5,38.5,6,2026-02-12 12:11:00-05:00,2026-02-12,12,6,24846.75,0.17532467532467533,edge_near,True,94.0,-45.75
2026-02-09,15,bullish,25081.75,25092.25,25087.0,10.5,1,2026-02-11 10:21:00-05:00,2026-02-11,10,2,25111.0,0.21428571428571427,edge_near,True,160.0,-53.0
2026-02-09,15,bullish,25081.75,25092.25,25087.0,10.5,2,2026-02-11 10:23:00-05:00,2026-02-11,10,2,25098.75,1.0,filled,True,172.25,-40.75
2026-02-09,15,bullish,25081.75,25092.25,25087.0,10.5,3,2026-02-12 10:42:00-05:00,2026-02-12,10,3,25100.0,1.0,filled,True,21.25,-294.5
2026-02-09,15,bullish,25081.75,25092.25,25087.0,10.5,4,2026-02-12 10:48:00-05:00,2026-02-12,10,3,25083.75,1.0,filled,True,37.5,-278.25
2026-02-09,15,bullish,25081.75,25092.25,25087.0,10.5,5,2026-02-18 10:41:00-05:00,2026-02-18,10,9,25070.25,1.0,filled,True,48.5,-21.5
2026-02-09,15,bullish,25081.75,25092.25,25087.0,10.5,6,2026-02-18 10:48:00-05:00,2026-02-18,10,9,25082.5,1.0,filled,True,36.25,-31.0
2026-02-10,15,bullish,25374.5,25375.75,25375.125,1.25,1,2026-02-11 08:46:00-05:00,2026-02-11,8,1,25384.25,1.0,filled,True,81.25,-45.25
2026-02-10,15,bullish,25374.5,25375.75,25375.125,1.25,2,2026-02-11 08:51:00-05:00,2026-02-11,8,1,25376.0,1.0,filled,True,89.5,-37.0
2026-02-10,15,bullish,25374.5,25375.75,25375.125,1.25,3,2026-02-11 09:34:00-05:00,2026-02-11,9,1,25385.75,1.0,filled,True,50.5,-327.75
2026-02-10,15,bullish,25374.5,25375.75,25375.125,1.25,4,2026-02-11 09:40:00-05:00,2026-02-11,9,1,25360.0,1.0,filled,True,76.25,-302.0
2026-02-10,15,bullish,25374.5,25375.75,25375.125,1.25,5,2026-02-11 09:46:00-05:00,2026-02-11,9,1,25373.25,1.0,filled,True,63.0,-315.25
2026-02-10,15,bullish,25374.5,25375.75,25375.125,1.25,6,2026-02-11 09:50:00-05:00,2026-02-11,9,1,25367.75,1.0,filled,True,47.25,-309.75
2026-02-12,15,bearish,25324.25,25346.0,25335.125,21.75,1,2026-02-25 09:47:00-05:00,2026-02-25,9,13,25319.5,0.21839080459770116,edge_near,True,38.25,-41.5
2026-02-12,15,bearish,25324.25,25346.0,25335.125,21.75,2,2026-02-25 09:49:00-05:00,2026-02-25,9,13,25319.75,1.0,filled,True,38.5,-41.25
2026-02-12,15,bearish,25324.25,25346.0,25335.125,21.75,3,2026-02-25 10:12:00-05:00,2026-02-25,10,13,25315.0,0.1839080459770115,edge_near,True,50.25,-26.75
2026-02-12,15,bearish,25324.25,25346.0,25335.125,21.75,4,2026-02-25 10:27:00-05:00,2026-02-25,10,13,25325.5,0.8045977011494253,filled,True,60.75,-16.25
2026-02-12,15,bearish,25324.25,25346.0,25335.125,21.75,5,2026-02-25 11:42:00-05:00,2026-02-25,11,13,25325.75,0.16091954022988506,edge_near,True,16.75,-15.5
2026-02-12,15,bearish,25324.25,25346.0,25335.125,21.75,6,2026-02-25 11:48:00-05:00,2026-02-25,11,13,25322.25,0.40229885057471265,approached_CE,True,13.25,-23.5
2026-02-12,15,bearish,25251.75,25303.75,25277.75,52.0,1,2026-02-25 09:36:00-05:00,2026-02-25,9,13,25245.0,0.0,edge_near,True,25.0,-116.0
2026-02-12,15,bearish,25251.75,25303.75,25277.75,52.0,2,2026-02-25 09:39:00-05:00,2026-02-25,9,13,25245.75,1.0,filled,True,20.5,-115.25
2026-02-12,15,bearish,25251.75,25303.75,25277.75,52.0,3,2026-02-25 09:48:00-05:00,2026-02-25,9,13,25323.25,1.0,filled,True,42.0,-37.75
2026-02-12,15,bearish,25251.75,25303.75,25277.75,52.0,4,2026-02-25 10:11:00-05:00,2026-02-25,10,13,25316.75,1.0,filled,True,52.0,-25.0
2026-02-12,15,bearish,25251.75,25303.75,25277.75,52.0,5,2026-02-25 10:15:00-05:00,2026-02-25,10,13,25305.25,1.0,filled,True,40.5,-36.5
2026-02-12,15,bearish,25251.75,25303.75,25277.75,52.0,6,2026-02-25 10:34:00-05:00,2026-02-25,10,13,25297.5,1.0,filled,True,32.75,-30.25
2026-02-16,15,bearish,24792.25,24844.0,24818.125,51.75,1,2026-02-17 09:36:00-05:00,2026-02-17,9,1,24782.0,0.4492753623188406,approached_CE,True,332.75,-33.5
2026-02-16,15,bearish,24792.25,24844.0,24818.125,51.75,2,2026-02-17 11:23:00-05:00,2026-02-17,11,1,24779.0,0.0821256038647343,edge_near,True,110.0,-17.5
2026-02-16,15,bearish,24792.25,24844.0,24818.125,51.75,3,2026-02-17 13:33:00-05:00,2026-02-17,13,1,24791.25,0.18840579710144928,edge_near,True,26.25,-81.5
2026-02-16,15,bearish,24792.25,24844.0,24818.125,51.75,4,2026-02-17 13:36:00-05:00,2026-02-17,13,1,24799.5,1.0,filled,True,29.25,-87.5
2026-02-16,15,bearish,24792.25,24844.0,24818.125,51.75,5,2026-02-17 13:58:00-05:00,2026-02-17,13,1,24841.5,1.0,filled,True,33.75,-48.0
2026-02-16,15,bearish,24792.25,24844.0,24818.125,51.75,6,2026-02-17 14:06:00-05:00,2026-02-17,14,1,24845.75,1.0,filled,True,38.5,-43.75
2026-02-16,15,bearish,24777.0,24782.75,24779.875,5.75,1,2026-02-17 09:35:00-05:00,2026-02-17,9,1,24769.0,1.0,filled,True,319.75,-46.5
2026-02-16,15,bearish,24777.0,24782.75,24779.875,5.75,2,2026-02-17 11:13:00-05:00,2026-02-17,11,1,24785.25,1.0,filled,True,99.75,-11.25
2026-02-16,15,bearish,24777.0,24782.75,24779.875,5.75,3,2026-02-17 11:18:00-05:00,2026-02-17,11,1,24772.0,1.0,filled,True,86.5,-24.5
2026-02-16,15,bearish,24777.0,24782.75,24779.875,5.75,4,2026-02-17 11:38:00-05:00,2026-02-17,11,1,24774.0,0.43478260869565216,approached_CE,True,105.0,-13.75
2026-02-16,15,bearish,24777.0,24782.75,24779.875,5.75,5,2026-02-17 11:55:00-05:00,2026-02-17,11,1,24783.5,1.0,filled,True,175.0,-4.25
2026-02-16,15,bearish,24777.0,24782.75,24779.875,5.75,6,2026-02-17 13:22:00-05:00,2026-02-17,13,1,24776.5,1.0,filled,True,55.0,-96.25
2026-02-17,15,bearish,24571.75,24605.75,24588.75,34.0,1,2026-03-02 01:45:00-05:00,2026-03-02,1,13,24616.75,1.0,filled,True,85.0,-6.25
2026-02-17,15,bearish,24571.75,24605.75,24588.75,34.0,2,2026-03-02 01:52:00-05:00,2026-03-02,1,13,24581.25,0.9264705882352942,filled,True,49.5,-22.0
2026-02-17,15,bearish,24571.75,24605.75,24588.75,34.0,3,2026-03-02 02:11:00-05:00,2026-03-02,2,13,24563.75,0.07352941176470588,edge_near,True,69.0,-24.5
2026-02-17,15,bearish,24571.75,24605.75,24588.75,34.0,4,2026-03-02 02:16:00-05:00,2026-03-02,2,13,24570.5,0.23529411764705882,edge_near,True,87.75,-17.75
2026-02-17,15,bearish,24571.75,24605.75,24588.75,34.0,5,2026-03-02 02:22:00-05:00,2026-03-02,2,13,24578.5,0.4852941176470588,approached_CE,True,101.25,-9.75
2026-02-17,15,bearish,24571.75,24605.75,24588.75,34.0,6,2026-03-02 02:31:00-05:00,2026-03-02,2,13,24573.0,0.35294117647058826,approached_CE,True,96.0,-10.75
2026-02-18,15,bullish,24868.75,24937.0,24902.875,68.25,1,2026-02-19 04:27:00-05:00,2026-02-19,4,1,24936.25,1.0,filled,True,12.0,-104.0
2026-02-18,15,bullish,24868.75,24937.0,24902.875,68.25,2,2026-02-19 04:51:00-05:00,2026-02-19,4,1,24864.25,1.0,filled,True,38.5,-39.0
2026-02-18,15,bullish,24868.75,24937.0,24902.875,68.25,3,2026-02-19 05:18:00-05:00,2026-02-19,5,1,24860.75,1.0,filled,True,18.0,-35.5
2026-02-18,15,bullish,24868.75,24937.0,24902.875,68.25,4,2026-02-19 05:47:00-05:00,2026-02-19,5,1,24868.0,1.0,filled,True,17.75,-31.75
2026-02-18,15,bullish,24868.75,24937.0,24902.875,68.25,5,2026-02-19 06:10:00-05:00,2026-02-19,6,1,24877.5,1.0,filled,False,8.25,-63.5
2026-02-18,15,bullish,24868.75,24937.0,24902.875,68.25,6,2026-02-19 06:20:00-05:00,2026-02-19,6,1,24868.75,1.0,filled,True,17.0,-54.75
2026-02-20,15,bullish,24738.75,24845.5,24792.125,106.75,1,2026-02-22 20:00:00-05:00,2026-02-22,20,2,24860.75,0.06088992974238876,edge_near,True,22.0,-29.75
2026-02-20,15,bullish,24738.75,24845.5,24792.125,106.75,2,2026-02-22 20:33:00-05:00,2026-02-22,20,2,24850.75,0.03044496487119438,edge_near,True,31.0,-40.0
2026-02-20,15,bullish,24738.75,24845.5,24792.125,106.75,3,2026-02-22 20:47:00-05:00,2026-02-22,20,2,24859.75,0.0,edge_near,False,9.25,-49.0
2026-02-20,15,bullish,24738.75,24845.5,24792.125,106.75,4,2026-02-22 20:53:00-05:00,2026-02-22,20,2,24850.75,0.1358313817330211,edge_near,True,10.75,-40.0
2026-02-20,15,bullish,24738.75,24845.5,24792.125,106.75,5,2026-02-22 20:59:00-05:00,2026-02-22,20,2,24843.25,0.3255269320843091,approached_CE,True,14.5,-32.5
2026-02-20,15,bullish,24738.75,24845.5,24792.125,106.75,6,2026-02-22 22:11:00-05:00,2026-02-22,22,2,24847.0,0.01873536299765808,edge_near,False,7.5,-33.75
2026-02-24,15,bearish,24854.5,24869.5,24862.0,15.0,1,2026-02-26 10:34:00-05:00,2026-02-26,10,2,24871.75,1.0,filled,False,9.75,-213.75
2026-02-24,15,bearish,24854.5,24869.5,24862.0,15.0,2,2026-02-27 08:30:00-05:00,2026-02-27,8,3,24852.25,1.0,filled,True,56.75,-39.25
2026-02-24,15,bearish,24854.5,24869.5,24862.0,15.0,3,2026-02-27 08:45:00-05:00,2026-02-27,8,3,24840.5,0.016666666666666666,edge_near,True,60.5,-69.5
2026-02-24,15,bearish,24854.5,24869.5,24862.0,15.0,4,2026-02-27 08:49:00-05:00,2026-02-27,8,3,24858.75,0.9166666666666666,filled,True,78.75,-80.0
2026-02-24,15,bearish,24854.5,24869.5,24862.0,15.0,5,2026-02-27 08:58:00-05:00,2026-02-27,8,3,24866.25,1.0,filled,True,86.25,-72.5
2026-02-24,15,bearish,24854.5,24869.5,24862.0,15.0,6,2026-02-27 09:11:00-05:00,2026-02-27,9,3,24853.5,0.4,approached_CE,True,73.5,-140.0
2026-02-24,15,bullish,24854.5,24860.75,24857.625,6.25,1,2026-02-27 08:30:00-05:00,2026-02-27,8,3,24852.25,1.0,filled,True,39.25,-56.75
2026-02-24,15,bullish,24854.5,24860.75,24857.625,6.25,2,2026-02-27 08:45:00-05:00,2026-02-27,8,3,24840.5,1.0,filled,True,69.5,-60.5
2026-02-24,15,bullish,24854.5,24860.75,24857.625,6.25,3,2026-02-27 08:49:00-05:00,2026-02-27,8,3,24858.75,1.0,filled,True,80.0,-78.75
2026-02-24,15,bullish,24854.5,24860.75,24857.625,6.25,4,2026-02-27 08:58:00-05:00,2026-02-27,8,3,24866.25,1.0,filled,True,72.5,-86.25
2026-02-24,15,bullish,24854.5,24860.75,24857.625,6.25,5,2026-02-27 09:00:00-05:00,2026-02-27,9,3,24862.0,1.0,filled,True,76.75,-82.0
2026-02-24,15,bullish,24854.5,24860.75,24857.625,6.25,6,2026-02-27 09:11:00-05:00,2026-02-27,9,3,24853.5,1.0,filled,True,140.0,-73.5
2026-02-25,15,bullish,25164.75,25270.75,25217.75,106.0,1,2026-02-26 09:34:00-05:00,2026-02-26,9,1,25272.25,1.0,filled,True,23.25,-410.25
2026-02-25,15,bullish,25164.75,25270.75,25217.75,106.0,2,2026-02-26 10:03:00-05:00,2026-02-26,10,1,25170.5,1.0,filled,True,19.5,-308.5
2026-02-25,15,bullish,25164.75,25270.75,25217.75,106.0,3,2026-03-04 11:43:00-05:00,2026-03-04,11,7,25161.5,1.0,filled,True,13.75,-56.5
2026-02-25,15,bullish,25164.75,25270.75,25217.75,106.0,4,2026-03-04 11:53:00-05:00,2026-03-04,11,7,25165.0,1.0,filled,True,15.0,-60.0
2026-02-25,15,bullish,25164.75,25270.75,25217.75,106.0,5,2026-03-04 12:03:00-05:00,2026-03-04,12,7,25163.0,1.0,filled,True,21.0,-58.0
2026-02-25,15,bullish,25164.75,25270.75,25217.75,106.0,6,2026-03-04 12:25:00-05:00,2026-03-04,12,7,25159.0,1.0,filled,True,25.0,-54.0
2026-02-25,15,bullish,25279.75,25303.5,25291.625,23.75,1,2026-02-26 00:00:00-05:00,2026-02-26,0,1,25297.75,0.9263157894736842,filled,True,18.5,-16.25
2026-02-25,15,bullish,25279.75,25303.5,25291.625,23.75,2,2026-02-26 00:50:00-05:00,2026-02-26,0,1,25300.5,0.3368421052631579,approached_CE,True,44.0,-5.0
2026-02-25,15,bullish,25279.75,25303.5,25291.625,23.75,3,2026-02-26 00:58:00-05:00,2026-02-26,0,1,25308.5,0.0,edge_near,True,36.0,-5.0
2026-02-25,15,bullish,25279.75,25303.5,25291.625,23.75,4,2026-02-26 09:30:00-05:00,2026-02-26,9,1,25293.75,1.0,filled,True,48.25,-408.75
2026-02-25,15,bullish,25279.75,25303.5,25291.625,23.75,5,2026-02-26 09:39:00-05:00,2026-02-26,9,1,25276.0,1.0,filled,True,19.5,-414.0
2026-02-26,15,bearish,25211.0,25224.75,25217.875,13.75,1,2026-03-04 13:43:00-05:00,2026-03-04,13,6,25207.0,0.2,edge_near,True,28.5,-10.0
2026-02-26,15,bearish,25211.0,25224.75,25217.875,13.75,2,2026-03-04 13:51:00-05:00,2026-03-04,13,6,25208.5,0.2909090909090909,approached_CE,True,30.0,-8.5
2026-02-26,15,bearish,25211.0,25224.75,25217.875,13.75,3,2026-03-04 14:04:00-05:00,2026-03-04,14,6,25208.5,0.03636363636363636,edge_near,True,28.25,-8.5
2026-02-26,15,bearish,25211.0,25224.75,25217.875,13.75,4,2026-03-04 14:10:00-05:00,2026-03-04,14,6,25207.25,0.43636363636363634,approached_CE,True,56.25,-9.75
2026-02-26,15,bearish,25211.0,25224.75,25217.875,13.75,5,2026-03-04 14:12:00-05:00,2026-03-04,14,6,25209.25,0.43636363636363634,approached_CE,True,59.75,-7.75
2026-02-26,15,bearish,25211.0,25224.75,25217.875,13.75,6,2026-03-04 19:15:00-05:00,2026-03-04,19,6,25231.25,1.0,filled,True,47.0,-11.75
2026-03-02,15,bullish,24649.5,24810.0,24729.75,160.5,1,2026-03-03 00:00:00-05:00,2026-03-03,0,1,24818.5,0.06853582554517133,edge_near,True,11.25,-68.5
2026-03-02,15,bullish,24649.5,24810.0,24729.75,160.5,2,2026-03-03 00:11:00-05:00,2026-03-03,0,1,24802.75,0.08411214953271028,edge_near,True,20.25,-60.25
2026-03-02,15,bullish,24649.5,24810.0,24729.75,160.5,3,2026-03-03 00:19:00-05:00,2026-03-03,0,1,24814.75,0.07009345794392523,edge_near,False,5.75,-74.75
2026-03-02,15,bullish,24649.5,24810.0,24729.75,160.5,4,2026-03-03 00:26:00-05:00,2026-03-03,0,1,24810.0,1.0,filled,False,7.75,-70.0
2026-03-02,15,bullish,24649.5,24810.0,24729.75,160.5,5,2026-03-03 03:18:00-05:00,2026-03-03,3,1,24644.5,1.0,filled,True,18.0,-139.0
2026-03-02,15,bullish,24649.5,24810.0,24729.75,160.5,6,2026-03-03 09:38:00-05:00,2026-03-03,9,1,24644.75,1.0,filled,True,16.25,-294.0
2026-03-05,15,bullish,25002.25,25035.25,25018.75,33.0,1,2026-03-06 03:30:00-05:00,2026-03-06,3,1,25043.25,0.06818181818181818,edge_near,True,65.75,-88.25
2026-03-05,15,bullish,25002.25,25035.25,25018.75,33.0,2,2026-03-06 04:09:00-05:00,2026-03-06,4,1,25017.75,1.0,filled,True,20.0,-135.75
2026-03-05,15,bullish,25002.25,25035.25,25018.75,33.0,3,2026-03-09 15:37:00-04:00,2026-03-09,15,4,25020.0,1.0,filled,True,35.0,-113.25
2026-03-05,15,bullish,25002.25,25035.25,25018.75,33.0,4,2026-03-09 15:57:00-04:00,2026-03-09,15,4,25007.5,1.0,filled,True,18.25,-100.75
2026-03-05,15,bullish,25002.25,25035.25,25018.75,33.0,5,2026-03-10 03:05:00-04:00,2026-03-10,3,5,25017.0,1.0,filled,True,82.0,-36.0
2026-03-05,15,bullish,25002.25,25035.25,25018.75,33.0,6,2026-03-10 03:09:00-04:00,2026-03-10,3,5,25002.0,1.0,filled,True,143.0,-21.0
2026-03-05,15,bullish,25125.25,25126.0,25125.625,0.75,1,2026-03-06 00:09:00-05:00,2026-03-06,0,1,25123.0,1.0,filled,True,18.5,-16.25
2026-03-05,15,bullish,25125.25,25126.0,25125.625,0.75,2,2026-03-06 00:30:00-05:00,2026-03-06,0,1,25120.0,1.0,filled,True,21.5,-13.25
2026-03-05,15,bullish,25125.25,25126.0,25125.625,0.75,3,2026-03-06 00:32:00-05:00,2026-03-06,0,1,25124.75,1.0,filled,True,16.75,-19.5
2026-03-05,15,bullish,25125.25,25126.0,25125.625,0.75,4,2026-03-06 00:41:00-05:00,2026-03-06,0,1,25127.5,1.0,filled,False,9.75,-24.25
2026-03-05,15,bullish,25125.25,25126.0,25125.625,0.75,5,2026-03-06 00:45:00-05:00,2026-03-06,0,1,25118.5,1.0,filled,True,18.75,-15.25
2026-03-05,15,bullish,25125.25,25126.0,25125.625,0.75,6,2026-03-06 01:00:00-05:00,2026-03-06,1,1,25123.25,1.0,filled,True,14.0,-22.75
2026-03-09,15,bullish,24383.0,24387.5,24385.25,4.5,1,2026-03-13 12:59:00-04:00,2026-03-13,12,4,24396.75,0.3333333333333333,approached_CE,True,77.5,-43.75
2026-03-09,15,bullish,24383.0,24387.5,24385.25,4.5,2,2026-03-13 13:47:00-04:00,2026-03-13,13,4,24390.5,1.0,filled,True,76.75,-37.5
2026-03-09,15,bullish,24383.0,24387.5,24385.25,4.5,3,2026-03-13 13:49:00-04:00,2026-03-13,13,4,24368.25,1.0,filled,True,99.75,-15.25
2026-03-09,15,bullish,24383.0,24387.5,24385.25,4.5,4,2026-03-13 13:52:00-04:00,2026-03-13,13,4,24379.25,1.0,filled,True,93.5,-17.25
2026-03-09,15,bullish,24383.0,24387.5,24385.25,4.5,5,2026-03-13 13:55:00-04:00,2026-03-13,13,4,24381.0,1.0,filled,True,91.75,-19.0
2026-03-09,15,bullish,24383.0,24387.5,24385.25,4.5,6,2026-03-13 14:00:00-04:00,2026-03-13,14,4,24379.0,1.0,filled,True,93.75,-11.75
2026-03-11,15,bullish,24958.75,24960.25,24959.5,1.5,1,2026-03-18 02:08:00-04:00,2026-03-18,2,7,24957.25,1.0,filled,True,32.75,-7.25
2026-03-11,15,bullish,24958.75,24960.25,24959.5,1.5,2,2026-03-18 02:17:00-04:00,2026-03-18,2,7,24958.0,1.0,filled,True,32.0,-6.0
2026-03-11,15,bullish,24958.75,24960.25,24959.5,1.5,3,2026-03-18 02:50:00-04:00,2026-03-18,2,7,24958.5,1.0,filled,False,8.75,-16.25
2026-03-11,15,bullish,24958.75,24960.25,24959.5,1.5,4,2026-03-18 02:54:00-04:00,2026-03-18,2,7,24964.25,0.5,through_CE,False,3.0,-22.5
2026-03-11,15,bullish,24958.75,24960.25,24959.5,1.5,5,2026-03-18 02:59:00-04:00,2026-03-18,2,7,24962.75,0.16666666666666666,edge_near,False,4.5,-24.75
2026-03-11,15,bullish,24958.75,24960.25,24959.5,1.5,6,2026-03-18 03:01:00-04:00,2026-03-18,3,7,24961.75,1.0,filled,False,4.25,-23.75
2026-03-13,15,bullish,24684.5,24720.75,24702.625,36.25,1,2026-03-16 08:34:00-04:00,2026-03-16,8,3,24681.75,1.0,filled,True,26.0,-58.75
2026-03-13,15,bullish,24684.5,24720.75,24702.625,36.25,2,2026-03-16 08:42:00-04:00,2026-03-16,8,3,24681.5,1.0,filled,True,35.5,-58.5
2026-03-13,15,bullish,24684.5,24720.75,24702.625,36.25,3,2026-03-16 08:45:00-04:00,2026-03-16,8,3,24685.75,1.0,filled,True,38.75,-62.75
2026-03-13,15,bullish,24684.5,24720.75,24702.625,36.25,4,2026-03-16 09:31:00-04:00,2026-03-16,9,3,24673.75,1.0,filled,True,92.0,-25.75
2026-03-13,15,bullish,24684.5,24720.75,24702.625,36.25,5,2026-03-16 09:45:00-04:00,2026-03-16,9,3,24723.5,1.0,filled,True,42.25,-89.75
2026-03-13,15,bullish,24684.5,24720.75,24702.625,36.25,6,2026-03-16 09:59:00-04:00,2026-03-16,9,3,24736.75,0.6758620689655173,through_CE,True,29.0,-134.5
2026-03-17,15,bullish,24719.5,24750.75,24735.125,31.25,1,2026-03-18 08:31:00-04:00,2026-03-18,8,1,24750.75,0.768,filled,True,26.75,-105.25
2026-03-17,15,bullish,24719.5,24750.75,24735.125,31.25,2,2026-03-18 08:42:00-04:00,2026-03-18,8,1,24717.5,1.0,filled,True,59.0,-72.0
2026-03-17,15,bullish,24719.5,24750.75,24735.125,31.25,3,2026-03-18 09:27:00-04:00,2026-03-18,9,1,24718.5,1.0,filled,True,61.0,-117.25
2026-03-17,15,bullish,24719.5,24750.75,24735.125,31.25,4,2026-03-18 09:30:00-04:00,2026-03-18,9,1,24706.0,1.0,filled,True,73.5,-111.25
2026-03-17,15,bullish,24719.5,24750.75,24735.125,31.25,5,2026-03-18 09:32:00-04:00,2026-03-18,9,1,24721.75,1.0,filled,True,57.75,-127.0
2026-03-17,15,bullish,24719.5,24750.75,24735.125,31.25,6,2026-03-18 09:43:00-04:00,2026-03-18,9,1,24728.0,1.0,filled,True,51.5,-133.25
2026-03-17,15,bullish,24809.0,24838.25,24823.625,29.25,1,2026-03-18 08:09:00-04:00,2026-03-18,8,1,24840.75,1.0,filled,False,9.25,-195.25
2026-03-17,15,bullish,24809.0,24838.25,24823.625,29.25,2,2026-03-18 08:29:00-04:00,2026-03-18,8,1,24810.5,1.0,filled,False,5.75,-165.0
2026-03-19,15,bullish,24239.25,24257.5,24248.375,18.25,1,2026-03-20 05:42:00-04:00,2026-03-20,5,1,24255.0,1.0,filled,True,19.5,-147.5
2026-03-19,15,bullish,24239.25,24257.5,24248.375,18.25,2,2026-03-20 07:05:00-04:00,2026-03-20,7,1,24239.75,1.0,filled,True,12.0,-44.25
2026-03-19,15,bullish,24239.25,24257.5,24248.375,18.25,3,2026-03-20 07:18:00-04:00,2026-03-20,7,1,24236.0,1.0,filled,True,47.0,-40.5
2026-03-19,15,bullish,24239.25,24257.5,24248.375,18.25,4,2026-03-20 07:21:00-04:00,2026-03-20,7,1,24246.75,1.0,filled,True,36.25,-51.25
2026-03-19,15,bullish,24239.25,24257.5,24248.375,18.25,5,2026-03-20 07:31:00-04:00,2026-03-20,7,1,24241.75,1.0,filled,True,46.25,-46.25
2026-03-19,15,bullish,24239.25,24257.5,24248.375,18.25,6,2026-03-20 07:42:00-04:00,2026-03-20,7,1,24237.75,1.0,filled,True,50.25,-42.25
2026-03-26,15,bullish,24121.5,24125.5,24123.5,4.0,1,2026-04-01 02:29:00-04:00,2026-04-01,2,6,24119.25,1.0,filled,True,62.25,-6.75
2026-03-26,15,bullish,24121.5,24125.5,24123.5,4.0,2,2026-04-01 03:49:00-04:00,2026-04-01,3,6,24127.25,1.0,filled,True,19.25,-94.0
2026-03-26,15,bullish,24121.5,24125.5,24123.5,4.0,3,2026-04-01 06:46:00-04:00,2026-04-01,6,6,24120.25,1.0,filled,True,67.5,-17.0
2026-03-26,15,bullish,24121.5,24125.5,24123.5,4.0,4,2026-04-01 06:53:00-04:00,2026-04-01,6,6,24124.5,1.0,filled,True,78.5,-14.25
2026-03-26,15,bullish,24121.5,24125.5,24123.5,4.0,5,2026-04-01 06:57:00-04:00,2026-04-01,6,6,24125.75,1.0,filled,True,78.5,-8.0
2026-03-26,15,bullish,24121.5,24125.5,24123.5,4.0,6,2026-04-01 08:27:00-04:00,2026-04-01,8,6,24128.5,0.625,through_CE,True,116.5,-92.25
2026-03-26,15,bullish,24158.5,24168.25,24163.375,9.75,1,2026-04-01 02:34:00-04:00,2026-04-01,2,6,24154.0,1.0,filled,True,27.5,-23.0
2026-03-26,15,bullish,24158.5,24168.25,24163.375,9.75,2,2026-04-01 02:36:00-04:00,2026-04-01,2,6,24162.25,1.0,filled,True,19.25,-31.25
2026-03-26,15,bullish,24158.5,24168.25,24163.375,9.75,3,2026-04-01 02:40:00-04:00,2026-04-01,2,6,24145.75,1.0,filled,True,35.75,-14.75
2026-03-26,15,bullish,24158.5,24168.25,24163.375,9.75,4,2026-04-01 03:07:00-04:00,2026-04-01,3,6,24154.0,1.0,filled,True,25.5,-98.75
2026-03-26,15,bullish,24158.5,24168.25,24163.375,9.75,5,2026-04-01 03:30:00-04:00,2026-04-01,3,6,24159.5,1.0,filled,True,20.0,-126.25
2026-03-26,15,bullish,24158.5,24168.25,24163.375,9.75,6,2026-04-01 03:39:00-04:00,2026-04-01,3,6,24165.75,1.0,filled,False,8.5,-132.5
2026-03-30,15,bearish,23405.75,23496.5,23451.125,90.75,1,2026-03-31 08:09:00-04:00,2026-03-31,8,1,23413.75,0.24517906336088155,edge_near,True,102.25,-22.5
2026-03-30,15,bearish,23405.75,23496.5,23451.125,90.75,2,2026-03-31 08:28:00-04:00,2026-03-31,8,1,23400.5,0.10192837465564739,edge_near,True,43.25,-35.75
2026-03-30,15,bearish,23405.75,23496.5,23451.125,90.75,3,2026-03-31 08:34:00-04:00,2026-03-31,8,1,23410.0,0.33608815426997246,approached_CE,True,52.75,-49.5
2026-03-30,15,bearish,23405.75,23496.5,23451.125,90.75,4,2026-03-31 08:51:00-04:00,2026-03-31,8,1,23407.75,0.2369146005509642,edge_near,True,50.5,-123.75
2026-03-30,15,bearish,23405.75,23496.5,23451.125,90.75,5,2026-03-31 09:22:00-04:00,2026-03-31,9,1,23398.25,0.0027548209366391185,edge_near,True,24.25,-182.75
2026-03-30,15,bearish,23405.75,23496.5,23451.125,90.75,6,2026-03-31 09:30:00-04:00,2026-03-31,9,1,23416.0,1.0,filled,True,37.25,-165.0
2026-04-06,15,bullish,24315.25,24326.5,24320.875,11.25,1,2026-04-07 04:02:00-04:00,2026-04-07,4,1,24330.5,1.0,filled,True,52.5,-68.0
2026-04-06,15,bullish,24315.25,24326.5,24320.875,11.25,2,2026-04-07 04:11:00-04:00,2026-04-07,4,1,24313.5,1.0,filled,True,74.25,-19.0
2026-04-06,15,bullish,24315.25,24326.5,24320.875,11.25,3,2026-04-07 06:09:00-04:00,2026-04-07,6,1,24357.75,1.0,filled,True,34.5,-171.75
2026-04-06,15,bullish,24315.25,24326.5,24320.875,11.25,4,2026-04-07 06:26:00-04:00,2026-04-07,6,1,24327.75,1.0,filled,True,40.0,-141.75
2026-04-06,15,bullish,24315.25,24326.5,24320.875,11.25,5,2026-04-07 06:31:00-04:00,2026-04-07,6,1,24330.5,1.0,filled,True,18.25,-144.5
2026-04-06,15,bullish,24315.25,24326.5,24320.875,11.25,6,2026-04-07 15:45:00-04:00,2026-04-07,15,1,24328.0,1.0,filled,True,123.5,-104.0
2026-04-08,15,bearish,25161.25,25186.5,25173.875,25.25,1,2026-04-09 11:48:00-04:00,2026-04-09,11,1,25172.5,0.6732673267326733,through_CE,True,27.5,-92.0
2026-04-08,15,bearish,25161.25,25186.5,25173.875,25.25,2,2026-04-09 11:52:00-04:00,2026-04-09,11,1,25168.0,1.0,filled,True,11.75,-96.5
2026-04-08,15,bearish,25161.25,25186.5,25173.875,25.25,3,2026-04-09 11:57:00-04:00,2026-04-09,11,1,25181.0,1.0,filled,True,19.75,-83.5
2026-04-08,15,bearish,25161.25,25186.5,25173.875,25.25,4,2026-04-09 12:38:00-04:00,2026-04-09,12,1,25189.0,1.0,filled,True,27.75,-65.75
2026-04-08,15,bearish,25161.25,25186.5,25173.875,25.25,5,2026-04-09 13:00:00-04:00,2026-04-09,13,1,25196.75,1.0,filled,True,16.25,-60.0
2026-04-08,15,bearish,25161.25,25186.5,25173.875,25.25,6,2026-04-09 14:03:00-04:00,2026-04-09,14,1,25178.25,1.0,filled,True,33.25,-35.0
2026-04-17,15,bullish,26720.75,26725.75,26723.25,5.0,1,2026-04-20 03:22:00-04:00,2026-04-20,3,3,26716.25,1.0,filled,False,5.25,-97.5
2026-04-17,15,bullish,26720.75,26725.75,26723.25,5.0,2,2026-04-20 06:08:00-04:00,2026-04-20,6,3,26720.75,1.0,filled,True,11.0,-40.5
2026-04-17,15,bullish,26720.75,26725.75,26723.25,5.0,3,2026-04-20 06:17:00-04:00,2026-04-20,6,3,26723.0,1.0,filled,False,5.0,-42.75
2026-04-17,15,bullish,26720.75,26725.75,26723.25,5.0,4,2026-04-20 07:47:00-04:00,2026-04-20,7,3,26717.25,1.0,filled,True,36.0,-16.75
2026-04-17,15,bullish,26720.75,26725.75,26723.25,5.0,5,2026-04-20 08:04:00-04:00,2026-04-20,8,3,26708.75,1.0,filled,True,66.0,-6.75
2026-04-17,15,bullish,26720.75,26725.75,26723.25,5.0,6,2026-04-20 08:17:00-04:00,2026-04-20,8,3,26720.0,1.0,filled,True,83.0,-10.0
2026-04-29,15,bearish,27218.5,27225.75,27222.125,7.25,1,2026-04-30 01:59:00-04:00,2026-04-30,1,1,27224.0,1.0,filled,True,38.5,-83.5
2026-04-29,15,bearish,27218.5,27225.75,27222.125,7.25,2,2026-04-30 02:06:00-04:00,2026-04-30,2,1,27220.25,0.41379310344827586,approached_CE,True,34.75,-87.25
2026-04-29,15,bearish,27218.5,27225.75,27222.125,7.25,3,2026-04-30 02:16:00-04:00,2026-04-30,2,1,27211.5,0.034482758620689655,edge_near,True,11.0,-130.0
2026-04-29,15,bearish,27218.5,27225.75,27222.125,7.25,4,2026-04-30 02:18:00-04:00,2026-04-30,2,1,27215.5,1.0,filled,True,15.0,-126.0
2026-04-29,15,bearish,27218.5,27225.75,27222.125,7.25,5,2026-04-30 02:25:00-04:00,2026-04-30,2,1,27232.0,1.0,filled,True,20.5,-109.5
2026-04-29,15,bearish,27218.5,27225.75,27222.125,7.25,6,2026-04-30 02:27:00-04:00,2026-04-30,2,1,27232.25,1.0,filled,False,7.0,-123.5
2025-05-08,60,bearish,20124.75,20135.75,20130.25,11.0,1,2025-05-09 10:27:00-04:00,2025-05-09,10,1,20138.25,1.0,filled,True,80.75,-37.75
2025-05-08,60,bearish,20124.75,20135.75,20130.25,11.0,2,2025-05-09 10:49:00-04:00,2025-05-09,10,1,20126.0,1.0,filled,True,28.0,-50.0
2025-05-08,60,bearish,20124.75,20135.75,20130.25,11.0,3,2025-05-09 10:56:00-04:00,2025-05-09,10,1,20134.5,1.0,filled,True,32.75,-41.5
2025-05-08,60,bearish,20124.75,20135.75,20130.25,11.0,4,2025-05-09 11:11:00-04:00,2025-05-09,11,1,20154.75,1.0,filled,True,71.5,-19.75
2025-05-08,60,bearish,20124.75,20135.75,20130.25,11.0,5,2025-05-09 11:13:00-04:00,2025-05-09,11,1,20148.5,1.0,filled,True,72.5,-26.0
2025-05-08,60,bearish,20124.75,20135.75,20130.25,11.0,6,2025-05-09 11:21:00-04:00,2025-05-09,11,1,20136.25,1.0,filled,True,60.25,-38.25
2025-05-12,60,bearish,20849.5,20906.75,20878.125,57.25,1,2025-05-13 00:11:00-04:00,2025-05-13,0,1,20849.5,0.026200873362445413,edge_near,True,31.25,-15.25
2025-05-12,60,bearish,20849.5,20906.75,20878.125,57.25,2,2025-05-13 00:20:00-04:00,2025-05-13,0,1,20849.75,0.09170305676855896,edge_near,True,31.5,-15.0
2025-05-12,60,bearish,20849.5,20906.75,20878.125,57.25,3,2025-05-13 01:02:00-04:00,2025-05-13,1,1,20849.5,0.2663755458515284,approached_CE,True,11.25,-19.25
2025-05-12,60,bearish,20849.5,20906.75,20878.125,57.25,4,2025-05-13 01:17:00-04:00,2025-05-13,1,1,20849.5,0.5764192139737991,through_CE,False,4.0,-33.0
2025-05-12,60,bearish,20849.5,20906.75,20878.125,57.25,5,2025-05-13 03:04:00-04:00,2025-05-13,3,1,20849.0,0.056768558951965066,edge_near,True,18.5,-20.75
2025-05-12,60,bearish,20849.5,20906.75,20878.125,57.25,6,2025-05-13 03:07:00-04:00,2025-05-13,3,1,20855.0,0.17467248908296942,edge_near,True,27.0,-14.75
2025-05-13,60,bullish,21064.0,21114.5,21089.25,50.5,1,2025-05-19 04:43:00-04:00,2025-05-19,4,6,21116.5,0.04455445544554455,edge_near,True,63.5,-4.25
2025-05-13,60,bullish,21064.0,21114.5,21089.25,50.5,2,2025-05-21 15:09:00-04:00,2025-05-21,15,8,21113.5,0.4801980198019802,approached_CE,True,107.75,-41.75
2025-05-13,60,bullish,21064.0,21114.5,21089.25,50.5,3,2025-05-21 15:17:00-04:00,2025-05-21,15,8,21116.5,0.8465346534653465,filled,True,104.75,-44.75
2025-05-13,60,bullish,21064.0,21114.5,21089.25,50.5,4,2025-05-21 16:12:00-04:00,2025-05-21,16,8,21120.25,0.07920792079207921,edge_near,True,29.75,-9.75
2025-05-13,60,bullish,21064.0,21114.5,21089.25,50.5,5,2025-05-21 16:14:00-04:00,2025-05-21,16,8,21117.25,0.0297029702970297,edge_near,True,32.75,-4.25
2025-05-13,60,bullish,21064.0,21114.5,21089.25,50.5,6,2025-05-21 18:13:00-04:00,2025-05-21,18,8,21116.5,0.0297029702970297,edge_near,True,39.75,-3.5
2025-05-19,60,bullish,21219.5,21347.25,21283.375,127.75,1,2025-05-20 14:28:00-04:00,2025-05-20,14,1,21348.5,0.050880626223091974,edge_near,True,39.5,-50.5
2025-05-19,60,bullish,21219.5,21347.25,21283.375,127.75,2,2025-05-20 14:42:00-04:00,2025-05-20,14,1,21353.0,0.03522504892367906,edge_near,True,64.25,-55.0
2025-05-19,60,bullish,21219.5,21347.25,21283.375,127.75,3,2025-05-20 14:46:00-04:00,2025-05-20,14,1,21347.75,0.025440313111545987,edge_near,True,69.5,-49.75
2025-05-19,60,bullish,21219.5,21347.25,21283.375,127.75,4,2025-05-20 14:52:00-04:00,2025-05-20,14,1,21351.0,0.019569471624266144,edge_near,True,76.75,-53.0
2025-05-19,60,bullish,21219.5,21347.25,21283.375,127.75,5,2025-05-20 15:00:00-04:00,2025-05-20,15,1,21335.75,0.38551859099804303,approached_CE,True,116.25,-37.75
2025-05-19,60,bullish,21219.5,21347.25,21283.375,127.75,6,2025-05-20 15:15:00-04:00,2025-05-20,15,1,21352.75,0.0273972602739726,edge_near,True,99.25,-9.0
2025-05-21,60,bullish,21342.25,21362.25,21352.25,20.0,1,2025-05-27 03:46:00-04:00,2025-05-27,3,6,21341.5,1.0,filled,True,18.5,-28.75
2025-05-21,60,bullish,21342.25,21362.25,21352.25,20.0,2,2025-05-27 04:10:00-04:00,2025-05-27,4,6,21336.25,1.0,filled,True,10.5,-37.75
2025-05-21,60,bullish,21342.25,21362.25,21352.25,20.0,3,2025-05-27 04:13:00-04:00,2025-05-27,4,6,21338.25,1.0,filled,True,12.25,-39.75
2025-05-21,60,bullish,21342.25,21362.25,21352.25,20.0,4,2025-05-27 04:17:00-04:00,2025-05-27,4,6,21336.5,1.0,filled,True,14.0,-38.0
2025-05-21,60,bullish,21342.25,21362.25,21352.25,20.0,5,2025-05-27 05:10:00-04:00,2025-05-27,5,6,21337.0,1.0,filled,True,15.75,-26.75
2025-05-21,60,bullish,21342.25,21362.25,21352.25,20.0,6,2025-05-27 05:38:00-04:00,2025-05-27,5,6,21344.0,1.0,filled,False,8.75,-26.0
2025-05-28,60,bearish,21487.75,21500.0,21493.875,12.25,1,2025-05-29 09:49:00-04:00,2025-05-29,9,1,21491.75,1.0,filled,True,111.5,-66.0
2025-05-28,60,bearish,21487.75,21500.0,21493.875,12.25,2,2025-05-29 09:58:00-04:00,2025-05-29,9,1,21515.5,1.0,filled,True,135.25,-18.5
2025-05-28,60,bearish,21487.75,21500.0,21493.875,12.25,3,2025-05-29 10:00:00-04:00,2025-05-29,10,1,21508.25,1.0,filled,True,128.0,-25.75
2025-05-28,60,bearish,21487.75,21500.0,21493.875,12.25,4,2025-05-29 10:03:00-04:00,2025-05-29,10,1,21500.5,1.0,filled,True,120.25,-23.75
2025-05-28,60,bearish,21487.75,21500.0,21493.875,12.25,5,2025-05-29 10:52:00-04:00,2025-05-29,10,1,21495.75,1.0,filled,True,75.25,-26.25
2025-05-28,60,bearish,21487.75,21500.0,21493.875,12.25,6,2025-05-29 11:03:00-04:00,2025-05-29,11,1,21490.0,1.0,filled,True,189.0,-20.75
2025-05-29,60,bearish,21534.0,21620.0,21577.0,86.0,1,2025-06-02 15:24:00-04:00,2025-06-02,15,4,21538.0,0.11337209302325581,edge_near,True,42.25,-38.75
2025-05-29,60,bearish,21534.0,21620.0,21577.0,86.0,2,2025-06-02 15:50:00-04:00,2025-06-02,15,4,21524.75,0.08139534883720931,edge_near,True,29.0,-52.0
2025-05-29,60,bearish,21534.0,21620.0,21577.0,86.0,3,2025-06-02 15:59:00-04:00,2025-06-02,15,4,21533.25,0.49709302325581395,approached_CE,False,9.75,-43.5
2025-05-29,60,bearish,21534.0,21620.0,21577.0,86.0,4,2025-06-02 18:17:00-04:00,2025-06-02,18,4,21536.25,0.09883720930232558,edge_near,True,27.5,-6.25
2025-05-29,60,bearish,21534.0,21620.0,21577.0,86.0,5,2025-06-02 18:23:00-04:00,2025-06-02,18,4,21536.25,0.0377906976744186,edge_near,True,27.5,-1.0
2025-05-29,60,bearish,21534.0,21620.0,21577.0,86.0,6,2025-06-02 19:11:00-04:00,2025-06-02,19,4,21532.75,0.03488372093023256,edge_near,True,66.75,-12.0
2025-06-03,60,bullish,21543.75,21557.5,21550.625,13.75,1,2025-06-05 15:17:00-04:00,2025-06-05,15,2,21550.5,1.0,filled,True,124.75,-47.0
2025-06-03,60,bullish,21543.75,21557.5,21550.625,13.75,2,2025-06-05 15:26:00-04:00,2025-06-05,15,2,21580.0,1.0,filled,True,95.25,-59.0
2025-06-03,60,bullish,21543.75,21557.5,21550.625,13.75,3,2025-06-05 16:15:00-04:00,2025-06-05,16,2,21536.0,1.0,filled,True,57.5,-25.75
2025-06-03,60,bullish,21543.75,21557.5,21550.625,13.75,4,2025-06-05 16:19:00-04:00,2025-06-05,16,2,21544.75,1.0,filled,True,48.75,-34.5
2025-06-03,60,bullish,21543.75,21557.5,21550.625,13.75,5,2025-06-05 16:34:00-04:00,2025-06-05,16,2,21554.75,1.0,filled,False,9.5,-44.5
2025-06-03,60,bullish,21543.75,21557.5,21550.625,13.75,6,2025-06-05 16:46:00-04:00,2025-06-05,16,2,21536.75,1.0,filled,True,17.25,-26.5
2025-06-16,60,bullish,21842.5,21919.5,21881.0,77.0,1,2025-06-17 00:00:00-04:00,2025-06-17,0,1,21855.0,1.0,filled,True,13.5,-28.5
2025-06-16,60,bullish,21842.5,21919.5,21881.0,77.0,2,2025-06-17 00:46:00-04:00,2025-06-17,0,1,21844.75,1.0,filled,True,24.75,-13.75
2025-06-16,60,bullish,21842.5,21919.5,21881.0,77.0,3,2025-06-17 00:54:00-04:00,2025-06-17,0,1,21842.0,1.0,filled,True,27.5,-11.0
2025-06-16,60,bullish,21842.5,21919.5,21881.0,77.0,4,2025-06-17 01:02:00-04:00,2025-06-17,1,1,21846.0,1.0,filled,True,23.5,-15.0
2025-06-16,60,bullish,21842.5,21919.5,21881.0,77.0,5,2025-06-17 01:06:00-04:00,2025-06-17,1,1,21842.75,1.0,filled,True,28.75,-11.75
2025-06-16,60,bullish,21842.5,21919.5,21881.0,77.0,6,2025-06-17 01:24:00-04:00,2025-06-17,1,1,21841.0,1.0,filled,True,56.25,-5.75
2025-07-03,60,bullish,22937.5,22995.0,22966.25,57.5,1,2025-07-04 00:25:00-04:00,2025-07-04,0,1,22998.25,0.0,edge_near,True,12.0,-4.75
2025-07-03,60,bullish,22937.5,22995.0,22966.25,57.5,2,2025-07-04 00:38:00-04:00,2025-07-04,0,1,22996.0,0.02608695652173913,edge_near,True,14.25,-8.75
2025-07-03,60,bullish,22937.5,22995.0,22966.25,57.5,3,2025-07-04 01:34:00-04:00,2025-07-04,1,1,22989.5,0.13478260869565217,edge_near,True,19.75,-5.5
2025-07-03,60,bullish,22937.5,22995.0,22966.25,57.5,4,2025-07-04 02:04:00-04:00,2025-07-04,2,1,22999.0,0.19130434782608696,edge_near,False,1.0,-17.0
2025-07-03,60,bullish,22937.5,22995.0,22966.25,57.5,5,2025-07-04 02:20:00-04:00,2025-07-04,2,1,22995.0,0.0,edge_near,False,5.0,-48.0
2025-07-03,60,bullish,22937.5,22995.0,22966.25,57.5,6,2025-07-04 02:25:00-04:00,2025-07-04,2,1,22993.75,0.12173913043478261,edge_near,False,6.25,-46.75
2025-07-10,60,bearish,22986.75,23035.0,23010.875,48.25,1,2025-07-11 10:16:00-04:00,2025-07-11,10,1,22984.0,0.025906735751295335,edge_near,True,75.25,-23.5
2025-07-10,60,bearish,22986.75,23035.0,23010.875,48.25,2,2025-07-11 10:21:00-04:00,2025-07-11,10,1,22984.0,0.43005181347150256,approached_CE,True,75.25,-23.5
2025-07-10,60,bearish,22986.75,23035.0,23010.875,48.25,3,2025-07-11 10:43:00-04:00,2025-07-11,10,1,22984.25,0.06217616580310881,edge_near,True,75.5,-25.75
2025-07-10,60,bearish,22986.75,23035.0,23010.875,48.25,4,2025-07-11 10:50:00-04:00,2025-07-11,10,1,22982.75,0.0051813471502590676,edge_near,True,74.0,-27.25
2025-07-10,60,bearish,22986.75,23035.0,23010.875,48.25,5,2025-07-11 11:40:00-04:00,2025-07-11,11,1,22988.0,0.48186528497409326,approached_CE,True,29.5,-22.0
2025-07-10,60,bearish,22986.75,23035.0,23010.875,48.25,6,2025-07-11 12:00:00-04:00,2025-07-11,12,1,22994.5,0.17616580310880828,edge_near,True,36.0,-14.0
2025-07-11,60,bullish,22920.5,22939.0,22929.75,18.5,1,2025-07-14 09:24:00-04:00,2025-07-14,9,3,22920.5,1.0,filled,True,67.5,-78.0
2025-07-11,60,bullish,22920.5,22939.0,22929.75,18.5,2,2025-07-14 09:34:00-04:00,2025-07-14,9,3,22935.5,1.0,filled,True,52.5,-93.0
2025-07-11,60,bullish,22920.5,22939.0,22929.75,18.5,3,2025-07-14 09:38:00-04:00,2025-07-14,9,3,22935.25,1.0,filled,True,52.75,-92.75
2025-07-11,60,bullish,22920.5,22939.0,22929.75,18.5,4,2025-07-14 09:49:00-04:00,2025-07-14,9,3,22919.5,1.0,filled,True,68.5,-17.5
2025-07-11,60,bullish,22920.5,22939.0,22929.75,18.5,5,2025-07-14 10:00:00-04:00,2025-07-14,10,3,22914.25,1.0,filled,True,81.25,-8.75
2025-07-11,60,bullish,22920.5,22939.0,22929.75,18.5,6,2025-07-14 10:28:00-04:00,2025-07-14,10,3,22935.0,0.8918918918918919,filled,True,87.75,-12.5
2025-07-21,60,bullish,23284.0,23376.0,23330.0,92.0,1,2025-07-22 00:00:00-04:00,2025-07-22,0,1,23329.0,1.0,filled,False,1.5,-31.75
2025-07-21,60,bullish,23284.0,23376.0,23330.0,92.0,2,2025-07-22 04:45:00-04:00,2025-07-22,4,1,23281.25,1.0,filled,False,9.75,-14.0
2025-07-21,60,bullish,23284.0,23376.0,23330.0,92.0,3,2025-07-22 04:48:00-04:00,2025-07-22,4,1,23284.25,1.0,filled,False,6.75,-17.0
2025-07-21,60,bullish,23284.0,23376.0,23330.0,92.0,4,2025-07-22 05:03:00-04:00,2025-07-22,5,1,23283.0,1.0,filled,True,13.5,-15.75
2025-07-21,60,bullish,23284.0,23376.0,23330.0,92.0,5,2025-07-22 05:17:00-04:00,2025-07-22,5,1,23284.5,1.0,filled,True,17.25,-17.25
2025-07-21,60,bullish,23284.0,23376.0,23330.0,92.0,6,2025-07-22 05:23:00-04:00,2025-07-22,5,1,23282.5,1.0,filled,True,19.25,-15.25
2025-07-22,60,bearish,23229.75,23320.0,23274.875,90.25,1,2025-07-23 00:00:00-04:00,2025-07-23,0,1,23237.5,0.592797783933518,through_CE,False,5.0,-14.25
2025-07-22,60,bearish,23229.75,23320.0,23274.875,90.25,2,2025-07-23 09:35:00-04:00,2025-07-23,9,1,23226.0,0.08587257617728532,edge_near,True,83.5,-11.5
2025-07-22,60,bearish,23229.75,23320.0,23274.875,90.25,3,2025-07-23 09:38:00-04:00,2025-07-23,9,1,23233.5,0.06371191135734072,edge_near,True,91.0,-2.0
2025-07-22,60,bearish,23229.75,23320.0,23274.875,90.25,4,2025-07-23 11:53:00-04:00,2025-07-23,11,1,23228.75,0.7119113573407202,through_CE,True,35.25,-65.25
2025-07-22,60,bearish,23229.75,23320.0,23274.875,90.25,5,2025-07-23 12:19:00-04:00,2025-07-23,12,1,23226.75,0.01662049861495845,edge_near,True,33.25,-12.0
2025-07-22,60,bearish,23229.75,23320.0,23274.875,90.25,6,2025-07-23 12:48:00-04:00,2025-07-23,12,1,23223.75,0.019390581717451522,edge_near,False,9.75,-44.5
2025-07-23,60,bearish,23204.0,23230.5,23217.25,26.5,1,2025-08-01 03:10:00-04:00,2025-08-01,3,9,23229.5,1.0,filled,True,101.5,-14.25
2025-07-23,60,bearish,23204.0,23230.5,23217.25,26.5,2,2025-08-01 03:24:00-04:00,2025-08-01,3,9,23205.0,0.5094339622641509,through_CE,True,77.75,-12.5
2025-07-23,60,bearish,23204.0,23230.5,23217.25,26.5,3,2025-08-01 03:30:00-04:00,2025-08-01,3,9,23197.75,0.018867924528301886,edge_near,True,127.0,-6.75
2025-07-23,60,bearish,23204.0,23230.5,23217.25,26.5,4,2025-08-04 09:45:00-04:00,2025-08-04,9,12,23213.75,1.0,filled,True,24.25,-50.0
2025-07-23,60,bearish,23204.0,23230.5,23217.25,26.5,5,2025-08-04 10:09:00-04:00,2025-08-04,10,12,23229.5,1.0,filled,True,42.0,-32.25
2025-07-23,60,bearish,23204.0,23230.5,23217.25,26.5,6,2025-08-04 10:25:00-04:00,2025-08-04,10,12,23236.25,1.0,filled,True,48.75,-19.0
2025-07-31,60,bearish,23700.0,23755.75,23727.875,55.75,1,2025-08-08 10:33:00-04:00,2025-08-08,10,8,23700.25,0.04932735426008968,edge_near,True,57.25,-2.5
2025-07-31,60,bearish,23700.0,23755.75,23727.875,55.75,2,2025-08-08 10:40:00-04:00,2025-08-08,10,8,23694.0,0.0,edge_near,True,82.0,-6.0
2025-07-31,60,bearish,23700.0,23755.75,23727.875,55.75,3,2025-08-08 12:16:00-04:00,2025-08-08,12,8,23699.5,0.1210762331838565,edge_near,True,40.25,-7.25
2025-07-31,60,bearish,23700.0,23755.75,23727.875,55.75,4,2025-08-08 12:21:00-04:00,2025-08-08,12,8,23693.25,0.013452914798206279,edge_near,True,38.25,-7.5
2025-07-31,60,bearish,23700.0,23755.75,23727.875,55.75,5,2025-08-08 12:25:00-04:00,2025-08-08,12,8,23698.5,0.0,edge_near,True,43.5,-1.5
2025-07-31,60,bearish,23700.0,23755.75,23727.875,55.75,6,2025-08-08 13:44:00-04:00,2025-08-08,13,8,23696.0,0.013452914798206279,edge_near,False,9.75,-28.5
2025-08-01,60,bearish,23022.5,23060.25,23041.375,37.75,1,2025-08-04 03:30:00-04:00,2025-08-04,3,3,23022.25,0.609271523178808,through_CE,True,17.0,-30.5
2025-08-01,60,bearish,23022.5,23060.25,23041.375,37.75,2,2025-08-04 03:55:00-04:00,2025-08-04,3,3,23019.0,0.07947019867549669,edge_near,True,13.75,-42.0
2025-08-01,60,bearish,23022.5,23060.25,23041.375,37.75,3,2025-08-04 04:03:00-04:00,2025-08-04,4,3,23026.75,1.0,filled,False,9.5,-41.0
2025-08-01,60,bearish,23022.5,23060.25,23041.375,37.75,4,2025-08-04 05:02:00-04:00,2025-08-04,5,3,23060.0,1.0,filled,False,8.25,-17.75
2025-08-01,60,bearish,23022.5,23060.25,23041.375,37.75,5,2025-08-04 05:08:00-04:00,2025-08-04,5,3,23060.0,1.0,filled,False,8.25,-17.75
2025-08-01,60,bearish,23022.5,23060.25,23041.375,37.75,6,2025-08-04 05:26:00-04:00,2025-08-04,5,3,23055.25,1.0,filled,False,3.5,-22.5
2025-08-04,60,bullish,23092.0,23194.0,23143.0,102.0,1,2025-08-05 10:43:00-04:00,2025-08-05,10,1,23191.5,0.5416666666666666,through_CE,True,28.5,-78.0
2025-08-04,60,bullish,23092.0,23194.0,23143.0,102.0,2,2025-08-05 11:10:00-04:00,2025-08-05,11,1,23167.0,0.32598039215686275,approached_CE,True,53.0,-53.5
2025-08-04,60,bullish,23092.0,23194.0,23143.0,102.0,3,2025-08-05 11:16:00-04:00,2025-08-05,11,1,23192.5,0.7892156862745098,filled,True,12.25,-79.0
2025-08-04,60,bullish,23092.0,23194.0,23143.0,102.0,4,2025-08-05 12:24:00-04:00,2025-08-05,12,1,23191.25,0.056372549019607844,edge_near,True,34.5,-54.5
2025-08-04,60,bullish,23092.0,23194.0,23143.0,102.0,5,2025-08-05 12:38:00-04:00,2025-08-05,12,1,23193.25,0.5612745098039216,through_CE,True,29.25,-56.5
2025-08-04,60,bullish,23092.0,23194.0,23143.0,102.0,6,2025-08-05 14:19:00-04:00,2025-08-05,14,1,23193.5,1.0,filled,False,8.25,-78.25
2025-08-08,60,bullish,23576.0,23626.25,23601.125,50.25,1,2025-08-11 15:50:00-04:00,2025-08-11,15,3,23627.5,0.7810945273631841,filled,True,21.0,-40.5
2025-08-08,60,bullish,23576.0,23626.25,23601.125,50.25,2,2025-08-11 16:01:00-04:00,2025-08-11,16,3,23633.25,0.014925373134328358,edge_near,True,10.75,-17.25
2025-08-08,60,bullish,23576.0,23626.25,23601.125,50.25,3,2025-08-11 16:16:00-04:00,2025-08-11,16,3,23625.25,0.20398009950248755,edge_near,False,5.5,-9.25
2025-08-08,60,bullish,23576.0,23626.25,23601.125,50.25,4,2025-08-11 16:51:00-04:00,2025-08-11,16,3,23626.75,0.05970149253731343,edge_near,False,3.25,-3.5
2025-08-08,60,bullish,23576.0,23626.25,23601.125,50.25,5,2025-08-11 18:06:00-04:00,2025-08-11,18,3,23632.5,0.08955223880597014,edge_near,True,12.0,-18.25
2025-08-08,60,bullish,23576.0,23626.25,23601.125,50.25,6,2025-08-11 18:18:00-04:00,2025-08-11,18,3,23626.0,0.23880597014925373,edge_near,True,21.0,-11.75
2025-08-19,60,bearish,23728.0,23739.25,23733.625,11.25,1,2025-08-28 09:31:00-04:00,2025-08-28,9,9,23721.25,1.0,filled,True,148.75,-22.0
2025-08-19,60,bearish,23728.0,23739.25,23733.625,11.25,2,2025-08-28 09:39:00-04:00,2025-08-28,9,9,23719.25,0.08888888888888889,edge_near,True,146.75,-17.5
2025-08-19,60,bearish,23728.0,23739.25,23733.625,11.25,3,2025-08-28 09:42:00-04:00,2025-08-28,9,9,23727.25,0.7777777777777778,filled,True,154.75,-9.5
2025-08-19,60,bearish,23728.0,23739.25,23733.625,11.25,4,2025-08-28 10:56:00-04:00,2025-08-28,10,9,23727.75,0.17777777777777778,edge_near,True,63.0,-26.5
2025-08-19,60,bearish,23728.0,23739.25,23733.625,11.25,5,2025-08-28 11:12:00-04:00,2025-08-28,11,9,23726.0,1.0,filled,True,61.25,-28.25
2025-08-19,60,bearish,23728.0,23739.25,23733.625,11.25,6,2025-08-28 11:18:00-04:00,2025-08-28,11,9,23738.5,1.0,filled,True,73.75,-12.25
2025-08-20,60,bearish,23214.5,23396.5,23305.5,182.0,1,2025-08-21 00:00:00-04:00,2025-08-21,0,1,23338.25,0.8447802197802198,filled,False,8.0,-9.0
2025-08-20,60,bearish,23214.5,23396.5,23305.5,182.0,2,2025-08-21 09:47:00-04:00,2025-08-21,9,1,23232.0,0.2967032967032967,approached_CE,True,76.75,-116.25
2025-08-20,60,bearish,23214.5,23396.5,23305.5,182.0,3,2025-08-21 10:00:00-04:00,2025-08-21,10,1,23217.0,0.7348901098901099,through_CE,True,61.75,-131.25
2025-08-20,60,bearish,23214.5,23396.5,23305.5,182.0,4,2025-08-21 12:19:00-04:00,2025-08-21,12,1,23211.75,0.0013736263736263737,edge_near,True,79.5,-3.0
2025-08-20,60,bearish,23214.5,23396.5,23305.5,182.0,5,2025-08-21 13:47:00-04:00,2025-08-21,13,1,23216.5,0.0521978021978022,edge_near,True,37.25,-7.5
2025-08-20,60,bearish,23214.5,23396.5,23305.5,182.0,6,2025-08-21 13:56:00-04:00,2025-08-21,13,1,23210.0,0.0027472527472527475,edge_near,True,30.75,-22.5
2025-08-25,60,bullish,23497.75,23504.5,23501.125,6.75,1,2025-08-26 06:32:00-04:00,2025-08-26,6,1,23498.0,1.0,filled,False,7.75,-44.5
2025-08-25,60,bullish,23497.75,23504.5,23501.125,6.75,2,2025-08-26 06:49:00-04:00,2025-08-26,6,1,23495.5,1.0,filled,False,3.75,-52.25
2025-08-25,60,bullish,23497.75,23504.5,23501.125,6.75,3,2025-08-26 09:31:00-04:00,2025-08-26,9,1,23496.25,1.0,filled,True,52.75,-69.5
2025-08-25,60,bullish,23497.75,23504.5,23501.125,6.75,4,2025-08-26 09:40:00-04:00,2025-08-26,9,1,23499.0,1.0,filled,True,50.0,-72.25
2025-08-25,60,bullish,23497.75,23504.5,23501.125,6.75,5,2025-08-26 09:53:00-04:00,2025-08-26,9,1,23495.0,1.0,filled,True,56.5,-31.25
2025-08-25,60,bullish,23497.75,23504.5,23501.125,6.75,6,2025-08-26 10:00:00-04:00,2025-08-26,10,1,23503.25,1.0,filled,True,48.25,-21.25
2025-08-26,60,bullish,23480.0,23482.0,23481.0,2.0,1,2025-08-27 16:21:00-04:00,2025-08-27,16,1,23441.5,1.0,filled,True,140.25,-12.5
2025-08-26,60,bullish,23480.0,23482.0,23481.0,2.0,2,2025-08-29 10:04:00-04:00,2025-08-29,10,3,23481.5,1.0,filled,True,34.25,-68.0
2025-08-26,60,bullish,23480.0,23482.0,23481.0,2.0,3,2025-08-29 10:20:00-04:00,2025-08-29,10,3,23482.25,1.0,filled,True,33.5,-68.75
2025-08-26,60,bullish,23480.0,23482.0,23481.0,2.0,4,2025-08-29 10:25:00-04:00,2025-08-29,10,3,23480.0,1.0,filled,True,35.75,-66.5
2025-08-26,60,bullish,23480.0,23482.0,23481.0,2.0,5,2025-08-29 10:29:00-04:00,2025-08-29,10,3,23498.5,1.0,filled,True,17.25,-85.0
2025-08-26,60,bullish,23480.0,23482.0,23481.0,2.0,6,2025-08-29 10:35:00-04:00,2025-08-29,10,3,23479.25,1.0,filled,True,36.5,-65.75
2025-08-29,60,bearish,23551.75,23621.0,23586.375,69.25,1,2025-08-31 20:13:00-04:00,2025-08-31,20,2,23551.0,0.007220216606498195,edge_near,True,21.0,-4.25
2025-08-29,60,bearish,23551.75,23621.0,23586.375,69.25,2,2025-08-31 20:17:00-04:00,2025-08-31,20,2,23548.75,0.05054151624548736,edge_near,True,18.75,-6.5
2025-08-29,60,bearish,23551.75,23621.0,23586.375,69.25,3,2025-09-04 11:27:00-04:00,2025-09-04,11,6,23551.5,0.061371841155234655,edge_near,True,38.75,-4.5
2025-08-29,60,bearish,23551.75,23621.0,23586.375,69.25,4,2025-09-04 11:53:00-04:00,2025-09-04,11,6,23549.75,0.032490974729241874,edge_near,True,37.0,-15.5
2025-08-29,60,bearish,23551.75,23621.0,23586.375,69.25,5,2025-09-04 11:57:00-04:00,2025-09-04,11,6,23547.5,0.039711191335740074,edge_near,True,34.75,-17.75
2025-08-29,60,bearish,23551.75,23621.0,23586.375,69.25,6,2025-09-04 12:09:00-04:00,2025-09-04,12,6,23551.5,0.018050541516245487,edge_near,True,38.75,-26.75
2025-09-08,60,bullish,23779.25,23806.25,23792.75,27.0,1,2025-09-09 09:04:00-04:00,2025-09-09,9,1,23807.0,0.21296296296296297,edge_near,True,50.75,-26.0
2025-09-08,60,bullish,23779.25,23806.25,23792.75,27.0,2,2025-09-09 09:06:00-04:00,2025-09-09,9,1,23805.25,0.2222222222222222,edge_near,True,52.5,-24.25
2025-09-08,60,bullish,23779.25,23806.25,23792.75,27.0,3,2025-09-09 09:54:00-04:00,2025-09-09,9,1,23807.5,0.18518518518518517,edge_near,True,43.25,-81.0
2025-09-08,60,bullish,23779.25,23806.25,23792.75,27.0,4,2025-09-09 09:59:00-04:00,2025-09-09,9,1,23815.0,0.9351851851851852,filled,True,35.75,-88.5
2025-09-08,60,bullish,23779.25,23806.25,23792.75,27.0,5,2025-09-09 10:26:00-04:00,2025-09-09,10,1,23802.0,0.3055555555555556,approached_CE,True,17.5,-75.5
2025-09-08,60,bullish,23779.25,23806.25,23792.75,27.0,6,2025-09-09 10:30:00-04:00,2025-09-09,10,1,23801.75,1.0,filled,True,10.5,-75.25
2025-09-15,60,bullish,24175.0,24221.0,24198.0,46.0,1,2025-09-17 04:42:00-04:00,2025-09-17,4,2,24221.75,0.07065217391304347,edge_near,True,67.0,-4.0
2025-09-15,60,bullish,24175.0,24221.0,24198.0,46.0,2,2025-09-17 10:01:00-04:00,2025-09-17,10,2,24218.5,0.32065217391304346,approached_CE,True,21.5,-47.75
2025-09-15,60,bullish,24175.0,24221.0,24198.0,46.0,3,2025-09-17 10:11:00-04:00,2025-09-17,10,2,24221.25,0.03260869565217391,edge_near,True,18.75,-57.0
2025-09-15,60,bullish,24175.0,24221.0,24198.0,46.0,4,2025-09-17 10:17:00-04:00,2025-09-17,10,2,24220.25,0.16847826086956522,edge_near,True,12.5,-56.0
2025-09-15,60,bullish,24175.0,24221.0,24198.0,46.0,5,2025-09-17 10:22:00-04:00,2025-09-17,10,2,24220.0,1.0,filled,True,12.75,-55.75
2025-09-15,60,bullish,24175.0,24221.0,24198.0,46.0,6,2025-09-17 11:07:00-04:00,2025-09-17,11,2,24170.0,1.0,filled,True,33.25,-11.5
2025-09-16,60,bearish,24318.25,24340.25,24329.25,22.0,1,2025-09-17 18:49:00-04:00,2025-09-17,18,1,24319.25,1.0,filled,False,7.25,-24.25
2025-09-16,60,bearish,24318.25,24340.25,24329.25,22.0,2,2025-09-17 19:58:00-04:00,2025-09-17,19,1,24339.0,1.0,filled,True,22.0,-3.75
2025-09-16,60,bearish,24318.25,24340.25,24329.25,22.0,3,2025-09-17 20:00:00-04:00,2025-09-17,20,1,24334.75,1.0,filled,True,17.75,-7.5
2025-09-16,60,bearish,24318.25,24340.25,24329.25,22.0,4,2025-09-17 21:15:00-04:00,2025-09-17,21,1,24338.25,1.0,filled,True,14.25,-17.25
2025-09-16,60,bearish,24318.25,24340.25,24329.25,22.0,5,2025-09-17 21:18:00-04:00,2025-09-17,21,1,24340.25,1.0,filled,True,16.25,-22.5
2025-09-16,60,bearish,24318.25,24340.25,24329.25,22.0,6,2025-09-17 21:37:00-04:00,2025-09-17,21,1,24340.25,1.0,filled,False,1.5,-28.5
2025-09-22,60,bullish,24806.25,24854.75,24830.5,48.5,1,2025-09-23 13:35:00-04:00,2025-09-23,13,1,24850.25,1.0,filled,True,19.5,-71.0
2025-09-22,60,bullish,24806.25,24854.75,24830.5,48.5,2,2025-09-23 14:20:00-04:00,2025-09-23,14,1,24803.25,1.0,filled,True,33.25,-19.25
2025-09-22,60,bullish,24806.25,24854.75,24830.5,48.5,3,2025-09-23 14:25:00-04:00,2025-09-23,14,1,24816.0,1.0,filled,True,20.5,-32.0
2025-09-22,60,bullish,24806.25,24854.75,24830.5,48.5,4,2025-09-23 14:55:00-04:00,2025-09-23,14,1,24805.25,1.0,filled,True,37.25,-21.25
2025-09-22,60,bullish,24806.25,24854.75,24830.5,48.5,5,2025-09-23 15:01:00-04:00,2025-09-23,15,1,24811.75,1.0,filled,True,30.75,-22.0
2025-09-22,60,bullish,24806.25,24854.75,24830.5,48.5,6,2025-09-23 15:11:00-04:00,2025-09-23,15,1,24807.75,1.0,filled,True,48.5,-14.25
2025-09-23,60,bearish,24975.0,24983.25,24979.125,8.25,1,2025-09-29 10:09:00-04:00,2025-09-29,10,6,24969.5,0.0,edge_near,True,52.25,-5.5
2025-09-23,60,bearish,24975.0,24983.25,24979.125,8.25,2,2025-10-01 13:05:00-04:00,2025-10-01,13,8,24975.0,0.7272727272727273,through_CE,True,11.0,-35.0
2025-09-23,60,bearish,24975.0,24983.25,24979.125,8.25,3,2025-10-01 13:11:00-04:00,2025-10-01,13,8,24978.5,0.5151515151515151,through_CE,True,14.5,-33.5
2025-09-23,60,bearish,24975.0,24983.25,24979.125,8.25,4,2025-10-01 13:16:00-04:00,2025-10-01,13,8,24977.75,1.0,filled,True,13.75,-42.75
2025-09-23,60,bearish,24975.0,24983.25,24979.125,8.25,5,2025-10-01 13:44:00-04:00,2025-10-01,13,8,24972.25,0.06060606060606061,edge_near,False,7.0,-60.75
2025-09-23,60,bearish,24975.0,24983.25,24979.125,8.25,6,2025-10-01 13:46:00-04:00,2025-10-01,13,8,24970.75,0.12121212121212122,edge_near,False,5.5,-62.25
2025-09-24,60,bearish,24841.0,24869.25,24855.125,28.25,1,2025-09-29 02:32:00-04:00,2025-09-29,2,5,24840.25,0.504424778761062,through_CE,True,17.0,-17.25
2025-09-24,60,bearish,24841.0,24869.25,24855.125,28.25,2,2025-09-29 03:14:00-04:00,2025-09-29,3,5,24837.75,0.02654867256637168,edge_near,False,4.0,-38.5
2025-09-24,60,bearish,24841.0,24869.25,24855.125,28.25,3,2025-09-29 03:17:00-04:00,2025-09-29,3,5,24838.25,1.0,filled,False,2.0,-38.0
2025-09-24,60,bearish,24841.0,24869.25,24855.125,28.25,4,2025-09-29 04:16:00-04:00,2025-09-29,4,5,24875.75,1.0,filled,True,10.75,-19.75
2025-09-24,60,bearish,24841.0,24869.25,24855.125,28.25,5,2025-09-29 04:18:00-04:00,2025-09-29,4,5,24868.5,1.0,filled,False,3.5,-27.0
2025-09-24,60,bearish,24841.0,24869.25,24855.125,28.25,6,2025-09-29 06:00:00-04:00,2025-09-29,6,5,24869.75,1.0,filled,False,4.25,-32.0
2025-09-29,60,bullish,24909.5,24917.25,24913.375,7.75,1,2025-09-30 15:54:00-04:00,2025-09-30,15,1,24906.0,1.0,filled,False,7.75,-71.5
2025-09-29,60,bullish,24909.5,24917.25,24913.375,7.75,2,2025-10-01 10:36:00-04:00,2025-10-01,10,2,24905.0,1.0,filled,True,15.75,-29.0
2025-09-29,60,bullish,24909.5,24917.25,24913.375,7.75,3,2025-10-01 11:00:00-04:00,2025-10-01,11,2,24908.75,1.0,filled,True,31.5,-32.75
2025-09-29,60,bullish,24909.5,24917.25,24913.375,7.75,4,2025-10-01 11:06:00-04:00,2025-10-01,11,2,24909.0,1.0,filled,True,34.0,-33.0
2025-09-29,60,bullish,24909.5,24917.25,24913.375,7.75,5,2025-10-01 11:32:00-04:00,2025-10-01,11,2,24906.75,1.0,filled,True,45.25,-6.75
2025-09-29,60,bullish,24909.5,24917.25,24913.375,7.75,6,2025-10-01 11:34:00-04:00,2025-10-01,11,2,24907.5,1.0,filled,True,45.75,-4.0
2025-10-02,60,bearish,25091.75,25143.25,25117.5,51.5,1,2025-10-03 07:27:00-04:00,2025-10-03,7,1,25144.25,1.0,filled,True,16.75,-19.75
2025-10-02,60,bearish,25091.75,25143.25,25117.5,51.5,2,2025-10-03 07:30:00-04:00,2025-10-03,7,1,25141.75,1.0,filled,True,14.25,-22.25
2025-10-02,60,bearish,25091.75,25143.25,25117.5,51.5,3,2025-10-03 07:54:00-04:00,2025-10-03,7,1,25137.75,1.0,filled,True,34.5,-13.5
2025-10-02,60,bearish,25091.75,25143.25,25117.5,51.5,4,2025-10-03 09:33:00-04:00,2025-10-03,9,1,25145.75,1.0,filled,True,94.75,-25.25
2025-10-02,60,bearish,25091.75,25143.25,25117.5,51.5,5,2025-10-03 09:41:00-04:00,2025-10-03,9,1,25124.25,1.0,filled,True,73.25,-46.75
2025-10-02,60,bearish,25091.75,25143.25,25117.5,51.5,6,2025-10-03 09:50:00-04:00,2025-10-03,9,1,25147.5,1.0,filled,True,96.5,-23.5
2025-10-08,60,bullish,25089.5,25172.75,25131.125,83.25,1,2025-10-09 13:29:00-04:00,2025-10-09,13,1,25176.25,0.12912912912912913,edge_near,True,58.25,-15.5
2025-10-08,60,bullish,25089.5,25172.75,25131.125,83.25,2,2025-10-09 13:33:00-04:00,2025-10-09,13,1,25174.75,0.003003003003003003,edge_near,True,59.75,-14.0
2025-10-08,60,bullish,25089.5,25172.75,25131.125,83.25,3,2025-10-09 13:35:00-04:00,2025-10-09,13,1,25162.25,0.14414414414414414,edge_near,True,72.25,-1.5
2025-10-08,60,bullish,25089.5,25172.75,25131.125,83.25,4,2025-10-10 10:59:00-04:00,2025-10-10,10,2,25194.0,1.0,filled,True,25.0,-526.75
2025-10-08,60,bullish,25089.5,25172.75,25131.125,83.25,5,2025-10-10 11:06:00-04:00,2025-10-10,11,2,25067.0,1.0,filled,True,33.75,-399.75
2025-10-08,60,bullish,25089.5,25172.75,25131.125,83.25,6,2025-10-10 11:11:00-04:00,2025-10-10,11,2,25061.0,1.0,filled,True,39.75,-393.75
2025-10-09,60,bearish,25289.0,25310.5,25299.75,21.5,1,2025-10-10 00:53:00-04:00,2025-10-10,0,1,25308.0,1.0,filled,True,11.75,-38.0
2025-10-09,60,bearish,25289.0,25310.5,25299.75,21.5,2,2025-10-10 01:16:00-04:00,2025-10-10,1,1,25311.5,1.0,filled,False,1.0,-41.5
2025-10-09,60,bearish,25289.0,25310.5,25299.75,21.5,3,2025-10-10 02:37:00-04:00,2025-10-10,2,1,25304.25,1.0,filled,False,9.75,-27.25
2025-10-09,60,bearish,25289.0,25310.5,25299.75,21.5,4,2025-10-10 02:48:00-04:00,2025-10-10,2,1,25306.75,1.0,filled,True,12.25,-19.75
2025-10-09,60,bearish,25289.0,25310.5,25299.75,21.5,5,2025-10-10 03:07:00-04:00,2025-10-10,3,1,25310.5,1.0,filled,True,12.25,-23.25
2025-10-09,60,bearish,25289.0,25310.5,25299.75,21.5,6,2025-10-10 03:20:00-04:00,2025-10-10,3,1,25312.0,1.0,filled,True,13.75,-23.5
2025-10-20,60,bullish,25132.5,25210.25,25171.375,77.75,1,2025-10-21 10:28:00-04:00,2025-10-21,10,1,25208.75,0.0707395498392283,edge_near,True,94.25,-5.75
2025-10-20,60,bullish,25132.5,25210.25,25171.375,77.75,2,2025-10-21 10:32:00-04:00,2025-10-21,10,1,25206.0,0.0932475884244373,edge_near,True,97.0,-3.0
2025-10-20,60,bullish,25132.5,25210.25,25171.375,77.75,3,2025-10-22 07:41:00-04:00,2025-10-22,7,2,25223.75,0.0,edge_near,True,42.25,-17.0
2025-10-20,60,bullish,25132.5,25210.25,25171.375,77.75,4,2025-10-22 07:43:00-04:00,2025-10-22,7,2,25210.0,0.03536977491961415,edge_near,True,56.0,-3.25
2025-10-20,60,bullish,25132.5,25210.25,25171.375,77.75,5,2025-10-22 07:47:00-04:00,2025-10-22,7,2,25208.5,0.04501607717041801,edge_near,True,57.5,-1.75
2025-10-20,60,bullish,25132.5,25210.25,25171.375,77.75,6,2025-10-22 09:32:00-04:00,2025-10-22,9,2,25216.75,0.48231511254019294,approached_CE,True,72.75,-128.0
2025-10-23,60,bullish,25011.75,25083.75,25047.75,72.0,1,2025-11-07 07:49:00-05:00,2025-11-07,7,15,25065.25,0.3020833333333333,approached_CE,True,81.75,-3.25
2025-10-23,60,bullish,25011.75,25083.75,25047.75,72.0,2,2025-11-07 08:00:00-05:00,2025-11-07,8,15,25090.25,0.2013888888888889,edge_near,True,56.75,-23.75
2025-10-23,60,bullish,25011.75,25083.75,25047.75,72.0,3,2025-11-07 08:27:00-05:00,2025-11-07,8,15,25082.25,0.1597222222222222,edge_near,True,59.75,-15.75
2025-10-23,60,bullish,25011.75,25083.75,25047.75,72.0,4,2025-11-07 08:36:00-05:00,2025-11-07,8,15,25082.75,0.052083333333333336,edge_near,True,59.25,-84.75
2025-10-23,60,bullish,25011.75,25083.75,25047.75,72.0,5,2025-11-07 08:40:00-05:00,2025-11-07,8,15,25083.75,0.23958333333333334,edge_near,True,58.25,-166.25
2025-10-23,60,bullish,25011.75,25083.75,25047.75,72.0,6,2025-11-07 09:05:00-05:00,2025-11-07,9,15,25084.0,0.03125,edge_near,True,40.25,-166.5
2025-10-31,60,bearish,26181.5,26204.0,26192.75,22.5,1,2025-11-03 07:14:00-05:00,2025-11-03,7,3,26179.25,0.022222222222222223,edge_near,True,45.75,-2.75
2025-10-31,60,bearish,26181.5,26204.0,26192.75,22.5,2,2025-11-03 08:56:00-05:00,2025-11-03,8,3,26187.5,1.0,filled,True,68.0,-78.25
2025-10-31,60,bearish,26181.5,26204.0,26192.75,22.5,3,2025-11-03 09:02:00-05:00,2025-11-03,9,3,26222.25,1.0,filled,True,121.25,-43.5
2025-10-31,60,bearish,26181.5,26204.0,26192.75,22.5,4,2025-11-03 09:36:00-05:00,2025-11-03,9,3,26206.25,1.0,filled,True,193.5,-11.75
2025-10-31,60,bearish,26181.5,26204.0,26192.75,22.5,5,2025-11-03 09:45:00-05:00,2025-11-03,9,3,26179.25,0.011111111111111112,edge_near,True,166.5,-3.25
2025-10-31,60,bearish,26181.5,26204.0,26192.75,22.5,6,2025-11-03 09:47:00-05:00,2025-11-03,9,3,26174.75,0.044444444444444446,edge_near,True,162.0,-7.75
2025-11-05,60,bullish,25595.75,25618.5,25607.125,22.75,1,2025-11-06 09:41:00-05:00,2025-11-06,9,1,25598.25,1.0,filled,True,74.75,-259.0
2025-11-05,60,bullish,25595.75,25618.5,25607.125,22.75,2,2025-11-06 09:50:00-05:00,2025-11-06,9,1,25599.75,1.0,filled,True,52.75,-286.5
2025-11-05,60,bullish,25595.75,25618.5,25607.125,22.75,3,2025-11-10 09:35:00-05:00,2025-11-10,9,5,25600.25,1.0,filled,True,66.25,-31.25
2025-11-05,60,bullish,25595.75,25618.5,25607.125,22.75,4,2025-11-10 09:48:00-05:00,2025-11-10,9,5,25622.75,1.0,filled,True,43.75,-34.25
2025-11-05,60,bullish,25595.75,25618.5,25607.125,22.75,5,2025-11-10 10:19:00-05:00,2025-11-10,10,5,25625.0,0.3516483516483517,approached_CE,True,41.5,-153.5
2025-11-05,60,bullish,25595.75,25618.5,25607.125,22.75,6,2025-11-10 10:41:00-05:00,2025-11-10,10,5,25626.5,0.2967032967032967,approached_CE,False,7.0,-174.25
2025-11-06,60,bearish,25544.0,25761.5,25652.75,217.5,1,2025-11-10 04:13:00-05:00,2025-11-10,4,4,25543.25,0.11724137931034483,edge_near,True,14.0,-26.25
2025-11-06,60,bearish,25544.0,25761.5,25652.75,217.5,2,2025-11-10 04:41:00-05:00,2025-11-10,4,4,25545.0,0.02413793103448276,edge_near,True,10.0,-14.5
2025-11-06,60,bearish,25544.0,25761.5,25652.75,217.5,3,2025-11-10 04:46:00-05:00,2025-11-10,4,4,25542.25,0.07126436781609195,edge_near,False,7.25,-17.25
2025-11-06,60,bearish,25544.0,25761.5,25652.75,217.5,4,2025-11-10 05:30:00-05:00,2025-11-10,5,4,25543.0,0.06551724137931035,edge_near,True,37.0,-15.25
2025-11-06,60,bearish,25544.0,25761.5,25652.75,217.5,5,2025-11-10 06:58:00-05:00,2025-11-10,6,4,25544.5,0.034482758620689655,edge_near,True,31.25,-7.0
2025-11-06,60,bearish,25544.0,25761.5,25652.75,217.5,6,2025-11-10 07:05:00-05:00,2025-11-10,7,4,25542.75,0.0,edge_near,True,29.5,-4.0
2025-11-07,60,bearish,25045.0,25066.5,25055.75,21.5,1,2025-11-13 13:26:00-05:00,2025-11-13,13,6,25075.0,1.0,filled,True,62.5,-41.25
2025-11-07,60,bearish,25045.0,25066.5,25055.75,21.5,2,2025-11-13 13:43:00-05:00,2025-11-13,13,6,25044.5,1.0,filled,True,28.0,-88.0
2025-11-07,60,bearish,25045.0,25066.5,25055.75,21.5,3,2025-11-13 14:04:00-05:00,2025-11-13,14,6,25039.5,0.6046511627906976,through_CE,True,37.5,-93.0
2025-11-07,60,bearish,25045.0,25066.5,25055.75,21.5,4,2025-11-13 14:09:00-05:00,2025-11-13,14,6,25045.5,0.6511627906976745,through_CE,True,43.5,-87.0
2025-11-07,60,bearish,25045.0,25066.5,25055.75,21.5,5,2025-11-13 14:18:00-05:00,2025-11-13,14,6,25052.25,1.0,filled,True,50.25,-80.25
2025-11-07,60,bearish,25045.0,25066.5,25055.75,21.5,6,2025-11-13 14:24:00-05:00,2025-11-13,14,6,25076.75,1.0,filled,True,74.75,-55.75
2025-11-12,60,bearish,25659.75,25786.75,25723.25,127.0,1,2025-11-13 00:00:00-05:00,2025-11-13,0,1,25693.0,0.4881889763779528,approached_CE,False,6.25,-17.0
2025-11-12,60,bearish,25659.75,25786.75,25723.25,127.0,2,2025-11-13 03:15:00-05:00,2025-11-13,3,1,25657.75,0.0,edge_near,True,75.25,-29.5
2025-11-12,60,bearish,25659.75,25786.75,25723.25,127.0,3,2025-11-13 03:20:00-05:00,2025-11-13,3,1,25666.75,0.21653543307086615,edge_near,True,88.25,-20.5
2025-11-12,60,bearish,25659.75,25786.75,25723.25,127.0,4,2025-12-02 10:50:00-05:00,2025-12-02,10,20,25661.5,0.08070866141732283,edge_near,True,247.75,-8.5
2025-11-12,60,bearish,25659.75,25786.75,25723.25,127.0,5,2025-12-02 10:55:00-05:00,2025-12-02,10,20,25656.25,0.00984251968503937,edge_near,True,242.5,-7.75
2025-11-12,60,bearish,25659.75,25786.75,25723.25,127.0,6,2025-12-02 11:02:00-05:00,2025-12-02,11,20,25659.75,0.03346456692913386,edge_near,True,246.0,-4.25
2025-11-14,60,bullish,24766.5,24862.5,24814.5,96.0,1,2025-11-17 14:03:00-05:00,2025-11-17,14,3,24857.0,0.1171875,edge_near,True,54.5,-125.0
2025-11-14,60,bullish,24766.5,24862.5,24814.5,96.0,2,2025-11-17 14:16:00-05:00,2025-11-17,14,3,24867.5,0.0703125,edge_near,True,18.0,-135.5
2025-11-14,60,bullish,24766.5,24862.5,24814.5,96.0,3,2025-11-17 14:18:00-05:00,2025-11-17,14,3,24859.5,1.0,filled,True,26.0,-127.5
2025-11-14,60,bullish,24766.5,24862.5,24814.5,96.0,4,2025-11-17 15:05:00-05:00,2025-11-17,15,3,24768.25,1.0,filled,True,146.0,-24.0
2025-11-14,60,bullish,24766.5,24862.5,24814.5,96.0,5,2025-11-17 15:57:00-05:00,2025-11-17,15,3,24866.75,0.11979166666666667,edge_near,True,59.25,-15.75
2025-11-14,60,bullish,24766.5,24862.5,24814.5,96.0,6,2025-11-17 19:32:00-05:00,2025-11-17,19,3,24845.75,0.3359375,approached_CE,True,111.0,-15.5
2025-11-18,60,bearish,24610.25,24694.25,24652.25,84.0,1,2025-11-19 02:09:00-05:00,2025-11-19,2,1,24608.25,0.19345238095238096,edge_near,True,30.75,-18.25
2025-11-18,60,bearish,24610.25,24694.25,24652.25,84.0,2,2025-11-19 02:18:00-05:00,2025-11-19,2,1,24604.5,0.07738095238095238,edge_near,True,33.25,-16.5
2025-11-18,60,bearish,24610.25,24694.25,24652.25,84.0,3,2025-11-19 02:37:00-05:00,2025-11-19,2,1,24605.75,0.03273809523809524,edge_near,True,34.5,-46.25
2025-11-18,60,bearish,24610.25,24694.25,24652.25,84.0,4,2025-11-19 02:39:00-05:00,2025-11-19,2,1,24606.5,0.07738095238095238,edge_near,True,35.25,-45.5
2025-11-18,60,bearish,24610.25,24694.25,24652.25,84.0,5,2025-11-19 02:41:00-05:00,2025-11-19,2,1,24615.75,0.0744047619047619,edge_near,True,44.5,-36.25
2025-11-18,60,bearish,24610.25,24694.25,24652.25,84.0,6,2025-11-19 02:47:00-05:00,2025-11-19,2,1,24616.5,0.09821428571428571,edge_near,True,45.25,-35.5
2025-11-19,60,bullish,24709.75,24747.25,24728.5,37.5,1,2025-11-20 11:41:00-05:00,2025-11-20,11,1,24761.75,1.0,filled,True,41.25,-453.5
2025-11-19,60,bullish,24709.75,24747.25,24728.5,37.5,2,2025-11-24 09:35:00-05:00,2025-11-24,9,5,24703.5,1.0,filled,True,71.0,-124.25
2025-11-19,60,bullish,24709.75,24747.25,24728.5,37.5,3,2025-11-24 10:00:00-05:00,2025-11-24,10,5,24702.5,1.0,filled,True,114.5,-38.5
2025-11-19,60,bullish,24709.75,24747.25,24728.5,37.5,4,2025-11-24 10:12:00-05:00,2025-11-24,10,5,24705.25,1.0,filled,True,166.75,-41.25
2025-11-19,60,bullish,24709.75,24747.25,24728.5,37.5,5,2025-11-24 10:26:00-05:00,2025-11-24,10,5,24704.25,1.0,filled,True,174.25,-17.0
2025-11-19,60,bullish,24709.75,24747.25,24728.5,37.5,6,2025-11-25 09:43:00-05:00,2025-11-25,9,6,24724.0,1.0,filled,True,104.75,-122.0
2025-11-24,60,bullish,24564.25,24664.0,24614.125,99.75,1,2025-11-25 09:48:00-05:00,2025-11-25,9,1,24648.25,0.6215538847117794,through_CE,True,225.25,-46.25
2025-11-24,60,bullish,24564.25,24664.0,24614.125,99.75,2,2025-11-25 10:04:00-05:00,2025-11-25,10,1,24688.0,0.10025062656641603,edge_near,True,185.5,-34.0
2025-12-02,60,bullish,25514.75,25528.0,25521.375,13.25,1,2025-12-03 09:04:00-05:00,2025-12-03,9,1,25522.0,1.0,filled,True,51.75,-101.25
2025-12-02,60,bullish,25514.75,25528.0,25521.375,13.25,2,2025-12-03 09:31:00-05:00,2025-12-03,9,1,25494.75,1.0,filled,True,79.5,-64.75
2025-12-02,60,bullish,25514.75,25528.0,25521.375,13.25,3,2025-12-03 09:37:00-05:00,2025-12-03,9,1,25495.25,1.0,filled,True,105.75,-65.25
2025-12-02,60,bullish,25514.75,25528.0,25521.375,13.25,4,2025-12-03 09:41:00-05:00,2025-12-03,9,1,25498.5,1.0,filled,True,103.5,-68.5
2025-12-02,60,bullish,25514.75,25528.0,25521.375,13.25,5,2025-12-03 10:00:00-05:00,2025-12-03,10,1,25517.25,1.0,filled,True,88.0,-28.5
2025-12-02,60,bullish,25514.75,25528.0,25521.375,13.25,6,2025-12-03 10:07:00-05:00,2025-12-03,10,1,25531.0,1.0,filled,True,74.25,-33.0
2025-12-03,60,bearish,25605.25,25640.0,25622.625,34.75,1,2025-12-04 00:00:00-05:00,2025-12-04,0,1,25640.5,1.0,filled,True,11.75,-9.0
2025-12-03,60,bearish,25605.25,25640.0,25622.625,34.75,2,2025-12-04 00:17:00-05:00,2025-12-04,0,1,25641.5,1.0,filled,True,12.75,-14.5
2025-12-03,60,bearish,25605.25,25640.0,25622.625,34.75,3,2025-12-04 01:16:00-05:00,2025-12-04,1,1,25642.25,1.0,filled,False,2.75,-27.5
2025-12-03,60,bearish,25605.25,25640.0,25622.625,34.75,4,2025-12-04 03:01:00-05:00,2025-12-04,3,1,25646.5,1.0,filled,True,43.75,-9.0
2025-12-03,60,bearish,25605.25,25640.0,25622.625,34.75,5,2025-12-04 03:10:00-05:00,2025-12-04,3,1,25638.5,1.0,filled,True,35.75,-13.0
2025-12-03,60,bearish,25605.25,25640.0,25622.625,34.75,6,2025-12-04 03:43:00-05:00,2025-12-04,3,1,25641.75,1.0,filled,True,30.0,-51.75
2025-12-05,60,bullish,25710.0,25716.5,25713.25,6.5,1,2025-12-07 19:01:00-05:00,2025-12-07,19,2,25722.25,1.0,filled,True,29.5,-22.25
2025-12-05,60,bullish,25710.0,25716.5,25713.25,6.5,2,2025-12-07 19:13:00-05:00,2025-12-07,19,2,25711.5,1.0,filled,True,53.5,-6.5
2025-12-05,60,bullish,25710.0,25716.5,25713.25,6.5,3,2025-12-08 10:20:00-05:00,2025-12-08,10,3,25729.5,0.11538461538461539,edge_near,False,6.75,-107.25
2025-12-05,60,bullish,25710.0,25716.5,25713.25,6.5,4,2025-12-08 10:22:00-05:00,2025-12-08,10,3,25718.75,1.0,filled,True,13.25,-96.5
2025-12-05,60,bullish,25710.0,25716.5,25713.25,6.5,5,2025-12-08 10:32:00-05:00,2025-12-08,10,3,25706.75,1.0,filled,True,17.5,-84.5
2025-12-05,60,bullish,25710.0,25716.5,25713.25,6.5,6,2025-12-08 18:00:00-05:00,2025-12-08,18,3,25704.0,1.0,filled,True,24.75,-11.5
2025-12-08,60,bearish,25778.5,25784.75,25781.625,6.25,1,2025-12-10 14:35:00-05:00,2025-12-10,14,2,25770.25,0.2,edge_near,True,160.25,-99.5
2025-12-08,60,bearish,25778.5,25784.75,25781.625,6.25,2,2025-12-10 14:54:00-05:00,2025-12-10,14,2,25785.0,1.0,filled,False,8.25,-84.75
2025-12-08,60,bearish,25778.5,25784.75,25781.625,6.25,3,2025-12-10 16:03:00-05:00,2025-12-10,16,2,25789.0,1.0,filled,True,34.75,-24.25
2025-12-08,60,bearish,25778.5,25784.75,25781.625,6.25,4,2025-12-10 16:05:00-05:00,2025-12-10,16,2,25785.25,1.0,filled,True,31.0,-28.0
2025-12-08,60,bearish,25778.5,25784.75,25781.625,6.25,5,2025-12-10 16:09:00-05:00,2025-12-10,16,2,25776.75,1.0,filled,True,12.25,-34.75
2025-12-08,60,bearish,25778.5,25784.75,25781.625,6.25,6,2025-12-10 16:19:00-05:00,2025-12-10,16,2,25783.5,1.0,filled,False,5.25,-28.0
2025-12-11,60,bearish,25629.25,25632.25,25630.75,3.0,1,2025-12-12 04:08:00-05:00,2025-12-12,4,1,25628.25,1.0,filled,True,66.0,-27.5
2025-12-11,60,bearish,25629.25,25632.25,25630.75,3.0,2,2025-12-12 04:13:00-05:00,2025-12-12,4,1,25632.25,1.0,filled,True,70.0,-10.75
2025-12-11,60,bearish,25629.25,25632.25,25630.75,3.0,3,2025-12-12 04:16:00-05:00,2025-12-12,4,1,25633.25,1.0,filled,True,71.0,-8.25
2025-12-11,60,bearish,25629.25,25632.25,25630.75,3.0,4,2025-12-12 09:00:00-05:00,2025-12-12,9,1,25625.5,1.0,filled,True,124.0,-7.0
2025-12-11,60,bearish,25629.25,25632.25,25630.75,3.0,5,2025-12-21 18:15:00-05:00,2025-12-21,18,10,25647.75,1.0,filled,True,16.25,-34.25
2025-12-11,60,bearish,25629.25,25632.25,25630.75,3.0,6,2025-12-22 10:36:00-05:00,2025-12-22,10,11,25643.0,1.0,filled,True,13.5,-80.0
2025-12-15,60,bearish,25236.0,25336.25,25286.125,100.25,1,2025-12-17 05:13:00-05:00,2025-12-17,5,2,25237.5,0.057356608478802994,edge_near,True,17.25,-18.25
2025-12-15,60,bearish,25236.0,25336.25,25286.125,100.25,2,2025-12-17 05:32:00-05:00,2025-12-17,5,2,25245.0,0.12967581047381546,edge_near,True,24.75,-10.75
2025-12-15,60,bearish,25236.0,25336.25,25286.125,100.25,3,2025-12-17 05:43:00-05:00,2025-12-17,5,2,25241.0,0.1970074812967581,edge_near,True,17.75,-14.75
2025-12-15,60,bearish,25236.0,25336.25,25286.125,100.25,4,2025-12-17 06:16:00-05:00,2025-12-17,6,2,25233.25,0.0024937655860349127,edge_near,True,10.0,-25.0
2025-12-15,60,bearish,25236.0,25336.25,25286.125,100.25,5,2025-12-17 06:22:00-05:00,2025-12-17,6,2,25240.25,0.07231920199501247,edge_near,True,12.5,-18.0
2025-12-15,60,bearish,25236.0,25336.25,25286.125,100.25,6,2025-12-17 06:28:00-05:00,2025-12-17,6,2,25236.25,0.29925187032418954,approached_CE,False,4.25,-22.0
2025-12-17,60,bearish,25112.0,25154.0,25133.0,42.0,1,2025-12-18 10:31:00-05:00,2025-12-18,10,1,25107.75,1.0,filled,True,14.25,-70.5
2025-12-17,60,bearish,25112.0,25154.0,25133.0,42.0,2,2025-12-18 11:14:00-05:00,2025-12-18,11,1,25142.25,1.0,filled,True,160.25,-34.75
2025-12-17,60,bearish,25112.0,25154.0,25133.0,42.0,3,2025-12-18 11:19:00-05:00,2025-12-18,11,1,25157.0,1.0,filled,True,203.5,-20.0
2025-12-17,60,bearish,25112.0,25154.0,25133.0,42.0,4,2025-12-18 11:22:00-05:00,2025-12-18,11,1,25151.75,1.0,filled,True,198.25,-25.25
2025-12-17,60,bearish,25112.0,25154.0,25133.0,42.0,5,2025-12-18 11:39:00-05:00,2025-12-18,11,1,25154.0,1.0,filled,True,200.5,-23.0
2025-12-17,60,bearish,25112.0,25154.0,25133.0,42.0,6,2025-12-18 11:45:00-05:00,2025-12-18,11,1,25156.0,1.0,filled,True,202.5,-21.0
2025-12-31,60,bearish,25618.0,25622.5,25620.25,4.5,1,2026-01-01 22:40:00-05:00,2026-01-01,22,1,25618.25,1.0,filled,True,10.0,-19.0
2025-12-31,60,bearish,25618.0,25622.5,25620.25,4.5,2,2026-01-01 23:03:00-05:00,2026-01-01,23,1,25622.25,1.0,filled,False,5.0,-15.0
2025-12-31,60,bearish,25618.0,25622.5,25620.25,4.5,3,2026-01-01 23:28:00-05:00,2026-01-01,23,1,25623.0,1.0,filled,True,10.75,-12.5
2025-12-31,60,bearish,25618.0,25622.5,25620.25,4.5,4,2026-01-01 23:33:00-05:00,2026-01-01,23,1,25622.25,1.0,filled,True,10.0,-13.25
2025-12-31,60,bearish,25618.0,25622.5,25620.25,4.5,5,2026-01-02 00:02:00-05:00,2026-01-02,0,2,25623.25,1.0,filled,True,11.0,-20.75
2025-12-31,60,bearish,25618.0,25622.5,25620.25,4.5,6,2026-01-02 00:06:00-05:00,2026-01-02,0,2,25622.25,1.0,filled,False,7.0,-21.75
2026-01-06,60,bullish,25652.75,25673.0,25662.875,20.25,1,2026-01-08 01:23:00-05:00,2026-01-08,1,2,25672.75,0.06172839506172839,edge_near,True,110.25,-1.75
2026-01-06,60,bullish,25652.75,25673.0,25662.875,20.25,2,2026-01-08 01:28:00-05:00,2026-01-08,1,2,25673.25,0.09876543209876543,edge_near,True,131.25,-2.25
2026-01-06,60,bullish,25652.75,25673.0,25662.875,20.25,3,2026-01-08 09:40:00-05:00,2026-01-08,9,2,25693.0,0.3333333333333333,approached_CE,True,20.5,-123.5
2026-01-06,60,bullish,25652.75,25673.0,25662.875,20.25,4,2026-01-08 09:42:00-05:00,2026-01-08,9,2,25639.0,1.0,filled,True,74.5,-69.5
2026-01-06,60,bullish,25652.75,25673.0,25662.875,20.25,5,2026-01-08 09:46:00-05:00,2026-01-08,9,2,25654.25,1.0,filled,True,59.25,-84.75
2026-01-06,60,bullish,25652.75,25673.0,25662.875,20.25,6,2026-01-08 09:52:00-05:00,2026-01-08,9,2,25660.0,1.0,filled,True,53.5,-90.5
2026-01-07,60,bullish,25793.75,25809.0,25801.375,15.25,1,2026-01-08 02:24:00-05:00,2026-01-08,2,1,25786.25,1.0,filled,True,18.25,-44.75
2026-01-07,60,bullish,25793.75,25809.0,25801.375,15.25,2,2026-01-08 03:34:00-05:00,2026-01-08,3,1,25797.25,1.0,filled,False,5.75,-35.25
2026-01-07,60,bullish,25793.75,25809.0,25801.375,15.25,3,2026-01-08 04:03:00-05:00,2026-01-08,4,1,25794.5,1.0,filled,False,1.0,-43.5
2026-01-07,60,bullish,25793.75,25809.0,25801.375,15.25,4,2026-01-08 08:18:00-05:00,2026-01-08,8,1,25799.75,1.0,filled,True,19.0,-18.5
2026-01-07,60,bullish,25793.75,25809.0,25801.375,15.25,5,2026-01-08 08:52:00-05:00,2026-01-08,8,1,25794.75,1.0,filled,True,16.25,-197.25
2026-01-07,60,bullish,25793.75,25809.0,25801.375,15.25,6,2026-01-08 08:56:00-05:00,2026-01-08,8,1,25793.0,1.0,filled,True,18.0,-195.5
2026-01-08,60,bearish,25713.5,25757.0,25735.25,43.5,1,2026-01-09 04:32:00-05:00,2026-01-09,4,1,25714.75,1.0,filled,False,6.0,-23.0
2026-01-08,60,bearish,25713.5,25757.0,25735.25,43.5,2,2026-01-09 06:47:00-05:00,2026-01-09,6,1,25755.25,1.0,filled,True,41.75,-3.75
2026-01-08,60,bearish,25713.5,25757.0,25735.25,43.5,3,2026-01-09 09:12:00-05:00,2026-01-09,9,1,25758.75,1.0,filled,True,143.0,-32.25
2026-01-08,60,bearish,25713.5,25757.0,25735.25,43.5,4,2026-01-09 09:17:00-05:00,2026-01-09,9,1,25751.5,1.0,filled,True,135.75,-39.5
2026-01-08,60,bearish,25713.5,25757.0,25735.25,43.5,5,2026-01-09 09:36:00-05:00,2026-01-09,9,1,25722.75,1.0,filled,True,107.0,-156.25
2026-01-08,60,bearish,25713.5,25757.0,25735.25,43.5,6,2026-01-09 10:12:00-05:00,2026-01-09,10,1,25724.5,1.0,filled,True,54.0,-163.5
2026-01-12,60,bullish,25762.75,25863.5,25813.125,100.75,1,2026-01-13 10:19:00-05:00,2026-01-13,10,1,25882.75,0.5707196029776674,through_CE,True,41.75,-76.75
2026-01-12,60,bullish,25762.75,25863.5,25813.125,100.75,2,2026-01-13 11:27:00-05:00,2026-01-13,11,1,25892.5,0.16129032258064516,edge_near,True,133.5,-45.25
2026-01-12,60,bullish,25762.75,25863.5,25813.125,100.75,3,2026-01-13 12:58:00-05:00,2026-01-13,12,1,25866.0,0.062034739454094295,edge_near,True,45.25,-32.25
2026-01-12,60,bullish,25762.75,25863.5,25813.125,100.75,4,2026-01-13 13:00:00-05:00,2026-01-13,13,1,25865.75,0.12406947890818859,edge_near,True,45.5,-32.0
2026-01-12,60,bullish,25762.75,25863.5,25813.125,100.75,5,2026-01-13 13:45:00-05:00,2026-01-13,13,1,25875.75,0.004962779156327543,edge_near,False,6.25,-54.25
2026-01-12,60,bullish,25762.75,25863.5,25813.125,100.75,6,2026-01-13 13:49:00-05:00,2026-01-13,13,1,25864.25,0.41687344913151364,approached_CE,True,13.5,-42.75
2026-01-14,60,bearish,25695.0,25732.5,25713.75,37.5,1,2026-01-15 01:16:00-05:00,2026-01-15,1,1,25698.0,0.66,through_CE,True,12.5,-24.75
2026-01-14,60,bearish,25695.0,25732.5,25713.75,37.5,2,2026-01-15 01:33:00-05:00,2026-01-15,1,1,25693.75,0.05333333333333334,edge_near,True,15.25,-29.0
2026-01-14,60,bearish,25695.0,25732.5,25713.75,37.5,3,2026-01-15 01:36:00-05:00,2026-01-15,1,1,25692.0,0.04,edge_near,True,13.5,-30.75
2026-01-14,60,bearish,25695.0,25732.5,25713.75,37.5,4,2026-01-15 01:38:00-05:00,2026-01-15,1,1,25692.0,0.74,through_CE,True,13.5,-30.75
2026-01-14,60,bearish,25695.0,25732.5,25713.75,37.5,5,2026-01-15 02:08:00-05:00,2026-01-15,2,1,25698.25,0.18,edge_near,True,24.75,-13.5
2026-01-14,60,bearish,25695.0,25732.5,25713.75,37.5,6,2026-01-15 02:14:00-05:00,2026-01-15,2,1,25693.0,0.06666666666666667,edge_near,True,19.5,-54.5
2026-01-16,60,bearish,25765.5,25801.75,25783.625,36.25,1,2026-01-23 10:34:00-05:00,2026-01-23,10,7,25772.25,1.0,filled,True,14.75,-73.25
2026-01-16,60,bearish,25765.5,25801.75,25783.625,36.25,2,2026-01-23 11:27:00-05:00,2026-01-23,11,7,25795.75,1.0,filled,True,35.0,-32.75
2026-01-16,60,bearish,25765.5,25801.75,25783.625,36.25,3,2026-01-23 11:43:00-05:00,2026-01-23,11,7,25809.0,1.0,filled,True,86.75,-19.5
2026-01-16,60,bearish,25765.5,25801.75,25783.625,36.25,4,2026-01-23 11:45:00-05:00,2026-01-23,11,7,25795.75,1.0,filled,True,73.5,-32.75
2026-01-16,60,bearish,25765.5,25801.75,25783.625,36.25,5,2026-01-23 11:53:00-05:00,2026-01-23,11,7,25799.25,1.0,filled,True,108.75,-10.75
2026-01-16,60,bearish,25765.5,25801.75,25783.625,36.25,6,2026-01-23 14:08:00-05:00,2026-01-23,14,7,25764.5,0.0896551724137931,edge_near,True,58.5,-10.5
2026-01-21,60,bullish,25125.75,25293.0,25209.375,167.25,1,2026-02-01 22:40:00-05:00,2026-02-01,22,11,25294.5,0.09566517189835576,edge_near,True,58.75,-78.0
2026-01-21,60,bullish,25125.75,25293.0,25209.375,167.25,2,2026-02-01 22:51:00-05:00,2026-02-01,22,11,25302.0,0.07324364723467862,edge_near,True,74.0,-85.5
2026-01-21,60,bullish,25125.75,25293.0,25209.375,167.25,3,2026-02-01 22:57:00-05:00,2026-02-01,22,11,25271.75,0.45739910313901344,approached_CE,True,104.25,-55.25
2026-01-21,60,bullish,25125.75,25293.0,25209.375,167.25,4,2026-02-02 00:11:00-05:00,2026-02-02,0,12,25294.75,0.03886397608370702,edge_near,True,27.5,-81.5
2026-01-21,60,bullish,25125.75,25293.0,25209.375,167.25,5,2026-02-02 00:17:00-05:00,2026-02-02,0,12,25291.25,0.6741405082212257,through_CE,True,14.25,-95.75
2026-01-21,60,bullish,25125.75,25293.0,25209.375,167.25,6,2026-02-02 02:32:00-05:00,2026-02-02,2,12,25287.75,0.10014947683109118,edge_near,True,124.5,-11.5
2026-01-22,60,bearish,25658.75,25677.5,25668.125,18.75,1,2026-01-23 03:01:00-05:00,2026-01-23,3,1,25675.25,1.0,filled,True,94.75,-14.25
2026-01-22,60,bearish,25658.75,25677.5,25668.125,18.75,2,2026-01-23 03:08:00-05:00,2026-01-23,3,1,25677.0,1.0,filled,True,96.5,-9.0
2026-01-22,60,bearish,25658.75,25677.5,25668.125,18.75,3,2026-01-23 03:12:00-05:00,2026-01-23,3,1,25676.75,1.0,filled,True,96.25,-7.25
2026-01-22,60,bearish,25658.75,25677.5,25668.125,18.75,4,2026-01-23 09:59:00-05:00,2026-01-23,9,1,25667.25,1.0,filled,True,17.75,-160.25
2026-01-22,60,bearish,25658.75,25677.5,25668.125,18.75,5,2026-01-23 10:13:00-05:00,2026-01-23,10,1,25683.25,1.0,filled,True,11.75,-162.25
2026-01-22,60,bearish,25658.75,25677.5,25668.125,18.75,6,2026-01-23 10:17:00-05:00,2026-01-23,10,1,25697.0,1.0,filled,True,25.5,-148.5
2026-01-23,60,bullish,25635.75,25662.5,25649.125,26.75,1,2026-01-25 20:04:00-05:00,2026-01-25,20,2,25636.5,1.0,filled,True,32.75,-33.25
2026-01-23,60,bullish,25635.75,25662.5,25649.125,26.75,2,2026-01-25 20:21:00-05:00,2026-01-25,20,2,25644.0,1.0,filled,True,25.25,-18.25
2026-01-23,60,bullish,25635.75,25662.5,25649.125,26.75,3,2026-01-25 21:39:00-05:00,2026-01-25,21,2,25633.0,1.0,filled,True,24.75,-35.0
2026-01-23,60,bullish,25635.75,25662.5,25649.125,26.75,4,2026-01-25 22:04:00-05:00,2026-01-25,22,2,25636.5,1.0,filled,True,21.25,-36.5
2026-01-23,60,bullish,25635.75,25662.5,25649.125,26.75,5,2026-01-25 22:24:00-05:00,2026-01-25,22,2,25635.25,1.0,filled,True,13.25,-35.25
2026-01-23,60,bullish,25635.75,25662.5,25649.125,26.75,6,2026-01-25 22:27:00-05:00,2026-01-25,22,2,25638.25,1.0,filled,True,10.75,-38.25
2026-01-26,60,bullish,25722.75,25803.0,25762.875,80.25,1,2026-01-29 10:00:00-05:00,2026-01-29,10,3,25808.75,1.0,filled,True,59.75,-272.75
2026-01-26,60,bullish,25722.75,25803.0,25762.875,80.25,2,2026-01-29 11:43:00-05:00,2026-01-29,11,3,25715.25,1.0,filled,True,163.5,-30.75
2026-01-26,60,bullish,25722.75,25803.0,25762.875,80.25,3,2026-01-29 11:46:00-05:00,2026-01-29,11,3,25722.0,1.0,filled,True,156.75,-37.5
2026-01-26,60,bullish,25722.75,25803.0,25762.875,80.25,4,2026-01-29 12:00:00-05:00,2026-01-29,12,3,25727.25,1.0,filled,True,151.5,-18.75
2026-01-26,60,bullish,25722.75,25803.0,25762.875,80.25,5,2026-01-29 12:47:00-05:00,2026-01-29,12,3,25790.75,0.6697819314641744,through_CE,True,99.5,-41.5
2026-01-26,60,bullish,25722.75,25803.0,25762.875,80.25,6,2026-01-29 13:09:00-05:00,2026-01-29,13,3,25827.0,0.003115264797507788,edge_near,True,63.25,-24.25
2026-01-27,60,bullish,26018.25,26022.0,26020.125,3.75,1,2026-01-28 16:02:00-05:00,2026-01-28,16,1,26025.75,1.0,filled,True,262.0,-29.5
2026-01-27,60,bullish,26018.25,26022.0,26020.125,3.75,2,2026-01-29 09:36:00-05:00,2026-01-29,9,2,26031.25,1.0,filled,True,37.5,-368.5
2026-01-27,60,bullish,26018.25,26022.0,26020.125,3.75,3,2026-01-29 15:58:00-05:00,2026-01-29,15,2,26013.5,1.0,filled,True,26.75,-65.5
2026-01-27,60,bullish,26018.25,26022.0,26020.125,3.75,4,2026-01-29 16:00:00-05:00,2026-01-29,16,2,26008.0,1.0,filled,True,32.25,-60.0
2026-01-27,60,bullish,26018.25,26022.0,26020.125,3.75,5,2026-01-29 16:29:00-05:00,2026-01-29,16,2,25987.0,1.0,filled,True,53.25,-39.0
2026-01-27,60,bullish,26018.25,26022.0,26020.125,3.75,6,2026-01-29 16:33:00-05:00,2026-01-29,16,2,26007.25,1.0,filled,True,18.75,-37.25
2026-01-29,60,bearish,25868.5,26150.75,26009.625,282.25,1,2026-01-30 00:01:00-05:00,2026-01-30,0,1,25868.75,0.06465899025686449,edge_near,True,39.75,-18.0
2026-01-29,60,bearish,25868.5,26150.75,26009.625,282.25,2,2026-01-30 00:15:00-05:00,2026-01-30,0,1,25866.75,0.00974313551815766,edge_near,True,65.75,-7.0
2026-01-29,60,bearish,25868.5,26150.75,26009.625,282.25,3,2026-01-30 00:20:00-05:00,2026-01-30,0,1,25870.0,0.01682905225863596,edge_near,True,89.25,-3.75
2026-01-29,60,bearish,25868.5,26150.75,26009.625,282.25,4,2026-01-30 00:27:00-05:00,2026-01-30,0,1,25871.0,0.018600531443755536,edge_near,True,102.25,-2.75
2026-01-29,60,bearish,25868.5,26150.75,26009.625,282.25,5,2026-01-30 06:54:00-05:00,2026-01-30,6,1,25870.75,0.12931798051372898,edge_near,True,49.5,-34.25
2026-01-29,60,bearish,25868.5,26150.75,26009.625,282.25,6,2026-01-30 07:47:00-05:00,2026-01-30,7,1,25869.5,0.007971656333038087,edge_near,True,93.0,-17.25
2026-02-02,60,bullish,25540.0,25714.0,25627.0,174.0,1,2026-02-03 09:55:00-05:00,2026-02-03,9,1,25699.75,1.0,filled,True,28.25,-229.5
2026-02-02,60,bullish,25540.0,25714.0,25627.0,174.0,2,2026-02-03 10:26:00-05:00,2026-02-03,10,1,25549.0,1.0,filled,True,82.75,-67.75
2026-02-02,60,bullish,25540.0,25714.0,25627.0,174.0,3,2026-02-03 10:38:00-05:00,2026-02-03,10,1,25542.75,1.0,filled,True,89.0,-64.25
2026-02-02,60,bullish,25540.0,25714.0,25627.0,174.0,4,2026-02-03 10:47:00-05:00,2026-02-03,10,1,25565.25,1.0,filled,True,66.5,-86.75
2026-02-04,60,bearish,25305.75,25342.25,25324.0,36.5,1,2026-02-08 19:00:00-05:00,2026-02-08,19,4,25297.75,0.0136986301369863,edge_near,True,42.25,-49.25
2026-02-04,60,bearish,25305.75,25342.25,25324.0,36.5,2,2026-02-08 19:02:00-05:00,2026-02-08,19,4,25307.75,1.0,filled,True,54.75,-39.25
2026-02-04,60,bearish,25305.75,25342.25,25324.0,36.5,3,2026-02-08 19:30:00-05:00,2026-02-08,19,4,25308.75,0.6575342465753424,through_CE,True,74.25,-21.0
2026-02-04,60,bearish,25305.75,25342.25,25324.0,36.5,4,2026-02-09 10:56:00-05:00,2026-02-09,10,5,25319.25,1.0,filled,True,25.75,-83.5
2026-02-04,60,bearish,25305.75,25342.25,25324.0,36.5,5,2026-02-09 11:37:00-05:00,2026-02-09,11,5,25342.5,1.0,filled,False,2.75,-74.25
2026-02-04,60,bearish,25305.75,25342.25,25324.0,36.5,6,2026-02-09 13:21:00-05:00,2026-02-09,13,5,25329.0,1.0,filled,True,17.5,-76.75
2026-02-12,60,bearish,25260.25,25320.0,25290.125,59.75,1,2026-02-25 09:40:00-05:00,2026-02-25,9,13,25256.75,1.0,filled,True,23.5,-104.25
2026-02-12,60,bearish,25260.25,25320.0,25290.125,59.75,2,2026-02-25 09:53:00-05:00,2026-02-25,9,13,25331.5,1.0,filled,True,54.5,-29.5
2026-02-12,60,bearish,25260.25,25320.0,25290.125,59.75,3,2026-02-25 09:56:00-05:00,2026-02-25,9,13,25323.5,1.0,filled,True,58.75,-37.5
2026-02-12,60,bearish,25260.25,25320.0,25290.125,59.75,4,2026-02-25 10:07:00-05:00,2026-02-25,10,13,25314.25,1.0,filled,True,49.5,-27.5
2026-02-12,60,bearish,25260.25,25320.0,25290.125,59.75,5,2026-02-25 10:30:00-05:00,2026-02-25,10,13,25329.5,1.0,filled,True,64.75,-12.25
2026-02-12,60,bearish,25260.25,25320.0,25290.125,59.75,6,2026-02-25 10:34:00-05:00,2026-02-25,10,13,25297.5,1.0,filled,True,32.75,-30.25
2026-02-16,60,bearish,24797.5,24844.0,24820.75,46.5,1,2026-02-17 09:37:00-05:00,2026-02-17,9,1,24800.25,0.3870967741935484,approached_CE,True,351.0,-15.25
2026-02-16,60,bearish,24797.5,24844.0,24820.75,46.5,2,2026-02-17 13:34:00-05:00,2026-02-17,13,1,24789.75,0.0967741935483871,edge_near,True,24.75,-83.0
2026-02-16,60,bearish,24797.5,24844.0,24820.75,46.5,3,2026-02-17 13:36:00-05:00,2026-02-17,13,1,24799.5,1.0,filled,True,29.25,-87.5
2026-02-16,60,bearish,24797.5,24844.0,24820.75,46.5,4,2026-02-17 13:58:00-05:00,2026-02-17,13,1,24841.5,1.0,filled,True,33.75,-48.0
2026-02-16,60,bearish,24797.5,24844.0,24820.75,46.5,5,2026-02-17 14:06:00-05:00,2026-02-17,14,1,24845.75,1.0,filled,True,38.5,-43.75
2026-02-16,60,bearish,24797.5,24844.0,24820.75,46.5,6,2026-02-17 14:09:00-05:00,2026-02-17,14,1,24847.5,1.0,filled,True,44.25,-42.0
2026-02-18,60,bullish,24921.75,24937.0,24929.375,15.25,1,2026-02-19 04:27:00-05:00,2026-02-19,4,1,24936.25,1.0,filled,True,12.0,-104.0
2026-02-18,60,bullish,24921.75,24937.0,24929.375,15.25,2,2026-02-19 10:03:00-05:00,2026-02-19,10,1,24943.0,1.0,filled,False,7.5,-93.5
2026-02-18,60,bullish,24921.75,24937.0,24929.375,15.25,3,2026-02-19 10:16:00-05:00,2026-02-19,10,1,24913.75,1.0,filled,True,30.75,-64.25
2026-02-18,60,bullish,24921.75,24937.0,24929.375,15.25,4,2026-02-19 10:32:00-05:00,2026-02-19,10,1,24921.5,1.0,filled,True,40.25,-69.5
2026-02-18,60,bullish,24921.75,24937.0,24929.375,15.25,5,2026-02-19 10:58:00-05:00,2026-02-19,10,1,24926.75,1.0,filled,True,35.0,-125.0
2026-02-18,60,bullish,24921.75,24937.0,24929.375,15.25,6,2026-02-19 11:15:00-05:00,2026-02-19,11,1,24925.25,1.0,filled,True,36.5,-123.5
2026-02-25,60,bullish,25166.0,25264.75,25215.375,98.75,1,2026-02-26 09:34:00-05:00,2026-02-26,9,1,25272.25,1.0,filled,True,23.25,-410.25
2026-02-25,60,bullish,25166.0,25264.75,25215.375,98.75,2,2026-02-26 10:03:00-05:00,2026-02-26,10,1,25170.5,1.0,filled,True,19.5,-308.5
2026-02-25,60,bullish,25166.0,25264.75,25215.375,98.75,3,2026-02-26 10:11:00-05:00,2026-02-26,10,1,25157.5,1.0,filled,True,16.25,-295.5
2026-02-25,60,bullish,25166.0,25264.75,25215.375,98.75,4,2026-03-04 11:43:00-05:00,2026-03-04,11,7,25161.5,1.0,filled,True,13.75,-56.5
2026-02-25,60,bullish,25166.0,25264.75,25215.375,98.75,5,2026-03-04 11:49:00-05:00,2026-03-04,11,7,25164.5,1.0,filled,True,10.75,-59.5
2026-02-25,60,bullish,25166.0,25264.75,25215.375,98.75,6,2026-03-04 11:53:00-05:00,2026-03-04,11,7,25165.0,1.0,filled,True,15.0,-60.0
2026-02-26,60,bearish,25211.0,25360.75,25285.875,149.75,1,2026-03-04 13:43:00-05:00,2026-03-04,13,6,25207.0,0.018363939899833055,edge_near,True,28.5,-10.0
2026-02-26,60,bearish,25211.0,25360.75,25285.875,149.75,2,2026-03-04 13:51:00-05:00,2026-03-04,13,6,25208.5,0.02671118530884808,edge_near,True,30.0,-8.5
2026-02-26,60,bearish,25211.0,25360.75,25285.875,149.75,3,2026-03-04 14:04:00-05:00,2026-03-04,14,6,25208.5,0.00333889816360601,edge_near,True,28.25,-8.5
2026-02-26,60,bearish,25211.0,25360.75,25285.875,149.75,4,2026-03-04 14:10:00-05:00,2026-03-04,14,6,25207.25,0.04006677796327212,edge_near,True,56.25,-9.75
2026-02-26,60,bearish,25211.0,25360.75,25285.875,149.75,5,2026-03-04 14:12:00-05:00,2026-03-04,14,6,25209.25,0.04006677796327212,edge_near,True,59.75,-7.75
2026-02-26,60,bearish,25211.0,25360.75,25285.875,149.75,6,2026-03-04 19:15:00-05:00,2026-03-04,19,6,25231.25,0.21368948247078465,edge_near,True,47.0,-11.75
2026-03-02,60,bullish,24739.75,24803.0,24771.375,63.25,1,2026-03-03 00:01:00-05:00,2026-03-03,0,1,24809.75,0.007905138339920948,edge_near,True,20.0,-59.75
2026-03-02,60,bullish,24739.75,24803.0,24771.375,63.25,2,2026-03-03 00:04:00-05:00,2026-03-03,0,1,24804.0,0.06324110671936758,edge_near,True,25.75,-54.0
2026-03-02,60,bullish,24739.75,24803.0,24771.375,63.25,3,2026-03-03 00:11:00-05:00,2026-03-03,0,1,24802.75,0.10276679841897234,edge_near,True,20.25,-60.25
2026-03-02,60,bullish,24739.75,24803.0,24771.375,63.25,4,2026-03-03 00:22:00-05:00,2026-03-03,0,1,24802.5,0.06719367588932806,edge_near,True,18.0,-62.5
2026-03-02,60,bullish,24739.75,24803.0,24771.375,63.25,5,2026-03-03 00:30:00-05:00,2026-03-03,0,1,24803.75,1.0,filled,False,8.25,-63.75
2026-03-02,60,bullish,24739.75,24803.0,24771.375,63.25,6,2026-03-03 02:13:00-05:00,2026-03-03,2,1,24737.25,1.0,filled,True,21.5,-91.25
2026-03-12,60,bearish,24750.0,24801.0,24775.5,51.0,1,2026-03-13 09:43:00-04:00,2026-03-13,9,1,24754.25,1.0,filled,True,151.75,-50.75
2026-03-12,60,bearish,24750.0,24801.0,24775.5,51.0,2,2026-03-13 10:00:00-04:00,2026-03-13,10,1,24752.0,0.30392156862745096,approached_CE,True,281.25,-13.5
2026-03-12,60,bearish,24750.0,24801.0,24775.5,51.0,3,2026-03-16 10:10:00-04:00,2026-03-16,10,4,24757.25,0.22058823529411764,edge_near,True,155.0,-8.5
2026-03-12,60,bearish,24750.0,24801.0,24775.5,51.0,4,2026-03-16 10:16:00-04:00,2026-03-16,10,4,24742.0,0.0,edge_near,True,139.75,-23.75
2026-03-12,60,bearish,24750.0,24801.0,24775.5,51.0,5,2026-03-16 10:18:00-04:00,2026-03-16,10,4,24759.75,0.3088235294117647,approached_CE,True,157.5,-6.0
2026-03-12,60,bearish,24750.0,24801.0,24775.5,51.0,6,2026-03-16 15:09:00-04:00,2026-03-16,15,4,24785.75,1.0,filled,True,149.25,-30.5
2026-03-17,60,bullish,24724.5,24778.5,24751.5,54.0,1,2026-03-18 08:30:00-04:00,2026-03-18,8,1,24763.25,1.0,filled,True,52.25,-117.75
2026-03-17,60,bullish,24724.5,24778.5,24751.5,54.0,2,2026-03-18 09:30:00-04:00,2026-03-18,9,1,24706.0,1.0,filled,True,73.5,-111.25
2026-03-17,60,bullish,24724.5,24778.5,24751.5,54.0,3,2026-03-18 09:32:00-04:00,2026-03-18,9,1,24721.75,1.0,filled,True,57.75,-127.0
2026-03-17,60,bullish,24724.5,24778.5,24751.5,54.0,4,2026-03-23 07:09:00-04:00,2026-03-23,7,6,24689.5,1.0,filled,True,74.0,-345.0
2026-03-17,60,bullish,24724.5,24778.5,24751.5,54.0,5,2026-03-23 07:13:00-04:00,2026-03-23,7,6,24742.25,1.0,filled,True,21.25,-397.75
2026-03-27,60,bearish,23558.75,23596.75,23577.75,38.0,1,2026-03-30 07:26:00-04:00,2026-03-30,7,3,23474.75,0.5592105263157895,through_CE,True,39.25,-105.25
2026-03-27,60,bearish,23558.75,23596.75,23577.75,38.0,2,2026-03-31 09:54:00-04:00,2026-03-31,9,4,23556.25,0.2565789473684211,approached_CE,True,156.25,-32.25
2026-03-27,60,bearish,23558.75,23596.75,23577.75,38.0,3,2026-03-31 09:58:00-04:00,2026-03-31,9,4,23558.5,0.5855263157894737,through_CE,True,181.0,-30.0
2026-03-27,60,bearish,23558.75,23596.75,23577.75,38.0,4,2026-03-31 10:18:00-04:00,2026-03-31,10,4,23565.0,0.3684210526315789,approached_CE,True,187.5,-23.5
2026-03-27,60,bearish,23558.75,23596.75,23577.75,38.0,5,2026-03-31 10:23:00-04:00,2026-03-31,10,4,23558.5,0.7828947368421053,filled,True,181.0,-30.0
2026-03-27,60,bearish,23558.75,23596.75,23577.75,38.0,6,2026-03-31 11:18:00-04:00,2026-03-31,11,4,23547.75,0.019736842105263157,edge_near,True,111.75,-11.75
2026-03-30,60,bearish,23383.0,23435.5,23409.25,52.5,1,2026-03-31 04:04:00-04:00,2026-03-31,4,1,23383.75,0.15714285714285714,edge_near,True,90.5,-7.5
2026-03-30,60,bearish,23383.0,23435.5,23409.25,52.5,2,2026-03-31 04:09:00-04:00,2026-03-31,4,1,23381.25,0.11428571428571428,edge_near,True,88.0,-7.75
2026-03-30,60,bearish,23383.0,23435.5,23409.25,52.5,3,2026-03-31 07:11:00-04:00,2026-03-31,7,1,23308.75,0.3238095238095238,approached_CE,True,24.75,-119.25
2026-03-30,60,bearish,23383.0,23435.5,23409.25,52.5,4,2026-03-31 07:16:00-04:00,2026-03-31,7,1,23376.25,0.06190476190476191,edge_near,True,62.25,-51.75
2026-03-30,60,bearish,23383.0,23435.5,23409.25,52.5,5,2026-03-31 08:01:00-04:00,2026-03-31,8,1,23384.5,0.8571428571428571,filled,True,73.0,-51.75
2026-03-30,60,bearish,23383.0,23435.5,23409.25,52.5,6,2026-03-31 08:19:00-04:00,2026-03-31,8,1,23380.5,0.35714285714285715,approached_CE,True,37.25,-55.75
2026-04-08,60,bearish,25107.0,25154.5,25130.75,47.5,1,2026-04-09 09:30:00-04:00,2026-04-09,9,1,25075.75,0.0,edge_near,True,112.0,-37.0
2026-04-08,60,bearish,25107.0,25154.5,25130.75,47.5,2,2026-04-09 09:43:00-04:00,2026-04-09,9,1,25102.5,0.12105263157894737,edge_near,True,142.25,-10.25
2026-04-08,60,bearish,25107.0,25154.5,25130.75,47.5,3,2026-04-09 09:45:00-04:00,2026-04-09,9,1,25096.5,0.05789473684210526,edge_near,True,136.25,-13.25
2026-04-08,60,bearish,25107.0,25154.5,25130.75,47.5,4,2026-04-09 11:20:00-04:00,2026-04-09,11,1,25091.5,0.015789473684210527,edge_near,True,43.0,-173.0
2026-04-08,60,bearish,25107.0,25154.5,25130.75,47.5,5,2026-04-09 11:32:00-04:00,2026-04-09,11,1,25126.25,1.0,filled,True,61.25,-138.25
2026-04-08,60,bearish,25107.0,25154.5,25130.75,47.5,6,2026-04-09 11:49:00-04:00,2026-04-09,11,1,25151.75,1.0,filled,False,6.75,-112.75
